,Owner,Size,Type,Quality,DaysInDeposit,week
0,6,2,DRY,CLASE B-C,38,16
1,6,2,DRY,CLASE B-C,38,16
2,7,2,DRY,CLASE B-C,3,16
3,7,2,DRY,CLASE B-C,3,16
4,7,2,DRY,CLASE B-C,3,16
5,7,2,DRY,CLASE B-C,3,16
6,6,2,DRY,CLASE B-C,11,16
7,6,2,DRY,CLASE B-C,11,16
8,6,2,DRY,CLASE B-C,11,16
9,6,2,DRY,CLASE B-C,11,16
10,7,2,DRY,CLASE B-C,3,16
11,7,2,DRY,CLASE B-C,3,16
12,7,2,DRY,CLASE B-C,3,16
13,2,2,RF,CLASE B-C,5,16
14,3,2,DRY,CLASE B-C,22,16
15,6,2,RF,CLASE B-C,20,16
16,6,2,DRY,CLASE B-C,1,16
17,6,2,DRY,CLASE B-C,12,16
18,6,2,DRY,CLASE B-C,12,16
19,6,2,DRY,CLASE B-C,12,16
20,7,2,DRY,CLASE B-C,8,16
21,7,2,DRY,CLASE B-C,8,16
22,7,2,DRY,CLASE B-C,9,16
23,7,2,DRY,CLASE B-C,3,16
24,7,2,DRY,CLASE B-C,3,16
25,7,2,DRY,CLASE B-C,2,16
26,7,2,DRY,CLASE B-C,3,16
27,7,2,DRY,CLASE B-C,3,16
28,7,2,DRY,CLASE B-C,3,16
29,7,2,DRY,CLASE B-C,2,16
30,6,2,RF,CLASE B-C,20,16
31,2,2,RF,CLASE B-C,16,16
32,2,2,DRY,CLASE B-C,17,16
33,6,2,DRY,CLASE B-C,12,16
34,6,2,DRY,CLASE B-C,12,16
35,6,2,DRY,CLASE B-C,12,16
36,6,2,DRY,CLASE B-C,12,16
37,6,2,DRY,CLASE B-C,12,16
38,6,2,DRY,CLASE B-C,12,16
39,7,2,DRY,CLASE B-C,2,16
40,7,2,DRY,CLASE B-C,2,16
41,7,2,DRY,CLASE B-C,9,16
42,7,2,DRY,CLASE B-C,2,16
43,7,2,DRY,CLASE B-C,2,16
44,7,2,DRY,CLASE B-C,2,16
45,7,2,DRY,CLASE B-C,2,16
46,7,2,DRY,CLASE B-C,5,16
47,7,2,DRY,CLASE B-C,6,16
48,7,2,DRY,CLASE B-C,1,16
49,7,2,DRY,CLASE B-C,3,16
50,7,2,DRY,CLASE B-C,2,16
51,7,2,DRY,CLASE B-C,4,16
52,7,2,DRY,CLASE B-C,2,16
53,7,2,DRY,CLASE B-C,2,16
54,7,2,DRY,CLASE B-C,6,16
55,7,2,DRY,CLASE B-C,2,16
56,7,2,DRY,CLASE B-C,2,16
57,7,2,DRY,CLASE B-C,6,16
58,7,2,DRY,CLASE B-C,1,16
59,7,2,DRY,CLASE B-C,2,16
60,7,2,DRY,CLASE B-C,3,16
61,2,2,DRY,CLASE B-C,4,16
62,1,2,RF,CLASE B-C,62,16
63,3,2,DRY,CLASE B-C,62,16
64,6,2,DRY,CLASE B-C,34,16
65,3,2,DRY,CLASE B-C,38,16
66,3,2,DRY,CLASE B-C,40,16
67,3,2,DRY,CLASE B-C,39,16
68,3,2,DRY,CLASE B-C,39,16
69,3,2,DRY,CLASE B-C,39,16
70,3,2,DRY,CLASE B-C,33,16
71,3,2,DRY,CLASE B-C,33,16
72,3,2,DRY,CLASE B-C,33,16
73,3,2,DRY,CLASE B-C,33,16
74,3,2,DRY,CLASE B-C,28,16
75,3,2,DRY,CLASE B-C,27,16
76,8,2,DRY,CLASE B-C,21,16
77,2,2,DRY,CLASE B-C,18,16
78,2,2,DRY,CLASE B-C,15,16
79,2,2,RF,CLASE A,17,16
80,2,2,RF,CLASE B-C,17,16
81,2,2,DRY,CLASE B-C,17,16
82,3,2,DRY,CLASE B-C,19,16
83,6,2,DRY,CLASE B-C,12,16
84,6,2,DRY,CLASE B-C,12,16
85,6,2,RF,CLASE B-C,7,16
86,6,2,DRY,CLASE B-C,12,16
87,6,2,DRY,CLASE B-C,12,16
88,6,2,DRY,CLASE B-C,12,16
89,6,2,DRY,CLASE B-C,12,16
90,6,2,RF,CLASE B-C,7,16
91,6,2,RF,CLASE B-C,7,16
92,6,2,DRY,CLASE B-C,12,16
93,6,2,DRY,CLASE B-C,12,16
94,6,2,RF,CLASE B-C,7,16
95,6,2,DRY,CLASE B,12,16
96,6,2,DRY,CLASE B-C,12,16
97,2,2,DRY,CLASE B-C,6,16
98,2,2,DRY,CLASE B-C,7,16
99,2,2,DRY,CLASE B-C,7,16
100,7,2,DRY,CLASE B-C,2,16
101,7,2,DRY,CLASE B-C,2,16
102,7,2,DRY,CLASE B-C,2,16
103,7,2,DRY,CLASE B-C,2,16
104,7,2,DRY,CLASE B-C,2,16
105,7,2,DRY,CLASE B-C,2,16
106,7,2,DRY,CLASE B-C,2,16
107,7,2,DRY,CLASE B-C,2,16
108,7,2,DRY,CLASE B-C,2,16
109,7,2,DRY,CLASE B-C,2,16
110,7,2,DRY,CLASE B-C,2,16
111,7,2,DRY,CLASE B-C,2,16
112,7,2,DRY,CLASE B-C,2,16
113,7,2,DRY,CLASE B-C,2,16
114,7,2,DRY,CLASE B-C,2,16
115,7,2,DRY,CLASE B-C,2,16
116,7,2,DRY,CLASE B-C,1,16
117,7,2,DRY,CLASE B-C,6,16
118,7,2,DRY,CLASE B-C,6,16
119,7,2,DRY,CLASE B-C,1,16
120,7,2,DRY,CLASE B-C,1,16
121,7,2,DRY,CLASE B-C,6,16
122,7,2,DRY,CLASE B-C,6,16
123,7,2,DRY,CLASE B-C,6,16
124,7,2,DRY,CLASE B-C,5,16
125,7,2,DRY,CLASE B-C,1,16
126,1,2,RF,CLASE B-C,54,16
127,1,2,RF,CLASE B-C,52,16
128,1,2,RF,CLASE B-C,55,16
129,6,2,DRY,CLASE B-C,34,16
130,6,2,DRY,CLASE B-C,34,16
131,6,2,DRY,CLASE B-C,34,16
132,6,2,DRY,CLASE B-C,34,16
133,6,2,DRY,CLASE B-C,34,16
134,7,2,RF,CLASE B-C,50,16
135,6,2,DRY,CLASE B-C,34,16
136,1,2,RF,CLASE B-C,46,16
137,1,2,RF,CLASE B-C,42,16
138,3,2,DRY,CLASE B-C,39,16
139,3,2,DRY,CLASE B-C,33,16
140,3,2,DRY,CLASE B-C,33,16
141,3,2,DRY,CLASE B-C,33,16
142,3,2,DRY,CLASE B-C,33,16
143,3,2,DRY,CLASE B-C,33,16
144,3,2,DRY,CLASE B-C,33,16
145,3,2,DRY,CLASE B-C,33,16
146,3,2,DRY,CLASE B-C,33,16
147,3,2,DRY,CLASE B-C,33,16
148,3,2,DRY,CLASE B-C,27,16
149,8,2,DRY,CLASE B-C,21,16
150,8,2,DRY,CLASE B-C,21,16
151,6,2,RF,CLASE B-C,20,16
152,6,2,RF,CLASE B-C,19,16
153,6,2,RF,CLASE B-C,20,16
154,6,2,RF,CLASE B-C,20,16
155,6,2,RF,CLASE B-C,20,16
156,6,2,RF,CLASE B-C,20,16
157,2,2,DRY,CLASE B-C,18,16
158,2,2,DRY,CLASE B-C,18,16
159,2,2,RF,CLASE B-C,17,16
160,2,2,DRY,CLASE B-C,18,16
161,2,2,DRY,CLASE B-C,18,16
162,7,2,DRY,CLASE B-C,19,16
163,7,2,RF,CLASE B-C,12,16
164,7,2,RF,CLASE B-C,12,16
165,7,2,RF,CLASE B-C,15,16
166,7,2,RF,CLASE B-C,12,16
167,7,2,DRY,CLASE B-C,13,16
168,7,2,RF,CLASE B-C,16,16
169,7,2,RF,CLASE B-C,12,16
170,7,2,RF,CLASE B-C,14,16
171,7,2,RF,CLASE B-C,14,16
172,7,2,RF,CLASE B-C,11,16
173,7,2,RF,CLASE B-C,12,16
174,7,2,RF,CLASE B-C,12,16
175,7,2,RF,CLASE B-C,12,16
176,7,2,RF,CLASE B-C,14,16
177,7,2,DRY,CLASE B-C,14,16
178,7,2,DRY,CLASE B-C,13,16
179,7,2,DRY,CLASE B-C,15,16
180,6,2,RF,CLASE B-C,7,16
181,6,2,DRY,CLASE B,12,16
182,6,2,RF,CLASE B-C,7,16
183,6,2,RF,CLASE B-C,7,16
184,6,2,DRY,CLASE B-C,1,16
185,6,2,DRY,CLASE B-C,12,16
186,6,2,DRY,CLASE B-C,12,16
187,6,2,DRY,CLASE B-C,12,16
188,6,2,RF,CLASE B-C,7,16
189,6,2,RF,CLASE B-C,7,16
190,6,2,DRY,CLASE B-C,12,16
191,6,2,RF,CLASE B-C,7,16
192,6,2,DRY,CLASE A,12,16
193,6,2,DRY,CLASE A,12,16
194,7,2,DRY,CLASE B-C,10,16
195,2,2,RF,CLASE B-C,4,16
196,2,2,DRY,CLASE B-C,6,16
197,7,2,DRY,CLASE B-C,2,16
198,7,2,DRY,CLASE B-C,2,16
199,7,2,RF,CLASE B-C,3,16
200,7,2,DRY,CLASE B-C,2,16
201,7,2,RF,CLASE B-C,3,16
202,7,2,RF,CLASE B-C,3,16
203,7,2,RF,CLASE B-C,3,16
204,7,2,DRY,CLASE B-C,2,16
205,7,2,DRY,CLASE B-C,2,16
206,7,2,DRY,CLASE B-C,2,16
207,7,2,DRY,CLASE B-C,2,16
208,7,2,DRY,CLASE B-C,2,16
209,7,2,DRY,CLASE B-C,2,16
210,7,2,DRY,CLASE B-C,2,16
211,7,2,RF,CLASE B-C,3,16
212,7,2,RF,CLASE B-C,3,16
213,7,2,DRY,CLASE B-C,2,16
214,7,2,DRY,CLASE B-C,2,16
215,7,2,DRY,CLASE B-C,2,16
216,3,1,DRY,CLASE B-C,8,16
217,7,2,DRY,CLASE B-C,1,16
218,7,2,DRY,CLASE B-C,6,16
219,7,2,DRY,CLASE B-C,3,16
220,7,2,DRY,CLASE B-C,1,16
221,7,2,RF,CLASE B-C,3,16
222,7,2,DRY,CLASE B-C,1,16
223,7,2,RF,CLASE B-C,3,16
224,7,2,DRY,CLASE B-C,1,16
225,7,2,DRY,CLASE B-C,1,16
226,7,2,DRY,CLASE A,1,16
227,7,2,DRY,CLASE B-C,3,16
228,7,2,DRY,CLASE B-C,3,16
229,7,2,DRY,CLASE B-C,1,16
230,7,2,RF,CLASE B-C,3,16
231,7,2,DRY,CLASE B-C,3,16
232,7,2,DRY,CLASE B-C,1,16
233,7,2,DRY,CLASE B-C,3,16
234,7,2,DRY,CLASE B-C,3,16
235,7,2,DRY,CLASE B-C,1,16
236,7,2,RF,CLASE B-C,3,16
237,7,2,DRY,CLASE B-C,3,16
238,7,2,DRY,CLASE B-C,1,16
239,7,2,DRY,CLASE B-C,3,16
240,7,2,DRY,CLASE B,1,16
241,7,2,DRY,CLASE B-C,3,16
242,7,2,DRY,CLASE B-C,1,16
243,7,2,DRY,CLASE B-C,3,16
244,7,2,DRY,CLASE B-C,1,16
245,7,2,DRY,CLASE B-C,3,16
246,2,2,RF,CLASE B-C,5,16
247,2,2,RF,CLASE B-C,3,16
248,2,2,RF,CLASE B-C,3,16
249,7,2,DRY,CLASE B-C,3,16
250,6,2,DRY,CLASE B-C,1,16
251,2,2,DRY,CLASE B-C,1,16
252,6,2,DRY,CLASE B-C,1,16
253,6,2,DRY,CLASE B-C,1,16
254,6,2,DRY,CLASE B-C,51,16
255,7,2,DRY,CLASE B-C,38,16
256,1,2,RF,CLASE B-C,51,16
257,6,2,DRY,CLASE B-C,50,16
258,6,2,DRY,CLASE B-C,51,16
259,3,2,DRY,CLASE B-C,39,16
260,6,2,RF,CLASE B-C,43,16
261,3,2,DRY,CLASE B-C,41,16
262,3,2,DRY,CLASE B-C,41,16
263,7,2,DRY,CLASE B-C,37,16
264,3,2,DRY,CLASE B-C,40,16
265,3,2,DRY,CLASE B-C,40,16
266,3,2,DRY,CLASE B-C,37,16
267,3,2,DRY,CLASE B-C,37,16
268,3,2,DRY,CLASE B-C,37,16
269,6,2,RF,CLASE B-C,36,16
270,6,2,RF,CLASE B-C,36,16
271,3,2,DRY,CLASE B-C,33,16
272,3,2,DRY,CLASE B-C,34,16
273,3,2,DRY,CLASE B-C,33,16
274,3,2,DRY,CLASE B-C,34,16
275,3,2,DRY,CLASE B-C,33,16
276,6,2,RF,CLASE B-C,32,16
277,6,2,RF,CLASE B-C,32,16
278,6,2,RF,CLASE B-C,33,16
279,7,2,DRY,CLASE B-C,28,16
280,6,2,RF,CLASE B-C,32,16
281,3,2,DRY,CLASE B-C,29,16
282,3,2,DRY,CLASE B-C,29,16
283,3,2,DRY,CLASE B-C,29,16
284,3,2,DRY,CLASE B-C,22,16
285,3,2,DRY,CLASE B-C,22,16
286,6,2,RF,CLASE B-C,20,16
287,6,2,RF,CLASE B-C,21,16
288,6,2,RF,CLASE B-C,20,16
289,6,2,RF,CLASE B-C,20,16
290,6,2,RF,CLASE B-C,20,16
291,6,2,RF,CLASE B-C,20,16
292,2,2,RF,CLASE B-C,18,16
293,3,2,DRY,CLASE B-C,14,16
294,7,2,DRY,CLASE B-C,16,16
295,7,2,DRY,CLASE B-C,15,16
296,7,2,DRY,CLASE B-C,16,16
297,3,2,DRY,CLASE B-C,16,16
298,3,2,DRY,CLASE B-C,16,16
299,3,2,DRY,CLASE B-C,16,16
300,3,2,DRY,CLASE B-C,16,16
301,3,2,DRY,CLASE B-C,16,16
302,6,2,DRY,CLASE B-C,13,16
303,6,2,DRY,CLASE B-C,13,16
304,6,2,DRY,CLASE B-C,13,16
305,6,2,DRY,CLASE B-C,13,16
306,6,2,DRY,CLASE B-C,13,16
307,6,2,RF,CLASE B-C,8,16
308,6,2,RF,CLASE B-C,8,16
309,6,2,DRY,CLASE B-C,13,16
310,6,2,DRY,CLASE B-C,13,16
311,6,2,DRY,CLASE B-C,13,16
312,6,2,RF,CLASE B-C,8,16
313,6,2,DRY,CLASE B-C,13,16
314,6,2,RF,CLASE B-C,8,16
315,7,2,DRY,CLASE B-C,3,16
316,7,2,DRY,CLASE B-C,3,16
317,7,2,DRY,CLASE B-C,3,16
318,7,2,DRY,CLASE B-C,3,16
319,7,2,DRY,CLASE B-C,3,16
320,7,2,DRY,CLASE B-C,3,16
321,7,2,DRY,CLASE B-C,3,16
322,7,2,DRY,CLASE B-C,3,16
323,7,2,DRY,CLASE B-C,3,16
324,7,2,DRY,CLASE B-C,3,16
325,7,2,DRY,CLASE B-C,3,16
326,7,2,DRY,CLASE B-C,3,16
327,7,2,DRY,CLASE B-C,2,16
328,7,2,DRY,CLASE B-C,3,16
329,7,2,DRY,CLASE B-C,3,16
330,3,2,DRY,CLASE B-C,3,16
331,3,2,DRY,CLASE B-C,3,16
332,3,2,DRY,CLASE B-C,3,16
333,3,2,DRY,CLASE B-C,3,16
334,3,2,DRY,CLASE B-C,3,16
335,3,2,DRY,CLASE B-C,3,16
336,3,2,DRY,CLASE B-C,3,16
337,3,2,DRY,CLASE B-C,3,16
338,3,2,DRY,CLASE B-C,3,16
339,3,2,DRY,CLASE B-C,3,16
340,3,2,DRY,CLASE B-C,3,16
341,3,2,DRY,CLASE B-C,3,16
342,6,2,DRY,CLASE B-C,2,16
343,6,2,DRY,CLASE B-C,2,16
344,6,2,DRY,CLASE B-C,2,16
345,6,2,DRY,CLASE B-C,2,16
346,6,2,DRY,CLASE B-C,1,16
347,6,2,DRY,CLASE B-C,1,16
348,6,2,DRY,CLASE B-C,2,16
349,6,2,DRY,CLASE B-C,2,16
350,6,2,DRY,CLASE B-C,2,16
351,6,2,DRY,CLASE B-C,2,16
352,6,2,DRY,CLASE B-C,2,16
353,6,2,DRY,CLASE B-C,1,16
354,6,2,DRY,CLASE B-C,2,16
355,6,2,DRY,CLASE B-C,2,16
356,6,2,DRY,INSPECTION,2,16
357,6,2,DRY,CLASE B-C,2,16
358,6,2,DRY,CLASE B-C,2,16
359,6,2,DRY,CLASE B-C,1,16
360,6,2,DRY,CLASE B-C,2,16
361,6,2,DRY,CLASE B-C,2,16
362,6,2,DRY,CLASE B-C,2,16
363,6,2,DRY,CLASE B-C,2,16
364,6,2,DRY,CLASE B-C,2,16
365,6,2,DRY,CLASE B-C,1,16
366,6,2,DRY,CLASE B-C,2,16
367,6,2,DRY,CLASE B-C,2,16
368,6,2,DRY,CLASE B-C,1,16
369,6,2,DRY,CLASE B-C,2,16
370,6,2,DRY,CLASE B-C,1,16
371,6,2,DRY,CLASE B-C,2,16
372,6,2,DRY,CLASE B-C,1,16
373,6,2,DRY,CLASE B-C,2,16
374,6,2,DRY,CLASE B-C,2,16
375,6,2,DRY,CLASE B-C,1,16
376,6,2,DRY,CLASE B-C,2,16
377,6,2,DRY,CLASE B-C,1,16
378,6,2,DRY,CLASE B-C,2,16
379,6,2,DRY,CLASE B-C,2,16
380,6,2,DRY,CLASE B-C,2,16
381,7,2,DRY,CLASE B-C,4,16
382,7,2,DRY,CLASE B-C,2,16
383,7,2,DRY,CLASE B-C,1,16
384,7,2,DRY,CLASE B-C,2,16
385,7,2,DRY,CLASE B-C,2,16
386,7,2,DRY,CLASE B-C,1,16
387,7,2,DRY,CLASE B-C,3,16
388,7,2,DRY,CLASE B-C,5,16
389,7,2,DRY,CLASE B-C,6,16
390,7,2,DRY,CLASE B-C,2,16
391,7,2,DRY,CLASE B-C,2,16
392,7,2,DRY,CLASE B-C,2,16
393,7,2,DRY,CLASE B-C,2,16
394,7,2,DRY,CLASE B-C,2,16
395,7,2,DRY,CLASE B-C,3,16
396,7,2,DRY,CLASE B-C,1,16
397,7,2,DRY,CLASE B-C,2,16
398,7,2,DRY,CLASE B-C,5,16
399,7,2,DRY,CLASE B-C,2,16
400,7,2,DRY,CLASE B-C,2,16
401,7,2,DRY,CLASE B-C,3,16
402,7,2,DRY,CLASE B-C,1,16
403,7,2,DRY,CLASE B-C,2,16
404,7,2,DRY,CLASE B-C,2,16
405,7,2,DRY,CLASE B-C,2,16
406,7,2,DRY,CLASE B-C,1,16
407,7,2,DRY,CLASE B-C,2,16
408,7,2,DRY,CLASE B-C,3,16
409,7,2,DRY,CLASE D,1,16
410,7,2,DRY,CLASE B-C,2,16
411,7,2,DRY,CLASE B-C,1,16
412,7,2,DRY,CLASE B-C,2,16
413,7,2,DRY,CLASE A,2,16
414,7,2,DRY,CLASE B-C,1,16
415,7,2,DRY,CLASE B-C,2,16
416,7,2,DRY,CLASE B-C,2,16
417,7,2,DRY,CLASE B-C,1,16
418,7,2,DRY,CLASE B-C,2,16
419,7,2,DRY,CLASE B,5,16
420,7,2,DRY,CLASE B-C,3,16
421,7,2,DRY,CLASE B-C,2,16
422,7,2,DRY,CLASE B-C,1,16
423,7,2,DRY,CLASE B-C,2,16
424,7,2,DRY,CLASE B-C,2,16
425,7,2,DRY,CLASE B-C,2,16
426,7,2,DRY,CLASE B,5,16
427,7,2,DRY,CLASE B-C,2,16
428,7,2,DRY,CLASE B-C,3,16
429,7,2,DRY,CLASE B-C,3,16
430,7,2,DRY,CLASE B-C,4,16
431,7,2,DRY,CLASE B-C,2,16
432,7,2,DRY,CLASE B-C,1,16
433,7,2,DRY,CLASE B-C,1,16
434,7,2,DRY,CLASE B-C,2,16
435,7,2,DRY,CLASE B-C,1,16
436,7,2,DRY,CLASE B-C,2,16
437,7,2,DRY,CLASE B-C,2,16
438,7,2,DRY,CLASE B-C,2,16
439,7,2,DRY,CLASE B-C,2,16
440,7,2,DRY,CLASE B-C,2,16
441,7,2,DRY,CLASE B-C,3,16
442,7,2,DRY,CLASE B-C,2,16
443,7,2,DRY,CLASE B-C,2,16
444,7,2,DRY,CLASE B-C,1,16
445,7,2,DRY,CLASE B-C,2,16
446,7,2,DRY,CLASE B-C,1,16
447,7,2,DRY,CLASE B-C,2,16
448,7,2,DRY,CLASE B-C,2,16
449,7,2,DRY,CLASE B-C,2,16
450,7,2,DRY,CLASE B-C,2,16
451,7,2,DRY,CLASE B-C,4,16
452,7,2,DRY,CLASE B-C,1,16
453,7,2,DRY,CLASE B-C,2,16
454,7,2,DRY,CLASE B-C,2,16
455,7,2,DRY,CLASE B-C,2,16
456,7,2,DRY,CLASE B-C,2,16
457,7,2,DRY,CLASE B-C,2,16
458,7,2,DRY,CLASE B-C,3,16
459,7,2,DRY,CLASE B-C,2,16
460,7,2,DRY,CLASE B-C,4,16
461,7,2,DRY,CLASE B-C,6,16
462,7,2,DRY,CLASE B-C,2,16
463,7,2,DRY,CLASE B-C,2,16
464,7,2,DRY,CLASE B-C,2,16
465,7,2,DRY,CLASE B-C,2,16
466,7,2,DRY,CLASE B-C,2,16
467,7,2,DRY,CLASE B-C,2,16
468,7,2,DRY,INSPECTION,1,16
469,7,2,DRY,CLASE B-C,2,16
470,7,2,DRY,CLASE B-C,2,16
471,7,2,DRY,CLASE B-C,1,16
472,7,2,DRY,CLASE B-C,2,16
473,7,2,DRY,CLASE B-C,2,16
474,7,2,DRY,CLASE B-C,1,16
475,7,2,DRY,CLASE B-C,6,16
476,7,2,DRY,CLASE B-C,4,16
477,7,2,DRY,CLASE B-C,2,16
478,7,2,DRY,CLASE B-C,3,16
479,7,2,DRY,CLASE A,3,16
480,7,2,DRY,CLASE B-C,2,16
481,7,2,DRY,CLASE B-C,2,16
482,7,2,DRY,CLASE B-C,2,16
483,7,2,DRY,CLASE B-C,5,16
484,7,2,DRY,CLASE B-C,6,16
485,7,2,DRY,CLASE B-C,1,16
486,7,2,DRY,CLASE B-C,4,16
487,7,2,DRY,CLASE B-C,2,16
488,7,2,DRY,CLASE B-C,2,16
489,7,2,DRY,CLASE B-C,2,16
490,7,2,DRY,CLASE B-C,4,16
491,7,2,DRY,CLASE B-C,4,16
492,7,2,DRY,CLASE B-C,4,16
493,7,2,DRY,CLASE B-C,2,16
494,7,2,DRY,CLASE B-C,4,16
495,7,2,DRY,CLASE B-C,3,16
496,7,2,DRY,CLASE B-C,4,16
497,7,2,DRY,CLASE B-C,2,16
498,7,2,DRY,INSPECTION,1,16
499,7,2,DRY,CLASE B-C,4,16
500,7,2,DRY,CLASE B-C,2,16
501,6,2,DRY,CLASE B,4,16
502,6,2,DRY,CLASE B-C,4,16
503,6,2,DRY,CLASE B-C,2,16
504,6,2,DRY,CLASE B-C,1,16
505,6,2,DRY,CLASE B-C,2,16
506,7,2,DRY,CLASE B-C,2,16
507,6,2,DRY,CLASE B-C,1,16
508,3,2,DRY,CLASE B-C,2,16
509,6,2,DRY,CLASE B-C,1,16
510,7,2,RF,CLASE B-C,115,16
511,4,2,DRY,CLASE B-C,98,16
512,4,2,DRY,CLASE B-C,99,16
513,3,2,DRY,CLASE B-C,96,16
514,6,2,DRY,INSPECTION,76,16
515,7,2,DRY,CLASE B-C,38,16
516,7,2,DRY,CLASE B-C,39,16
517,6,2,DRY,INSPECTION,71,16
518,1,2,DRY,CLASE B-C,53,16
519,3,2,DRY,CLASE B-C,65,16
520,3,2,DRY,CLASE B-C,65,16
521,3,2,DRY,CLASE B-C,65,16
522,3,2,DRY,CLASE B-C,65,16
523,3,2,DRY,CLASE B-C,64,16
524,1,2,RF,CLASE B-C,60,16
525,1,2,RF,CLASE B-C,56,16
526,1,2,RF,CLASE B-C,57,16
527,1,2,RF,CLASE B-C,59,16
528,6,2,DRY,CLASE B-C,39,16
529,6,2,DRY,CLASE B-C,39,16
530,6,2,DRY,CLASE B-C,39,16
531,7,2,RF,CLASE B-C,47,16
532,7,2,RF,CLASE B-C,48,16
533,7,2,DRY,CLASE B-C,40,16
534,7,2,RF,CLASE B-C,53,16
535,7,2,RF,CLASE B-C,52,16
536,7,2,DRY,CLASE B-C,40,16
537,7,2,RF,CLASE B-C,51,16
538,7,2,DRY,CLASE B-C,39,16
539,3,2,DRY,CLASE B-C,34,16
540,3,2,DRY,CLASE B-C,34,16
541,3,2,DRY,CLASE B-C,34,16
542,7,2,RF,CLASE B-C,39,16
543,1,2,RF,CLASE B-C,49,16
544,1,2,RF,CLASE B-C,49,16
545,1,2,RF,CLASE B-C,49,16
546,1,2,RF,CLASE B-C,43,16
547,1,2,RF,CLASE B-C,44,16
548,3,2,DRY,CLASE B-C,41,16
549,3,2,DRY,CLASE B-C,41,16
550,3,2,DRY,CLASE B-C,41,16
551,7,2,DRY,CLASE B-C,42,16
552,3,2,DRY,CLASE B-C,40,16
553,3,2,DRY,CLASE B-C,40,16
554,3,2,DRY,CLASE B-C,40,16
555,3,2,DRY,CLASE B-C,38,16
556,3,2,DRY,CLASE B-C,38,16
557,3,2,DRY,CLASE B-C,38,16
558,2,2,DRY,CLASE B-C,37,16
559,3,2,DRY,CLASE B-C,33,16
560,6,2,RF,CLASE B-C,30,16
561,7,2,DRY,CLASE B-C,35,16
562,6,2,RF,CLASE B-C,33,16
563,6,2,RF,CLASE B-C,33,16
564,7,2,DRY,CLASE B-C,30,16
565,6,2,RF,CLASE B-C,30,16
566,6,2,RF,CLASE B-C,30,16
567,3,2,DRY,CLASE B-C,29,16
568,3,2,DRY,CLASE B-C,29,16
569,3,2,DRY,CLASE B-C,27,16
570,3,2,DRY,CLASE B-C,22,16
571,3,2,DRY,CLASE B-C,22,16
572,3,2,DRY,CLASE B-C,22,16
573,6,2,RF,CLASE B-C,21,16
574,6,2,RF,INSPECTION,22,16
575,6,2,RF,CLASE B-C,20,16
576,6,2,RF,INSPECTION,21,16
577,6,2,RF,CLASE B-C,22,16
578,6,2,RF,CLASE B-C,22,16
579,6,2,RF,CLASE B-C,20,16
580,6,2,RF,INSPECTION,22,16
581,6,2,RF,INSPECTION,21,16
582,6,2,RF,CLASE B-C,21,16
583,6,2,RF,CLASE B-C,20,16
584,6,2,DRY,INSPECTION,23,16
585,6,2,RF,CLASE B-C,20,16
586,6,2,RF,CLASE B-C,20,16
587,7,2,DRY,CLASE B-C,22,16
588,2,2,RF,CLASE B-C,17,16
589,2,2,RF,CLASE B-C,18,16
590,2,2,RF,CLASE B-C,18,16
591,2,2,RF,CLASE B-C,18,16
592,2,2,RF,CLASE B-C,19,16
593,2,2,RF,CLASE B-C,17,16
594,2,2,RF,CLASE B-C,17,16
595,2,2,RF,CLASE B-C,18,16
596,2,2,RF,CLASE B-C,17,16
597,7,2,DRY,CLASE B-C,9,16
598,6,1,DRY,INSPECTION,22,16
599,6,2,DRY,INSPECTION,21,16
600,6,2,RF,CLASE B-C,19,16
601,6,2,RF,CLASE B-C,19,16
602,6,2,RF,CLASE B-C,19,16
603,6,1,DRY,INSPECTION,21,16
604,7,2,DRY,CLASE B-C,15,16
605,7,2,RF,CLASE B-C,13,16
606,7,2,RF,CLASE B-C,13,16
607,7,2,RF,CLASE B-C,16,16
608,7,2,RF,CLASE B-C,17,16
609,7,2,RF,CLASE B-C,17,16
610,7,2,RF,CLASE B-C,17,16
611,7,2,RF,CLASE B-C,14,16
612,7,2,RF,CLASE B-C,13,16
613,7,2,RF,CLASE B-C,14,16
614,7,2,RF,CLASE B-C,17,16
615,7,2,RF,CLASE B-C,14,16
616,7,2,RF,CLASE B-C,16,16
617,7,2,RF,CLASE B-C,13,16
618,7,2,RF,CLASE B-C,14,16
619,7,2,RF,CLASE B-C,13,16
620,7,2,RF,CLASE B-C,17,16
621,7,2,RF,CLASE B-C,15,16
622,7,2,RF,CLASE B-C,13,16
623,7,2,RF,CLASE B-C,14,16
624,7,2,RF,CLASE B-C,13,16
625,7,2,RF,CLASE B-C,16,16
626,7,2,RF,CLASE B-C,17,16
627,7,2,RF,CLASE B-C,16,16
628,7,2,DRY,CLASE B-C,15,16
629,7,2,RF,CLASE B-C,14,16
630,6,2,RF,CLASE B-C,19,16
631,6,1,DRY,INSPECTION,20,16
632,3,2,DRY,CLASE B-C,16,16
633,3,2,DRY,CLASE B-C,16,16
634,3,2,DRY,CLASE B-C,15,16
635,4,2,DRY,CLASE B-C,15,16
636,3,2,DRY,CLASE B-C,15,16
637,3,2,DRY,CLASE B-C,15,16
638,3,2,DRY,CLASE B-C,15,16
639,3,2,DRY,CLASE B-C,16,16
640,2,1,DRY,CLASE B-C,15,16
641,6,2,RF,INSPECTION,8,16
642,6,2,RF,CLASE B-C,8,16
643,6,2,RF,INSPECTION,12,16
644,7,2,RF,CLASE B-C,14,16
645,6,1,DRY,INSPECTION,15,16
646,6,1,DRY,INSPECTION,15,16
647,6,1,DRY,INSPECTION,15,16
648,6,1,DRY,INSPECTION,14,16
649,2,2,RF,CLASE B-C,6,16
650,2,2,RF,CLASE B-C,5,16
651,7,2,RF,CLASE B-C,4,16
652,7,2,RF,CLASE B-C,5,16
653,7,2,RF,CLASE B-C,4,16
654,7,2,RF,CLASE B-C,4,16
655,7,2,DRY,CLASE B-C,3,16
656,7,2,RF,CLASE B-C,4,16
657,7,2,DRY,CLASE B-C,10,16
658,7,2,RF,CLASE B-C,5,16
659,7,2,RF,CLASE B-C,4,16
660,7,2,DRY,CLASE B-C,3,16
661,7,2,DRY,CLASE B-C,3,16
662,7,2,RF,CLASE B-C,4,16
663,7,2,DRY,CLASE B-C,3,16
664,7,2,DRY,CLASE B-C,10,16
665,7,2,DRY,CLASE B-C,10,16
666,7,2,DRY,CLASE B-C,10,16
667,7,2,RF,CLASE B-C,5,16
668,7,2,RF,CLASE B-C,4,16
669,6,2,DRY,INSPECTION,9,16
670,3,2,DRY,CLASE B-C,5,16
671,6,2,DRY,CLASE B-C,2,16
672,6,2,DRY,CLASE B-C,1,16
673,6,2,DRY,CLASE B-C,2,16
674,6,2,DRY,CLASE B-C,2,16
675,6,2,DRY,INSPECTION,3,16
676,6,2,DRY,CLASE B-C,2,16
677,6,2,DRY,CLASE B-C,1,16
678,6,2,DRY,CLASE B-C,1,16
679,6,2,DRY,CLASE B-C,2,16
680,6,2,DRY,INSPECTION,2,16
681,6,2,DRY,INSPECTION,2,16
682,6,2,DRY,CLASE B-C,1,16
683,6,2,DRY,CLASE B-C,2,16
684,6,2,DRY,CLASE B-C,1,16
685,6,2,DRY,CLASE B-C,1,16
686,6,2,DRY,CLASE B-C,1,16
687,6,2,DRY,CLASE B-C,2,16
688,6,2,DRY,INSPECTION,2,16
689,6,2,DRY,CLASE B-C,1,16
690,6,2,DRY,INSPECTION,2,16
691,6,2,DRY,CLASE B-C,1,16
692,6,2,DRY,CLASE B-C,1,16
693,6,2,DRY,CLASE B-C,2,16
694,6,2,DRY,INSPECTION,3,16
695,6,2,DRY,INSPECTION,3,16
696,6,2,DRY,CLASE B-C,1,16
697,6,2,DRY,CLASE B-C,1,16
698,6,2,DRY,CLASE B-C,2,16
699,6,2,DRY,CLASE B-C,1,16
700,6,2,DRY,CLASE B-C,2,16
701,6,2,DRY,CLASE B-C,1,16
702,6,2,DRY,CLASE B-C,1,16
703,6,2,DRY,CLASE B-C,1,16
704,6,2,DRY,CLASE B-C,1,16
705,6,2,DRY,CLASE B-C,1,16
706,6,2,DRY,CLASE B-C,1,16
707,6,2,DRY,CLASE B-C,1,16
708,6,2,DRY,CLASE B-C,2,16
709,6,2,DRY,CLASE B-C,1,16
710,6,2,DRY,CLASE B-C,1,16
711,6,2,DRY,CLASE B-C,1,16
712,6,2,DRY,CLASE B-C,1,16
713,6,2,DRY,CLASE B-C,1,16
714,6,2,DRY,CLASE B-C,1,16
715,7,2,DRY,CLASE B-C,4,16
716,7,2,DRY,CLASE B-C,3,16
717,7,2,DRY,CLASE B-C,8,16
718,7,2,DRY,CLASE B-C,3,16
719,7,2,DRY,CLASE B-C,3,16
720,7,2,DRY,CLASE B-C,3,16
721,7,2,DRY,CLASE B-C,3,16
722,7,2,DRY,CLASE B-C,3,16
723,7,2,DRY,CLASE B-C,7,16
724,7,2,DRY,CLASE B-C,2,16
725,7,2,DRY,CLASE B-C,5,16
726,7,2,DRY,CLASE B-C,3,16
727,7,2,DRY,CLASE B-C,3,16
728,7,2,DRY,CLASE D,2,16
729,7,2,DRY,CLASE B-C,3,16
730,7,2,DRY,CLASE B-C,5,16
731,7,2,DRY,CLASE B-C,5,16
732,7,2,DRY,CLASE B-C,6,16
733,7,2,DRY,CLASE B-C,5,16
734,7,2,DRY,CLASE B-C,2,16
735,7,2,DRY,CLASE B-C,2,16
736,7,2,DRY,CLASE B-C,4,16
737,7,2,DRY,CLASE B-C,6,16
738,7,2,DRY,CLASE B-C,1,16
739,7,2,DRY,CLASE B-C,3,16
740,7,2,RF,CLASE B-C,4,16
741,7,2,RF,CLASE B-C,5,16
742,7,2,DRY,CLASE B-C,3,16
743,7,2,DRY,CLASE B-C,3,16
744,7,2,DRY,CLASE B-C,2,16
745,7,2,DRY,CLASE B-C,2,16
746,7,2,DRY,CLASE B-C,7,16
747,7,2,DRY,CLASE B,3,16
748,7,2,DRY,CLASE B-C,2,16
749,7,2,DRY,CLASE B-C,3,16
750,7,2,DRY,CLASE A,3,16
751,7,2,DRY,CLASE B-C,2,16
752,7,2,DRY,CLASE B-C,3,16
753,7,2,DRY,CLASE B-C,5,16
754,7,2,DRY,CLASE B-C,4,16
755,7,2,DRY,CLASE B-C,3,16
756,7,2,DRY,CLASE B-C,2,16
757,7,2,DRY,CLASE B-C,3,16
758,7,2,DRY,CLASE B-C,7,16
759,7,2,DRY,CLASE B-C,7,16
760,7,2,DRY,CLASE B-C,3,16
761,7,2,DRY,CLASE B-C,7,16
762,7,2,DRY,CLASE B-C,7,16
763,7,2,DRY,CLASE B-C,3,16
764,7,2,DRY,CLASE B-C,2,16
765,7,2,DRY,CLASE B-C,2,16
766,7,2,DRY,CLASE B-C,6,16
767,7,2,DRY,CLASE B-C,3,16
768,7,2,DRY,CLASE B-C,7,16
769,7,2,DRY,CLASE B-C,6,16
770,7,2,DRY,CLASE B-C,3,16
771,7,2,DRY,CLASE B-C,5,16
772,7,2,DRY,CLASE B-C,2,16
773,7,2,DRY,CLASE B-C,3,16
774,7,2,DRY,CLASE B-C,3,16
775,7,2,DRY,CLASE B-C,6,16
776,7,2,DRY,CLASE B-C,2,16
777,7,2,DRY,CLASE B-C,3,16
778,7,2,DRY,CLASE B-C,7,16
779,7,2,DRY,CLASE B-C,2,16
780,7,2,DRY,CLASE B-C,2,16
781,7,2,DRY,CLASE B-C,6,16
782,7,2,DRY,CLASE B-C,7,16
783,7,2,DRY,CLASE B-C,8,16
784,7,2,DRY,CLASE B-C,3,16
785,7,2,DRY,CLASE B-C,3,16
786,7,2,DRY,CLASE B-C,3,16
787,7,2,DRY,CLASE B-C,7,16
788,7,2,DRY,CLASE B-C,2,16
789,7,2,DRY,CLASE B-C,2,16
790,7,2,DRY,CLASE B-C,2,16
791,7,2,DRY,CLASE B-C,3,16
792,7,2,DRY,CLASE B-C,7,16
793,7,2,DRY,CLASE B-C,2,16
794,7,2,DRY,CLASE B-C,5,16
795,7,2,DRY,CLASE B-C,4,16
796,7,2,DRY,CLASE B-C,6,16
797,7,2,DRY,CLASE B-C,3,16
798,7,2,DRY,CLASE B-C,6,16
799,7,2,DRY,CLASE B-C,2,16
800,7,2,DRY,CLASE B-C,3,16
801,7,2,DRY,CLASE A,2,16
802,7,2,DRY,CLASE B-C,5,16
803,7,2,DRY,CLASE B-C,3,16
804,7,2,DRY,CLASE B-C,3,16
805,7,2,DRY,CLASE B-C,7,16
806,7,2,DRY,CLASE B-C,4,16
807,7,2,DRY,CLASE B-C,3,16
808,7,2,DRY,CLASE B-C,3,16
809,7,2,DRY,CLASE B-C,3,16
810,7,2,DRY,CLASE B-C,6,16
811,7,2,DRY,CLASE B-C,3,16
812,7,2,DRY,CLASE B-C,2,16
813,7,2,DRY,CLASE B-C,1,16
814,7,2,RF,CLASE B-C,4,16
815,7,2,DRY,CLASE B-C,2,16
816,7,2,DRY,CLASE B-C,3,16
817,7,2,DRY,CLASE B-C,3,16
818,7,2,DRY,CLASE B-C,5,16
819,7,2,DRY,CLASE B-C,7,16
820,7,2,DRY,CLASE B-C,8,16
821,7,2,DRY,CLASE B-C,3,16
822,7,2,DRY,CLASE B-C,3,16
823,7,2,DRY,CLASE B-C,3,16
824,7,2,DRY,CLASE A,7,16
825,7,2,DRY,CLASE B-C,6,16
826,7,2,DRY,CLASE B-C,7,16
827,7,2,DRY,CLASE B-C,6,16
828,7,2,DRY,CLASE B-C,3,16
829,6,2,DRY,CLASE B-C,9,16
830,6,2,DRY,INSPECTION,9,16
831,6,2,DRY,CLASE B-C,9,16
832,6,2,DRY,CLASE B-C,9,16
833,6,2,DRY,CLASE B-C,8,16
834,6,2,DRY,CLASE B-C,8,16
835,6,2,DRY,CLASE B-C,9,16
836,6,2,DRY,INSPECTION,9,16
837,6,2,DRY,CLASE B-C,9,16
838,2,2,DRY,CLASE B-C,8,16
839,2,2,DRY,CLASE B-C,8,16
840,2,2,DRY,CLASE B-C,8,16
841,2,2,DRY,CLASE B-C,8,16
842,6,2,DRY,CLASE B-C,7,16
843,6,2,DRY,CLASE B-C,7,16
844,6,2,DRY,CLASE B-C,7,16
845,6,2,DRY,INSPECTION,7,16
846,6,2,DRY,CLASE B-C,7,16
847,6,1,DRY,INSPECTION,8,16
848,2,2,RF,CLASE B-C,6,16
849,6,1,DRY,INSPECTION,8,16
850,6,1,DRY,INSPECTION,8,16
851,2,2,RF,CLASE B-C,6,16
852,2,2,RF,CLASE B-C,6,16
853,6,2,DRY,CLASE B-C,7,16
854,6,2,DRY,INSPECTION,7,16
855,6,2,DRY,CLASE B-C,7,16
856,6,2,DRY,INSPECTION,7,16
857,6,2,DRY,CLASE B-C,7,16
858,6,2,DRY,CLASE B-C,7,16
859,6,2,DRY,INSPECTION,6,16
860,3,2,DRY,CLASE B-C,5,16
861,6,1,DRY,INSPECTION,7,16
862,2,2,RF,CLASE B-C,6,16
863,2,2,DRY,CLASE B-C,6,16
864,2,2,DRY,CLASE B-C,5,16
865,2,2,DRY,CLASE B-C,5,16
866,2,2,DRY,CLASE B-C,5,16
867,2,2,DRY,CLASE B-C,5,16
868,2,2,DRY,CLASE B-C,5,16
869,2,2,DRY,CLASE B-C,5,16
870,2,2,DRY,CLASE B-C,5,16
871,2,2,DRY,CLASE B-C,5,16
872,1,2,RF,CLASE B-C,4,16
873,2,2,DRY,CLASE B-C,3,16
874,6,2,DRY,CLASE B-C,3,16
875,2,2,DRY,CLASE B-C,3,16
876,2,2,DRY,CLASE B-C,2,16
877,2,2,DRY,CLASE B-C,2,16
878,6,2,DRY,CLASE B-C,1,16
879,6,2,DRY,CLASE B-C,1,16
880,6,2,DRY,CLASE B-C,1,16
881,6,2,DRY,CLASE B-C,1,16
882,6,2,DRY,CLASE B-C,1,16
883,6,2,DRY,CLASE B-C,1,16
884,6,2,DRY,CLASE B-C,1,16
885,7,2,DRY,CLASE B-C,2,16
886,2,2,DRY,CLASE B-C,1,16
887,6,2,DRY,CLASE B-C,1,16
888,6,2,DRY,CLASE B-C,1,16
889,6,2,DRY,CLASE B-C,1,16
890,6,2,DRY,CLASE B-C,1,16
891,2,2,DRY,CLASE B-C,1,16
892,2,2,DRY,CLASE B-C,1,16
893,2,2,DRY,CLASE B-C,1,16
894,2,2,DRY,CLASE B-C,1,16
895,6,2,DRY,INSPECTION,2,16
896,2,2,DRY,CLASE B-C,1,16
897,6,2,DRY,CLASE B-C,1,16
898,6,2,DRY,CLASE B-C,1,16
899,2,2,DRY,CLASE B-C,1,16
900,2,2,DRY,CLASE B-C,2,16
901,2,2,DRY,CLASE B-C,1,16
902,2,2,DRY,CLASE B-C,2,16
903,3,2,DRY,CLASE B-C,1,16
904,3,2,DRY,CLASE B-C,1,16
905,3,2,DRY,CLASE B-C,1,16
906,3,2,DRY,CLASE B-C,1,16
907,3,2,DRY,CLASE B-C,1,16
908,3,2,DRY,CLASE B-C,1,16
909,3,2,DRY,CLASE B-C,1,16
910,3,2,DRY,CLASE B-C,1,16
911,3,2,DRY,CLASE B-C,1,16
912,3,2,DRY,CLASE B-C,1,16
913,3,2,DRY,CLASE B-C,1,16
914,3,2,DRY,CLASE B-C,1,16
915,3,2,DRY,CLASE B-C,1,16
916,3,2,DRY,CLASE B-C,1,16
917,3,2,DRY,CLASE B-C,1,16
918,3,2,DRY,CLASE B-C,1,16
919,3,2,DRY,CLASE B-C,1,16
920,3,2,DRY,CLASE B-C,1,16
921,3,2,DRY,CLASE B-C,1,16
922,3,2,DRY,CLASE B-C,1,16
923,3,2,DRY,CLASE B-C,1,16
924,3,2,DRY,CLASE B,1,16
925,3,2,DRY,CLASE B-C,1,16
926,3,2,DRY,CLASE B-C,1,16
927,3,2,DRY,CLASE B,1,16
928,3,2,DRY,CLASE B-C,1,16
929,3,2,DRY,CLASE B-C,1,16
930,3,2,DRY,CLASE B-C,1,16
931,3,2,DRY,CLASE B-C,1,16
932,3,2,DRY,CLASE B-C,1,16
933,3,2,DRY,CLASE B-C,1,16
934,3,2,DRY,CLASE B-C,1,16
935,3,2,DRY,CLASE B-C,1,16
936,3,2,DRY,CLASE B-C,1,16
937,3,2,DRY,CLASE B-C,1,16
938,3,2,DRY,CLASE B-C,1,16
939,3,2,DRY,CLASE B-C,1,16
940,3,2,DRY,CLASE B-C,1,16
941,3,2,DRY,CLASE B-C,1,16
942,3,2,DRY,CLASE B,1,16
943,3,2,DRY,CLASE B-C,1,16
944,3,2,DRY,CLASE B-C,1,16
945,3,2,DRY,INSPECTION,1,16
946,3,2,DRY,CLASE B-C,1,16
947,3,2,DRY,CLASE B-C,1,16
948,3,2,DRY,CLASE B-C,1,16
949,3,2,DRY,CLASE B-C,1,16
950,3,2,DRY,CLASE B-C,1,16
951,3,2,DRY,CLASE B-C,1,16
952,3,2,DRY,CLASE B-C,1,16
953,6,2,DRY,CLASE B-C,2,16
954,6,2,DRY,CLASE B-C,1,16
955,6,2,DRY,CLASE B-C,2,16
956,6,2,DRY,CLASE B-C,2,16
957,6,2,DRY,CLASE B,2,16
958,6,2,DRY,CLASE B-C,2,16
959,6,2,DRY,CLASE B-C,2,16
960,6,2,DRY,INSPECTION,1,16
961,6,2,DRY,CLASE B-C,1,16
962,6,2,DRY,CLASE B-C,1,16
963,6,2,DRY,CLASE B-C,2,16
964,6,2,DRY,CLASE B-C,1,16
965,7,2,DRY,CLASE B-C,1,16
966,7,2,DRY,CLASE B-C,1,16
967,7,2,DRY,CLASE B-C,2,16
968,7,2,DRY,CLASE B-C,2,16
969,7,2,DRY,CLASE B-C,2,16
970,2,2,DRY,CLASE B-C,2,16
971,7,2,DRY,CLASE B-C,2,16
972,7,2,DRY,CLASE B-C,2,16
973,7,2,DRY,CLASE B-C,1,16
974,7,2,DRY,CLASE B-C,2,16
975,7,2,DRY,CLASE B-C,2,16
976,7,2,DRY,CLASE B-C,2,16
977,7,2,DRY,CLASE B-C,2,16
978,7,2,DRY,CLASE B-C,1,16
979,7,2,DRY,CLASE B-C,1,16
980,7,2,DRY,CLASE B-C,2,16
981,7,2,DRY,CLASE B-C,1,16
982,7,2,DRY,CLASE B-C,1,16
983,7,2,DRY,CLASE B-C,1,16
984,7,2,DRY,CLASE B-C,1,16
985,7,2,DRY,CLASE B-C,1,16
986,7,2,DRY,CLASE B-C,2,16
987,7,2,DRY,CLASE B-C,2,16
988,7,2,DRY,CLASE B-C,2,16
989,7,2,DRY,CLASE B-C,2,16
990,7,2,DRY,CLASE B-C,1,16
991,7,2,DRY,CLASE B-C,2,16
992,7,2,DRY,CLASE B-C,1,16
993,7,2,DRY,CLASE B-C,2,16
994,7,2,DRY,CLASE B-C,2,16
995,7,2,DRY,CLASE B-C,1,16
996,7,2,DRY,CLASE B,2,16
997,7,2,DRY,CLASE B-C,1,16
998,7,2,DRY,CLASE B-C,2,16
999,7,2,DRY,CLASE B-C,1,16
1000,7,2,DRY,CLASE B-C,1,16
1001,7,2,DRY,CLASE B-C,1,16
1002,7,2,DRY,CLASE B-C,2,16
1003,7,2,DRY,CLASE B-C,2,16
1004,7,2,DRY,CLASE D,2,16
1005,7,2,DRY,CLASE B-C,2,16
1006,7,2,DRY,CLASE B-C,2,16
1007,7,2,DRY,CLASE B-C,2,16
1008,7,2,DRY,CLASE B-C,2,16
1009,7,2,DRY,CLASE B-C,2,16
1010,2,2,DRY,CLASE B-C,2,16
1011,2,2,DRY,CLASE B-C,1,16
1012,2,2,DRY,CLASE B-C,2,16
1013,2,2,DRY,CLASE B-C,1,16
1014,2,2,DRY,CLASE B-C,1,16
1015,2,2,DRY,CLASE B-C,1,16
1016,2,2,DRY,CLASE B-C,1,16
1017,2,2,DRY,CLASE B-C,1,16
1018,2,2,DRY,CLASE B-C,1,16
1019,2,2,DRY,CLASE B-C,1,16
1020,2,2,DRY,CLASE B-C,1,16
1021,2,2,DRY,CLASE B-C,1,16
1022,6,2,DRY,INSPECTION,123,16
1023,6,2,DRY,INSPECTION,123,16
1024,6,2,DRY,INSPECTION,38,16
1025,4,2,DRY,CLASE B-C,100,16
1026,6,2,DRY,INSPECTION,95,16
1027,6,2,DRY,INSPECTION,78,16
1028,6,2,DRY,CLASE B-C,80,16
1029,2,2,RF,CLASE B-C,64,16
1030,6,2,DRY,INSPECTION,53,16
1031,6,2,DRY,INSPECTION,52,16
1032,3,2,DRY,CLASE B-C,71,16
1033,4,2,DRY,CLASE B-C,57,16
1034,3,2,DRY,CLASE B-C,67,16
1035,1,2,RF,CLASE B-C,58,16
1036,6,2,DRY,INSPECTION,53,16
1037,6,2,DRY,INSPECTION,52,16
1038,1,2,DRY,CLASE B-C,52,16
1039,4,2,DRY,CLASE B-C,51,16
1040,1,2,RF,CLASE B-C,50,16
1041,2,2,DRY,CLASE B-C,38,16
1042,2,2,DRY,CLASE B-C,38,16
1043,2,2,DRY,CLASE B-C,46,16
1044,1,2,DRY,CLASE B-C,45,16
1045,6,2,DRY,CLASE B-C,45,16
1046,3,2,DRY,CLASE B-C,43,16
1047,3,2,DRY,CLASE B-C,42,16
1048,3,2,DRY,CLASE B-C,42,16
1049,3,2,DRY,CLASE B-C,42,16
1050,3,2,DRY,CLASE B-C,41,16
1051,6,2,RF,CLASE B-C,39,16
1052,3,2,DRY,CLASE B-C,39,16
1053,1,2,DRY,CLASE B-C,35,16
1054,3,2,DRY,CLASE B-C,31,16
1055,2,2,RF,CLASE B-C,30,16
1056,3,2,DRY,CLASE B-C,22,16
1057,3,2,DRY,CLASE B-C,24,16
1058,3,2,DRY,CLASE B-C,24,16
1059,3,2,DRY,CLASE B-C,24,16
1060,3,2,DRY,CLASE B-C,24,16
1061,3,2,DRY,CLASE B-C,24,16
1062,3,2,DRY,CLASE B-C,24,16
1063,6,2,RF,CLASE B-C,22,16
1064,7,2,DRY,CLASE B-C,24,16
1065,2,2,RF,CLASE B-C,19,16
1066,2,2,RF,CLASE B-C,20,16
1067,2,2,RF,CLASE B-C,20,16
1068,2,2,RF,CLASE B-C,20,16
1069,2,2,RF,CLASE B-C,19,16
1070,2,2,RF,CLASE B-C,20,16
1071,2,2,RF,CLASE B-C,20,16
1072,2,2,RF,CLASE B-C,19,16
1073,2,2,RF,CLASE B-C,19,16
1074,2,2,RF,CLASE B-C,19,16
1075,2,2,RF,CLASE B-C,19,16
1076,2,2,RF,CLASE B-C,20,16
1077,2,2,RF,CLASE B-C,19,16
1078,2,2,RF,CLASE B-C,20,16
1079,2,2,RF,CLASE B-C,20,16
1080,7,2,RF,CLASE B-C,18,16
1081,7,2,RF,CLASE B-C,18,16
1082,7,2,RF,CLASE B-C,18,16
1083,7,2,RF,CLASE B-C,17,16
1084,7,2,RF,CLASE B-C,18,16
1085,7,2,RF,CLASE B-C,17,16
1086,7,2,RF,CLASE B-C,17,16
1087,7,2,RF,CLASE B-C,17,16
1088,7,2,RF,CLASE B-C,17,16
1089,7,2,RF,CLASE B-C,17,16
1090,2,1,DRY,CLASE B-C,17,16
1091,3,2,DRY,CLASE B-C,17,16
1092,3,2,DRY,CLASE B-C,17,16
1093,2,1,DRY,CLASE B-C,17,16
1094,2,1,DRY,CLASE D,17,16
1095,2,1,DRY,INSPECTION,16,16
1096,6,2,DRY,CLASE B-C,15,16
1097,6,2,DRY,CLASE B-C,15,16
1098,6,2,DRY,CLASE A,15,16
1099,6,2,RF,CLASE B-C,13,16
1100,6,2,DRY,INSPECTION,13,16
1101,2,2,DRY,CLASE B-C,9,16
1102,2,2,DRY,CLASE B-C,9,16
1103,2,2,RF,CLASE B-C,7,16
1104,2,1,DRY,CLASE D,6,16
1105,2,2,DRY,CLASE B-C,10,16
1106,2,2,DRY,CLASE B-C,9,16
1107,2,1,DRY,CLASE B-C,6,16
1108,2,1,DRY,CLASE B-C,6,16
1109,2,2,DRY,CLASE B-C,9,16
1110,2,1,DRY,INSPECTION,6,16
1111,2,1,DRY,INSPECTION,6,16
1112,7,2,RF,CLASE B-C,6,16
1113,7,2,RF,CLASE B-C,6,16
1114,7,2,RF,CLASE B-C,6,16
1115,7,2,RF,CLASE B-C,6,16
1116,7,2,DRY,CLASE B-C,5,16
1117,2,2,DRY,CLASE B-C,10,16
1118,2,1,DRY,INSPECTION,10,16
1119,2,1,DRY,INSPECTION,10,16
1120,2,2,DRY,CLASE B-C,10,16
1121,2,1,DRY,CLASE B-C,10,16
1122,2,1,DRY,CLASE B-C,10,16
1123,7,2,DRY,CLASE B-C,6,16
1124,7,2,DRY,CLASE B-C,4,16
1125,7,2,DRY,CLASE B-C,6,16
1126,7,2,RF,CLASE B-C,6,16
1127,7,2,DRY,CLASE B-C,6,16
1128,7,2,DRY,CLASE B-C,4,16
1129,7,2,DRY,CLASE B-C,6,16
1130,7,2,DRY,CLASE B-C,3,16
1131,7,2,DRY,CLASE B-C,1,16
1132,7,2,DRY,CLASE B-C,3,16
1133,7,2,DRY,CLASE B-C,4,16
1134,7,2,DRY,CLASE B-C,6,16
1135,7,2,DRY,CLASE B-C,6,16
1136,7,2,DRY,CLASE B-C,4,16
1137,7,2,DRY,CLASE B-C,1,16
1138,7,2,DRY,CLASE B-C,3,16
1139,7,2,DRY,CLASE B-C,8,16
1140,7,2,DRY,CLASE B-C,1,16
1141,7,2,DRY,CLASE B-C,6,16
1142,7,2,DRY,CLASE B-C,4,16
1143,7,2,DRY,CLASE B-C,1,16
1144,7,2,DRY,CLASE B-C,1,16
1145,7,2,DRY,CLASE B-C,8,16
1146,7,2,DRY,CLASE B-C,4,16
1147,7,2,DRY,CLASE B-C,6,16
1148,7,2,DRY,CLASE B-C,6,16
1149,7,2,DRY,CLASE B-C,8,16
1150,7,2,DRY,CLASE B-C,8,16
1151,7,2,DRY,CLASE B-C,4,16
1152,7,2,DRY,CLASE B-C,3,16
1153,7,2,DRY,CLASE B-C,3,16
1154,7,2,DRY,CLASE B-C,8,16
1155,7,2,DRY,CLASE B-C,8,16
1156,7,2,DRY,CLASE B-C,1,16
1157,7,2,DRY,CLASE B-C,6,16
1158,7,2,DRY,CLASE B-C,8,16
1159,7,2,DRY,CLASE B-C,3,16
1160,7,2,DRY,CLASE B-C,8,16
1161,7,2,DRY,CLASE B-C,4,16
1162,7,2,DRY,CLASE B-C,4,16
1163,7,2,DRY,CLASE B-C,1,16
1164,7,2,DRY,CLASE B-C,1,16
1165,7,2,DRY,CLASE B-C,1,16
1166,7,2,DRY,CLASE B-C,6,16
1167,7,2,DRY,CLASE B-C,3,16
1168,7,2,DRY,CLASE B-C,1,16
1169,7,2,DRY,CLASE B-C,6,16
1170,7,2,DRY,CLASE B-C,8,16
1171,7,2,DRY,CLASE B-C,4,16
1172,7,2,DRY,CLASE B-C,7,16
1173,2,2,DRY,CLASE B-C,9,16
1174,2,2,DRY,CLASE B-C,9,16
1175,2,1,DRY,CLASE D,9,16
1176,2,1,DRY,CLASE B-C,9,16
1177,2,1,DRY,INSPECTION,8,16
1178,2,2,DRY,CLASE B-C,8,16
1179,2,2,DRY,CLASE B-C,7,16
1180,2,2,DRY,CLASE B-C,7,16
1181,1,2,RF,INSPECTION,6,16
1182,1,2,RF,INSPECTION,6,16
1183,7,2,DRY,CLASE B-C,1,16
1184,7,2,DRY,CLASE B-C,2,16
1185,2,1,DRY,CLASE D,3,16
1186,6,2,DRY,CLASE B-C,3,16
1187,6,2,DRY,CLASE B-C,1,16
1188,6,2,DRY,CLASE B-C,3,16
1189,6,2,DRY,CLASE B-C,3,16
1190,2,1,DRY,CLASE D,3,16
1191,6,2,DRY,CLASE B-C,3,16
1192,3,2,DRY,CLASE B-C,3,16
1193,6,2,DRY,CLASE B-C,3,16
1194,3,2,DRY,CLASE B-C,2,16
1195,3,2,DRY,CLASE B-C,1,16
1196,3,2,DRY,CLASE B-C,2,16
1197,3,2,DRY,CLASE B-C,1,16
1198,3,2,DRY,CLASE B-C,2,16
1199,3,2,DRY,CLASE B-C,1,16
1200,3,2,DRY,CLASE B-C,2,16
1201,3,2,DRY,CLASE B-C,2,16
1202,3,2,DRY,CLASE B-C,1,16
1203,3,2,DRY,CLASE B-C,2,16
1204,3,2,DRY,CLASE B-C,2,16
1205,3,2,DRY,CLASE A,1,16
1206,3,2,DRY,CLASE B,1,16
1207,3,2,DRY,CLASE B-C,1,16
1208,3,2,DRY,CLASE B-C,2,16
1209,3,2,DRY,CLASE B-C,1,16
1210,3,2,DRY,CLASE B-C,2,16
1211,3,2,DRY,CLASE B-C,2,16
1212,3,2,DRY,CLASE B-C,1,16
1213,3,2,DRY,CLASE B-C,1,16
1214,6,2,DRY,CLASE B-C,1,16
1215,6,2,DRY,CLASE B-C,2,16
1216,6,2,DRY,CLASE B-C,2,16
1217,6,2,DRY,CLASE B-C,1,16
1218,6,2,DRY,CLASE B-C,2,16
1219,6,2,DRY,CLASE B-C,2,16
1220,6,2,DRY,CLASE A,4,16
1221,6,2,DRY,CLASE B-C,4,16
1222,6,2,DRY,CLASE B-C,2,16
1223,6,2,DRY,CLASE B-C,2,16
1224,6,2,DRY,INSPECTION,2,16
1225,6,2,DRY,CLASE B-C,2,16
1226,6,2,DRY,CLASE B-C,1,16
1227,6,2,DRY,INSPECTION,3,16
1228,6,2,DRY,CLASE B-C,3,16
1229,6,2,DRY,CLASE B-C,2,16
1230,6,2,DRY,INSPECTION,3,16
1231,6,2,DRY,CLASE B-C,3,16
1232,6,2,DRY,CLASE B-C,4,16
1233,6,2,DRY,CLASE B-C,2,16
1234,7,2,DRY,CLASE B-C,2,16
1235,7,2,DRY,CLASE D,1,16
1236,7,2,DRY,CLASE B-C,2,16
1237,7,2,DRY,CLASE B-C,1,16
1238,7,2,DRY,CLASE B-C,2,16
1239,7,2,DRY,CLASE B-C,1,16
1240,7,2,DRY,CLASE B-C,2,16
1241,7,2,DRY,CLASE B-C,2,16
1242,7,2,DRY,CLASE B-C,2,16
1243,7,2,DRY,CLASE B-C,2,16
1244,7,2,DRY,CLASE B-C,2,16
1245,7,2,DRY,CLASE B-C,2,16
1246,7,2,DRY,CLASE B-C,2,16
1247,7,2,DRY,CLASE B-C,1,16
1248,7,2,DRY,CLASE B-C,2,16
1249,7,2,DRY,CLASE B-C,2,16
1250,7,2,DRY,CLASE B-C,2,16
1251,7,2,DRY,CLASE B-C,2,16
1252,7,2,DRY,CLASE B-C,2,16
1253,7,2,DRY,CLASE B-C,2,16
1254,7,2,DRY,CLASE B-C,2,16
1255,7,2,DRY,CLASE B-C,2,16
1256,7,2,DRY,CLASE B-C,1,16
1257,7,2,DRY,CLASE B-C,2,16
1258,7,2,DRY,CLASE B-C,2,16
1259,7,2,DRY,CLASE B-C,1,16
1260,7,2,DRY,CLASE B-C,2,16
1261,7,2,DRY,CLASE B-C,2,16
1262,7,2,DRY,CLASE B-C,2,16
1263,7,2,DRY,CLASE B-C,1,16
1264,7,2,DRY,CLASE B-C,2,16
1265,7,2,DRY,CLASE B-C,1,16
1266,7,2,DRY,CLASE B-C,2,16
1267,7,2,DRY,CLASE B-C,2,16
1268,7,2,DRY,CLASE B-C,2,16
1269,7,2,DRY,CLASE B,2,16
1270,7,2,DRY,CLASE B-C,2,16
1271,7,2,DRY,CLASE B-C,2,16
1272,7,2,DRY,CLASE B-C,1,16
1273,7,2,DRY,CLASE B-C,1,16
1274,7,2,DRY,CLASE B-C,2,16
1275,7,2,DRY,CLASE B-C,1,16
1276,7,2,DRY,CLASE B-C,2,16
1277,7,2,DRY,CLASE B-C,2,16
1278,7,2,DRY,CLASE B-C,2,16
1279,7,2,DRY,CLASE B-C,1,16
1280,7,2,DRY,CLASE B-C,1,16
1281,7,2,DRY,CLASE B-C,2,16
1282,7,2,DRY,CLASE B-C,1,16
1283,7,2,DRY,CLASE B-C,2,16
1284,7,2,DRY,CLASE B-C,2,16
1285,7,2,DRY,CLASE B-C,2,16
1286,7,2,DRY,CLASE B-C,2,16
1287,7,2,DRY,CLASE B,1,16
1288,7,2,DRY,CLASE B-C,2,16
1289,7,2,DRY,CLASE B-C,1,16
1290,7,2,DRY,CLASE B-C,2,16
1291,7,2,DRY,CLASE B-C,1,16
1292,7,2,DRY,CLASE B-C,2,16
1293,7,2,DRY,CLASE B-C,1,16
1294,7,2,DRY,CLASE B-C,1,16
1295,7,2,DRY,CLASE B-C,2,16
1296,7,2,DRY,CLASE B-C,2,16
1297,7,2,DRY,CLASE B-C,2,16
1298,7,2,DRY,CLASE B-C,2,16
1299,7,2,DRY,CLASE B-C,2,16
1300,7,2,DRY,CLASE B-C,2,16
1301,7,2,DRY,CLASE B-C,2,16
1302,7,2,DRY,CLASE B-C,1,16
1303,7,2,DRY,CLASE B-C,1,16
1304,7,2,DRY,CLASE B-C,2,16
1305,7,2,DRY,CLASE B-C,1,16
1306,7,2,DRY,CLASE D,1,16
1307,6,2,DRY,CLASE B-C,3,16
1308,6,2,DRY,CLASE B-C,3,16
1309,6,2,DRY,CLASE B-C,3,16
1310,6,2,DRY,CLASE B-C,3,16
1311,6,2,DRY,CLASE B-C,3,16
1312,6,2,DRY,CLASE B-C,3,16
1313,6,2,DRY,CLASE B-C,3,16
1314,6,2,DRY,CLASE B-C,3,16
1315,6,2,DRY,CLASE B-C,5,16
1316,6,2,DRY,CLASE B-C,5,16
1317,6,2,DRY,CLASE B-C,2,16
1318,2,1,DRY,CLASE D,2,16
1319,6,2,DRY,CLASE B-C,2,16
1320,7,2,DRY,CLASE B-C,2,16
1321,2,2,DRY,CLASE B-C,2,16
1322,2,1,DRY,INSPECTION,2,16
1323,2,2,DRY,CLASE B-C,1,16
1324,7,2,DRY,CLASE B-C,1,16
1325,6,2,DRY,CLASE B-C,1,16
1326,6,2,DRY,INSPECTION,1,16
1327,6,2,DRY,INSPECTION,1,16
1328,2,2,DRY,CLASE B-C,1,16
1329,7,2,DRY,CLASE B-C,1,16
1330,6,2,DRY,CLASE B-C,1,16
1331,6,2,DRY,CLASE B-C,1,16
1332,6,2,DRY,CLASE B-C,1,16
1333,7,2,DRY,CLASE B-C,1,16
1334,7,2,DRY,CLASE B-C,1,16
1335,6,2,DRY,INSPECTION,7,17
1336,4,2,DRY,CLASE B-C,53,17
1337,4,2,DRY,CLASE B-C,53,17
1338,6,2,DRY,INSPECTION,7,17
1339,6,2,DRY,CLASE B-C,4,17
1340,6,2,DRY,CLASE B-C,4,17
1341,7,2,DRY,CLASE B-C,4,17
1342,7,2,DRY,CLASE B-C,4,17
1343,6,2,DRY,CLASE B-C,4,17
1344,6,2,DRY,CLASE B-C,4,17
1345,6,2,DRY,INSPECTION,7,17
1346,7,2,DRY,CLASE B-C,1,17
1347,7,2,DRY,CLASE B-C,2,17
1348,6,2,DRY,INSPECTION,1,17
1349,4,2,DRY,CLASE B-C,53,17
1350,7,2,DRY,CLASE B-C,1,17
1351,7,2,DRY,CLASE B-C,1,17
1352,6,2,DRY,INSPECTION,1,17
1353,6,2,DRY,INSPECTION,7,17
1354,6,2,DRY,CLASE B-C,4,17
1355,6,2,DRY,CLASE B-C,4,17
1356,6,2,DRY,INSPECTION,7,17
1357,6,2,DRY,CLASE B-C,4,17
1358,7,2,DRY,CLASE B-C,1,17
1359,7,2,DRY,CLASE B-C,1,17
1360,7,2,DRY,CLASE B-C,1,17
1361,7,2,DRY,CLASE B-C,1,17
1362,7,2,DRY,CLASE B-C,2,17
1363,6,2,DRY,CLASE B-C,1,17
1364,6,2,DRY,CLASE B-C,1,17
1365,4,2,DRY,CLASE B-C,53,17
1366,2,1,DRY,CLASE B-C,21,17
1367,2,1,DRY,CLASE B-C,21,17
1368,6,2,DRY,CLASE B-C,18,17
1369,7,2,DRY,CLASE B-C,1,17
1370,7,2,DRY,CLASE B-C,1,17
1371,7,2,DRY,CLASE B-C,1,17
1372,7,2,DRY,CLASE B-C,1,17
1373,7,2,DRY,CLASE B-C,1,17
1374,7,2,DRY,CLASE B-C,1,17
1375,7,2,DRY,CLASE B-C,1,17
1376,7,2,DRY,CLASE B-C,4,17
1377,7,2,DRY,CLASE B-C,4,17
1378,2,1,DRY,CLASE B-C,13,17
1379,2,1,DRY,CLASE B-C,13,17
1380,2,1,DRY,CLASE B-C,11,17
1381,2,1,DRY,CLASE B-C,11,17
1382,6,2,DRY,INSPECTION,7,17
1383,6,2,DRY,INSPECTION,6,17
1384,6,2,DRY,CLASE B-C,4,17
1385,2,1,DRY,CLASE B-C,6,17
1386,7,2,DRY,CLASE D,1,17
1387,7,2,DRY,CLASE B-C,1,17
1388,7,2,DRY,CLASE B-C,1,17
1389,7,2,DRY,CLASE B,1,17
1390,7,2,DRY,CLASE B-C,1,17
1391,7,2,DRY,CLASE B-C,1,17
1392,7,2,DRY,CLASE B-C,1,17
1393,7,2,DRY,CLASE B-C,2,17
1394,6,2,DRY,CLASE B-C,1,17
1395,6,2,DRY,CLASE B-C,1,17
1396,6,2,DRY,CLASE B-C,1,17
1397,2,2,RF,CLASE B-C,68,17
1398,6,2,DRY,INSPECTION,57,17
1399,2,2,RF,CLASE B-C,68,17
1400,2,2,RF,CLASE B-C,68,17
1401,2,2,RF,CLASE B-C,68,17
1402,6,2,DRY,INSPECTION,56,17
1403,6,2,DRY,INSPECTION,56,17
1404,6,2,DRY,INSPECTION,56,17
1405,4,2,DRY,CLASE B-C,53,17
1406,1,2,RF,CLASE B-C,49,17
1407,6,2,DRY,CLASE B-C,43,17
1408,2,2,DRY,CLASE B-C,38,17
1409,2,2,DRY,CLASE B-C,39,17
1410,2,2,DRY,CLASE B-C,39,17
1411,4,2,DRY,CLASE B-C,29,17
1412,2,2,RF,CLASE B-C,24,17
1413,2,2,RF,CLASE B-C,24,17
1414,2,2,RF,CLASE B-C,23,17
1415,2,2,RF,CLASE B-C,24,17
1416,2,2,RF,CLASE B-C,24,17
1417,7,2,RF,CLASE B-C,22,17
1418,7,2,RF,CLASE B-C,22,17
1419,7,2,RF,CLASE B-C,22,17
1420,2,1,DRY,CLASE B-C,21,17
1421,6,2,RF,CLASE B-C,14,17
1422,6,2,RF,CLASE B-C,14,17
1423,6,2,RF,CLASE B-C,14,17
1424,7,2,DRY,CLASE B-C,1,17
1425,6,2,DRY,INSPECTION,7,17
1426,7,2,DRY,CLASE B-C,4,17
1427,7,2,DRY,CLASE B-C,4,17
1428,6,2,DRY,CLASE B-C,7,17
1429,6,2,DRY,CLASE B-C,4,17
1430,6,2,DRY,CLASE B-C,4,17
1431,6,2,DRY,CLASE B-C,4,17
1432,6,2,DRY,INSPECTION,6,17
1433,6,2,DRY,CLASE B-C,4,17
1434,7,2,DRY,CLASE B-C,3,17
1435,7,2,DRY,CLASE B-C,3,17
1436,7,2,DRY,CLASE B-C,3,17
1437,7,2,DRY,CLASE B-C,3,17
1438,7,2,DRY,CLASE B-C,3,17
1439,7,2,DRY,CLASE B-C,3,17
1440,7,2,DRY,CLASE B-C,3,17
1441,7,2,DRY,CLASE B-C,3,17
1442,7,2,DRY,CLASE B-C,3,17
1443,7,2,DRY,CLASE B-C,3,17
1444,7,2,DRY,CLASE B-C,3,17
1445,7,2,DRY,CLASE B-C,3,17
1446,6,2,DRY,CLASE D,7,17
1447,6,2,RF,CLASE B-C,6,17
1448,6,2,RF,CLASE B-C,6,17
1449,7,2,DRY,CLASE B-C,2,17
1450,7,2,DRY,CLASE B-C,1,17
1451,7,2,DRY,CLASE B-C,1,17
1452,7,2,DRY,CLASE B-C,1,17
1453,7,2,DRY,CLASE B-C,2,17
1454,7,2,DRY,CLASE B-C,1,17
1455,7,2,DRY,CLASE B-C,1,17
1456,7,2,DRY,CLASE B-C,1,17
1457,7,2,DRY,CLASE B-C,2,17
1458,7,2,DRY,CLASE B-C,2,17
1459,6,2,DRY,CLASE B-C,1,17
1460,6,2,DRY,CLASE B-C,1,17
1461,4,2,DRY,CLASE B-C,104,17
1462,4,2,DRY,CLASE B-C,104,17
1463,4,2,DRY,CLASE B-C,104,17
1464,4,2,DRY,CLASE B-C,104,17
1465,1,2,RF,CLASE B-C,71,17
1466,4,2,DRY,CLASE B-C,75,17
1467,1,2,RF,INSPECTION,66,17
1468,7,2,RF,CLASE B-C,66,17
1469,2,2,DRY,CLASE B-C,60,17
1470,1,2,RF,CLASE B-C,59,17
1471,1,2,RF,CLASE B-C,63,17
1472,6,2,DRY,INSPECTION,56,17
1473,6,2,DRY,INSPECTION,56,17
1474,7,2,RF,CLASE B-C,59,17
1475,7,2,RF,CLASE B-C,57,17
1476,7,2,RF,CLASE B-C,59,17
1477,7,2,RF,CLASE B-C,55,17
1478,7,2,DRY,CLASE B-C,62,17
1479,7,2,RF,CLASE B-C,55,17
1480,7,2,RF,CLASE B-C,51,17
1481,1,2,RF,CLASE B-C,54,17
1482,2,2,DRY,CLASE B-C,43,17
1483,1,2,RF,CLASE B-C,49,17
1484,2,2,DRY,CLASE B-C,39,17
1485,2,2,DRY,CLASE B-C,39,17
1486,2,2,DRY,CLASE B-C,38,17
1487,2,2,DRY,CLASE B-C,38,17
1488,2,2,DRY,CLASE B-C,38,17
1489,2,2,DRY,CLASE B-C,38,17
1490,2,2,DRY,CLASE B-C,38,17
1491,1,2,RF,CLASE B-C,39,17
1492,2,2,DRY,CLASE B-C,34,17
1493,2,2,DRY,CLASE B-C,25,17
1494,2,2,DRY,CLASE B-C,23,17
1495,2,2,DRY,CLASE B-C,25,17
1496,2,2,DRY,CLASE B-C,25,17
1497,2,2,DRY,CLASE B-C,25,17
1498,7,2,RF,CLASE B-C,23,17
1499,7,2,RF,CLASE B-C,18,17
1500,7,2,RF,CLASE B-C,22,17
1501,2,2,DRY,CLASE B-C,7,17
1502,2,2,DRY,CLASE B-C,8,17
1503,2,2,DRY,CLASE B-C,8,17
1504,2,2,DRY,CLASE B-C,14,17
1505,2,2,DRY,CLASE B-C,7,17
1506,2,2,DRY,CLASE B-C,14,17
1507,2,2,DRY,CLASE B-C,8,17
1508,2,2,DRY,CLASE B-C,7,17
1509,2,2,DRY,CLASE B-C,8,17
1510,2,2,DRY,CLASE B-C,8,17
1511,2,2,DRY,CLASE B-C,7,17
1512,2,2,DRY,CLASE B-C,8,17
1513,2,2,DRY,CLASE B-C,14,17
1514,2,2,DRY,CLASE B-C,8,17
1515,2,2,DRY,CLASE B-C,8,17
1516,2,2,DRY,CLASE B-C,8,17
1517,2,2,DRY,CLASE B-C,8,17
1518,2,2,DRY,CLASE B-C,7,17
1519,2,2,DRY,CLASE B-C,8,17
1520,2,2,DRY,CLASE B-C,14,17
1521,2,2,DRY,CLASE B-C,7,17
1522,2,2,DRY,CLASE B-C,14,17
1523,2,2,DRY,CLASE B-C,8,17
1524,2,2,DRY,CLASE B-C,14,17
1525,7,2,RF,CLASE B-C,10,17
1526,7,2,RF,CLASE B-C,10,17
1527,7,2,DRY,CLASE B-C,8,17
1528,7,2,DRY,CLASE B-C,7,17
1529,7,2,DRY,CLASE B-C,7,17
1530,7,2,DRY,CLASE B-C,11,17
1531,7,2,DRY,CLASE B-C,7,17
1532,7,2,DRY,CLASE B-C,14,17
1533,7,2,DRY,CLASE B-C,7,17
1534,7,2,DRY,CLASE B-C,7,17
1535,7,2,DRY,CLASE B-C,7,17
1536,7,2,DRY,CLASE B-C,11,17
1537,7,2,DRY,CLASE B-C,13,17
1538,7,2,DRY,CLASE B-C,7,17
1539,7,2,DRY,CLASE B-C,11,17
1540,7,2,DRY,CLASE B-C,10,17
1541,7,2,DRY,CLASE B-C,11,17
1542,7,2,DRY,CLASE B-C,11,17
1543,7,2,DRY,CLASE B-C,11,17
1544,7,2,DRY,CLASE B-C,8,17
1545,7,2,DRY,CLASE B-C,14,17
1546,7,2,DRY,CLASE B-C,8,17
1547,7,2,DRY,CLASE B-C,7,17
1548,7,2,DRY,CLASE B-C,14,17
1549,7,2,DRY,CLASE B-C,7,17
1550,7,2,DRY,CLASE B-C,8,17
1551,7,2,DRY,CLASE B-C,7,17
1552,2,2,DRY,CLASE B-C,12,17
1553,2,2,DRY,CLASE B-C,10,17
1554,2,2,DRY,CLASE B-C,8,17
1555,7,2,DRY,CLASE B-C,5,17
1556,7,2,DRY,CLASE B-C,6,17
1557,2,2,DRY,CLASE B-C,7,17
1558,7,2,DRY,CLASE B-C,6,17
1559,7,2,DRY,CLASE B-C,5,17
1560,7,2,DRY,CLASE B-C,6,17
1561,7,2,DRY,CLASE B-C,6,17
1562,7,2,DRY,CLASE B-C,5,17
1563,7,2,DRY,CLASE A,6,17
1564,7,2,DRY,CLASE B-C,6,17
1565,7,2,DRY,CLASE B-C,5,17
1566,7,2,DRY,CLASE B-C,5,17
1567,7,2,DRY,CLASE B-C,5,17
1568,7,2,DRY,CLASE B-C,6,17
1569,7,2,DRY,CLASE B-C,5,17
1570,7,2,DRY,CLASE B-C,5,17
1571,7,2,DRY,CLASE B-C,6,17
1572,7,2,DRY,CLASE B-C,6,17
1573,7,2,DRY,CLASE B-C,5,17
1574,7,2,DRY,CLASE B-C,6,17
1575,7,2,DRY,CLASE B-C,6,17
1576,7,2,DRY,CLASE B-C,6,17
1577,7,2,DRY,CLASE B-C,5,17
1578,7,2,DRY,CLASE B-C,6,17
1579,7,2,DRY,CLASE B-C,5,17
1580,7,2,DRY,CLASE B-C,5,17
1581,7,2,DRY,CLASE B-C,6,17
1582,6,2,RF,CLASE B-C,6,17
1583,2,2,DRY,CLASE B-C,5,17
1584,2,2,DRY,CLASE B-C,5,17
1585,2,2,DRY,CLASE B-C,5,17
1586,2,2,DRY,CLASE B-C,1,17
1587,6,2,DRY,CLASE B-C,1,17
1588,2,2,DRY,CLASE B-C,1,17
1589,2,2,RF,CLASE B-C,162,17
1590,7,2,RF,CLASE B-C,110,17
1591,7,2,RF,CLASE B-C,77,17
1592,4,2,DRY,CLASE B-C,76,17
1593,7,2,RF,CLASE B-C,60,17
1594,7,2,RF,CLASE B-C,52,17
1595,7,2,DRY,CLASE B-C,43,17
1596,7,2,RF,CLASE B-C,54,17
1597,4,2,DRY,CLASE B-C,55,17
1598,1,2,RF,CLASE B-C,34,17
1599,6,2,RF,CLASE B-C,27,17
1600,2,2,RF,CLASE B-C,25,17
1601,2,2,RF,CLASE B-C,25,17
1602,2,2,RF,CLASE B-C,25,17
1603,2,2,RF,CLASE B-C,25,17
1604,7,2,RF,CLASE B-C,23,17
1605,6,2,DRY,CLASE B-C,18,17
1606,2,2,DRY,CLASE B-C,15,17
1607,2,2,DRY,CLASE B-C,9,17
1608,2,2,DRY,CLASE B,15,17
1609,2,2,DRY,CLASE B-C,15,17
1610,2,2,DRY,CLASE B-C,15,17
1611,2,2,DRY,CLASE B-C,15,17
1612,2,2,DRY,CLASE B-C,15,17
1613,2,2,DRY,CLASE B-C,9,17
1614,2,2,DRY,CLASE B-C,15,17
1615,2,2,DRY,CLASE B-C,15,17
1616,2,2,DRY,CLASE B-C,15,17
1617,2,2,DRY,CLASE B-C,9,17
1618,2,2,DRY,CLASE B-C,9,17
1619,2,2,DRY,CLASE B-C,9,17
1620,2,2,DRY,CLASE B-C,15,17
1621,2,2,DRY,CLASE B-C,15,17
1622,2,2,DRY,CLASE B-C,15,17
1623,2,2,DRY,CLASE B-C,15,17
1624,2,2,DRY,CLASE B-C,9,17
1625,2,2,DRY,CLASE B-C,15,17
1626,2,2,DRY,CLASE B-C,15,17
1627,2,2,DRY,CLASE B-C,15,17
1628,2,2,DRY,CLASE B-C,9,17
1629,2,2,DRY,CLASE B-C,15,17
1630,3,1,DRY,CLASE B-C,15,17
1631,2,1,DRY,CLASE B-C,15,17
1632,3,2,DRY,CLASE B-C,12,17
1633,7,2,DRY,CLASE B-C,10,17
1634,7,2,DRY,CLASE B-C,7,17
1635,7,2,DRY,CLASE B-C,11,17
1636,7,2,DRY,CLASE B-C,13,17
1637,7,2,DRY,CLASE B-C,13,17
1638,7,2,DRY,CLASE B-C,13,17
1639,7,2,DRY,CLASE B-C,13,17
1640,7,2,DRY,CLASE B-C,13,17
1641,7,2,DRY,CLASE B-C,13,17
1642,7,2,DRY,CLASE B,13,17
1643,7,2,DRY,CLASE B-C,13,17
1644,7,2,DRY,CLASE B-C,13,17
1645,7,2,DRY,CLASE B-C,13,17
1646,7,2,DRY,CLASE B-C,13,17
1647,7,2,DRY,CLASE B-C,10,17
1648,7,2,DRY,CLASE B-C,7,17
1649,7,2,DRY,CLASE B-C,12,17
1650,7,2,DRY,CLASE B-C,7,17
1651,7,2,DRY,CLASE B-C,13,17
1652,7,2,DRY,CLASE B-C,7,17
1653,7,2,DRY,CLASE B-C,13,17
1654,7,2,DRY,CLASE B-C,7,17
1655,7,2,DRY,CLASE B-C,7,17
1656,7,2,DRY,CLASE B-C,12,17
1657,7,2,DRY,CLASE B-C,13,17
1658,7,2,DRY,CLASE B-C,7,17
1659,7,2,DRY,CLASE B-C,7,17
1660,7,2,DRY,CLASE B-C,13,17
1661,7,2,DRY,CLASE B-C,13,17
1662,7,2,DRY,CLASE B-C,13,17
1663,7,2,DRY,CLASE B-C,7,17
1664,7,2,DRY,CLASE B-C,7,17
1665,7,2,DRY,CLASE B-C,14,17
1666,7,2,DRY,CLASE B-C,7,17
1667,7,2,DRY,CLASE B-C,7,17
1668,7,2,DRY,CLASE B-C,13,17
1669,7,2,DRY,CLASE B-C,13,17
1670,7,2,DRY,CLASE B-C,12,17
1671,7,2,DRY,CLASE B-C,13,17
1672,7,2,DRY,CLASE B-C,13,17
1673,7,2,DRY,CLASE A,13,17
1674,7,2,DRY,CLASE B-C,13,17
1675,7,2,DRY,CLASE B-C,13,17
1676,7,2,DRY,CLASE B-C,13,17
1677,7,2,DRY,CLASE B-C,7,17
1678,7,2,DRY,CLASE B-C,13,17
1679,7,2,DRY,CLASE B-C,7,17
1680,7,2,DRY,CLASE B-C,7,17
1681,7,2,DRY,CLASE B-C,13,17
1682,7,2,DRY,CLASE B-C,7,17
1683,7,2,DRY,CLASE B-C,13,17
1684,7,2,DRY,CLASE B-C,12,17
1685,2,2,DRY,CLASE B-C,13,17
1686,2,2,DRY,CLASE B-C,11,17
1687,7,2,DRY,CLASE B-C,6,17
1688,7,2,DRY,CLASE B-C,6,17
1689,7,2,DRY,CLASE B-C,6,17
1690,7,2,DRY,CLASE B-C,6,17
1691,7,2,DRY,CLASE B-C,7,17
1692,7,2,DRY,CLASE B-C,6,17
1693,2,2,RF,CLASE B-C,8,17
1694,2,2,RF,CLASE B-C,8,17
1695,8,1,DRY,CLASE B-C,7,17
1696,8,1,DRY,CLASE B-C,7,17
1697,8,1,DRY,CLASE B-C,7,17
1698,8,1,DRY,CLASE B-C,7,17
1699,8,1,DRY,CLASE B-C,7,17
1700,8,1,DRY,CLASE B-C,7,17
1701,8,1,DRY,CLASE B-C,7,17
1702,8,1,DRY,CLASE B-C,7,17
1703,8,1,DRY,CLASE B-C,7,17
1704,8,1,DRY,CLASE B-C,7,17
1705,8,1,DRY,CLASE B-C,7,17
1706,8,1,DRY,CLASE B-C,7,17
1707,8,1,DRY,CLASE B-C,7,17
1708,8,1,DRY,CLASE B-C,7,17
1709,7,2,DRY,CLASE B-C,6,17
1710,7,2,DRY,CLASE B-C,6,17
1711,7,2,DRY,CLASE B-C,6,17
1712,7,2,DRY,CLASE B-C,6,17
1713,7,2,DRY,CLASE B-C,6,17
1714,7,2,DRY,CLASE B-C,5,17
1715,7,2,RF,CLASE B-C,4,17
1716,7,2,DRY,CLASE B-C,6,17
1717,7,2,DRY,CLASE B-C,6,17
1718,7,2,DRY,CLASE B-C,6,17
1719,7,2,RF,CLASE B-C,4,17
1720,7,2,DRY,CLASE B-C,7,17
1721,7,2,DRY,CLASE B-C,5,17
1722,7,2,DRY,CLASE B-C,8,17
1723,7,2,DRY,CLASE B-C,6,17
1724,7,2,DRY,CLASE B-C,6,17
1725,7,2,DRY,CLASE B-C,7,17
1726,7,2,DRY,CLASE B-C,5,17
1727,7,2,DRY,CLASE B-C,5,17
1728,7,2,DRY,CLASE B-C,7,17
1729,7,2,DRY,CLASE B,6,17
1730,7,2,DRY,CLASE B-C,7,17
1731,7,2,DRY,CLASE B-C,6,17
1732,7,2,DRY,CLASE B-C,6,17
1733,7,2,DRY,CLASE B-C,6,17
1734,7,2,DRY,CLASE B-C,5,17
1735,7,2,DRY,CLASE B-C,6,17
1736,7,2,DRY,CLASE B-C,5,17
1737,7,2,DRY,CLASE B-C,7,17
1738,7,2,DRY,CLASE B-C,7,17
1739,7,2,DRY,CLASE B-C,6,17
1740,7,2,DRY,CLASE B-C,6,17
1741,7,2,DRY,CLASE B-C,6,17
1742,7,2,DRY,CLASE B-C,1,17
1743,7,2,DRY,CLASE B-C,7,17
1744,7,2,DRY,CLASE B-C,7,17
1745,7,2,DRY,CLASE B-C,6,17
1746,7,2,DRY,CLASE B-C,6,17
1747,7,2,DRY,CLASE B-C,6,17
1748,7,2,DRY,CLASE B-C,5,17
1749,7,2,DRY,CLASE B-C,6,17
1750,7,2,DRY,CLASE B-C,6,17
1751,7,2,DRY,CLASE B-C,7,17
1752,7,2,DRY,CLASE B-C,6,17
1753,7,2,DRY,CLASE B-C,7,17
1754,7,2,DRY,CLASE B-C,6,17
1755,7,2,DRY,CLASE B-C,6,17
1756,7,2,DRY,CLASE B-C,6,17
1757,7,2,DRY,CLASE B-C,6,17
1758,7,2,DRY,CLASE B-C,6,17
1759,7,2,DRY,CLASE B-C,7,17
1760,7,2,DRY,CLASE B-C,5,17
1761,7,2,DRY,CLASE B-C,7,17
1762,7,2,DRY,CLASE B-C,7,17
1763,7,2,DRY,CLASE B-C,6,17
1764,7,2,DRY,CLASE B-C,6,17
1765,7,2,DRY,CLASE B-C,7,17
1766,7,2,DRY,CLASE B-C,6,17
1767,7,2,DRY,CLASE B-C,7,17
1768,7,2,DRY,CLASE B-C,5,17
1769,7,2,DRY,CLASE B-C,6,17
1770,7,2,DRY,CLASE B-C,8,17
1771,7,2,DRY,CLASE B-C,6,17
1772,7,2,DRY,CLASE B-C,6,17
1773,7,2,DRY,CLASE B-C,5,17
1774,7,2,DRY,CLASE B-C,6,17
1775,7,2,RF,CLASE B-C,4,17
1776,7,2,DRY,CLASE B-C,6,17
1777,7,2,DRY,CLASE B-C,6,17
1778,7,2,DRY,CLASE B-C,7,17
1779,7,2,DRY,CLASE B-C,6,17
1780,7,2,DRY,CLASE B-C,5,17
1781,7,2,DRY,CLASE B-C,7,17
1782,7,2,DRY,CLASE B-C,5,17
1783,7,2,DRY,CLASE B-C,7,17
1784,7,2,DRY,CLASE B-C,7,17
1785,7,2,DRY,CLASE B-C,6,17
1786,7,2,DRY,CLASE B-C,7,17
1787,7,2,DRY,CLASE B-C,7,17
1788,7,2,DRY,CLASE B-C,6,17
1789,7,2,DRY,CLASE B-C,7,17
1790,7,2,DRY,INSPECTION,1,17
1791,7,2,DRY,CLASE B-C,5,17
1792,7,2,DRY,CLASE B-C,7,17
1793,7,2,RF,CLASE B-C,4,17
1794,7,2,DRY,CLASE B-C,7,17
1795,7,2,DRY,CLASE B-C,6,17
1796,7,2,DRY,CLASE B-C,7,17
1797,7,2,RF,CLASE B-C,4,17
1798,7,2,DRY,CLASE B-C,6,17
1799,7,2,DRY,CLASE B-C,6,17
1800,7,2,DRY,CLASE B-C,5,17
1801,7,2,DRY,CLASE B-C,6,17
1802,7,2,DRY,CLASE B-C,6,17
1803,7,2,DRY,CLASE B-C,6,17
1804,7,2,RF,CLASE B-C,4,17
1805,7,2,DRY,CLASE B-C,6,17
1806,7,2,DRY,CLASE B-C,6,17
1807,7,2,DRY,CLASE B-C,7,17
1808,7,2,DRY,CLASE B-C,7,17
1809,7,2,DRY,CLASE B-C,6,17
1810,7,2,DRY,CLASE B-C,6,17
1811,7,2,DRY,CLASE B-C,6,17
1812,7,2,DRY,CLASE B-C,7,17
1813,7,2,DRY,CLASE B-C,7,17
1814,7,2,DRY,CLASE B-C,6,17
1815,7,2,DRY,CLASE B-C,6,17
1816,7,2,DRY,CLASE B-C,7,17
1817,7,2,DRY,CLASE B-C,6,17
1818,7,2,DRY,CLASE B-C,7,17
1819,7,2,DRY,CLASE B-C,6,17
1820,7,2,DRY,CLASE B-C,5,17
1821,7,2,DRY,CLASE B-C,5,17
1822,7,2,DRY,CLASE B-C,6,17
1823,2,2,RF,CLASE B-C,8,17
1824,2,2,DRY,CLASE B-C,7,17
1825,1,2,RF,CLASE B-C,7,17
1826,1,2,RF,CLASE B-C,6,17
1827,1,2,RF,CLASE B-C,6,17
1828,6,2,DRY,CLASE B-C,2,17
1829,6,2,DRY,CLASE B-C,2,17
1830,6,2,DRY,CLASE B-C,2,17
1831,1,2,RF,CLASE B-C,2,17
1832,6,2,DRY,CLASE B-C,2,17
1833,2,2,DRY,CLASE B-C,2,17
1834,3,2,DRY,CLASE B-C,1,17
1835,2,2,DRY,CLASE B-C,1,17
1836,6,2,DRY,CLASE B-C,1,17
1837,6,2,DRY,CLASE B-C,1,17
1838,2,2,DRY,CLASE B-C,1,17
1839,6,2,DRY,CLASE B-C,1,17
1840,6,2,DRY,CLASE B-C,1,17
1841,6,2,DRY,CLASE B-C,1,17
1842,2,2,DRY,CLASE B-C,1,17
1843,6,2,DRY,CLASE B-C,1,17
1844,6,2,DRY,CLASE B-C,1,17
1845,1,2,RF,CLASE B-C,134,17
1846,6,2,DRY,CLASE B-C,107,17
1847,6,2,DRY,CLASE B-C,73,17
1848,2,2,DRY,INSPECTION,83,17
1849,1,1,DRY,INSPECTION,79,17
1850,1,1,DRY,INSPECTION,28,17
1851,1,1,DRY,INSPECTION,28,17
1852,2,2,DRY,INSPECTION,65,17
1853,2,2,DRY,INSPECTION,67,17
1854,2,2,DRY,INSPECTION,65,17
1855,2,2,DRY,CLASE B-C,63,17
1856,2,2,DRY,INSPECTION,67,17
1857,1,1,DRY,INSPECTION,42,17
1858,1,1,DRY,INSPECTION,42,17
1859,1,1,DRY,INSPECTION,42,17
1860,1,1,DRY,INSPECTION,42,17
1861,1,1,DRY,INSPECTION,42,17
1862,1,1,DRY,INSPECTION,42,17
1863,1,1,DRY,INSPECTION,42,17
1864,1,1,DRY,INSPECTION,42,17
1865,1,1,DRY,INSPECTION,42,17
1866,1,1,DRY,INSPECTION,42,17
1867,1,1,DRY,INSPECTION,42,17
1868,1,1,DRY,INSPECTION,45,17
1869,6,2,DRY,CLASE B-C,43,17
1870,7,2,DRY,CLASE B-C,60,17
1871,7,2,DRY,CLASE B-C,62,17
1872,7,2,DRY,CLASE B-C,58,17
1873,7,2,DRY,CLASE B-C,62,17
1874,7,2,RF,CLASE B-C,53,17
1875,7,2,DRY,CLASE B-C,60,17
1876,7,2,DRY,CLASE B-C,62,17
1877,2,2,DRY,INSPECTION,62,17
1878,2,2,DRY,INSPECTION,62,17
1879,2,2,DRY,INSPECTION,55,17
1880,2,2,DRY,INSPECTION,63,17
1881,2,2,DRY,INSPECTION,55,17
1882,2,2,DRY,INSPECTION,63,17
1883,3,2,DRY,CLASE B-C,42,17
1884,7,2,DRY,CLASE B-C,48,17
1885,2,2,DRY,INSPECTION,46,17
1886,2,2,DRY,INSPECTION,52,17
1887,7,2,DRY,CLASE B-C,48,17
1888,7,2,DRY,CLASE B-C,49,17
1889,1,1,DRY,INSPECTION,49,17
1890,1,1,DRY,INSPECTION,49,17
1891,2,2,DRY,CLASE B-C,43,17
1892,2,2,DRY,INSPECTION,45,17
1893,3,2,DRY,CLASE B-C,45,17
1894,3,2,DRY,CLASE B-C,45,17
1895,7,2,DRY,CLASE B-C,37,17
1896,7,2,DRY,CLASE B-C,41,17
1897,7,2,DRY,CLASE B-C,41,17
1898,7,2,DRY,CLASE B-C,41,17
1899,7,2,DRY,CLASE B-C,41,17
1900,7,2,DRY,CLASE B-C,41,17
1901,2,2,DRY,INSPECTION,44,17
1902,2,2,DRY,INSPECTION,41,17
1903,2,2,DRY,CLASE B-C,39,17
1904,2,2,DRY,CLASE B-C,39,17
1905,2,2,DRY,CLASE B-C,30,17
1906,2,2,DRY,CLASE B-C,40,17
1907,2,2,DRY,CLASE B-C,40,17
1908,2,2,DRY,INSPECTION,32,17
1909,2,2,DRY,CLASE B-C,39,17
1910,7,2,DRY,CLASE B-C,38,17
1911,7,2,DRY,CLASE B-C,37,17
1912,7,2,DRY,CLASE B-C,37,17
1913,7,2,DRY,CLASE B-C,38,17
1914,7,2,DRY,CLASE B-C,38,17
1915,3,2,DRY,CLASE B-C,38,17
1916,2,2,DRY,CLASE B-C,35,17
1917,2,2,DRY,INSPECTION,37,17
1918,2,2,DRY,CLASE D,36,17
1919,2,2,DRY,CLASE D,36,17
1920,2,2,DRY,CLASE D,36,17
1921,3,2,DRY,CLASE B-C,35,17
1922,2,2,DRY,INSPECTION,36,17
1923,2,2,DRY,INSPECTION,35,17
1924,3,2,DRY,CLASE B-C,30,17
1925,3,2,DRY,CLASE B-C,30,17
1926,6,2,RF,CLASE B-C,28,17
1927,6,2,RF,CLASE B-C,28,17
1928,6,2,RF,CLASE B-C,28,17
1929,6,2,RF,CLASE B-C,29,17
1930,2,2,DRY,INSPECTION,28,17
1931,2,2,DRY,INSPECTION,28,17
1932,2,2,DRY,INSPECTION,28,17
1933,2,2,DRY,INSPECTION,28,17
1934,2,2,RF,CLASE B-C,26,17
1935,3,2,DRY,CLASE B,27,17
1936,7,2,RF,CLASE B-C,21,17
1937,7,2,RF,CLASE B-C,21,17
1938,7,2,RF,CLASE B-C,21,17
1939,6,2,DRY,CLASE B-C,23,17
1940,2,2,DRY,INSPECTION,23,17
1941,6,2,DRY,CLASE B-C,22,17
1942,6,2,DRY,CLASE B-C,22,17
1943,6,2,DRY,CLASE B-C,22,17
1944,6,2,DRY,CLASE B-C,20,17
1945,6,2,DRY,CLASE B-C,20,17
1946,6,2,DRY,CLASE B-C,20,17
1947,2,2,DRY,INSPECTION,22,17
1948,6,2,DRY,CLASE B,21,17
1949,6,2,DRY,CLASE B-C,21,17
1950,6,2,DRY,CLASE B-C,20,17
1951,6,2,DRY,CLASE B-C,19,17
1952,6,2,DRY,CLASE B-C,19,17
1953,6,2,DRY,CLASE B-C,19,17
1954,2,2,DRY,CLASE B-C,10,17
1955,2,2,DRY,CLASE B-C,15,17
1956,2,2,DRY,CLASE B-C,16,17
1957,2,2,DRY,CLASE B-C,10,17
1958,2,2,DRY,CLASE B-C,10,17
1959,2,2,DRY,CLASE B-C,16,17
1960,2,2,DRY,CLASE B-C,9,17
1961,2,2,DRY,CLASE B-C,15,17
1962,2,2,DRY,CLASE B-C,9,17
1963,2,2,DRY,CLASE B-C,15,17
1964,2,2,DRY,CLASE B-C,10,17
1965,2,2,DRY,CLASE B-C,16,17
1966,2,2,DRY,CLASE B-C,10,17
1967,2,2,DRY,CLASE B-C,16,17
1968,2,2,DRY,CLASE B-C,16,17
1969,2,2,DRY,CLASE B-C,10,17
1970,2,2,DRY,CLASE B-C,10,17
1971,2,2,DRY,CLASE B-C,10,17
1972,2,2,DRY,CLASE B-C,10,17
1973,2,2,DRY,CLASE B-C,16,17
1974,2,2,DRY,CLASE B-C,16,17
1975,2,2,DRY,CLASE B-C,15,17
1976,2,2,DRY,CLASE B-C,15,17
1977,2,2,DRY,INSPECTION,12,17
1978,2,2,DRY,CLASE B-C,15,17
1979,2,2,DRY,CLASE B-C,10,17
1980,2,2,DRY,CLASE B-C,9,17
1981,2,2,DRY,CLASE B-C,16,17
1982,2,2,DRY,CLASE B-C,16,17
1983,2,2,DRY,CLASE B-C,9,17
1984,2,2,DRY,CLASE B-C,16,17
1985,2,2,DRY,CLASE B-C,16,17
1986,2,2,DRY,CLASE B-C,16,17
1987,2,2,DRY,CLASE B-C,9,17
1988,2,2,DRY,CLASE B-C,16,17
1989,2,2,DRY,CLASE B,16,17
1990,2,2,DRY,CLASE B-C,16,17
1991,2,2,DRY,CLASE B-C,10,17
1992,2,2,DRY,CLASE B-C,15,17
1993,2,2,DRY,CLASE B-C,15,17
1994,2,2,DRY,CLASE B-C,10,17
1995,2,2,DRY,CLASE B-C,10,17
1996,7,2,DRY,CLASE B-C,13,17
1997,7,2,DRY,CLASE B-C,8,17
1998,7,2,DRY,CLASE B-C,8,17
1999,7,2,DRY,CLASE B-C,9,17
2000,7,2,DRY,CLASE B-C,8,17
2001,7,2,DRY,CLASE B-C,9,17
2002,7,2,DRY,CLASE B-C,9,17
2003,7,2,DRY,CLASE B-C,9,17
2004,7,2,DRY,CLASE B-C,8,17
2005,7,2,DRY,CLASE B-C,9,17
2006,7,2,DRY,CLASE B-C,8,17
2007,7,2,DRY,CLASE B-C,8,17
2008,7,2,DRY,CLASE B-C,9,17
2009,7,2,DRY,CLASE B-C,9,17
2010,7,2,DRY,CLASE B-C,9,17
2011,7,2,DRY,CLASE B-C,8,17
2012,7,2,DRY,CLASE A,13,17
2013,7,2,RF,CLASE B-C,12,17
2014,7,2,DRY,CLASE B-C,16,17
2015,7,2,DRY,CLASE B-C,13,17
2016,7,2,DRY,CLASE B-C,8,17
2017,7,2,DRY,CLASE B-C,8,17
2018,7,2,DRY,CLASE B-C,8,17
2019,7,2,DRY,CLASE B-C,9,17
2020,7,2,DRY,CLASE B-C,9,17
2021,7,2,DRY,CLASE B-C,9,17
2022,7,2,DRY,CLASE B-C,8,17
2023,7,2,DRY,CLASE B-C,9,17
2024,7,2,DRY,CLASE B-C,9,17
2025,6,2,DRY,INSPECTION,9,17
2026,7,2,DRY,CLASE B-C,15,17
2027,7,2,DRY,CLASE A,15,17
2028,7,2,DRY,CLASE B-C,9,17
2029,7,2,DRY,CLASE B-C,22,17
2030,7,2,DRY,CLASE B-C,5,17
2031,7,2,DRY,CLASE B-C,16,17
2032,7,2,DRY,CLASE B-C,5,17
2033,7,2,DRY,CLASE B-C,9,17
2034,7,2,DRY,CLASE B-C,9,17
2035,7,2,DRY,CLASE B-C,9,17
2036,7,2,DRY,CLASE B-C,9,17
2037,7,2,DRY,CLASE B-C,9,17
2038,7,2,DRY,CLASE B-C,5,17
2039,7,2,DRY,CLASE B-C,9,17
2040,7,2,DRY,CLASE B-C,9,17
2041,7,2,DRY,CLASE B-C,13,17
2042,7,2,DRY,CLASE B-C,9,17
2043,7,2,DRY,CLASE B-C,9,17
2044,7,2,DRY,CLASE B-C,9,17
2045,7,2,DRY,CLASE B-C,9,17
2046,7,2,DRY,CLASE B-C,9,17
2047,7,2,DRY,CLASE B-C,15,17
2048,7,2,DRY,CLASE B-C,15,17
2049,7,2,DRY,CLASE B-C,12,17
2050,7,2,DRY,CLASE B-C,9,17
2051,7,2,DRY,CLASE B-C,9,17
2052,7,2,DRY,CLASE B-C,15,17
2053,7,2,DRY,CLASE B-C,12,17
2054,7,2,DRY,CLASE B-C,12,17
2055,7,2,DRY,CLASE B-C,9,17
2056,7,2,DRY,CLASE B-C,9,17
2057,7,2,DRY,CLASE B-C,9,17
2058,7,2,DRY,CLASE B-C,9,17
2059,7,2,DRY,CLASE B-C,9,17
2060,7,2,DRY,CLASE B-C,9,17
2061,7,2,DRY,CLASE B-C,9,17
2062,7,2,DRY,CLASE B-C,9,17
2063,7,2,DRY,CLASE B-C,9,17
2064,7,2,DRY,CLASE B-C,9,17
2065,7,2,DRY,CLASE B-C,9,17
2066,7,2,DRY,CLASE B-C,9,17
2067,7,2,DRY,CLASE B-C,9,17
2068,7,2,DRY,CLASE B-C,9,17
2069,7,2,DRY,CLASE B-C,9,17
2070,7,2,DRY,CLASE B-C,9,17
2071,7,2,DRY,CLASE B-C,9,17
2072,7,2,DRY,CLASE B,15,17
2073,7,2,DRY,CLASE B-C,9,17
2074,7,2,DRY,CLASE B-C,9,17
2075,7,2,DRY,CLASE B-C,9,17
2076,7,2,DRY,CLASE B-C,9,17
2077,7,2,DRY,CLASE B-C,9,17
2078,7,2,DRY,CLASE B-C,9,17
2079,7,2,DRY,CLASE B-C,9,17
2080,7,2,DRY,CLASE B-C,15,17
2081,7,2,DRY,CLASE B-C,9,17
2082,7,2,DRY,CLASE B-C,15,17
2083,7,2,DRY,CLASE B-C,9,17
2084,7,2,DRY,CLASE B-C,9,17
2085,7,2,DRY,CLASE B-C,9,17
2086,7,2,DRY,CLASE B-C,12,17
2087,7,2,DRY,CLASE B-C,9,17
2088,7,2,DRY,CLASE B-C,12,17
2089,7,2,DRY,CLASE B-C,16,17
2090,7,2,DRY,CLASE B-C,15,17
2091,7,2,DRY,CLASE B-C,9,17
2092,1,1,DRY,INSPECTION,15,17
2093,2,2,DRY,INSPECTION,15,17
2094,6,2,DRY,CLASE B-C,10,17
2095,7,2,DRY,CLASE B-C,2,17
2096,7,2,DRY,CLASE B-C,6,17
2097,7,2,DRY,CLASE B-C,6,17
2098,7,2,DRY,CLASE B-C,5,17
2099,7,2,DRY,CLASE B-C,6,17
2100,7,2,DRY,CLASE B-C,6,17
2101,7,2,DRY,CLASE B-C,6,17
2102,7,2,DRY,CLASE B-C,5,17
2103,3,2,DRY,CLASE B-C,10,17
2104,3,2,DRY,CLASE B-C,10,17
2105,6,2,DRY,CLASE B-C,9,17
2106,6,2,DRY,CLASE B-C,9,17
2107,6,2,DRY,CLASE B-C,9,17
2108,6,2,DRY,CLASE B-C,8,17
2109,3,2,DRY,CLASE B-C,8,17
2110,3,2,DRY,CLASE B-C,8,17
2111,3,2,DRY,CLASE B-C,8,17
2112,3,2,DRY,CLASE B-C,7,17
2113,3,2,DRY,CLASE B-C,8,17
2114,3,2,DRY,CLASE B-C,7,17
2115,6,2,DRY,CLASE B-C,8,17
2116,6,2,DRY,CLASE B-C,8,17
2117,6,2,DRY,CLASE B-C,8,17
2118,6,2,DRY,CLASE B-C,6,17
2119,6,2,DRY,CLASE B-C,8,17
2120,6,2,DRY,CLASE B-C,8,17
2121,6,2,DRY,CLASE B-C,8,17
2122,6,2,DRY,CLASE B-C,8,17
2123,6,2,DRY,CLASE B-C,5,17
2124,6,2,DRY,CLASE B-C,8,17
2125,6,2,DRY,CLASE B-C,8,17
2126,6,2,DRY,CLASE B-C,8,17
2127,6,2,DRY,CLASE B-C,8,17
2128,6,2,DRY,CLASE B-C,6,17
2129,6,2,DRY,CLASE B-C,5,17
2130,6,2,DRY,CLASE B-C,8,17
2131,6,2,DRY,CLASE B-C,6,17
2132,6,2,DRY,CLASE B-C,6,17
2133,6,2,DRY,CLASE B-C,6,17
2134,6,2,DRY,CLASE B-C,8,17
2135,6,2,DRY,CLASE B-C,7,17
2136,6,2,DRY,CLASE B-C,6,17
2137,7,2,DRY,CLASE B-C,2,17
2138,7,2,DRY,CLASE B-C,6,17
2139,7,2,DRY,CLASE B-C,2,17
2140,7,2,DRY,CLASE B-C,7,17
2141,7,2,DRY,CLASE B-C,2,17
2142,7,2,DRY,CLASE B-C,5,17
2143,7,2,DRY,CLASE B-C,6,17
2144,7,2,DRY,CLASE D,7,17
2145,7,2,DRY,CLASE B-C,3,17
2146,7,2,DRY,CLASE B-C,6,17
2147,7,2,DRY,CLASE B-C,2,17
2148,7,2,DRY,CLASE B,7,17
2149,7,2,DRY,CLASE B-C,2,17
2150,7,2,DRY,CLASE B-C,7,17
2151,7,2,DRY,CLASE B-C,7,17
2152,7,2,DRY,CLASE B-C,7,17
2153,7,2,DRY,CLASE B-C,6,17
2154,7,2,DRY,CLASE B-C,6,17
2155,7,2,DRY,CLASE B-C,6,17
2156,7,2,DRY,CLASE B-C,7,17
2157,7,2,DRY,CLASE B-C,7,17
2158,7,2,DRY,CLASE B-C,5,17
2159,7,2,DRY,CLASE B-C,2,17
2160,7,2,DRY,CLASE B,6,17
2161,7,2,DRY,CLASE B-C,6,17
2162,7,2,DRY,CLASE B-C,6,17
2163,7,2,DRY,CLASE B,1,17
2164,7,2,DRY,CLASE B-C,7,17
2165,7,2,DRY,CLASE B-C,6,17
2166,7,2,DRY,CLASE B-C,6,17
2167,7,2,DRY,CLASE B-C,6,17
2168,7,2,DRY,CLASE B-C,7,17
2169,7,2,DRY,CLASE B-C,6,17
2170,7,2,DRY,CLASE B-C,6,17
2171,7,2,DRY,CLASE B-C,5,17
2172,7,2,DRY,CLASE B-C,6,17
2173,7,2,DRY,CLASE B-C,6,17
2174,7,2,DRY,CLASE B-C,7,17
2175,7,2,DRY,CLASE B-C,2,17
2176,7,2,DRY,CLASE B-C,5,17
2177,7,2,DRY,CLASE B-C,7,17
2178,7,2,DRY,CLASE B-C,6,17
2179,7,2,DRY,CLASE B-C,6,17
2180,7,2,DRY,CLASE B-C,7,17
2181,7,2,DRY,CLASE B-C,5,17
2182,7,2,DRY,CLASE B-C,2,17
2183,7,2,DRY,CLASE B-C,6,17
2184,7,2,DRY,CLASE B-C,1,17
2185,7,2,DRY,CLASE B-C,6,17
2186,7,2,DRY,CLASE B-C,5,17
2187,7,2,DRY,CLASE B-C,7,17
2188,7,2,DRY,CLASE B-C,6,17
2189,7,2,DRY,CLASE B-C,2,17
2190,7,2,DRY,CLASE B-C,3,17
2191,7,2,DRY,CLASE B-C,6,17
2192,7,2,DRY,CLASE B-C,6,17
2193,7,2,DRY,CLASE B-C,7,17
2194,7,2,DRY,CLASE B-C,7,17
2195,7,2,DRY,CLASE B-C,6,17
2196,7,2,DRY,CLASE B-C,7,17
2197,7,2,RF,CLASE B-C,4,17
2198,7,2,DRY,CLASE B-C,7,17
2199,7,2,DRY,CLASE B-C,6,17
2200,7,2,DRY,CLASE B-C,5,17
2201,7,2,DRY,CLASE B-C,7,17
2202,7,2,DRY,CLASE B-C,7,17
2203,7,2,DRY,CLASE B-C,6,17
2204,7,2,DRY,CLASE B-C,6,17
2205,7,2,DRY,CLASE B-C,7,17
2206,7,2,DRY,CLASE B-C,6,17
2207,7,2,DRY,CLASE B-C,6,17
2208,7,2,DRY,CLASE B-C,5,17
2209,7,2,DRY,CLASE B-C,7,17
2210,7,2,DRY,CLASE B-C,2,17
2211,7,2,DRY,CLASE B-C,7,17
2212,7,2,DRY,CLASE B-C,5,17
2213,7,2,DRY,CLASE B-C,7,17
2214,7,2,DRY,CLASE B-C,7,17
2215,7,2,DRY,CLASE B-C,5,17
2216,7,2,DRY,CLASE B-C,2,17
2217,7,2,DRY,CLASE B-C,6,17
2218,7,2,DRY,CLASE B-C,7,17
2219,7,2,DRY,CLASE B-C,7,17
2220,7,2,DRY,CLASE B-C,6,17
2221,7,2,RF,CLASE B-C,4,17
2222,7,2,DRY,CLASE B-C,1,17
2223,7,2,DRY,CLASE B-C,6,17
2224,7,2,DRY,CLASE B-C,6,17
2225,7,2,DRY,CLASE B-C,5,17
2226,7,2,DRY,CLASE B-C,2,17
2227,7,2,DRY,CLASE B-C,6,17
2228,7,2,DRY,CLASE B-C,6,17
2229,7,2,DRY,CLASE B-C,7,17
2230,7,2,DRY,CLASE B,6,17
2231,7,2,DRY,CLASE B-C,6,17
2232,7,2,DRY,CLASE B-C,7,17
2233,7,2,DRY,CLASE B-C,6,17
2234,7,2,RF,CLASE B-C,4,17
2235,7,2,DRY,CLASE B-C,2,17
2236,7,2,DRY,CLASE B-C,6,17
2237,7,2,DRY,CLASE B-C,7,17
2238,7,2,DRY,CLASE B-C,5,17
2239,7,2,DRY,CLASE B-C,5,17
2240,7,2,DRY,CLASE B-C,1,17
2241,7,2,DRY,CLASE B-C,6,17
2242,7,2,DRY,CLASE B-C,6,17
2243,7,2,DRY,CLASE B-C,1,17
2244,7,2,DRY,CLASE B-C,6,17
2245,7,2,DRY,CLASE B-C,6,17
2246,7,2,DRY,CLASE B-C,7,17
2247,7,2,DRY,CLASE B-C,6,17
2248,7,2,DRY,CLASE B-C,6,17
2249,7,2,DRY,CLASE B-C,6,17
2250,7,2,DRY,CLASE B-C,5,17
2251,7,2,DRY,CLASE B,6,17
2252,7,2,DRY,CLASE B,7,17
2253,7,2,DRY,CLASE B-C,2,17
2254,7,2,DRY,CLASE B-C,6,17
2255,7,2,DRY,CLASE B-C,7,17
2256,7,2,DRY,CLASE B-C,7,17
2257,7,2,DRY,CLASE B-C,6,17
2258,7,2,DRY,CLASE B-C,7,17
2259,7,2,DRY,CLASE B-C,1,17
2260,7,2,DRY,CLASE B-C,7,17
2261,7,2,DRY,CLASE B-C,7,17
2262,7,2,DRY,CLASE B-C,6,17
2263,7,2,DRY,CLASE B-C,6,17
2264,7,2,DRY,CLASE B-C,6,17
2265,7,2,DRY,CLASE B-C,6,17
2266,7,2,DRY,CLASE B-C,6,17
2267,7,2,DRY,CLASE B-C,6,17
2268,7,2,DRY,CLASE B-C,6,17
2269,7,2,DRY,CLASE B-C,7,17
2270,7,2,DRY,CLASE B-C,6,17
2271,7,2,DRY,CLASE B-C,7,17
2272,7,2,DRY,CLASE B-C,2,17
2273,7,2,DRY,CLASE B-C,6,17
2274,7,2,DRY,CLASE B-C,7,17
2275,7,2,DRY,CLASE B-C,7,17
2276,7,2,DRY,CLASE B-C,6,17
2277,7,2,DRY,CLASE B-C,8,17
2278,7,2,DRY,CLASE B-C,7,17
2279,7,2,DRY,CLASE B-C,6,17
2280,7,2,DRY,CLASE B-C,1,17
2281,7,2,DRY,CLASE B-C,6,17
2282,6,2,DRY,CLASE B-C,9,17
2283,6,2,RF,CLASE B-C,8,17
2284,6,2,RF,CLASE B-C,8,17
2285,6,2,RF,CLASE B-C,9,17
2286,6,2,RF,CLASE B-C,9,17
2287,7,2,DRY,CLASE B-C,7,17
2288,7,2,DRY,CLASE B-C,3,17
2289,7,2,DRY,CLASE B-C,1,17
2290,7,2,DRY,CLASE B-C,3,17
2291,7,2,DRY,CLASE B-C,2,17
2292,7,2,DRY,CLASE B-C,1,17
2293,7,2,DRY,CLASE B-C,1,17
2294,7,2,DRY,CLASE B-C,3,17
2295,7,2,DRY,CLASE B-C,4,17
2296,7,2,DRY,CLASE B-C,1,17
2297,7,2,DRY,CLASE B-C,1,17
2298,7,2,DRY,CLASE B-C,1,17
2299,7,2,DRY,CLASE B-C,1,17
2300,7,2,DRY,CLASE B-C,3,17
2301,7,2,DRY,CLASE B-C,1,17
2302,7,2,DRY,CLASE B-C,1,17
2303,7,2,DRY,CLASE B-C,1,17
2304,7,2,DRY,CLASE B-C,3,17
2305,7,2,DRY,CLASE B-C,1,17
2306,7,2,DRY,CLASE B-C,1,17
2307,7,2,DRY,CLASE B-C,1,17
2308,7,2,DRY,CLASE B-C,2,17
2309,7,2,DRY,CLASE B-C,1,17
2310,3,2,DRY,CLASE B-C,3,17
2311,3,2,DRY,CLASE A,1,17
2312,3,2,DRY,CLASE A,1,17
2313,3,2,DRY,CLASE B-C,1,17
2314,6,2,DRY,CLASE B-C,3,17
2315,6,2,DRY,CLASE B-C,3,17
2316,6,2,DRY,CLASE B-C,2,17
2317,6,2,DRY,CLASE B-C,3,17
2318,6,2,DRY,CLASE B-C,1,17
2319,6,2,DRY,CLASE B-C,1,17
2320,6,2,DRY,CLASE B-C,3,17
2321,6,2,DRY,CLASE B-C,3,17
2322,6,2,DRY,INSPECTION,1,17
2323,6,2,DRY,CLASE B-C,1,17
2324,6,2,DRY,CLASE B-C,1,17
2325,6,2,DRY,CLASE B-C,1,17
2326,6,2,DRY,CLASE B-C,3,17
2327,6,2,DRY,CLASE B,1,17
2328,6,2,DRY,CLASE B-C,3,17
2329,6,2,DRY,CLASE B-C,1,17
2330,6,2,DRY,INSPECTION,1,17
2331,6,2,DRY,CLASE B-C,3,17
2332,6,2,DRY,CLASE B-C,2,17
2333,6,2,DRY,CLASE B-C,3,17
2334,6,2,DRY,CLASE B-C,1,17
2335,6,2,DRY,CLASE B-C,1,17
2336,6,2,DRY,CLASE B-C,3,17
2337,6,2,DRY,CLASE B-C,3,17
2338,6,2,DRY,CLASE B-C,3,17
2339,6,2,DRY,CLASE B-C,1,17
2340,6,2,DRY,CLASE B-C,3,17
2341,6,2,DRY,CLASE B-C,1,17
2342,6,2,DRY,CLASE B-C,3,17
2343,6,2,DRY,CLASE B-C,3,17
2344,6,2,DRY,CLASE B-C,3,17
2345,6,2,DRY,CLASE B-C,3,17
2346,3,2,DRY,CLASE B-C,3,17
2347,3,2,DRY,CLASE B-C,3,17
2348,3,2,DRY,CLASE B-C,3,17
2349,3,2,DRY,CLASE B-C,3,17
2350,3,2,DRY,CLASE B-C,3,17
2351,3,2,DRY,CLASE B-C,3,17
2352,3,2,DRY,CLASE B-C,3,17
2353,3,2,DRY,CLASE B-C,3,17
2354,1,2,RF,CLASE B-C,3,17
2355,3,2,DRY,CLASE B-C,2,17
2356,6,2,DRY,CLASE B-C,1,17
2357,6,2,RF,INSPECTION,212,17
2358,4,2,DRY,CLASE B-C,109,17
2359,2,2,DRY,INSPECTION,105,17
2360,7,2,DRY,CLASE B-C,99,17
2361,6,2,DRY,CLASE B-C,88,17
2362,6,2,DRY,INSPECTION,85,17
2363,6,2,RF,CLASE B-C,86,17
2364,6,2,DRY,INSPECTION,78,17
2365,6,2,DRY,INSPECTION,77,17
2366,6,2,DRY,INSPECTION,78,17
2367,2,2,DRY,CLASE B-C,83,17
2368,2,2,RF,INSPECTION,83,17
2369,6,2,DRY,INSPECTION,78,17
2370,7,2,RF,CLASE B-C,75,17
2371,7,2,RF,CLASE B-C,75,17
2372,1,2,DRY,CLASE B-C,64,17
2373,2,2,DRY,INSPECTION,65,17
2374,2,2,DRY,INSPECTION,65,17
2375,2,2,DRY,INSPECTION,65,17
2376,2,2,DRY,INSPECTION,65,17
2377,2,2,DRY,INSPECTION,50,17
2378,2,2,DRY,INSPECTION,62,17
2379,1,2,RF,CLASE B-C,66,17
2380,6,2,DRY,INSPECTION,48,17
2381,6,2,DRY,INSPECTION,60,17
2382,6,2,DRY,INSPECTION,60,17
2383,6,2,DRY,INSPECTION,60,17
2384,6,2,DRY,CLASE B-C,48,17
2385,6,2,DRY,INSPECTION,58,17
2386,7,2,RF,CLASE B-C,49,17
2387,7,2,RF,CLASE B-C,61,17
2388,7,2,RF,CLASE B-C,62,17
2389,7,2,RF,CLASE B-C,59,17
2390,7,2,RF,CLASE B-C,48,17
2391,7,2,DRY,CLASE B-C,59,17
2392,7,2,RF,CLASE B-C,64,17
2393,7,2,RF,CLASE B-C,58,17
2394,2,2,DRY,INSPECTION,62,17
2395,2,2,DRY,INSPECTION,62,17
2396,2,2,DRY,INSPECTION,58,17
2397,2,2,DRY,INSPECTION,62,17
2398,3,2,DRY,CLASE B-C,44,17
2399,7,2,RF,CLASE B-C,56,17
2400,7,2,RF,CLASE B-C,45,17
2401,7,2,RF,CLASE B-C,45,17
2402,7,2,RF,CLASE B-C,45,17
2403,2,2,DRY,INSPECTION,45,17
2404,2,2,DRY,INSPECTION,50,17
2405,3,2,DRY,CLASE B-C,51,17
2406,3,2,DRY,CLASE B-C,48,17
2407,3,2,DRY,CLASE B-C,51,17
2408,3,2,DRY,INSPECTION,48,17
2409,3,2,DRY,CLASE B-C,48,17
2410,3,2,DRY,CLASE B-C,48,17
2411,3,2,DRY,CLASE B-C,48,17
2412,6,2,RF,CLASE B-C,45,17
2413,3,2,DRY,CLASE B-C,44,17
2414,3,2,DRY,CLASE B-C,44,17
2415,3,2,DRY,CLASE B-C,43,17
2416,3,2,DRY,CLASE B-C,44,17
2417,3,2,DRY,CLASE B-C,44,17
2418,3,2,DRY,CLASE B-C,43,17
2419,3,2,DRY,CLASE B-C,43,17
2420,3,2,DRY,CLASE B-C,43,17
2421,3,2,DRY,CLASE B-C,43,17
2422,3,2,DRY,CLASE B-C,43,17
2423,3,2,DRY,CLASE B-C,44,17
2424,7,2,DRY,CLASE B-C,45,17
2425,7,2,DRY,CLASE B-C,44,17
2426,2,2,DRY,INSPECTION,44,17
2427,2,2,DRY,INSPECTION,44,17
2428,2,2,DRY,INSPECTION,44,17
2429,2,2,DRY,INSPECTION,41,17
2430,7,2,DRY,CLASE B-C,42,17
2431,7,2,DRY,INSPECTION,41,17
2432,7,2,DRY,CLASE B-C,41,17
2433,2,2,DRY,CLASE B-C,40,17
2434,2,2,DRY,INSPECTION,37,17
2435,1,2,DRY,CLASE B-C,39,17
2436,2,1,DRY,INSPECTION,37,17
2437,3,2,DRY,CLASE B-C,39,17
2438,3,2,DRY,CLASE B-C,39,17
2439,2,2,DRY,INSPECTION,36,17
2440,2,1,DRY,INSPECTION,36,17
2441,3,2,DRY,CLASE B-C,32,17
2442,3,2,DRY,CLASE B-C,32,17
2443,6,2,RF,CLASE B-C,31,17
2444,6,2,RF,CLASE B-C,30,17
2445,6,2,RF,CLASE B-C,31,17
2446,6,2,RF,CLASE B-C,30,17
2447,6,2,RF,CLASE B-C,32,17
2448,6,2,RF,CLASE B-C,30,17
2449,6,2,RF,CLASE B-C,33,17
2450,6,2,RF,CLASE B-C,31,17
2451,6,2,RF,CLASE B-C,30,17
2452,6,2,RF,CLASE B-C,32,17
2453,6,2,RF,CLASE B-C,30,17
2454,6,2,RF,CLASE B-C,30,17
2455,6,2,RF,CLASE B-C,30,17
2456,6,2,RF,CLASE B-C,30,17
2457,6,2,RF,CLASE B-C,32,17
2458,6,2,RF,INSPECTION,30,17
2459,6,2,RF,CLASE B-C,30,17
2460,6,2,RF,CLASE B-C,31,17
2461,7,2,DRY,CLASE B-C,32,17
2462,2,2,DRY,INSPECTION,28,17
2463,2,2,RF,CLASE B-C,28,17
2464,2,2,RF,CLASE B-C,29,17
2465,2,2,RF,CLASE B-C,29,17
2466,2,2,RF,CLASE B-C,29,17
2467,2,2,RF,CLASE B-C,29,17
2468,2,2,RF,CLASE B-C,29,17
2469,2,2,RF,CLASE B-C,26,17
2470,2,2,RF,CLASE B-C,22,17
2471,2,2,DRY,INSPECTION,28,17
2472,2,2,DRY,INSPECTION,28,17
2473,2,2,DRY,INSPECTION,28,17
2474,6,2,DRY,INSPECTION,29,17
2475,3,2,DRY,CLASE B-C,31,17
2476,3,2,DRY,CLASE B-C,31,17
2477,6,2,RF,INSPECTION,30,17
2478,3,2,DRY,CLASE B-C,30,17
2479,7,2,RF,CLASE B-C,26,17
2480,7,2,RF,CLASE B-C,25,17
2481,7,2,RF,CLASE B-C,25,17
2482,3,2,DRY,CLASE B-C,27,17
2483,3,2,DRY,CLASE B-C,27,17
2484,3,2,DRY,CLASE B-C,27,17
2485,3,2,DRY,CLASE B-C,27,17
2486,3,2,DRY,CLASE B-C,27,17
2487,3,2,DRY,CLASE B-C,27,17
2488,3,2,DRY,CLASE B-C,27,17
2489,3,2,DRY,CLASE B-C,27,17
2490,3,2,DRY,CLASE B-C,27,17
2491,3,2,DRY,CLASE B-C,27,17
2492,3,2,DRY,CLASE B-C,27,17
2493,2,2,DRY,INSPECTION,24,17
2494,3,2,DRY,CLASE D,26,17
2495,7,2,DRY,CLASE B-C,24,17
2496,3,2,DRY,CLASE D,26,17
2497,3,2,DRY,CLASE B-C,26,17
2498,3,2,DRY,CLASE B-C,26,17
2499,3,2,DRY,CLASE B-C,26,17
2500,2,1,DRY,INSPECTION,23,17
2501,2,1,DRY,INSPECTION,23,17
2502,2,2,DRY,INSPECTION,23,17
2503,2,1,DRY,INSPECTION,23,17
2504,6,2,DRY,CLASE B-C,24,17
2505,6,2,RF,CLASE B-C,18,17
2506,6,2,RF,CLASE B-C,19,17
2507,6,2,RF,CLASE B-C,20,17
2508,2,2,RF,CLASE B-C,15,17
2509,2,2,DRY,CLASE B-C,20,17
2510,2,2,DRY,CLASE B-C,20,17
2511,2,1,DRY,INSPECTION,13,17
2512,2,2,DRY,CLASE B-C,20,17
2513,2,2,DRY,CLASE B-C,20,17
2514,2,1,DRY,INSPECTION,13,17
2515,2,2,RF,CLASE B-C,15,17
2516,2,1,DRY,INSPECTION,13,17
2517,2,2,RF,CLASE B-C,15,17
2518,2,2,RF,CLASE B-C,15,17
2519,2,2,DRY,CLASE B-C,20,17
2520,2,2,DRY,CLASE B-C,1,17
2521,2,1,DRY,INSPECTION,13,17
2522,2,1,DRY,INSPECTION,8,17
2523,2,1,DRY,INSPECTION,13,17
2524,2,1,DRY,INSPECTION,13,17
2525,2,1,DRY,INSPECTION,17,17
2526,7,2,DRY,CLASE B,16,17
2527,7,2,DRY,CLASE B-C,20,17
2528,7,2,DRY,CLASE B-C,15,17
2529,7,2,RF,CLASE B-C,15,17
2530,7,2,RF,CLASE B-C,13,17
2531,7,2,RF,CLASE B-C,13,17
2532,7,2,DRY,CLASE B-C,15,17
2533,7,2,RF,CLASE B-C,13,17
2534,7,2,DRY,CLASE B-C,15,17
2535,7,2,DRY,CLASE B-C,13,17
2536,7,2,DRY,CLASE B-C,16,17
2537,7,2,DRY,CLASE B-C,16,17
2538,7,2,RF,CLASE B-C,13,17
2539,7,2,DRY,CLASE A,20,17
2540,7,2,DRY,CLASE B,14,17
2541,7,2,RF,CLASE B-C,15,17
2542,7,2,DRY,CLASE B-C,15,17
2543,7,2,DRY,CLASE B-C,13,17
2544,7,2,DRY,CLASE B-C,16,17
2545,7,2,RF,CLASE B-C,13,17
2546,7,2,RF,CLASE B-C,13,17
2547,7,2,DRY,CLASE B-C,16,17
2548,7,2,DRY,CLASE B,16,17
2549,2,2,DRY,INSPECTION,17,17
2550,3,2,DRY,CLASE B-C,16,17
2551,3,2,DRY,CLASE B-C,16,17
2552,3,2,DRY,CLASE B-C,16,17
2553,6,2,DRY,INSPECTION,10,17
2554,7,2,DRY,CLASE B-C,15,17
2555,7,2,DRY,CLASE B-C,11,17
2556,7,2,DRY,CLASE B-C,12,17
2557,7,2,DRY,CLASE B-C,9,17
2558,7,2,DRY,CLASE B-C,8,17
2559,7,2,DRY,CLASE B-C,12,17
2560,7,2,DRY,CLASE B-C,9,17
2561,7,2,DRY,CLASE B-C,13,17
2562,7,2,DRY,CLASE B-C,9,17
2563,7,2,DRY,CLASE B-C,15,17
2564,7,2,DRY,CLASE B-C,9,17
2565,7,2,DRY,CLASE B-C,14,17
2566,7,2,DRY,CLASE B-C,9,17
2567,7,2,DRY,CLASE B-C,9,17
2568,7,2,DRY,CLASE B-C,17,17
2569,7,2,DRY,CLASE B-C,1,17
2570,7,2,DRY,CLASE B-C,12,17
2571,7,2,DRY,CLASE B-C,14,17
2572,7,2,DRY,CLASE B-C,9,17
2573,7,2,DRY,CLASE B-C,14,17
2574,7,2,DRY,CLASE B-C,9,17
2575,7,2,DRY,CLASE B-C,14,17
2576,7,2,DRY,CLASE B-C,1,17
2577,7,2,DRY,CLASE B-C,1,17
2578,7,2,DRY,CLASE B-C,9,17
2579,7,2,DRY,CLASE B-C,1,17
2580,7,2,DRY,CLASE B-C,12,17
2581,7,2,DRY,CLASE B-C,9,17
2582,7,2,DRY,CLASE B-C,9,17
2583,7,2,DRY,CLASE B-C,9,17
2584,7,2,DRY,CLASE B-C,12,17
2585,7,2,DRY,CLASE B-C,11,17
2586,7,2,DRY,CLASE B-C,11,17
2587,7,2,DRY,CLASE B-C,11,17
2588,7,2,DRY,CLASE B-C,11,17
2589,7,2,DRY,CLASE B-C,11,17
2590,7,2,DRY,CLASE B-C,11,17
2591,7,2,DRY,CLASE B-C,11,17
2592,7,2,DRY,CLASE B-C,11,17
2593,7,2,DRY,CLASE B-C,11,17
2594,7,2,DRY,CLASE B-C,11,17
2595,7,2,DRY,CLASE B-C,11,17
2596,7,2,DRY,CLASE B-C,11,17
2597,7,2,DRY,CLASE B-C,11,17
2598,7,2,DRY,CLASE B-C,9,17
2599,7,2,DRY,CLASE B-C,12,17
2600,7,2,DRY,CLASE B-C,11,17
2601,7,2,DRY,CLASE B-C,12,17
2602,7,2,DRY,CLASE B-C,12,17
2603,7,2,DRY,CLASE B-C,14,17
2604,7,2,DRY,CLASE B-C,14,17
2605,7,2,DRY,CLASE B-C,11,17
2606,7,2,DRY,CLASE D,16,17
2607,7,2,DRY,CLASE B-C,9,17
2608,6,2,DRY,INSPECTION,16,17
2609,6,2,RF,CLASE B-C,18,17
2610,2,2,DRY,INSPECTION,15,17
2611,2,2,RF,CLASE B-C,15,17
2612,2,2,DRY,INSPECTION,15,17
2613,2,2,DRY,INSPECTION,15,17
2614,2,1,DRY,INSPECTION,14,17
2615,2,2,DRY,INSPECTION,14,17
2616,4,2,DRY,CLASE B-C,16,17
2617,6,2,RF,CLASE B-C,14,17
2618,3,2,DRY,CLASE B-C,15,17
2619,3,2,DRY,CLASE B-C,15,17
2620,3,2,DRY,CLASE B-C,13,17
2621,3,2,DRY,CLASE B-C,13,17
2622,7,2,DRY,CLASE B-C,4,17
2623,7,2,DRY,CLASE B-C,8,17
2624,7,2,DRY,CLASE B-C,8,17
2625,7,2,DRY,CLASE B-C,8,17
2626,2,2,DRY,CLASE B-C,12,17
2627,6,2,RF,CLASE B-C,10,17
2628,2,2,DRY,CLASE B-C,12,17
2629,1,2,RF,CLASE B-C,11,17
2630,2,2,RF,CLASE B-C,10,17
2631,1,2,RF,CLASE B-C,10,17
2632,2,2,DRY,CLASE B-C,12,17
2633,2,2,DRY,CLASE B-C,12,17
2634,3,2,DRY,CLASE B-C,10,17
2635,3,2,DRY,CLASE B-C,11,17
2636,3,2,DRY,CLASE B-C,11,17
2637,3,2,DRY,CLASE A,11,17
2638,3,2,DRY,CLASE A,11,17
2639,3,2,DRY,CLASE B-C,10,17
2640,6,2,DRY,CLASE B-C,11,17
2641,6,2,DRY,CLASE B,11,17
2642,6,2,DRY,CLASE B-C,11,17
2643,6,2,DRY,CLASE A,11,17
2644,7,2,DRY,CLASE B-C,7,17
2645,7,2,DRY,CLASE B-C,7,17
2646,7,2,DRY,CLASE B-C,9,17
2647,7,2,DRY,CLASE B-C,9,17
2648,7,2,DRY,CLASE B-C,9,17
2649,7,2,DRY,CLASE B-C,2,17
2650,7,2,DRY,CLASE B-C,8,17
2651,7,2,DRY,CLASE B-C,8,17
2652,7,2,DRY,CLASE B-C,8,17
2653,7,2,DRY,CLASE B-C,9,17
2654,7,2,DRY,CLASE B-C,9,17
2655,7,2,DRY,CLASE B-C,8,17
2656,7,2,DRY,CLASE B-C,8,17
2657,7,2,DRY,CLASE B-C,9,17
2658,7,2,DRY,CLASE B-C,11,17
2659,7,2,DRY,CLASE B-C,8,17
2660,7,2,RF,CLASE B-C,7,17
2661,7,2,DRY,CLASE B-C,2,17
2662,7,2,DRY,CLASE B-C,7,17
2663,7,2,RF,CLASE B-C,6,17
2664,7,2,DRY,CLASE B-C,9,17
2665,7,2,DRY,CLASE B-C,9,17
2666,7,2,DRY,CLASE B-C,8,17
2667,7,2,DRY,CLASE B-C,8,17
2668,7,2,DRY,CLASE B-C,12,17
2669,7,2,DRY,CLASE B-C,7,17
2670,7,2,DRY,CLASE B-C,9,17
2671,7,2,DRY,CLASE B-C,8,17
2672,7,2,DRY,CLASE B-C,8,17
2673,7,2,DRY,CLASE B-C,7,17
2674,7,2,DRY,CLASE B-C,9,17
2675,7,2,DRY,CLASE B-C,8,17
2676,7,2,DRY,CLASE B-C,8,17
2677,7,2,DRY,CLASE B-C,8,17
2678,7,2,DRY,CLASE B-C,9,17
2679,7,2,DRY,CLASE B-C,9,17
2680,7,2,DRY,CLASE B-C,9,17
2681,7,2,DRY,CLASE B-C,9,17
2682,7,2,DRY,CLASE B-C,8,17
2683,7,2,DRY,CLASE B-C,7,17
2684,7,2,DRY,CLASE B-C,8,17
2685,7,2,DRY,CLASE B-C,8,17
2686,7,2,DRY,CLASE B-C,7,17
2687,7,2,DRY,CLASE B-C,9,17
2688,7,2,DRY,CLASE B-C,8,17
2689,7,2,DRY,CLASE B-C,8,17
2690,7,2,DRY,CLASE B-C,9,17
2691,7,2,DRY,CLASE B-C,2,17
2692,7,2,DRY,CLASE B-C,9,17
2693,7,2,DRY,CLASE B-C,2,17
2694,7,2,DRY,CLASE B-C,8,17
2695,7,2,DRY,CLASE B-C,8,17
2696,7,2,DRY,CLASE B-C,8,17
2697,7,2,DRY,CLASE B-C,9,17
2698,7,2,DRY,CLASE B-C,11,17
2699,7,2,DRY,CLASE B-C,7,17
2700,7,2,DRY,CLASE B-C,7,17
2701,7,2,DRY,CLASE B-C,8,17
2702,7,2,DRY,CLASE B-C,8,17
2703,7,2,DRY,CLASE B-C,7,17
2704,7,2,DRY,CLASE B-C,8,17
2705,7,2,DRY,CLASE B-C,9,17
2706,7,2,DRY,CLASE B-C,9,17
2707,7,2,DRY,CLASE B-C,6,17
2708,7,2,DRY,CLASE B-C,8,17
2709,7,2,DRY,CLASE B-C,7,17
2710,7,2,DRY,CLASE B-C,8,17
2711,7,2,DRY,CLASE B-C,9,17
2712,7,2,DRY,CLASE B-C,8,17
2713,7,2,DRY,CLASE B-C,8,17
2714,7,2,DRY,CLASE B-C,8,17
2715,7,2,DRY,CLASE B-C,8,17
2716,7,2,DRY,CLASE B-C,9,17
2717,7,2,RF,CLASE B-C,7,17
2718,7,2,RF,CLASE B-C,7,17
2719,7,2,RF,CLASE B-C,7,17
2720,7,2,RF,CLASE B-C,7,17
2721,7,2,DRY,CLASE B-C,8,17
2722,7,2,DRY,CLASE B-C,8,17
2723,7,2,DRY,CLASE B-C,9,17
2724,7,2,DRY,CLASE B-C,9,17
2725,7,2,DRY,CLASE B-C,2,17
2726,7,2,DRY,CLASE B-C,8,17
2727,7,2,DRY,CLASE B-C,7,17
2728,7,2,DRY,CLASE B-C,7,17
2729,7,2,DRY,CLASE B-C,9,17
2730,7,2,DRY,CLASE B-C,9,17
2731,7,2,DRY,CLASE B-C,9,17
2732,7,2,DRY,CLASE B-C,8,17
2733,7,2,DRY,CLASE B-C,7,17
2734,7,2,DRY,CLASE B-C,10,17
2735,7,2,DRY,CLASE B-C,9,17
2736,7,2,DRY,CLASE B-C,7,17
2737,7,2,DRY,CLASE B-C,9,17
2738,7,2,DRY,CLASE B-C,8,17
2739,7,2,DRY,CLASE D,9,17
2740,7,2,DRY,CLASE B-C,7,17
2741,7,2,DRY,CLASE B-C,8,17
2742,7,2,DRY,CLASE B-C,9,17
2743,7,2,DRY,CLASE B-C,6,17
2744,7,2,DRY,CLASE B-C,9,17
2745,7,2,DRY,CLASE B-C,10,17
2746,7,2,DRY,CLASE B-C,6,17
2747,7,2,RF,CLASE B-C,8,17
2748,7,2,DRY,CLASE B-C,7,17
2749,7,2,DRY,CLASE B-C,9,17
2750,7,2,DRY,CLASE B-C,8,17
2751,7,2,DRY,CLASE B-C,7,17
2752,7,2,DRY,CLASE B-C,8,17
2753,7,2,DRY,CLASE B-C,8,17
2754,7,2,DRY,CLASE B-C,4,17
2755,7,2,RF,CLASE B-C,7,17
2756,7,2,DRY,CLASE B-C,7,17
2757,7,2,DRY,CLASE B-C,8,17
2758,7,2,DRY,CLASE B-C,7,17
2759,7,2,DRY,CLASE B-C,4,17
2760,7,2,DRY,CLASE B-C,9,17
2761,7,2,DRY,CLASE B-C,8,17
2762,7,2,DRY,CLASE B-C,9,17
2763,7,2,DRY,CLASE B-C,8,17
2764,7,2,DRY,CLASE B-C,3,17
2765,7,2,DRY,CLASE B-C,10,17
2766,7,2,DRY,CLASE B-C,8,17
2767,7,2,DRY,CLASE B-C,7,17
2768,7,2,DRY,CLASE B-C,12,17
2769,7,2,RF,CLASE B-C,8,17
2770,7,2,DRY,CLASE B-C,8,17
2771,7,2,DRY,CLASE B-C,9,17
2772,7,2,DRY,CLASE B-C,9,17
2773,7,2,DRY,CLASE B-C,2,17
2774,7,2,DRY,CLASE B-C,9,17
2775,7,2,DRY,CLASE B-C,11,17
2776,7,2,DRY,CLASE B-C,4,17
2777,7,2,DRY,CLASE B-C,9,17
2778,7,2,DRY,CLASE B-C,9,17
2779,7,2,DRY,CLASE B-C,11,17
2780,7,2,DRY,CLASE B-C,10,17
2781,7,2,DRY,CLASE B-C,8,17
2782,7,2,DRY,CLASE B-C,8,17
2783,7,2,DRY,CLASE B-C,9,17
2784,7,2,DRY,CLASE B-C,9,17
2785,7,2,DRY,CLASE B-C,7,17
2786,7,2,DRY,CLASE B-C,7,17
2787,7,2,DRY,CLASE B-C,7,17
2788,7,2,DRY,CLASE A,7,17
2789,7,2,DRY,CLASE B-C,7,17
2790,7,2,DRY,CLASE B-C,7,17
2791,7,2,DRY,CLASE B-C,10,17
2792,7,2,DRY,CLASE B-C,9,17
2793,7,2,DRY,CLASE B-C,7,17
2794,7,2,DRY,CLASE B-C,7,17
2795,7,2,DRY,CLASE B-C,8,17
2796,7,2,DRY,CLASE B-C,9,17
2797,7,2,DRY,CLASE B-C,8,17
2798,7,2,DRY,CLASE B-C,10,17
2799,7,2,DRY,CLASE B-C,7,17
2800,7,2,DRY,CLASE B-C,8,17
2801,7,2,DRY,CLASE B-C,8,17
2802,7,2,DRY,CLASE B-C,8,17
2803,7,2,DRY,CLASE B-C,8,17
2804,7,2,DRY,CLASE B-C,7,17
2805,7,2,DRY,CLASE B-C,7,17
2806,7,2,DRY,CLASE B-C,8,17
2807,7,2,DRY,CLASE B-C,7,17
2808,7,2,DRY,CLASE B-C,9,17
2809,7,2,DRY,CLASE B-C,9,17
2810,7,2,DRY,CLASE B-C,9,17
2811,7,2,DRY,CLASE B-C,11,17
2812,7,2,DRY,CLASE B-C,8,17
2813,7,2,DRY,CLASE B-C,7,17
2814,7,2,DRY,CLASE B-C,8,17
2815,7,2,DRY,CLASE B-C,7,17
2816,7,2,DRY,CLASE D,7,17
2817,7,2,DRY,CLASE B-C,8,17
2818,7,2,DRY,CLASE B-C,7,17
2819,7,2,DRY,CLASE B-C,9,17
2820,7,2,DRY,CLASE B-C,9,17
2821,7,2,DRY,CLASE B-C,7,17
2822,7,2,RF,CLASE B-C,8,17
2823,6,2,DRY,CLASE B-C,11,17
2824,6,2,DRY,CLASE B-C,12,17
2825,6,2,DRY,CLASE B-C,11,17
2826,6,2,DRY,CLASE B-C,11,17
2827,2,1,DRY,INSPECTION,9,17
2828,2,1,DRY,INSPECTION,9,17
2829,6,2,RF,CLASE B-C,11,17
2830,2,1,DRY,INSPECTION,9,17
2831,6,2,RF,CLASE B-C,9,17
2832,6,2,RF,CLASE B-C,9,17
2833,6,2,RF,CLASE B-C,9,17
2834,6,2,RF,CLASE B-C,10,17
2835,6,2,RF,CLASE B-C,10,17
2836,6,2,RF,CLASE B-C,9,17
2837,6,2,RF,CLASE B-C,10,17
2838,6,2,RF,INSPECTION,10,17
2839,6,2,RF,CLASE B-C,9,17
2840,6,2,RF,CLASE B-C,9,17
2841,2,1,DRY,INSPECTION,9,17
2842,6,2,DRY,CLASE B-C,10,17
2843,6,2,DRY,CLASE B-C,10,17
2844,6,2,DRY,CLASE B-C,10,17
2845,6,2,DRY,CLASE B-C,10,17
2846,6,2,DRY,CLASE B-C,10,17
2847,6,2,DRY,CLASE B-C,10,17
2848,6,2,DRY,CLASE B-C,10,17
2849,6,2,DRY,CLASE B-C,10,17
2850,2,2,DRY,INSPECTION,8,17
2851,3,2,DRY,CLASE A,10,17
2852,2,2,DRY,INSPECTION,8,17
2853,3,2,DRY,CLASE B-C,10,17
2854,2,2,DRY,CLASE B-C,10,17
2855,2,1,DRY,INSPECTION,8,17
2856,2,1,DRY,INSPECTION,8,17
2857,2,1,DRY,INSPECTION,8,17
2858,7,2,DRY,CLASE B-C,1,17
2859,7,2,DRY,CLASE B,2,17
2860,7,2,DRY,CLASE A,1,17
2861,7,2,DRY,CLASE B-C,2,17
2862,7,2,DRY,CLASE B-C,3,17
2863,7,2,DRY,CLASE B-C,2,17
2864,7,2,DRY,CLASE B-C,1,17
2865,7,2,DRY,CLASE D,2,17
2866,7,2,DRY,CLASE B-C,1,17
2867,7,2,DRY,CLASE B-C,6,17
2868,7,2,DRY,CLASE B-C,2,17
2869,7,2,DRY,CLASE B-C,4,17
2870,7,2,DRY,CLASE B-C,1,17
2871,7,2,DRY,CLASE B-C,1,17
2872,7,2,DRY,CLASE B-C,2,17
2873,7,2,DRY,CLASE B-C,5,17
2874,7,2,DRY,CLASE B-C,4,17
2875,7,2,DRY,CLASE B-C,4,17
2876,7,2,DRY,CLASE B-C,5,17
2877,7,2,DRY,CLASE B-C,2,17
2878,7,2,DRY,CLASE B-C,4,17
2879,7,2,DRY,CLASE B-C,6,17
2880,7,2,DRY,CLASE B-C,3,17
2881,7,2,DRY,CLASE A,3,17
2882,7,2,DRY,CLASE B-C,2,17
2883,7,2,DRY,CLASE B,1,17
2884,7,2,DRY,CLASE B-C,2,17
2885,7,2,DRY,CLASE B-C,6,17
2886,7,2,DRY,CLASE B-C,1,17
2887,7,2,DRY,CLASE B-C,3,17
2888,7,2,DRY,CLASE B-C,6,17
2889,7,2,DRY,CLASE B-C,2,17
2890,7,2,DRY,CLASE B-C,4,17
2891,7,2,DRY,CLASE B-C,1,17
2892,7,2,DRY,CLASE B-C,3,17
2893,7,2,DRY,CLASE B-C,4,17
2894,7,2,DRY,CLASE B-C,5,17
2895,7,2,DRY,CLASE B-C,6,17
2896,7,2,DRY,CLASE B-C,4,17
2897,7,2,DRY,CLASE B-C,6,17
2898,7,2,DRY,CLASE B-C,3,17
2899,7,2,DRY,CLASE B-C,2,17
2900,7,2,DRY,CLASE B-C,3,17
2901,7,2,DRY,CLASE B-C,6,17
2902,7,2,DRY,CLASE B-C,5,17
2903,7,2,DRY,CLASE B-C,4,17
2904,7,2,DRY,CLASE B-C,4,17
2905,7,2,DRY,CLASE B-C,6,17
2906,7,2,DRY,CLASE B-C,2,17
2907,7,2,DRY,CLASE B-C,3,17
2908,7,2,DRY,CLASE B-C,5,17
2909,7,2,DRY,CLASE B-C,4,17
2910,7,2,DRY,CLASE B-C,3,17
2911,7,2,DRY,CLASE B-C,6,17
2912,7,2,DRY,CLASE B-C,1,17
2913,7,2,DRY,CLASE B-C,6,17
2914,7,2,DRY,CLASE B-C,2,17
2915,7,2,DRY,CLASE B-C,6,17
2916,7,2,DRY,CLASE B-C,2,17
2917,7,2,DRY,CLASE B-C,2,17
2918,7,2,DRY,CLASE B-C,4,17
2919,7,2,DRY,CLASE B-C,6,17
2920,7,2,DRY,CLASE B-C,2,17
2921,7,2,DRY,CLASE B-C,6,17
2922,7,2,DRY,CLASE B,5,17
2923,7,2,DRY,CLASE B-C,3,17
2924,7,2,DRY,CLASE B-C,6,17
2925,7,2,DRY,CLASE B-C,2,17
2926,7,2,DRY,CLASE B-C,5,17
2927,7,2,DRY,CLASE B-C,4,17
2928,7,2,DRY,CLASE B-C,1,17
2929,7,2,DRY,CLASE B-C,3,17
2930,7,2,DRY,CLASE B-C,4,17
2931,7,2,DRY,CLASE B-C,6,17
2932,7,2,DRY,CLASE B-C,1,17
2933,7,2,DRY,CLASE B-C,6,17
2934,7,2,DRY,CLASE B-C,2,17
2935,7,2,DRY,CLASE B-C,2,17
2936,7,2,DRY,CLASE A,3,17
2937,7,2,DRY,CLASE B,1,17
2938,7,2,DRY,CLASE B-C,4,17
2939,7,2,DRY,CLASE B-C,3,17
2940,7,2,DRY,CLASE B,2,17
2941,7,2,DRY,CLASE B-C,3,17
2942,7,2,DRY,CLASE B-C,3,17
2943,7,2,DRY,CLASE B-C,1,17
2944,7,2,DRY,CLASE B-C,2,17
2945,7,2,DRY,CLASE B-C,2,17
2946,7,2,DRY,CLASE B-C,5,17
2947,7,2,DRY,CLASE B-C,6,17
2948,7,2,DRY,CLASE B-C,1,17
2949,7,2,DRY,CLASE B-C,4,17
2950,7,2,DRY,CLASE B-C,5,17
2951,7,2,DRY,CLASE B-C,4,17
2952,7,2,DRY,CLASE B-C,4,17
2953,7,2,DRY,CLASE B-C,1,17
2954,7,2,DRY,CLASE B-C,1,17
2955,7,2,DRY,CLASE A,3,17
2956,7,2,DRY,CLASE B-C,2,17
2957,6,2,RF,CLASE B-C,4,17
2958,3,2,DRY,CLASE B-C,3,17
2959,3,2,DRY,CLASE B-C,4,17
2960,3,2,DRY,CLASE B-C,4,17
2961,3,2,DRY,CLASE B-C,4,17
2962,3,2,DRY,CLASE B-C,2,17
2963,3,2,DRY,CLASE B-C,4,17
2964,3,2,DRY,CLASE B-C,2,17
2965,3,2,DRY,CLASE B-C,2,17
2966,3,2,DRY,CLASE B-C,3,17
2967,3,2,DRY,CLASE B-C,2,17
2968,3,2,DRY,CLASE B-C,2,17
2969,3,2,DRY,CLASE B-C,3,17
2970,3,2,DRY,CLASE B-C,2,17
2971,3,2,DRY,CLASE B-C,2,17
2972,3,2,DRY,CLASE B-C,2,17
2973,3,2,DRY,CLASE B-C,3,17
2974,3,2,DRY,CLASE B-C,3,17
2975,3,2,DRY,CLASE B-C,3,17
2976,3,2,DRY,CLASE B-C,4,17
2977,3,2,DRY,CLASE B,1,17
2978,3,2,DRY,CLASE A,4,17
2979,3,2,DRY,CLASE B-C,3,17
2980,3,2,DRY,CLASE B-C,3,17
2981,3,2,DRY,CLASE B-C,3,17
2982,3,2,DRY,CLASE A,1,17
2983,3,2,DRY,CLASE B-C,2,17
2984,3,2,DRY,CLASE B-C,2,17
2985,3,2,DRY,CLASE B-C,2,17
2986,3,2,DRY,CLASE B-C,4,17
2987,3,2,DRY,CLASE B-C,3,17
2988,3,2,DRY,CLASE B-C,2,17
2989,3,2,DRY,CLASE B-C,3,17
2990,3,2,DRY,CLASE B-C,4,17
2991,3,2,DRY,CLASE B-C,1,17
2992,3,2,DRY,CLASE B-C,2,17
2993,3,2,DRY,CLASE B-C,3,17
2994,6,2,DRY,CLASE B-C,4,17
2995,6,2,DRY,CLASE B-C,4,17
2996,6,2,DRY,CLASE B-C,4,17
2997,6,2,DRY,CLASE B-C,1,17
2998,6,2,DRY,INSPECTION,1,17
2999,6,2,DRY,CLASE B-C,1,17
3000,6,2,DRY,CLASE B-C,4,17
3001,6,2,DRY,CLASE B-C,4,17
3002,6,2,DRY,INSPECTION,1,17
3003,6,2,DRY,CLASE B-C,3,17
3004,6,2,DRY,INSPECTION,1,17
3005,6,2,DRY,CLASE B-C,4,17
3006,6,2,DRY,CLASE B-C,4,17
3007,6,2,DRY,CLASE B-C,2,17
3008,6,2,DRY,CLASE B-C,2,17
3009,6,2,DRY,INSPECTION,1,17
3010,6,2,DRY,INSPECTION,1,17
3011,6,2,DRY,INSPECTION,4,17
3012,6,2,DRY,CLASE B-C,4,17
3013,6,2,DRY,CLASE B-C,1,17
3014,6,2,DRY,CLASE B-C,1,17
3015,6,2,DRY,INSPECTION,1,17
3016,6,2,DRY,INSPECTION,1,17
3017,6,2,DRY,INSPECTION,1,17
3018,6,2,DRY,CLASE B-C,1,17
3019,6,2,DRY,CLASE B-C,4,17
3020,6,2,DRY,INSPECTION,1,17
3021,6,2,DRY,CLASE B-C,2,17
3022,6,2,DRY,CLASE B-C,1,17
3023,6,2,DRY,INSPECTION,1,17
3024,6,2,DRY,CLASE B-C,2,17
3025,6,2,DRY,INSPECTION,1,17
3026,6,2,DRY,CLASE B-C,1,17
3027,6,2,DRY,CLASE B,1,17
3028,6,2,DRY,CLASE B-C,4,17
3029,6,2,DRY,CLASE B-C,4,17
3030,6,2,DRY,CLASE B-C,4,17
3031,6,2,DRY,INSPECTION,1,17
3032,6,2,DRY,CLASE B-C,1,17
3033,6,2,DRY,CLASE B-C,4,17
3034,6,2,DRY,INSPECTION,1,17
3035,6,2,DRY,CLASE B-C,1,17
3036,6,2,DRY,CLASE B-C,1,17
3037,6,2,DRY,INSPECTION,1,17
3038,6,2,DRY,CLASE B-C,3,17
3039,6,2,DRY,CLASE B-C,1,17
3040,6,2,DRY,INSPECTION,1,17
3041,6,2,DRY,CLASE B-C,4,17
3042,6,2,DRY,CLASE B-C,1,17
3043,6,2,DRY,INSPECTION,1,17
3044,6,2,DRY,CLASE B-C,4,17
3045,6,2,DRY,INSPECTION,1,17
3046,6,2,DRY,INSPECTION,1,17
3047,6,2,DRY,INSPECTION,1,17
3048,6,2,DRY,INSPECTION,1,17
3049,6,2,DRY,CLASE B-C,1,17
3050,6,2,DRY,INSPECTION,4,17
3051,6,2,DRY,INSPECTION,4,17
3052,6,2,DRY,INSPECTION,1,17
3053,6,2,DRY,INSPECTION,1,17
3054,6,2,DRY,CLASE B-C,1,17
3055,6,2,DRY,CLASE B-C,2,17
3056,6,2,DRY,INSPECTION,1,17
3057,6,2,DRY,CLASE B-C,2,17
3058,6,2,DRY,INSPECTION,1,17
3059,6,2,DRY,CLASE B-C,1,17
3060,6,2,DRY,CLASE B-C,2,17
3061,6,2,DRY,INSPECTION,1,17
3062,6,2,DRY,CLASE B-C,1,17
3063,6,2,DRY,INSPECTION,4,17
3064,6,2,DRY,INSPECTION,1,17
3065,6,2,DRY,INSPECTION,4,17
3066,6,2,DRY,CLASE B-C,4,17
3067,7,2,DRY,CLASE B-C,2,17
3068,7,2,DRY,CLASE B-C,2,17
3069,7,2,DRY,CLASE B-C,1,17
3070,7,2,DRY,CLASE B-C,2,17
3071,7,2,DRY,CLASE B-C,3,17
3072,7,2,DRY,CLASE B-C,1,17
3073,7,2,DRY,CLASE B-C,3,17
3074,7,2,DRY,CLASE B-C,2,17
3075,7,2,DRY,CLASE B-C,1,17
3076,7,2,DRY,CLASE B-C,1,17
3077,7,2,DRY,CLASE B-C,1,17
3078,7,2,DRY,CLASE B-C,2,17
3079,7,2,DRY,CLASE B-C,1,17
3080,7,2,DRY,CLASE B-C,1,17
3081,7,2,DRY,CLASE B-C,1,17
3082,7,2,DRY,CLASE B-C,1,17
3083,7,2,DRY,CLASE B-C,1,17
3084,7,2,DRY,CLASE B-C,1,17
3085,7,2,DRY,CLASE B-C,2,17
3086,7,2,DRY,CLASE B-C,1,17
3087,7,2,DRY,CLASE B-C,1,17
3088,7,2,DRY,CLASE B-C,1,17
3089,7,2,DRY,CLASE B-C,2,17
3090,7,2,DRY,CLASE B-C,2,17
3091,7,2,DRY,CLASE B-C,1,17
3092,7,2,DRY,CLASE B-C,1,17
3093,7,2,DRY,CLASE B-C,2,17
3094,7,2,DRY,CLASE B-C,1,17
3095,7,2,DRY,CLASE B-C,1,17
3096,7,2,DRY,CLASE B,1,17
3097,7,2,DRY,CLASE B-C,1,17
3098,7,2,DRY,CLASE B-C,1,17
3099,7,2,DRY,CLASE B-C,2,17
3100,7,2,DRY,CLASE B-C,1,17
3101,7,2,DRY,CLASE B-C,1,17
3102,7,2,DRY,CLASE B-C,1,17
3103,7,2,DRY,CLASE B-C,1,17
3104,7,2,DRY,CLASE B-C,2,17
3105,7,2,DRY,CLASE B-C,1,17
3106,7,2,DRY,CLASE B-C,2,17
3107,7,2,DRY,CLASE B-C,1,17
3108,7,2,DRY,CLASE B-C,1,17
3109,7,2,DRY,CLASE B-C,1,17
3110,7,2,DRY,CLASE B-C,1,17
3111,7,2,DRY,CLASE B-C,3,17
3112,7,2,DRY,CLASE B-C,1,17
3113,7,2,DRY,CLASE B-C,1,17
3114,6,2,DRY,INSPECTION,5,17
3115,2,1,DRY,INSPECTION,4,17
3116,6,2,RF,CLASE B-C,4,17
3117,6,2,RF,CLASE B-C,4,17
3118,6,2,RF,CLASE B-C,6,17
3119,3,2,DRY,CLASE B-C,5,17
3120,2,2,DRY,CLASE B-C,4,17
3121,2,2,DRY,CLASE B-C,3,17
3122,2,2,DRY,CLASE B-C,1,17
3123,2,2,DRY,CLASE B-C,4,17
3124,2,2,DRY,CLASE B-C,3,17
3125,2,2,DRY,CLASE B-C,4,17
3126,2,2,DRY,CLASE B-C,2,17
3127,2,2,DRY,CLASE B-C,4,17
3128,2,2,DRY,CLASE B-C,4,17
3129,2,2,DRY,CLASE B-C,2,17
3130,2,2,DRY,CLASE B-C,4,17
3131,2,2,DRY,CLASE B-C,4,17
3132,2,2,DRY,CLASE D,4,17
3133,2,2,DRY,CLASE B-C,3,17
3134,2,2,DRY,CLASE B-C,1,17
3135,2,2,DRY,CLASE B-C,1,17
3136,2,2,DRY,CLASE B-C,4,17
3137,2,2,DRY,CLASE B,3,17
3138,2,2,DRY,CLASE B-C,4,17
3139,2,2,DRY,CLASE B-C,2,17
3140,2,2,DRY,CLASE B-C,3,17
3141,2,2,DRY,CLASE B-C,1,17
3142,2,2,DRY,CLASE B-C,4,17
3143,2,2,DRY,CLASE B-C,3,17
3144,2,2,DRY,CLASE B-C,3,17
3145,2,2,DRY,CLASE B-C,4,17
3146,2,2,DRY,CLASE B-C,1,17
3147,2,2,DRY,CLASE B-C,3,17
3148,2,2,DRY,CLASE B-C,4,17
3149,2,2,DRY,CLASE B-C,3,17
3150,2,2,DRY,CLASE B-C,4,17
3151,2,2,DRY,CLASE B-C,1,17
3152,2,2,DRY,CLASE D,3,17
3153,2,2,DRY,CLASE A,3,17
3154,2,2,DRY,CLASE B-C,4,17
3155,2,2,DRY,CLASE B,2,17
3156,2,2,DRY,CLASE B-C,3,17
3157,2,2,DRY,CLASE B-C,1,17
3158,2,2,DRY,CLASE B-C,3,17
3159,2,2,DRY,CLASE B-C,3,17
3160,2,2,DRY,CLASE B-C,1,17
3161,2,2,DRY,CLASE B-C,4,17
3162,2,2,DRY,CLASE B-C,3,17
3163,2,2,DRY,CLASE B-C,4,17
3164,2,2,DRY,CLASE B-C,4,17
3165,2,2,DRY,CLASE B-C,4,17
3166,2,2,DRY,CLASE B-C,4,17
3167,2,2,DRY,CLASE B-C,4,17
3168,2,2,DRY,CLASE B-C,4,17
3169,1,2,RF,CLASE B-C,2,17
3170,1,2,RF,CLASE B-C,2,17
3171,3,2,DRY,CLASE B-C,4,17
3172,1,2,RF,CLASE B-C,5,17
3173,8,2,DRY,CLASE B-C,3,17
3174,1,2,RF,CLASE B-C,3,17
3175,7,2,DRY,CLASE B-C,4,17
3176,6,2,DRY,CLASE B-C,4,17
3177,6,2,DRY,INSPECTION,2,17
3178,2,2,DRY,CLASE B-C,1,17
3179,2,2,DRY,CLASE B,2,17
3180,2,2,DRY,CLASE B-C,1,17
3181,2,2,DRY,CLASE B-C,2,17
3182,2,2,DRY,CLASE B-C,2,17
3183,2,2,DRY,CLASE B-C,2,17
3184,2,2,DRY,CLASE B-C,1,17
3185,2,2,DRY,CLASE B-C,2,17
3186,2,2,DRY,CLASE B-C,1,17
3187,2,2,DRY,CLASE B-C,1,17
3188,2,2,DRY,CLASE B-C,1,17
3189,2,2,DRY,CLASE B-C,1,17
3190,2,2,DRY,CLASE B-C,1,17
3191,2,2,DRY,CLASE B-C,2,17
3192,2,2,DRY,CLASE B-C,2,17
3193,2,2,DRY,CLASE B-C,1,17
3194,2,2,DRY,CLASE B-C,1,17
3195,6,2,DRY,INSPECTION,1,17
3196,6,2,DRY,INSPECTION,1,17
3197,7,2,DRY,CLASE D,1,17
3198,7,2,DRY,CLASE B-C,3,17
3199,7,2,DRY,CLASE B-C,1,17
3200,7,2,DRY,CLASE B-C,1,17
3201,3,2,DRY,CLASE B-C,1,17
3202,6,2,DRY,CLASE B-C,1,17
3203,6,2,DRY,CLASE B-C,1,17
3204,7,2,DRY,CLASE B-C,2,17
3205,6,2,DRY,CLASE B-C,1,17
3206,7,2,DRY,CLASE B-C,2,17
3207,7,2,DRY,CLASE B-C,2,17
3208,6,2,DRY,CLASE A,2,17
3209,7,2,DRY,CLASE B-C,2,17
3210,6,2,DRY,CLASE B-C,2,17
3211,6,2,DRY,CLASE B-C,1,17
3212,7,2,DRY,CLASE B-C,1,17
3213,2,2,DRY,CLASE B-C,2,17
3214,2,2,DRY,CLASE B-C,2,17
3215,7,2,DRY,CLASE B-C,1,17
3216,6,2,DRY,CLASE B-C,1,17
3217,6,2,DRY,CLASE B-C,1,17
3218,6,2,DRY,CLASE B-C,1,17
3219,2,2,DRY,CLASE B-C,1,17
3220,2,2,DRY,CLASE B-C,1,17
3221,6,2,DRY,INSPECTION,2,18
3222,6,2,DRY,CLASE B-C,4,18
3223,6,2,DRY,CLASE B-C,4,18
3224,6,2,DRY,INSPECTION,2,18
3225,6,2,DRY,CLASE B-C,4,18
3226,6,2,DRY,INSPECTION,2,18
3227,6,2,DRY,INSPECTION,2,18
3228,6,2,DRY,INSPECTION,2,18
3229,6,2,DRY,INSPECTION,2,18
3230,6,2,DRY,INSPECTION,4,18
3231,6,2,DRY,INSPECTION,2,18
3232,6,2,DRY,INSPECTION,2,18
3233,6,2,DRY,INSPECTION,2,18
3234,6,2,DRY,INSPECTION,3,18
3235,6,2,RF,CLASE B-C,33,18
3236,7,2,DRY,CLASE B-C,8,18
3237,7,2,DRY,CLASE B-C,8,18
3238,7,2,DRY,CLASE B-C,8,18
3239,6,2,DRY,CLASE B-C,3,18
3240,6,2,DRY,CLASE B-C,4,18
3241,6,2,DRY,CLASE B-C,2,18
3242,6,2,DRY,CLASE B-C,2,18
3243,6,2,DRY,CLASE B-C,2,18
3244,6,2,RF,CLASE B-C,4,18
3245,6,2,DRY,INSPECTION,2,18
3246,2,2,DRY,CLASE B-C,2,18
3247,2,2,DRY,CLASE B-C,2,18
3248,2,2,DRY,CLASE B-C,2,18
3249,2,2,DRY,CLASE B-C,2,18
3250,2,2,DRY,CLASE B-C,2,18
3251,7,1,DRY,CLASE B-C,29,18
3252,7,1,DRY,CLASE B-C,29,18
3253,7,1,DRY,CLASE B-C,29,18
3254,6,2,RF,CLASE B-C,21,18
3255,7,1,DRY,CLASE B-C,26,18
3256,7,1,DRY,CLASE B-C,26,18
3257,7,1,DRY,CLASE B-C,26,18
3258,7,1,DRY,CLASE B-C,25,18
3259,7,1,DRY,CLASE B-C,24,18
3260,2,2,DRY,CLASE B-C,21,18
3261,7,1,DRY,CLASE B-C,21,18
3262,7,1,DRY,CLASE B-C,15,18
3263,6,2,DRY,INSPECTION,4,18
3264,6,2,DRY,INSPECTION,4,18
3265,6,2,DRY,INSPECTION,4,18
3266,6,2,DRY,INSPECTION,2,18
3267,6,2,DRY,INSPECTION,1,18
3268,6,2,DRY,INSPECTION,1,18
3269,6,2,DRY,INSPECTION,1,18
3270,2,2,DRY,CLASE B-C,2,18
3271,2,2,DRY,CLASE B-C,2,18
3272,2,2,DRY,CLASE B-C,2,18
3273,2,2,DRY,CLASE B-C,2,18
3274,2,2,DRY,CLASE B-C,2,18
3275,2,2,DRY,CLASE B-C,2,18
3276,2,2,DRY,CLASE B-C,2,18
3277,2,2,DRY,CLASE B-C,2,18
3278,7,1,DRY,CLASE B-C,5,18
3279,3,1,DRY,CLASE B-C,5,18
3280,7,1,DRY,CLASE B-C,5,18
3281,7,1,DRY,CLASE B-C,5,18
3282,7,1,DRY,CLASE B-C,5,18
3283,6,2,DRY,INSPECTION,81,18
3284,6,2,DRY,INSPECTION,81,18
3285,6,2,DRY,INSPECTION,81,18
3286,6,2,DRY,INSPECTION,81,18
3287,2,2,RF,CLASE B-C,30,18
3288,2,2,RF,CLASE B-C,31,18
3289,2,2,RF,CLASE B-C,30,18
3290,2,2,RF,CLASE B-C,30,18
3291,6,2,RF,CLASE B-C,21,18
3292,2,2,DRY,CLASE B-C,21,18
3293,2,2,DRY,CLASE B-C,21,18
3294,2,2,DRY,CLASE B-C,21,18
3295,2,2,DRY,CLASE B-C,21,18
3296,2,2,DRY,CLASE B-C,21,18
3297,2,2,DRY,CLASE B-C,21,18
3298,2,2,DRY,CLASE B-C,21,18
3299,2,2,DRY,CLASE B-C,21,18
3300,2,2,DRY,CLASE B-C,21,18
3301,2,2,DRY,CLASE B-C,21,18
3302,2,2,DRY,CLASE B-C,21,18
3303,2,2,DRY,CLASE B-C,21,18
3304,2,2,DRY,CLASE B-C,21,18
3305,2,2,DRY,CLASE B-C,21,18
3306,2,2,DRY,CLASE B-C,21,18
3307,2,2,DRY,CLASE B-C,21,18
3308,2,2,DRY,CLASE B-C,21,18
3309,7,2,DRY,CLASE B-C,22,18
3310,7,2,DRY,CLASE B-C,18,18
3311,7,2,DRY,CLASE B-C,18,18
3312,7,2,DRY,CLASE B-C,22,18
3313,7,2,RF,CLASE B-C,17,18
3314,7,2,DRY,CLASE B-C,1,18
3315,7,2,DRY,CLASE B-C,12,18
3316,7,2,DRY,CLASE B-C,12,18
3317,7,2,DRY,CLASE D,11,18
3318,7,2,DRY,CLASE B-C,11,18
3319,6,2,RF,CLASE B-C,13,18
3320,7,2,DRY,CLASE B-C,2,18
3321,7,2,DRY,CLASE B-C,6,18
3322,7,2,DRY,CLASE B-C,6,18
3323,7,2,DRY,CLASE B-C,6,18
3324,7,2,DRY,CLASE B-C,2,18
3325,7,2,DRY,CLASE B-C,2,18
3326,7,2,DRY,CLASE B-C,2,18
3327,6,2,DRY,INSPECTION,1,18
3328,6,2,DRY,INSPECTION,4,18
3329,6,2,DRY,INSPECTION,4,18
3330,6,2,DRY,INSPECTION,4,18
3331,6,2,DRY,INSPECTION,4,18
3332,6,2,DRY,INSPECTION,4,18
3333,6,2,DRY,INSPECTION,4,18
3334,6,2,DRY,INSPECTION,4,18
3335,6,2,DRY,INSPECTION,4,18
3336,6,2,DRY,INSPECTION,4,18
3337,6,2,DRY,INSPECTION,4,18
3338,6,2,DRY,INSPECTION,4,18
3339,6,2,RF,CLASE B-C,4,18
3340,6,2,DRY,INSPECTION,4,18
3341,6,2,DRY,INSPECTION,4,18
3342,7,1,DRY,CLASE B-C,4,18
3343,7,1,DRY,CLASE B-C,4,18
3344,7,2,DRY,CLASE B-C,3,18
3345,2,2,DRY,CLASE B-C,1,18
3346,2,2,DRY,CLASE B-C,1,18
3347,4,2,DRY,CLASE B-C,111,18
3348,1,2,RF,CLASE B-C,74,18
3349,6,2,DRY,INSPECTION,81,18
3350,3,2,DRY,CLASE B-C,81,18
3351,4,2,DRY,CLASE B-C,69,18
3352,1,2,RF,CLASE B-C,69,18
3353,6,2,RF,CLASE B-C,63,18
3354,1,2,RF,CLASE B-C,62,18
3355,7,2,DRY,CLASE B-C,42,18
3356,2,2,DRY,CLASE B-C,45,18
3357,4,2,DRY,CLASE B-C,47,18
3358,7,2,DRY,CLASE B-C,42,18
3359,7,2,DRY,CLASE B-C,43,18
3360,2,1,DRY,CLASE B-C,41,18
3361,2,1,DRY,CLASE B-C,41,18
3362,6,2,RF,CLASE B-C,33,18
3363,2,2,RF,CLASE B-C,31,18
3364,2,2,RF,CLASE B-C,31,18
3365,2,2,RF,CLASE B-C,31,18
3366,2,2,RF,CLASE B-C,31,18
3367,2,2,RF,CLASE B-C,31,18
3368,2,2,RF,CLASE B-C,30,18
3369,6,2,RF,CLASE B-C,33,18
3370,2,1,DRY,CLASE B-C,28,18
3371,2,1,DRY,CLASE B-C,28,18
3372,2,1,DRY,CLASE B-C,28,18
3373,3,2,DRY,CLASE B-C,28,18
3374,2,1,DRY,CLASE B-C,27,18
3375,2,1,DRY,CLASE B-C,26,18
3376,7,2,DRY,CLASE B-C,18,18
3377,7,2,DRY,CLASE B-C,17,18
3378,6,2,RF,CLASE B-C,18,18
3379,7,1,DRY,CLASE B-C,17,18
3380,7,2,DRY,CLASE B,1,18
3381,6,2,RF,CLASE B-C,14,18
3382,2,2,DRY,CLASE B-C,14,18
3383,6,2,DRY,INSPECTION,14,18
3384,6,2,DRY,INSPECTION,11,18
3385,6,2,DRY,INSPECTION,11,18
3386,6,2,DRY,INSPECTION,11,18
3387,6,2,DRY,INSPECTION,11,18
3388,6,2,DRY,INSPECTION,11,18
3389,7,2,DRY,CLASE B-C,6,18
3390,7,2,RF,CLASE B-C,10,18
3391,7,2,DRY,CLASE B-C,3,18
3392,7,2,DRY,CLASE B-C,3,18
3393,7,2,DRY,CLASE B-C,3,18
3394,7,2,DRY,CLASE B-C,3,18
3395,7,2,RF,CLASE B-C,10,18
3396,7,2,DRY,CLASE B-C,3,18
3397,7,2,DRY,CLASE B-C,3,18
3398,7,2,DRY,CLASE B-C,3,18
3399,7,2,RF,CLASE B-C,10,18
3400,7,2,DRY,CLASE B-C,3,18
3401,7,2,DRY,CLASE B-C,13,18
3402,7,2,DRY,CLASE B-C,14,18
3403,7,2,DRY,CLASE B-C,3,18
3404,7,2,DRY,CLASE B-C,3,18
3405,7,2,DRY,CLASE B-C,3,18
3406,7,2,DRY,CLASE B-C,3,18
3407,6,2,DRY,INSPECTION,13,18
3408,6,2,DRY,INSPECTION,13,18
3409,6,2,RF,CLASE B-C,13,18
3410,7,2,DRY,CLASE B-C,2,18
3411,7,2,DRY,CLASE B-C,6,18
3412,7,2,DRY,CLASE B-C,6,18
3413,7,2,DRY,CLASE B-C,6,18
3414,7,2,DRY,CLASE B-C,6,18
3415,7,2,DRY,CLASE B-C,8,18
3416,7,2,DRY,CLASE B-C,6,18
3417,7,2,DRY,CLASE B-C,6,18
3418,7,2,DRY,CLASE B-C,6,18
3419,7,2,DRY,CLASE B-C,6,18
3420,7,2,DRY,CLASE B-C,6,18
3421,7,2,DRY,CLASE B-C,6,18
3422,7,2,DRY,CLASE B-C,3,18
3423,7,2,DRY,CLASE B-C,6,18
3424,7,2,DRY,CLASE B-C,1,18
3425,7,2,DRY,CLASE B-C,6,18
3426,7,2,DRY,CLASE B-C,2,18
3427,7,2,DRY,CLASE B-C,1,18
3428,7,2,DRY,CLASE B-C,2,18
3429,3,2,DRY,CLASE B-C,2,18
3430,3,2,DRY,CLASE B-C,2,18
3431,3,2,DRY,CLASE B-C,1,18
3432,3,2,DRY,CLASE B-C,2,18
3433,3,2,DRY,CLASE B-C,2,18
3434,3,2,DRY,CLASE B-C,1,18
3435,6,2,DRY,CLASE B-C,4,18
3436,6,2,DRY,CLASE B-C,3,18
3437,6,2,DRY,INSPECTION,3,18
3438,6,2,DRY,CLASE B-C,3,18
3439,6,2,DRY,CLASE B-C,4,18
3440,6,2,DRY,CLASE B-C,4,18
3441,6,2,DRY,INSPECTION,4,18
3442,6,2,DRY,CLASE B-C,4,18
3443,6,2,RF,CLASE B-C,4,18
3444,6,2,DRY,INSPECTION,3,18
3445,6,2,DRY,INSPECTION,3,18
3446,6,2,DRY,CLASE B-C,4,18
3447,6,2,DRY,INSPECTION,3,18
3448,6,2,DRY,INSPECTION,4,18
3449,6,2,DRY,CLASE B-C,3,18
3450,6,2,DRY,INSPECTION,3,18
3451,6,2,DRY,INSPECTION,4,18
3452,6,2,RF,CLASE B-C,4,18
3453,6,2,RF,CLASE B-C,4,18
3454,6,2,RF,CLASE B-C,4,18
3455,6,2,DRY,CLASE B-C,4,18
3456,6,2,DRY,CLASE B-C,4,18
3457,6,2,DRY,INSPECTION,3,18
3458,6,2,RF,CLASE B-C,4,18
3459,7,2,DRY,CLASE B-C,2,18
3460,7,2,DRY,CLASE B-C,4,18
3461,2,1,DRY,CLASE B-C,2,18
3462,2,1,DRY,CLASE B-C,2,18
3463,2,1,DRY,CLASE B-C,2,18
3464,1,2,RF,CLASE B-C,5,18
3465,1,2,RF,CLASE B-C,5,18
3466,2,2,DRY,CLASE B-C,1,18
3467,2,2,DRY,CLASE B-C,1,18
3468,2,2,DRY,CLASE B-C,1,18
3469,2,2,DRY,CLASE B-C,1,18
3470,2,1,DRY,CLASE B-C,5,18
3471,2,1,DRY,CLASE B-C,5,18
3472,2,1,DRY,CLASE B-C,5,18
3473,2,1,DRY,CLASE B-C,5,18
3474,7,1,DRY,CLASE B-C,5,18
3475,6,2,DRY,INSPECTION,135,18
3476,4,2,DRY,CLASE B-C,112,18
3477,6,2,RF,CLASE B-C,89,18
3478,2,2,DRY,CLASE B-C,80,18
3479,2,2,DRY,CLASE B-C,80,18
3480,2,2,DRY,CLASE B-C,80,18
3481,7,2,RF,CLASE B-C,53,18
3482,7,2,RF,CLASE B-C,65,18
3483,7,2,RF,CLASE B-C,48,18
3484,2,2,DRY,CLASE B-C,46,18
3485,3,2,DRY,CLASE B-C,35,18
3486,6,2,RF,CLASE B-C,34,18
3487,6,2,RF,CLASE B-C,34,18
3488,6,2,RF,CLASE B-C,34,18
3489,6,2,RF,CLASE B-C,34,18
3490,6,2,RF,CLASE B-C,35,18
3491,7,2,DRY,CLASE B-C,33,18
3492,2,2,RF,CLASE B-C,31,18
3493,2,2,RF,CLASE B-C,31,18
3494,3,1,DRY,CLASE B-C,33,18
3495,7,2,DRY,CLASE B-C,27,18
3496,2,1,DRY,CLASE B-C,28,18
3497,2,1,DRY,CLASE B-C,28,18
3498,2,2,RF,CLASE B-C,13,18
3499,7,2,DRY,CLASE B-C,2,18
3500,7,2,DRY,CLASE B,2,18
3501,7,2,DRY,CLASE B-C,1,18
3502,7,2,DRY,CLASE B-C,2,18
3503,7,2,DRY,CLASE B-C,1,18
3504,7,2,DRY,CLASE B-C,4,18
3505,7,2,DRY,CLASE B-C,1,18
3506,7,2,DRY,CLASE B-C,4,18
3507,7,2,DRY,CLASE B-C,2,18
3508,7,2,DRY,CLASE B-C,1,18
3509,7,2,DRY,CLASE B-C,4,18
3510,7,2,DRY,CLASE B-C,1,18
3511,7,2,DRY,CLASE B-C,22,18
3512,7,2,DRY,CLASE B-C,4,18
3513,7,2,DRY,CLASE B-C,1,18
3514,7,2,DRY,CLASE B-C,4,18
3515,7,2,DRY,CLASE B-C,4,18
3516,7,2,DRY,CLASE B-C,2,18
3517,7,2,DRY,CLASE B-C,4,18
3518,7,2,DRY,CLASE A,1,18
3519,7,2,DRY,CLASE B-C,2,18
3520,7,2,DRY,CLASE B-C,1,18
3521,7,2,DRY,CLASE B-C,1,18
3522,7,2,DRY,CLASE B-C,4,18
3523,7,1,DRY,CLASE B-C,17,18
3524,7,2,DRY,CLASE B-C,4,18
3525,7,2,DRY,CLASE B-C,4,18
3526,7,2,DRY,CLASE B-C,4,18
3527,7,2,DRY,CLASE B-C,4,18
3528,7,2,DRY,CLASE B-C,1,18
3529,7,2,DRY,CLASE B-C,2,18
3530,7,2,DRY,CLASE B-C,22,18
3531,7,2,DRY,CLASE B-C,4,18
3532,7,2,DRY,CLASE B-C,2,18
3533,7,2,DRY,CLASE B-C,1,18
3534,7,2,DRY,CLASE B-C,1,18
3535,7,2,DRY,CLASE B-C,1,18
3536,7,2,DRY,CLASE B-C,1,18
3537,7,2,DRY,CLASE B-C,1,18
3538,7,2,DRY,CLASE B-C,1,18
3539,7,2,DRY,CLASE B-C,2,18
3540,7,2,DRY,CLASE B-C,2,18
3541,7,2,DRY,CLASE B-C,1,18
3542,7,2,DRY,CLASE B-C,1,18
3543,7,2,DRY,CLASE B-C,1,18
3544,7,2,DRY,CLASE B-C,16,18
3545,7,2,DRY,CLASE B-C,2,18
3546,7,2,DRY,CLASE B-C,1,18
3547,7,2,DRY,CLASE B-C,1,18
3548,7,2,DRY,CLASE B-C,1,18
3549,7,2,DRY,CLASE B-C,2,18
3550,7,2,DRY,CLASE B-C,1,18
3551,7,2,DRY,CLASE B-C,1,18
3552,7,2,DRY,CLASE B-C,2,18
3553,7,2,DRY,CLASE B-C,1,18
3554,7,2,DRY,CLASE B-C,1,18
3555,7,2,DRY,CLASE B-C,2,18
3556,7,2,DRY,CLASE B-C,1,18
3557,7,2,DRY,CLASE B,1,18
3558,7,2,DRY,CLASE B-C,1,18
3559,7,2,DRY,CLASE B-C,1,18
3560,7,2,DRY,CLASE A,2,18
3561,7,2,DRY,CLASE B-C,1,18
3562,7,2,DRY,CLASE B-C,1,18
3563,7,2,DRY,CLASE B-C,1,18
3564,7,2,DRY,CLASE B-C,1,18
3565,7,2,DRY,CLASE B-C,1,18
3566,7,2,DRY,CLASE B-C,1,18
3567,7,2,DRY,CLASE B-C,1,18
3568,7,2,DRY,CLASE B-C,1,18
3569,7,2,DRY,CLASE B-C,1,18
3570,7,2,DRY,CLASE B-C,1,18
3571,7,2,DRY,CLASE B-C,2,18
3572,7,2,DRY,CLASE B-C,1,18
3573,7,2,DRY,CLASE B-C,2,18
3574,7,2,DRY,CLASE B-C,1,18
3575,7,2,DRY,CLASE B-C,1,18
3576,7,2,DRY,CLASE B-C,1,18
3577,7,2,DRY,CLASE B-C,1,18
3578,7,2,DRY,CLASE B-C,1,18
3579,7,2,DRY,CLASE B-C,1,18
3580,7,1,DRY,CLASE B-C,17,18
3581,3,2,DRY,CLASE B-C,2,18
3582,3,2,DRY,CLASE B-C,2,18
3583,7,2,RF,CLASE B-C,10,18
3584,7,2,RF,CLASE B-C,11,18
3585,7,2,RF,CLASE B-C,10,18
3586,7,2,DRY,CLASE B-C,11,18
3587,7,2,DRY,CLASE B-C,2,18
3588,7,2,DRY,CLASE B-C,11,18
3589,7,2,DRY,CLASE B-C,4,18
3590,7,2,RF,CLASE B-C,10,18
3591,7,2,DRY,CLASE B-C,7,18
3592,7,2,DRY,CLASE B-C,11,18
3593,7,2,RF,CLASE B-C,11,18
3594,7,2,DRY,CLASE B-C,2,18
3595,7,2,RF,INSPECTION,10,18
3596,7,2,DRY,CLASE B-C,11,18
3597,7,2,DRY,CLASE B-C,2,18
3598,7,2,DRY,CLASE B-C,4,18
3599,7,2,DRY,CLASE B-C,2,18
3600,2,2,DRY,CLASE B-C,15,18
3601,6,2,DRY,CLASE B-C,14,18
3602,6,2,DRY,CLASE B-C,14,18
3603,6,2,DRY,CLASE B-C,13,18
3604,1,2,RF,CLASE B-C,12,18
3605,2,1,DRY,CLASE B-C,12,18
3606,2,2,DRY,CLASE B-C,13,18
3607,7,2,DRY,CLASE B-C,6,18
3608,7,2,DRY,CLASE B-C,6,18
3609,7,2,DRY,CLASE B-C,1,18
3610,7,2,DRY,CLASE B-C,6,18
3611,7,2,DRY,CLASE B-C,2,18
3612,7,2,DRY,CLASE B-C,2,18
3613,7,2,DRY,CLASE B-C,3,18
3614,7,2,DRY,CLASE B-C,3,18
3615,7,2,DRY,CLASE B-C,2,18
3616,7,2,DRY,CLASE B-C,1,18
3617,7,2,DRY,CLASE B-C,1,18
3618,7,2,DRY,CLASE B-C,2,18
3619,7,2,DRY,CLASE B-C,2,18
3620,7,2,DRY,CLASE B-C,1,18
3621,7,2,DRY,CLASE A,2,18
3622,7,2,DRY,CLASE B-C,3,18
3623,7,2,DRY,CLASE D,3,18
3624,7,2,DRY,CLASE B-C,6,18
3625,7,2,DRY,CLASE B-C,6,18
3626,7,2,DRY,CLASE B-C,2,18
3627,7,2,DRY,CLASE B-C,1,18
3628,7,2,DRY,CLASE B-C,1,18
3629,7,2,DRY,CLASE B-C,6,18
3630,7,2,DRY,CLASE B-C,6,18
3631,7,2,DRY,CLASE B-C,1,18
3632,7,2,DRY,CLASE B-C,1,18
3633,7,2,DRY,CLASE B-C,1,18
3634,7,2,DRY,CLASE A,1,18
3635,7,2,DRY,CLASE B-C,3,18
3636,7,2,DRY,CLASE B-C,3,18
3637,7,2,DRY,CLASE B-C,1,18
3638,7,2,DRY,CLASE B-C,1,18
3639,7,2,DRY,CLASE B-C,3,18
3640,7,2,DRY,CLASE B-C,1,18
3641,7,2,DRY,CLASE B-C,2,18
3642,7,2,DRY,CLASE B-C,1,18
3643,7,2,DRY,CLASE B-C,3,18
3644,7,2,DRY,CLASE B-C,1,18
3645,7,2,DRY,CLASE D,2,18
3646,7,2,DRY,CLASE B-C,1,18
3647,7,2,DRY,CLASE B-C,2,18
3648,3,2,DRY,CLASE B-C,4,18
3649,3,2,DRY,CLASE B-C,3,18
3650,3,2,DRY,CLASE B-C,3,18
3651,3,2,DRY,CLASE B-C,3,18
3652,3,2,DRY,CLASE B-C,3,18
3653,3,2,DRY,CLASE B-C,3,18
3654,3,2,DRY,CLASE B-C,3,18
3655,3,2,DRY,CLASE B-C,4,18
3656,3,2,DRY,CLASE B-C,3,18
3657,3,2,DRY,CLASE B-C,3,18
3658,3,2,DRY,CLASE B-C,4,18
3659,3,2,DRY,CLASE B-C,3,18
3660,3,2,DRY,CLASE B-C,4,18
3661,3,2,DRY,CLASE B-C,4,18
3662,3,2,DRY,CLASE B-C,3,18
3663,3,2,DRY,CLASE B-C,3,18
3664,3,2,DRY,CLASE B-C,3,18
3665,3,2,DRY,CLASE B-C,3,18
3666,6,2,DRY,CLASE B-C,3,18
3667,6,2,DRY,INSPECTION,5,18
3668,6,2,DRY,CLASE B-C,5,18
3669,6,2,DRY,CLASE B-C,3,18
3670,6,2,DRY,CLASE B-C,3,18
3671,6,2,DRY,CLASE B-C,3,18
3672,6,2,DRY,CLASE B-C,3,18
3673,6,2,DRY,INSPECTION,5,18
3674,6,2,DRY,CLASE B-C,5,18
3675,6,2,DRY,CLASE B-C,5,18
3676,6,2,DRY,CLASE B-C,3,18
3677,6,2,DRY,CLASE B-C,5,18
3678,6,2,DRY,CLASE B-C,3,18
3679,6,2,DRY,CLASE B-C,5,18
3680,6,2,DRY,CLASE B-C,5,18
3681,6,2,DRY,CLASE B-C,5,18
3682,6,2,DRY,CLASE B-C,5,18
3683,6,2,DRY,CLASE B-C,3,18
3684,6,2,DRY,CLASE B-C,3,18
3685,6,2,DRY,CLASE B-C,3,18
3686,6,2,DRY,CLASE B-C,3,18
3687,6,2,DRY,CLASE A,3,18
3688,6,2,DRY,CLASE B-C,5,18
3689,6,2,DRY,CLASE B-C,5,18
3690,6,2,DRY,CLASE B-C,3,18
3691,6,2,DRY,INSPECTION,5,18
3692,6,2,DRY,CLASE B-C,5,18
3693,6,2,DRY,CLASE B-C,5,18
3694,6,2,DRY,CLASE B-C,5,18
3695,6,2,DRY,CLASE B-C,3,18
3696,6,2,DRY,CLASE B-C,3,18
3697,6,2,DRY,CLASE B-C,5,18
3698,6,2,DRY,CLASE B-C,5,18
3699,6,2,DRY,CLASE B-C,3,18
3700,6,2,DRY,CLASE B-C,5,18
3701,6,2,DRY,CLASE B-C,5,18
3702,6,2,DRY,CLASE B-C,5,18
3703,6,2,DRY,CLASE B-C,3,18
3704,6,2,DRY,CLASE B-C,3,18
3705,6,2,DRY,CLASE B-C,5,18
3706,6,2,DRY,CLASE B-C,3,18
3707,6,2,DRY,CLASE B-C,3,18
3708,6,2,DRY,CLASE B-C,5,18
3709,6,2,DRY,CLASE B-C,5,18
3710,6,2,DRY,CLASE B-C,5,18
3711,6,2,DRY,CLASE B-C,5,18
3712,6,2,DRY,CLASE B-C,5,18
3713,6,2,DRY,CLASE B-C,3,18
3714,7,2,DRY,CLASE B-C,2,18
3715,7,2,DRY,CLASE B-C,4,18
3716,7,2,DRY,CLASE B-C,4,18
3717,7,2,DRY,CLASE B-C,4,18
3718,2,1,DRY,CLASE B-C,8,18
3719,2,1,DRY,CLASE B-C,2,18
3720,2,2,DRY,CLASE B-C,1,18
3721,2,2,DRY,CLASE B-C,1,18
3722,2,2,DRY,CLASE B-C,4,18
3723,2,2,DRY,CLASE B-C,2,18
3724,2,2,DRY,CLASE B-C,6,18
3725,2,1,DRY,CLASE B-C,1,18
3726,6,2,DRY,CLASE B-C,2,18
3727,2,2,DRY,CLASE B-C,1,18
3728,3,2,DRY,CLASE B-C,1,18
3729,2,2,DRY,CLASE B-C,1,18
3730,2,2,DRY,CLASE B-C,1,18
3731,1,2,DRY,INSPECTION,106,18
3732,1,2,DRY,CLASE B-C,134,18
3733,6,2,DRY,INSPECTION,116,18
3734,2,2,DRY,CLASE B-C,123,18
3735,6,2,DRY,INSPECTION,116,18
3736,4,2,DRY,CLASE B-C,112,18
3737,2,2,DRY,CLASE B-C,111,18
3738,6,2,DRY,INSPECTION,110,18
3739,6,2,DRY,INSPECTION,114,18
3740,6,2,DRY,INSPECTION,102,18
3741,3,1,DRY,CLASE B-C,85,18
3742,6,2,DRY,INSPECTION,92,18
3743,6,2,DRY,INSPECTION,93,18
3744,6,2,DRY,INSPECTION,83,18
3745,1,2,DRY,INSPECTION,84,18
3746,6,2,DRY,INSPECTION,91,18
3747,7,2,RF,CLASE B-C,81,18
3748,7,2,RF,CLASE B-C,83,18
3749,6,2,DRY,INSPECTION,88,18
3750,6,2,DRY,INSPECTION,84,18
3751,1,2,DRY,INSPECTION,51,18
3752,1,2,DRY,CLASE D,68,18
3753,1,2,DRY,INSPECTION,78,18
3754,1,2,RF,CLASE B-C,76,18
3755,1,2,DRY,CLASE D,68,18
3756,6,2,DRY,INSPECTION,83,18
3757,6,2,DRY,INSPECTION,83,18
3758,3,2,DRY,CLASE B-C,79,18
3759,1,2,DRY,CLASE B-C,79,18
3760,7,2,RF,CLASE B-C,75,18
3761,7,2,RF,CLASE B-C,73,18
3762,7,2,RF,CLASE B-C,74,18
3763,3,2,DRY,CLASE B-C,77,18
3764,6,2,DRY,INSPECTION,69,18
3765,6,2,DRY,INSPECTION,65,18
3766,6,2,DRY,INSPECTION,64,18
3767,6,2,DRY,INSPECTION,69,18
3768,6,2,DRY,INSPECTION,65,18
3769,6,2,DRY,INSPECTION,64,18
3770,6,2,DRY,INSPECTION,69,18
3771,6,2,DRY,INSPECTION,65,18
3772,6,2,DRY,INSPECTION,65,18
3773,6,2,DRY,INSPECTION,68,18
3774,7,2,RF,CLASE B-C,60,18
3775,6,2,DRY,INSPECTION,68,18
3776,1,2,DRY,INSPECTION,71,18
3777,7,2,RF,CLASE B-C,52,18
3778,1,2,DRY,INSPECTION,64,18
3779,4,2,DRY,CLASE B-C,61,18
3780,1,2,DRY,CLASE B-C,62,18
3781,1,2,DRY,CLASE D,59,18
3782,1,2,DRY,CLASE D,59,18
3783,1,2,DRY,CLASE D,58,18
3784,1,2,DRY,CLASE B-C,57,18
3785,7,2,DRY,CLASE B-C,58,18
3786,7,2,DRY,CLASE B-C,57,18
3787,1,2,DRY,CLASE D,56,18
3788,1,2,DRY,INSPECTION,56,18
3789,3,2,DRY,CLASE B-C,54,18
3790,3,2,DRY,CLASE B-C,54,18
3791,3,2,DRY,CLASE B-C,54,18
3792,3,2,DRY,CLASE B-C,51,18
3793,3,2,DRY,CLASE B-C,51,18
3794,1,2,DRY,INSPECTION,51,18
3795,6,2,DRY,INSPECTION,44,18
3796,7,2,DRY,CLASE B-C,51,18
3797,7,2,DRY,CLASE B-C,51,18
3798,6,2,RF,CLASE B-C,49,18
3799,2,2,DRY,CLASE B-C,47,18
3800,1,2,DRY,INSPECTION,49,18
3801,1,2,DRY,INSPECTION,48,18
3802,7,2,DRY,CLASE B-C,45,18
3803,6,2,RF,CLASE B-C,47,18
3804,6,2,RF,CLASE B-C,45,18
3805,6,2,RF,CLASE B-C,45,18
3806,6,2,RF,CLASE B-C,45,18
3807,1,2,DRY,INSPECTION,45,18
3808,1,1,DRY,INSPECTION,44,18
3809,1,1,DRY,INSPECTION,44,18
3810,3,2,DRY,CLASE B-C,43,18
3811,1,2,DRY,CLASE D,43,18
3812,1,2,DRY,CLASE D,42,18
3813,1,2,DRY,CLASE D,42,18
3814,1,2,DRY,CLASE B-C,41,18
3815,1,2,DRY,CLASE D,41,18
3816,1,2,DRY,CLASE D,41,18
3817,1,2,DRY,INSPECTION,41,18
3818,1,2,DRY,INSPECTION,41,18
3819,3,2,DRY,CLASE B-C,36,18
3820,6,2,RF,CLASE B-C,35,18
3821,6,2,RF,CLASE B-C,35,18
3822,6,2,RF,CLASE B-C,35,18
3823,6,2,RF,CLASE B-C,34,18
3824,6,2,RF,CLASE B-C,35,18
3825,6,2,RF,CLASE B-C,35,18
3826,6,2,RF,CLASE B-C,37,18
3827,6,2,RF,CLASE B-C,36,18
3828,6,2,RF,CLASE B-C,35,18
3829,7,2,DRY,CLASE B-C,37,18
3830,2,2,DRY,CLASE B-C,33,18
3831,2,2,RF,CLASE B-C,33,18
3832,2,2,RF,CLASE B-C,35,18
3833,3,2,DRY,CLASE B-C,29,18
3834,3,2,DRY,CLASE B-C,29,18
3835,3,2,DRY,CLASE B-C,31,18
3836,7,2,RF,CLASE B-C,30,18
3837,7,2,RF,CLASE B-C,26,18
3838,3,2,DRY,CLASE B-C,33,18
3839,2,1,DRY,CLASE B-C,28,18
3840,3,2,DRY,CLASE B-C,29,18
3841,2,2,RF,CLASE B-C,14,18
3842,2,2,RF,CLASE B-C,19,18
3843,2,2,RF,CLASE B-C,19,18
3844,2,2,RF,CLASE B-C,14,18
3845,2,2,RF,CLASE B-C,14,18
3846,2,2,RF,CLASE B-C,13,18
3847,2,2,RF,CLASE B-C,19,18
3848,7,2,RF,CLASE B-C,18,18
3849,7,2,RF,CLASE B-C,18,18
3850,7,2,RF,CLASE B-C,18,18
3851,7,2,RF,CLASE B-C,19,18
3852,7,2,DRY,CLASE B-C,23,18
3853,3,2,DRY,CLASE B-C,18,18
3854,7,2,DRY,CLASE B-C,1,18
3855,7,2,DRY,CLASE B,1,18
3856,7,2,DRY,CLASE B-C,15,18
3857,7,2,DRY,CLASE B-C,22,18
3858,7,2,DRY,CLASE B-C,16,18
3859,7,2,DRY,CLASE B-C,1,18
3860,7,2,DRY,CLASE B-C,22,18
3861,7,2,DRY,CLASE B-C,16,18
3862,7,2,DRY,CLASE B-C,1,18
3863,7,2,DRY,CLASE B-C,1,18
3864,7,2,DRY,CLASE B-C,5,18
3865,7,2,DRY,CLASE B-C,1,18
3866,7,2,DRY,CLASE B-C,18,18
3867,7,2,DRY,CLASE B-C,1,18
3868,7,2,DRY,CLASE B-C,16,18
3869,7,2,DRY,CLASE B-C,12,18
3870,7,2,DRY,CLASE B-C,1,18
3871,7,2,DRY,CLASE B-C,18,18
3872,7,2,DRY,CLASE B-C,1,18
3873,7,2,DRY,CLASE B-C,1,18
3874,7,2,DRY,CLASE B-C,1,18
3875,7,2,DRY,CLASE B-C,1,18
3876,7,2,DRY,CLASE B-C,20,18
3877,7,2,DRY,CLASE B-C,18,18
3878,7,2,DRY,CLASE B-C,1,18
3879,7,2,DRY,CLASE B-C,1,18
3880,7,2,DRY,CLASE B-C,20,18
3881,7,2,DRY,CLASE B-C,5,18
3882,7,2,DRY,CLASE B-C,1,18
3883,7,2,DRY,CLASE B-C,1,18
3884,7,2,DRY,CLASE B-C,1,18
3885,7,2,DRY,CLASE B-C,1,18
3886,7,2,DRY,CLASE B-C,16,18
3887,7,2,DRY,CLASE B-C,1,18
3888,7,2,DRY,CLASE B-C,16,18
3889,7,2,DRY,CLASE B-C,1,18
3890,7,2,DRY,CLASE B-C,1,18
3891,7,2,DRY,CLASE B-C,16,18
3892,7,2,DRY,CLASE B-C,16,18
3893,7,2,DRY,CLASE B-C,1,18
3894,7,2,DRY,CLASE B-C,1,18
3895,7,2,DRY,CLASE B-C,1,18
3896,7,2,DRY,CLASE B-C,1,18
3897,7,2,DRY,CLASE B-C,1,18
3898,7,2,DRY,CLASE B-C,16,18
3899,7,2,DRY,CLASE B-C,1,18
3900,7,2,DRY,CLASE B-C,1,18
3901,7,2,DRY,CLASE B-C,16,18
3902,7,2,DRY,CLASE B-C,1,18
3903,7,2,DRY,CLASE B-C,1,18
3904,7,2,DRY,CLASE B-C,1,18
3905,7,2,DRY,CLASE B-C,1,18
3906,7,2,DRY,CLASE B-C,1,18
3907,7,2,DRY,CLASE B-C,1,18
3908,7,2,DRY,CLASE B-C,15,18
3909,7,2,DRY,CLASE B-C,18,18
3910,7,2,DRY,CLASE B-C,15,18
3911,7,2,DRY,CLASE B-C,17,18
3912,7,2,DRY,CLASE B-C,1,18
3913,7,2,DRY,CLASE B-C,15,18
3914,7,2,DRY,CLASE B-C,16,18
3915,7,2,DRY,CLASE B-C,1,18
3916,7,2,DRY,CLASE B-C,1,18
3917,7,2,DRY,CLASE B-C,1,18
3918,7,2,DRY,CLASE B-C,1,18
3919,7,2,DRY,CLASE B-C,16,18
3920,7,2,RF,CLASE B-C,18,18
3921,7,2,DRY,CLASE B-C,1,18
3922,7,2,DRY,CLASE B-C,1,18
3923,7,2,DRY,CLASE B-C,1,18
3924,7,2,DRY,CLASE B-C,1,18
3925,7,2,DRY,CLASE B-C,20,18
3926,7,2,DRY,CLASE B-C,18,18
3927,7,2,DRY,CLASE B-C,1,18
3928,7,2,DRY,CLASE B-C,1,18
3929,7,2,DRY,CLASE B-C,20,18
3930,7,2,DRY,CLASE B-C,20,18
3931,7,2,DRY,CLASE B-C,1,18
3932,7,2,DRY,CLASE B,1,18
3933,7,2,DRY,CLASE B-C,1,18
3934,7,2,DRY,CLASE B-C,18,18
3935,7,2,DRY,CLASE B-C,1,18
3936,7,2,DRY,CLASE B-C,1,18
3937,7,2,DRY,CLASE B-C,1,18
3938,7,2,DRY,CLASE B-C,16,18
3939,7,2,DRY,CLASE B-C,18,18
3940,7,2,DRY,CLASE B-C,22,18
3941,7,2,DRY,CLASE B-C,1,18
3942,7,2,DRY,CLASE B-C,1,18
3943,7,2,DRY,CLASE B-C,1,18
3944,7,2,DRY,CLASE B-C,1,18
3945,7,2,DRY,CLASE B-C,1,18
3946,7,2,DRY,CLASE D,1,18
3947,7,2,DRY,CLASE B-C,20,18
3948,7,2,DRY,CLASE B-C,1,18
3949,7,2,DRY,CLASE B-C,1,18
3950,7,2,DRY,CLASE B-C,1,18
3951,7,2,DRY,CLASE B-C,20,18
3952,7,2,DRY,CLASE B-C,1,18
3953,7,2,DRY,CLASE B-C,1,18
3954,6,2,DRY,CLASE B-C,22,18
3955,3,2,DRY,CLASE B-C,17,18
3956,6,2,DRY,CLASE B-C,15,18
3957,3,2,DRY,CLASE B-C,14,18
3958,3,2,DRY,CLASE B-C,15,18
3959,3,2,DRY,CLASE B-C,13,18
3960,6,2,DRY,INSPECTION,13,18
3961,7,2,DRY,CLASE B-C,7,18
3962,7,2,DRY,CLASE B-C,7,18
3963,7,2,DRY,CLASE B-C,12,18
3964,7,2,DRY,CLASE B-C,7,18
3965,7,2,DRY,CLASE B-C,12,18
3966,7,2,DRY,CLASE B-C,12,18
3967,7,2,DRY,CLASE B-C,13,18
3968,7,2,DRY,CLASE B-C,1,18
3969,7,2,DRY,CLASE B-C,7,18
3970,7,2,DRY,CLASE B-C,15,18
3971,7,2,DRY,CLASE B-C,15,18
3972,7,2,RF,CLASE B-C,12,18
3973,7,2,DRY,CLASE B-C,15,18
3974,7,2,DRY,CLASE B-C,12,18
3975,7,2,DRY,CLASE B-C,15,18
3976,7,2,DRY,CLASE B-C,15,18
3977,7,2,DRY,CLASE B-C,13,18
3978,7,2,DRY,CLASE B-C,12,18
3979,7,2,DRY,CLASE B-C,15,18
3980,7,2,DRY,CLASE B-C,12,18
3981,7,2,DRY,CLASE B-C,15,18
3982,7,2,DRY,CLASE B-C,15,18
3983,7,2,DRY,CLASE B-C,13,18
3984,7,2,DRY,CLASE B-C,1,18
3985,7,2,DRY,CLASE B-C,7,18
3986,7,2,DRY,CLASE B-C,7,18
3987,7,2,DRY,CLASE B-C,7,18
3988,7,2,DRY,CLASE B-C,15,18
3989,7,2,DRY,CLASE B-C,7,18
3990,7,2,DRY,CLASE B-C,7,18
3991,7,2,DRY,CLASE B-C,7,18
3992,7,2,DRY,CLASE B-C,7,18
3993,7,2,DRY,CLASE B-C,15,18
3994,7,2,DRY,CLASE B-C,15,18
3995,7,2,DRY,CLASE B-C,7,18
3996,7,2,DRY,CLASE B-C,13,18
3997,7,2,DRY,CLASE B-C,12,18
3998,7,2,DRY,CLASE B-C,13,18
3999,7,2,DRY,CLASE B-C,15,18
4000,7,2,DRY,CLASE B-C,7,18
4001,7,2,DRY,CLASE B-C,12,18
4002,7,2,DRY,CLASE B-C,15,18
4003,7,2,DRY,CLASE B-C,7,18
4004,7,2,DRY,CLASE B-C,12,18
4005,7,2,DRY,CLASE B-C,7,18
4006,7,2,RF,CLASE B-C,11,18
4007,7,2,RF,CLASE B-C,12,18
4008,7,2,DRY,CLASE B-C,7,18
4009,7,2,DRY,CLASE B-C,13,18
4010,7,2,DRY,CLASE B-C,15,18
4011,7,2,DRY,CLASE B-C,13,18
4012,7,2,DRY,CLASE B-C,7,18
4013,7,2,DRY,CLASE B,12,18
4014,7,2,DRY,CLASE B-C,15,18
4015,7,2,DRY,CLASE A,11,18
4016,7,2,RF,CLASE B-C,12,18
4017,7,2,DRY,CLASE B-C,13,18
4018,7,2,DRY,CLASE B-C,7,18
4019,7,2,DRY,CLASE B-C,7,18
4020,7,2,DRY,CLASE B-C,15,18
4021,7,2,DRY,CLASE B-C,12,18
4022,7,2,DRY,CLASE B-C,13,18
4023,7,2,DRY,CLASE B-C,15,18
4024,7,2,DRY,CLASE B-C,15,18
4025,7,2,DRY,CLASE B-C,7,18
4026,7,2,DRY,CLASE B-C,7,18
4027,7,2,DRY,CLASE B-C,7,18
4028,7,2,DRY,CLASE B-C,1,18
4029,7,2,DRY,CLASE B-C,7,18
4030,7,2,DRY,CLASE B-C,15,18
4031,7,2,DRY,CLASE B-C,13,18
4032,7,2,DRY,CLASE B-C,1,18
4033,7,2,DRY,CLASE B-C,1,18
4034,7,2,DRY,CLASE B-C,1,18
4035,7,2,DRY,CLASE B-C,1,18
4036,7,2,DRY,CLASE B-C,1,18
4037,7,2,DRY,CLASE B-C,1,18
4038,7,2,DRY,CLASE B-C,1,18
4039,7,2,DRY,CLASE B-C,7,18
4040,7,2,DRY,CLASE B-C,7,18
4041,7,2,DRY,CLASE B-C,15,18
4042,7,2,DRY,CLASE B-C,7,18
4043,7,2,DRY,CLASE B-C,15,18
4044,7,2,DRY,CLASE B-C,13,18
4045,7,2,DRY,CLASE B,7,18
4046,7,2,DRY,CLASE B-C,15,18
4047,7,2,DRY,CLASE B-C,1,18
4048,7,2,DRY,CLASE B-C,1,18
4049,7,2,RF,CLASE B-C,12,18
4050,7,2,DRY,CLASE B-C,1,18
4051,7,2,DRY,CLASE B-C,7,18
4052,7,2,DRY,CLASE B-C,1,18
4053,7,2,DRY,CLASE B-C,7,18
4054,7,2,DRY,CLASE B-C,7,18
4055,7,2,DRY,CLASE B-C,7,18
4056,7,2,DRY,CLASE B-C,13,18
4057,7,2,DRY,CLASE B-C,15,18
4058,7,2,DRY,CLASE B-C,7,18
4059,7,2,DRY,CLASE D,14,18
4060,7,2,DRY,CLASE B-C,13,18
4061,7,2,RF,CLASE B-C,12,18
4062,7,2,DRY,CLASE B-C,7,18
4063,7,2,DRY,CLASE B-C,1,18
4064,7,2,DRY,CLASE B-C,15,18
4065,7,2,DRY,CLASE B-C,15,18
4066,7,2,DRY,CLASE B-C,13,18
4067,7,2,DRY,CLASE B-C,15,18
4068,7,2,DRY,CLASE B-C,13,18
4069,7,2,DRY,CLASE B-C,7,18
4070,7,2,DRY,CLASE B-C,15,18
4071,7,2,DRY,CLASE B-C,7,18
4072,7,2,DRY,CLASE B-C,12,18
4073,7,2,DRY,CLASE B-C,15,18
4074,7,2,DRY,CLASE B-C,13,18
4075,7,2,DRY,CLASE B-C,13,18
4076,6,2,DRY,INSPECTION,16,18
4077,6,2,DRY,INSPECTION,16,18
4078,6,2,DRY,INSPECTION,15,18
4079,6,2,DRY,INSPECTION,15,18
4080,7,2,DRY,CLASE B-C,8,18
4081,7,2,DRY,CLASE B-C,1,18
4082,7,2,DRY,CLASE B-C,9,18
4083,7,2,DRY,CLASE B-C,1,18
4084,7,2,DRY,CLASE B-C,7,18
4085,7,2,DRY,CLASE B-C,1,18
4086,7,2,DRY,CLASE B-C,7,18
4087,7,2,DRY,CLASE B-C,7,18
4088,7,2,RF,CLASE B-C,3,18
4089,7,2,DRY,CLASE B-C,9,18
4090,7,2,DRY,CLASE B-C,9,18
4091,7,2,DRY,CLASE B-C,7,18
4092,7,2,DRY,CLASE B-C,1,18
4093,7,2,DRY,CLASE D,7,18
4094,7,2,DRY,CLASE B-C,7,18
4095,7,2,DRY,CLASE B-C,4,18
4096,7,2,DRY,CLASE B-C,4,18
4097,7,2,DRY,CLASE B-C,4,18
4098,7,2,DRY,CLASE B-C,4,18
4099,6,2,DRY,CLASE B-C,9,18
4100,3,2,DRY,CLASE B-C,4,18
4101,3,2,DRY,CLASE B-C,4,18
4102,3,2,DRY,CLASE B-C,4,18
4103,3,2,DRY,CLASE B-C,4,18
4104,3,2,DRY,CLASE B-C,4,18
4105,6,2,DRY,CLASE B-C,4,18
4106,6,2,DRY,CLASE B-C,5,18
4107,6,2,DRY,INSPECTION,2,18
4108,6,2,DRY,CLASE B-C,5,18
4109,6,2,DRY,INSPECTION,6,18
4110,6,2,DRY,CLASE B-C,3,18
4111,6,2,DRY,CLASE B-C,5,18
4112,6,2,DRY,INSPECTION,1,18
4113,6,2,DRY,INSPECTION,1,18
4114,6,2,DRY,CLASE B-C,1,18
4115,6,2,DRY,CLASE B-C,5,18
4116,6,2,DRY,INSPECTION,2,18
4117,6,2,DRY,INSPECTION,1,18
4118,6,2,DRY,INSPECTION,2,18
4119,6,2,DRY,CLASE B-C,3,18
4120,6,2,DRY,CLASE B-C,5,18
4121,6,2,DRY,CLASE B-C,5,18
4122,6,2,DRY,INSPECTION,6,18
4123,6,2,DRY,INSPECTION,3,18
4124,6,2,DRY,INSPECTION,1,18
4125,6,2,DRY,INSPECTION,2,18
4126,6,2,DRY,INSPECTION,2,18
4127,6,2,DRY,INSPECTION,6,18
4128,6,2,DRY,CLASE B-C,5,18
4129,6,2,DRY,CLASE B-C,5,18
4130,6,2,DRY,INSPECTION,1,18
4131,6,2,DRY,CLASE B-C,5,18
4132,6,2,DRY,CLASE B-C,5,18
4133,6,2,DRY,CLASE B-C,1,18
4134,6,2,DRY,CLASE B-C,5,18
4135,6,2,DRY,CLASE B-C,1,18
4136,6,2,DRY,CLASE B-C,5,18
4137,6,2,DRY,INSPECTION,2,18
4138,6,2,DRY,INSPECTION,3,18
4139,6,2,DRY,INSPECTION,2,18
4140,6,2,RF,CLASE B-C,3,18
4141,6,2,RF,CLASE B-C,3,18
4142,6,2,DRY,INSPECTION,1,18
4143,6,2,DRY,CLASE B-C,3,18
4144,6,2,DRY,CLASE B-C,4,18
4145,6,2,DRY,INSPECTION,1,18
4146,6,2,DRY,CLASE B-C,3,18
4147,6,2,DRY,INSPECTION,1,18
4148,6,2,DRY,INSPECTION,2,18
4149,6,2,DRY,INSPECTION,1,18
4150,6,2,DRY,INSPECTION,1,18
4151,6,2,DRY,INSPECTION,1,18
4152,6,2,DRY,CLASE B-C,6,18
4153,6,2,DRY,INSPECTION,1,18
4154,6,2,DRY,INSPECTION,2,18
4155,6,2,DRY,CLASE B-C,5,18
4156,6,2,DRY,INSPECTION,1,18
4157,6,2,DRY,INSPECTION,2,18
4158,6,2,DRY,INSPECTION,1,18
4159,6,2,DRY,CLASE B-C,4,18
4160,6,2,DRY,INSPECTION,1,18
4161,6,2,DRY,INSPECTION,1,18
4162,6,2,DRY,INSPECTION,1,18
4163,6,2,DRY,INSPECTION,2,18
4164,6,2,DRY,INSPECTION,1,18
4165,6,2,DRY,INSPECTION,2,18
4166,6,2,DRY,INSPECTION,1,18
4167,6,2,DRY,INSPECTION,1,18
4168,6,2,DRY,INSPECTION,1,18
4169,6,2,DRY,CLASE B-C,5,18
4170,6,2,DRY,INSPECTION,1,18
4171,6,2,DRY,INSPECTION,1,18
4172,6,2,DRY,INSPECTION,6,18
4173,6,2,DRY,INSPECTION,1,18
4174,6,2,DRY,INSPECTION,6,18
4175,6,2,DRY,CLASE B-C,1,18
4176,6,2,DRY,INSPECTION,2,18
4177,6,2,DRY,INSPECTION,1,18
4178,6,2,DRY,INSPECTION,2,18
4179,6,2,DRY,CLASE B-C,5,18
4180,6,2,DRY,INSPECTION,6,18
4181,6,2,DRY,INSPECTION,2,18
4182,6,2,RF,CLASE B-C,2,18
4183,6,2,RF,CLASE B-C,2,18
4184,6,2,RF,CLASE B-C,2,18
4185,6,2,RF,CLASE B-C,8,18
4186,6,2,DRY,INSPECTION,1,18
4187,6,2,DRY,INSPECTION,1,18
4188,6,2,DRY,INSPECTION,2,18
4189,6,2,DRY,CLASE B-C,4,18
4190,6,2,DRY,INSPECTION,2,18
4191,6,2,DRY,INSPECTION,2,18
4192,6,2,DRY,INSPECTION,1,18
4193,6,2,DRY,CLASE B-C,6,18
4194,6,2,DRY,INSPECTION,1,18
4195,6,2,DRY,CLASE B-C,5,18
4196,6,2,DRY,INSPECTION,8,18
4197,6,2,DRY,CLASE B-C,2,18
4198,6,2,RF,CLASE B-C,6,18
4199,7,2,DRY,CLASE B-C,5,18
4200,7,2,DRY,CLASE B-C,5,18
4201,3,2,DRY,CLASE B-C,10,18
4202,7,2,DRY,CLASE B-C,9,18
4203,2,2,DRY,CLASE B-C,7,18
4204,2,2,DRY,CLASE B-C,7,18
4205,2,2,DRY,CLASE B-C,7,18
4206,2,2,DRY,CLASE B-C,7,18
4207,1,2,RF,CLASE B-C,6,18
4208,1,2,RF,CLASE B-C,6,18
4209,1,2,RF,CLASE B-C,6,18
4210,1,2,RF,CLASE B-C,7,18
4211,1,2,RF,CLASE B-C,6,18
4212,1,2,RF,CLASE B-C,7,18
4213,1,2,RF,CLASE B-C,8,18
4214,6,2,RF,CLASE B-C,8,18
4215,6,2,RF,CLASE B-C,8,18
4216,2,2,DRY,CLASE B-C,2,18
4217,2,2,DRY,CLASE B-C,3,18
4218,2,2,DRY,CLASE B-C,2,18
4219,2,2,DRY,CLASE B-C,6,18
4220,2,2,DRY,CLASE B-C,2,18
4221,2,2,DRY,CLASE B-C,3,18
4222,4,2,DRY,CLASE B-C,4,18
4223,6,2,DRY,INSPECTION,2,18
4224,6,2,DRY,INSPECTION,2,18
4225,6,2,DRY,INSPECTION,2,18
4226,6,2,DRY,INSPECTION,2,18
4227,7,2,DRY,CLASE B-C,1,18
4228,2,2,DRY,CLASE B-C,1,18
4229,2,2,DRY,CLASE B-C,1,18
4230,2,2,DRY,CLASE B-C,1,18
4231,6,2,DRY,CLASE B-C,2,18
4232,6,2,DRY,INSPECTION,1,18
4233,3,2,DRY,CLASE B-C,1,18
4234,2,2,DRY,CLASE B-C,1,18
4235,2,2,DRY,CLASE B-C,2,18
4236,2,2,DRY,CLASE B-C,2,18
4237,3,2,DRY,CLASE B-C,1,18
4238,2,2,DRY,CLASE B-C,1,18
4239,2,2,DRY,CLASE B-C,1,18
4240,2,2,DRY,CLASE B-C,1,18
4241,2,2,DRY,CLASE B-C,1,18
4242,8,2,DRY,CLASE B-C,3,18
4243,1,1,DRY,INSPECTION,149,18
4244,1,1,DRY,INSPECTION,148,18
4245,6,2,DRY,CLASE B-C,58,18
4246,6,2,DRY,INSPECTION,56,18
4247,6,2,DRY,CLASE B-C,90,18
4248,2,2,DRY,CLASE B-C,90,18
4249,7,2,RF,CLASE B-C,87,18
4250,7,2,RF,CLASE B-C,85,18
4251,7,2,RF,CLASE B-C,84,18
4252,7,2,RF,CLASE B-C,87,18
4253,1,2,DRY,CLASE D,53,18
4254,4,2,DRY,CLASE B-C,71,18
4255,3,2,DRY,CLASE B-C,71,18
4256,7,2,DRY,CLASE B-C,60,18
4257,7,2,RF,CLASE B-C,66,18
4258,4,2,DRY,CLASE B-C,65,18
4259,1,2,DRY,CLASE D,61,18
4260,3,2,DRY,CLASE B-C,58,18
4261,3,2,DRY,CLASE B-C,57,18
4262,3,2,DRY,CLASE B-C,57,18
4263,1,2,DRY,CLASE D,53,18
4264,3,2,DRY,CLASE B-C,50,18
4265,3,2,DRY,CLASE B-C,50,18
4266,3,2,DRY,CLASE B-C,50,18
4267,2,2,DRY,CLASE D,52,18
4268,7,2,DRY,CLASE B-C,47,18
4269,7,2,DRY,CLASE B-C,47,18
4270,7,2,DRY,CLASE B-C,47,18
4271,7,2,DRY,CLASE B-C,47,18
4272,7,2,DRY,CLASE B-C,47,18
4273,7,2,DRY,CLASE B-C,47,18
4274,7,2,DRY,CLASE B-C,43,18
4275,3,2,DRY,CLASE B-C,46,18
4276,3,2,DRY,INSPECTION,47,18
4277,1,2,DRY,CLASE D,46,18
4278,3,2,DRY,CLASE B-C,44,18
4279,1,2,DRY,CLASE D,43,18
4280,3,2,DRY,CLASE B-C,40,18
4281,6,2,DRY,CLASE B-C,40,18
4282,6,2,RF,CLASE B-C,38,18
4283,6,2,RF,CLASE B-C,38,18
4284,6,2,RF,CLASE B-C,38,18
4285,2,2,RF,CLASE B-C,35,18
4286,2,2,RF,CLASE B-C,35,18
4287,2,2,RF,CLASE B-C,35,18
4288,2,2,RF,CLASE B-C,36,18
4289,2,2,RF,CLASE B-C,35,18
4290,2,2,RF,CLASE B-C,35,18
4291,3,2,DRY,CLASE B-C,32,18
4292,7,2,RF,CLASE B-C,34,18
4293,7,2,RF,CLASE B-C,30,18
4294,7,2,RF,CLASE B-C,31,18
4295,7,2,RF,CLASE B-C,31,18
4296,3,2,DRY,CLASE B-C,32,18
4297,3,2,DRY,CLASE B-C,33,18
4298,2,2,RF,CLASE B-C,22,18
4299,2,2,RF,CLASE B-C,17,18
4300,2,2,RF,CLASE B-C,23,18
4301,2,2,RF,CLASE B-C,16,18
4302,2,2,DRY,CLASE B-C,25,18
4303,7,2,DRY,CLASE B-C,4,18
4304,7,2,DRY,CLASE B-C,4,18
4305,7,2,DRY,CLASE B-C,26,18
4306,7,2,DRY,CLASE B-C,4,18
4307,7,2,DRY,CLASE B-C,26,18
4308,7,2,DRY,CLASE B-C,5,18
4309,7,2,DRY,CLASE B-C,20,18
4310,7,2,DRY,CLASE B-C,27,18
4311,7,2,DRY,CLASE B,4,18
4312,7,2,DRY,CLASE B-C,4,18
4313,7,2,DRY,CLASE B-C,20,18
4314,7,2,DRY,CLASE B-C,26,18
4315,7,2,DRY,CLASE B-C,20,18
4316,7,2,DRY,CLASE B-C,1,18
4317,7,2,DRY,CLASE B-C,5,18
4318,7,2,DRY,CLASE B-C,4,18
4319,7,2,DRY,CLASE B-C,1,18
4320,7,2,DRY,CLASE B-C,20,18
4321,7,2,DRY,CLASE B-C,25,18
4322,7,2,DRY,CLASE B,4,18
4323,7,2,RF,CLASE B-C,21,18
4324,7,2,RF,CLASE B-C,21,18
4325,7,2,DRY,CLASE B-C,4,18
4326,7,2,DRY,CLASE B-C,4,18
4327,7,2,DRY,CLASE B-C,4,18
4328,7,2,DRY,CLASE B-C,4,18
4329,7,2,DRY,CLASE B-C,4,18
4330,7,2,DRY,CLASE B-C,1,18
4331,7,2,DRY,CLASE B-C,5,18
4332,7,2,DRY,CLASE B-C,4,18
4333,7,2,DRY,CLASE B-C,4,18
4334,7,2,DRY,CLASE B-C,3,18
4335,7,2,DRY,CLASE B-C,4,18
4336,7,2,DRY,CLASE B-C,26,18
4337,7,2,DRY,CLASE B-C,20,18
4338,3,2,DRY,CLASE B-C,20,18
4339,3,2,DRY,CLASE B-C,20,18
4340,3,2,DRY,CLASE B-C,20,18
4341,3,2,DRY,CLASE B-C,20,18
4342,3,2,DRY,CLASE B-C,20,18
4343,3,2,DRY,CLASE B-C,23,18
4344,3,2,DRY,CLASE B-C,20,18
4345,3,2,DRY,CLASE B-C,20,18
4346,7,2,DRY,CLASE B,16,18
4347,7,2,DRY,CLASE B-C,2,18
4348,7,2,DRY,CLASE B-C,21,18
4349,7,2,DRY,CLASE B-C,15,18
4350,7,2,DRY,CLASE B-C,2,18
4351,7,2,DRY,CLASE B-C,5,18
4352,7,2,DRY,CLASE B-C,24,18
4353,7,2,DRY,CLASE B-C,5,18
4354,7,2,DRY,CLASE B-C,2,18
4355,7,2,DRY,CLASE B-C,2,18
4356,7,2,DRY,CLASE B-C,15,18
4357,7,2,DRY,CLASE B-C,2,18
4358,7,2,DRY,CLASE B-C,16,18
4359,7,2,DRY,CLASE B-C,2,18
4360,7,2,DRY,CLASE B-C,2,18
4361,7,2,DRY,CLASE B-C,22,18
4362,7,2,DRY,CLASE B-C,15,18
4363,7,2,DRY,CLASE B-C,2,18
4364,7,2,DRY,CLASE B-C,20,18
4365,7,2,DRY,CLASE B-C,2,18
4366,7,2,DRY,CLASE B-C,15,18
4367,7,2,DRY,CLASE B-C,22,18
4368,7,2,DRY,CLASE B-C,2,18
4369,7,2,DRY,CLASE B-C,15,18
4370,7,2,DRY,CLASE B-C,15,18
4371,7,2,DRY,CLASE B-C,19,18
4372,7,2,DRY,CLASE B-C,2,18
4373,7,2,DRY,CLASE B-C,22,18
4374,7,2,DRY,CLASE B-C,2,18
4375,7,2,DRY,CLASE B-C,2,18
4376,7,2,DRY,CLASE B-C,2,18
4377,7,2,DRY,CLASE B-C,22,18
4378,7,2,DRY,CLASE B-C,2,18
4379,7,2,DRY,CLASE B-C,18,18
4380,7,2,DRY,CLASE B-C,3,18
4381,7,2,DRY,CLASE B-C,16,18
4382,7,2,DRY,CLASE B-C,2,18
4383,7,2,DRY,CLASE B-C,2,18
4384,7,2,DRY,CLASE B-C,2,18
4385,7,2,DRY,CLASE B-C,2,18
4386,7,2,DRY,CLASE B-C,17,18
4387,7,2,DRY,CLASE B-C,15,18
4388,7,2,DRY,CLASE B-C,5,18
4389,7,2,DRY,CLASE B-C,5,18
4390,7,2,DRY,CLASE B-C,19,18
4391,7,2,DRY,CLASE B-C,2,18
4392,7,2,DRY,CLASE B-C,2,18
4393,7,2,DRY,CLASE B-C,2,18
4394,7,2,DRY,CLASE B-C,15,18
4395,7,2,DRY,CLASE B-C,5,18
4396,7,2,DRY,CLASE B-C,5,18
4397,7,2,DRY,CLASE D,2,18
4398,7,2,DRY,CLASE B-C,2,18
4399,7,2,DRY,CLASE B-C,2,18
4400,7,2,DRY,CLASE B-C,16,18
4401,7,2,DRY,CLASE B-C,5,18
4402,7,2,DRY,CLASE B-C,5,18
4403,7,2,DRY,CLASE B-C,2,18
4404,7,2,DRY,CLASE B-C,5,18
4405,7,2,DRY,CLASE B-C,2,18
4406,7,2,DRY,CLASE B-C,16,18
4407,7,2,DRY,CLASE B-C,16,18
4408,7,2,DRY,CLASE B-C,17,18
4409,7,2,DRY,CLASE B,16,18
4410,7,2,DRY,CLASE B-C,16,18
4411,7,2,DRY,CLASE B-C,16,18
4412,7,2,DRY,CLASE B-C,12,18
4413,7,2,DRY,CLASE B-C,5,18
4414,7,2,DRY,CLASE B-C,5,18
4415,7,2,DRY,CLASE B-C,16,18
4416,7,2,DRY,CLASE B-C,5,18
4417,7,2,DRY,CLASE B-C,2,18
4418,7,2,DRY,CLASE B-C,6,18
4419,7,2,DRY,CLASE B-C,6,18
4420,7,2,DRY,CLASE B-C,16,18
4421,7,2,DRY,CLASE B-C,5,18
4422,7,2,DRY,CLASE B-C,16,18
4423,7,2,DRY,CLASE B-C,5,18
4424,3,2,DRY,CLASE B-C,17,18
4425,3,2,DRY,CLASE B-C,17,18
4426,3,2,DRY,CLASE B-C,17,18
4427,3,2,DRY,CLASE B-C,17,18
4428,7,2,DRY,CLASE B-C,1,18
4429,7,2,DRY,CLASE B-C,15,18
4430,7,2,DRY,CLASE B-C,12,18
4431,7,2,DRY,CLASE B-C,16,18
4432,7,2,DRY,CLASE B-C,4,18
4433,7,2,DRY,CLASE B-C,17,18
4434,7,2,DRY,CLASE B-C,16,18
4435,7,2,DRY,CLASE B-C,16,18
4436,7,2,DRY,CLASE B-C,16,18
4437,7,2,DRY,CLASE B-C,17,18
4438,7,2,DRY,CLASE B-C,1,18
4439,7,2,DRY,CLASE B-C,7,18
4440,7,2,DRY,CLASE B-C,16,18
4441,7,2,DRY,CLASE B-C,16,18
4442,7,2,DRY,CLASE B-C,16,18
4443,7,2,DRY,CLASE B-C,17,18
4444,7,2,DRY,CLASE B-C,16,18
4445,7,2,DRY,CLASE B-C,16,18
4446,7,2,DRY,CLASE B-C,17,18
4447,7,2,DRY,CLASE B-C,2,18
4448,7,2,DRY,CLASE B-C,16,18
4449,7,2,DRY,CLASE B-C,17,18
4450,7,2,DRY,CLASE B-C,16,18
4451,7,2,DRY,CLASE B-C,2,18
4452,7,2,RF,CLASE B-C,14,18
4453,7,2,DRY,CLASE B-C,15,18
4454,7,2,DRY,CLASE B-C,16,18
4455,7,2,DRY,CLASE B-C,17,18
4456,7,2,DRY,CLASE B-C,16,18
4457,7,2,DRY,CLASE B-C,4,18
4458,7,2,DRY,CLASE B-C,17,18
4459,7,2,DRY,CLASE B-C,1,18
4460,7,2,DRY,CLASE B-C,16,18
4461,7,2,DRY,CLASE B-C,16,18
4462,7,2,DRY,CLASE B-C,16,18
4463,7,2,DRY,CLASE B-C,16,18
4464,7,2,DRY,CLASE B-C,2,18
4465,7,2,DRY,CLASE B-C,16,18
4466,7,2,DRY,CLASE B-C,16,18
4467,7,2,DRY,CLASE B-C,17,18
4468,7,2,DRY,CLASE B,16,18
4469,7,2,DRY,CLASE B-C,16,18
4470,7,2,DRY,CLASE B-C,2,18
4471,7,2,DRY,CLASE B-C,16,18
4472,7,2,DRY,CLASE B-C,1,18
4473,7,2,DRY,CLASE B-C,1,18
4474,7,2,DRY,CLASE B-C,4,18
4475,7,2,DRY,CLASE B-C,18,18
4476,7,2,DRY,CLASE B-C,17,18
4477,7,2,DRY,CLASE B-C,1,18
4478,7,2,DRY,CLASE B-C,1,18
4479,7,2,DRY,CLASE B-C,1,18
4480,7,2,DRY,CLASE B-C,16,18
4481,7,2,DRY,CLASE B-C,2,18
4482,7,2,DRY,CLASE B-C,1,18
4483,7,2,DRY,CLASE B-C,1,18
4484,7,2,DRY,CLASE B-C,16,18
4485,7,2,DRY,CLASE B-C,16,18
4486,7,2,DRY,CLASE B-C,16,18
4487,7,2,DRY,CLASE B-C,16,18
4488,7,2,DRY,CLASE B-C,15,18
4489,7,2,DRY,CLASE B-C,16,18
4490,7,2,DRY,CLASE B-C,17,18
4491,7,2,DRY,CLASE B-C,16,18
4492,7,2,DRY,CLASE B-C,17,18
4493,7,2,DRY,CLASE B-C,16,18
4494,7,2,DRY,CLASE B-C,16,18
4495,7,2,DRY,CLASE B-C,16,18
4496,7,2,DRY,CLASE B-C,2,18
4497,7,2,DRY,CLASE B-C,1,18
4498,7,2,DRY,CLASE B-C,16,18
4499,7,2,DRY,CLASE B-C,17,18
4500,7,2,DRY,CLASE B-C,5,18
4501,7,2,DRY,CLASE B-C,1,18
4502,7,2,DRY,CLASE B-C,16,18
4503,7,2,DRY,CLASE B-C,17,18
4504,7,2,DRY,CLASE B-C,16,18
4505,7,2,DRY,CLASE B-C,15,18
4506,7,2,DRY,CLASE B-C,15,18
4507,7,2,DRY,CLASE B-C,16,18
4508,7,2,DRY,CLASE B-C,18,18
4509,7,2,DRY,CLASE B-C,16,18
4510,7,2,DRY,CLASE B-C,17,18
4511,7,2,DRY,CLASE B-C,1,18
4512,7,2,DRY,CLASE B-C,15,18
4513,7,2,DRY,CLASE B-C,15,18
4514,7,2,DRY,CLASE B-C,15,18
4515,7,2,DRY,CLASE B-C,14,18
4516,7,2,DRY,CLASE B-C,16,18
4517,7,2,DRY,CLASE B-C,15,18
4518,7,2,DRY,CLASE B-C,16,18
4519,7,2,DRY,CLASE B-C,15,18
4520,7,2,DRY,CLASE B-C,16,18
4521,7,2,DRY,CLASE B-C,1,18
4522,7,2,DRY,CLASE B-C,16,18
4523,7,2,DRY,CLASE B-C,4,18
4524,7,2,DRY,CLASE B-C,16,18
4525,7,2,DRY,CLASE B-C,12,18
4526,7,2,DRY,CLASE B-C,1,18
4527,7,2,DRY,CLASE B-C,16,18
4528,7,2,DRY,CLASE B-C,1,18
4529,7,2,DRY,CLASE B-C,4,18
4530,7,2,DRY,CLASE B-C,16,18
4531,7,2,DRY,CLASE B-C,16,18
4532,7,2,DRY,CLASE B-C,15,18
4533,7,2,DRY,CLASE B-C,17,18
4534,7,2,DRY,CLASE B-C,16,18
4535,7,2,DRY,CLASE B,16,18
4536,7,2,DRY,CLASE B-C,14,18
4537,7,2,DRY,CLASE B-C,17,18
4538,7,2,DRY,CLASE B-C,16,18
4539,7,2,DRY,CLASE B-C,16,18
4540,7,2,DRY,CLASE B,16,18
4541,7,2,DRY,CLASE B-C,16,18
4542,7,2,DRY,CLASE B,16,18
4543,7,2,DRY,CLASE B-C,15,18
4544,7,2,DRY,CLASE B-C,1,18
4545,7,2,DRY,CLASE B-C,16,18
4546,7,2,DRY,CLASE B-C,12,18
4547,7,2,DRY,CLASE B-C,10,18
4548,7,2,DRY,CLASE B-C,15,18
4549,7,2,DRY,CLASE B-C,1,18
4550,7,2,DRY,CLASE B-C,16,18
4551,7,2,DRY,CLASE B-C,16,18
4552,7,2,DRY,CLASE B-C,1,18
4553,7,2,DRY,CLASE B-C,4,18
4554,7,2,DRY,CLASE B-C,1,18
4555,7,2,DRY,CLASE B-C,15,18
4556,7,2,DRY,CLASE B-C,16,18
4557,7,2,DRY,CLASE D,15,18
4558,7,2,DRY,CLASE B-C,2,18
4559,7,2,DRY,CLASE B-C,16,18
4560,7,2,DRY,CLASE B-C,16,18
4561,7,2,DRY,CLASE B-C,4,18
4562,7,2,DRY,CLASE B-C,17,18
4563,7,2,DRY,CLASE B-C,2,18
4564,7,2,DRY,CLASE B-C,15,18
4565,7,2,DRY,CLASE B-C,4,18
4566,7,2,DRY,CLASE B-C,16,18
4567,7,2,DRY,CLASE B-C,17,18
4568,7,2,DRY,CLASE B-C,1,18
4569,7,2,DRY,CLASE B-C,16,18
4570,7,2,DRY,CLASE B-C,16,18
4571,7,2,DRY,CLASE B-C,1,18
4572,7,2,DRY,CLASE B-C,15,18
4573,7,2,DRY,CLASE B-C,16,18
4574,7,2,RF,CLASE B-C,14,18
4575,7,2,DRY,CLASE D,16,18
4576,7,2,DRY,CLASE B-C,16,18
4577,7,2,DRY,CLASE B-C,12,18
4578,7,2,DRY,CLASE B-C,17,18
4579,7,2,DRY,CLASE B-C,16,18
4580,7,2,DRY,CLASE B-C,2,18
4581,7,2,DRY,CLASE B-C,16,18
4582,7,2,DRY,CLASE B-C,17,18
4583,7,2,DRY,CLASE B-C,14,18
4584,7,2,DRY,CLASE B-C,1,18
4585,7,2,DRY,CLASE B-C,16,18
4586,7,2,DRY,CLASE B-C,7,18
4587,7,2,DRY,CLASE B-C,16,18
4588,7,2,DRY,CLASE B-C,16,18
4589,7,2,DRY,CLASE B,16,18
4590,7,2,DRY,CLASE B-C,17,18
4591,7,2,DRY,CLASE B-C,16,18
4592,7,2,DRY,CLASE B-C,16,18
4593,7,2,DRY,CLASE B-C,16,18
4594,7,2,DRY,CLASE B-C,16,18
4595,7,2,DRY,CLASE B-C,15,18
4596,7,2,DRY,CLASE B-C,16,18
4597,7,2,DRY,CLASE B-C,17,18
4598,7,2,DRY,CLASE B-C,16,18
4599,7,2,DRY,CLASE B-C,16,18
4600,7,2,DRY,CLASE B-C,16,18
4601,7,2,DRY,CLASE B-C,1,18
4602,7,2,DRY,CLASE B-C,16,18
4603,7,2,DRY,CLASE B-C,16,18
4604,7,2,DRY,CLASE B-C,12,18
4605,7,2,DRY,CLASE B-C,1,18
4606,7,2,DRY,CLASE B-C,16,18
4607,7,2,DRY,CLASE B-C,16,18
4608,7,2,DRY,CLASE B-C,4,18
4609,7,2,DRY,CLASE B-C,15,18
4610,7,2,DRY,CLASE B-C,17,18
4611,7,2,DRY,CLASE B-C,16,18
4612,7,2,DRY,CLASE B-C,17,18
4613,7,2,RF,CLASE B-C,14,18
4614,7,2,RF,CLASE B-C,14,18
4615,7,2,DRY,CLASE B-C,16,18
4616,7,2,DRY,CLASE B-C,16,18
4617,7,2,DRY,CLASE B-C,16,18
4618,7,2,DRY,CLASE B-C,16,18
4619,7,2,DRY,CLASE B-C,16,18
4620,7,2,DRY,CLASE B-C,16,18
4621,7,2,DRY,CLASE B-C,17,18
4622,7,2,DRY,CLASE B-C,16,18
4623,7,2,DRY,CLASE B-C,15,18
4624,7,2,DRY,CLASE B-C,16,18
4625,7,2,DRY,CLASE B-C,16,18
4626,7,2,DRY,CLASE D,5,18
4627,7,2,DRY,CLASE B-C,16,18
4628,7,2,DRY,CLASE B-C,16,18
4629,7,2,DRY,CLASE B-C,16,18
4630,7,2,DRY,CLASE B-C,16,18
4631,7,2,DRY,CLASE B-C,16,18
4632,7,2,DRY,CLASE D,16,18
4633,7,2,DRY,CLASE B-C,16,18
4634,7,2,DRY,CLASE B-C,5,18
4635,7,2,DRY,CLASE D,4,18
4636,7,2,DRY,CLASE B-C,16,18
4637,7,2,RF,CLASE B-C,14,18
4638,7,2,DRY,CLASE B-C,16,18
4639,7,2,DRY,CLASE B-C,1,18
4640,7,2,DRY,CLASE B-C,16,18
4641,7,2,DRY,CLASE B-C,16,18
4642,7,2,DRY,CLASE B-C,16,18
4643,7,2,DRY,CLASE B-C,1,18
4644,7,2,DRY,CLASE B-C,16,18
4645,7,2,DRY,CLASE B-C,6,18
4646,7,2,DRY,CLASE B-C,15,18
4647,6,2,DRY,INSPECTION,17,18
4648,6,2,DRY,CLASE B-C,18,18
4649,6,2,DRY,CLASE B-C,18,18
4650,6,2,DRY,CLASE B-C,18,18
4651,6,2,DRY,CLASE B-C,18,18
4652,2,2,DRY,CLASE B-C,17,18
4653,7,2,DRY,CLASE B-C,6,18
4654,7,2,DRY,CLASE B-C,6,18
4655,7,2,DRY,CLASE B-C,6,18
4656,7,2,DRY,CLASE B-C,8,18
4657,7,2,DRY,CLASE B-C,1,18
4658,7,2,DRY,CLASE B-C,1,18
4659,7,2,DRY,CLASE B,7,18
4660,7,2,DRY,CLASE B-C,12,18
4661,7,2,DRY,CLASE B-C,8,18
4662,7,2,DRY,CLASE B-C,1,18
4663,7,2,DRY,CLASE B-C,1,18
4664,7,2,DRY,CLASE B-C,8,18
4665,7,2,DRY,CLASE B-C,8,18
4666,7,2,DRY,CLASE B-C,8,18
4667,7,2,DRY,CLASE B-C,7,18
4668,7,2,DRY,CLASE B-C,1,18
4669,7,2,DRY,CLASE B-C,7,18
4670,7,2,DRY,CLASE B-C,7,18
4671,7,2,DRY,CLASE B-C,14,18
4672,7,2,DRY,CLASE B-C,1,18
4673,7,2,DRY,CLASE B-C,1,18
4674,7,2,DRY,CLASE B-C,1,18
4675,7,2,DRY,CLASE B-C,1,18
4676,7,2,DRY,CLASE B-C,7,18
4677,7,2,DRY,CLASE B-C,11,18
4678,7,2,DRY,CLASE B-C,1,18
4679,7,2,DRY,CLASE B-C,1,18
4680,7,2,DRY,CLASE B-C,1,18
4681,7,2,DRY,CLASE B-C,7,18
4682,7,2,DRY,CLASE B-C,1,18
4683,7,2,DRY,CLASE B-C,7,18
4684,7,2,DRY,CLASE B-C,11,18
4685,7,2,DRY,CLASE B-C,1,18
4686,7,2,DRY,CLASE B-C,7,18
4687,7,2,DRY,CLASE B-C,1,18
4688,7,2,DRY,CLASE B-C,13,18
4689,7,2,DRY,CLASE B-C,11,18
4690,7,2,DRY,CLASE B-C,7,18
4691,7,2,DRY,CLASE B-C,7,18
4692,7,2,DRY,CLASE B-C,1,18
4693,7,2,DRY,CLASE B-C,1,18
4694,7,2,DRY,CLASE B-C,7,18
4695,7,2,RF,CLASE B-C,6,18
4696,7,2,DRY,CLASE B-C,11,18
4697,7,2,DRY,CLASE B-C,1,18
4698,7,2,DRY,CLASE B-C,8,18
4699,7,2,DRY,CLASE B-C,7,18
4700,7,2,DRY,CLASE B-C,13,18
4701,7,2,DRY,CLASE B-C,1,18
4702,7,2,DRY,CLASE B-C,7,18
4703,7,2,DRY,CLASE B-C,1,18
4704,7,2,DRY,CLASE B-C,8,18
4705,7,2,DRY,CLASE B-C,1,18
4706,7,2,DRY,CLASE B-C,1,18
4707,7,2,DRY,CLASE B-C,1,18
4708,7,2,DRY,CLASE B-C,1,18
4709,7,2,DRY,CLASE B-C,1,18
4710,7,2,DRY,CLASE B-C,8,18
4711,7,2,DRY,CLASE B-C,6,18
4712,3,2,DRY,CLASE B-C,3,18
4713,3,2,DRY,CLASE B-C,3,18
4714,3,2,DRY,CLASE B-C,3,18
4715,3,2,DRY,CLASE B-C,3,18
4716,3,2,DRY,CLASE B-C,3,18
4717,3,2,DRY,CLASE B-C,3,18
4718,3,2,DRY,CLASE B-C,3,18
4719,3,2,DRY,CLASE B-C,3,18
4720,3,2,DRY,CLASE B-C,3,18
4721,3,2,DRY,CLASE B-C,4,18
4722,3,2,DRY,CLASE B-C,3,18
4723,3,2,DRY,CLASE B-C,3,18
4724,3,2,DRY,CLASE B-C,3,18
4725,3,2,DRY,CLASE B-C,3,18
4726,3,2,DRY,CLASE A,4,18
4727,3,2,DRY,CLASE B-C,3,18
4728,3,2,DRY,CLASE B-C,4,18
4729,3,2,DRY,CLASE A,4,18
4730,3,2,DRY,CLASE B,4,18
4731,3,2,DRY,CLASE B-C,3,18
4732,3,2,DRY,CLASE B-C,3,18
4733,3,2,DRY,CLASE B-C,3,18
4734,3,2,DRY,CLASE B-C,3,18
4735,3,2,DRY,CLASE B-C,3,18
4736,3,2,DRY,CLASE B-C,3,18
4737,3,2,DRY,CLASE B-C,3,18
4738,3,2,DRY,CLASE B-C,3,18
4739,3,2,DRY,CLASE B-C,3,18
4740,3,2,DRY,CLASE B-C,3,18
4741,3,2,DRY,CLASE B-C,3,18
4742,3,2,DRY,CLASE D,4,18
4743,3,2,DRY,CLASE B-C,3,18
4744,6,2,DRY,CLASE B-C,7,18
4745,6,2,DRY,CLASE B-C,7,18
4746,6,2,DRY,CLASE B-C,7,18
4747,6,2,DRY,CLASE B-C,1,18
4748,6,2,DRY,CLASE B-C,7,18
4749,6,2,DRY,CLASE B-C,4,18
4750,6,2,DRY,INSPECTION,3,18
4751,6,2,DRY,INSPECTION,3,18
4752,6,2,DRY,CLASE B-C,5,18
4753,6,2,DRY,CLASE B-C,2,18
4754,6,2,DRY,INSPECTION,3,18
4755,6,2,RF,CLASE B-C,5,18
4756,6,2,DRY,CLASE B-C,1,18
4757,6,2,DRY,CLASE B-C,9,18
4758,6,2,DRY,CLASE B-C,2,18
4759,6,2,DRY,CLASE B-C,2,18
4760,6,2,DRY,CLASE B-C,9,18
4761,6,2,DRY,INSPECTION,5,18
4762,6,2,DRY,CLASE B-C,1,18
4763,6,2,DRY,INSPECTION,5,18
4764,6,2,DRY,CLASE B-C,1,18
4765,6,2,DRY,CLASE B-C,1,18
4766,6,2,DRY,CLASE B-C,7,18
4767,6,2,DRY,CLASE B-C,2,18
4768,6,2,DRY,CLASE B-C,3,18
4769,6,2,DRY,INSPECTION,3,18
4770,6,2,DRY,INSPECTION,3,18
4771,6,2,DRY,INSPECTION,3,18
4772,6,2,DRY,INSPECTION,2,18
4773,6,2,DRY,INSPECTION,4,18
4774,6,2,DRY,INSPECTION,5,18
4775,6,2,DRY,INSPECTION,3,18
4776,6,2,DRY,INSPECTION,3,18
4777,6,2,DRY,CLASE B-C,7,18
4778,6,2,DRY,CLASE B-C,7,18
4779,6,2,DRY,CLASE B-C,7,18
4780,6,2,DRY,INSPECTION,3,18
4781,6,2,DRY,CLASE B-C,10,18
4782,6,2,DRY,CLASE B-C,10,18
4783,6,2,DRY,CLASE B-C,4,18
4784,6,2,DRY,INSPECTION,3,18
4785,6,2,DRY,INSPECTION,3,18
4786,6,2,RF,CLASE B-C,4,18
4787,6,2,RF,CLASE B-C,4,18
4788,6,2,RF,CLASE B-C,5,18
4789,6,2,RF,CLASE B-C,5,18
4790,6,2,RF,CLASE B-C,5,18
4791,6,2,RF,CLASE B-C,5,18
4792,6,2,RF,CLASE B-C,5,18
4793,6,2,RF,CLASE B-C,4,18
4794,6,2,RF,CLASE B-C,5,18
4795,6,2,DRY,INSPECTION,4,18
4796,6,2,DRY,INSPECTION,3,18
4797,6,2,DRY,CLASE B-C,2,18
4798,6,2,DRY,INSPECTION,3,18
4799,6,2,DRY,CLASE B-C,5,18
4800,6,2,DRY,CLASE B-C,9,18
4801,6,2,DRY,CLASE B-C,4,18
4802,6,2,DRY,CLASE B,2,18
4803,6,2,DRY,CLASE B-C,2,18
4804,6,2,DRY,CLASE B-C,7,18
4805,6,2,DRY,CLASE B-C,6,18
4806,6,2,DRY,CLASE B-C,6,18
4807,6,2,DRY,CLASE B-C,6,18
4808,7,2,DRY,CLASE B-C,9,18
4809,7,2,DRY,CLASE B-C,9,18
4810,7,2,DRY,CLASE B-C,1,18
4811,7,2,DRY,CLASE B-C,9,18
4812,7,2,DRY,CLASE B-C,9,18
4813,7,2,DRY,CLASE B-C,9,18
4814,7,2,DRY,CLASE B-C,1,18
4815,7,2,DRY,CLASE B-C,9,18
4816,7,2,DRY,CLASE B-C,9,18
4817,7,2,DRY,CLASE B-C,3,18
4818,7,2,DRY,CLASE B-C,1,18
4819,7,2,DRY,CLASE B-C,7,18
4820,7,2,DRY,CLASE B-C,3,18
4821,7,2,DRY,CLASE B-C,3,18
4822,7,2,DRY,CLASE B-C,9,18
4823,7,2,DRY,CLASE B-C,3,18
4824,7,2,DRY,CLASE B-C,3,18
4825,7,2,DRY,CLASE B-C,3,18
4826,7,2,DRY,CLASE B-C,3,18
4827,7,2,DRY,CLASE B-C,3,18
4828,7,2,DRY,CLASE B-C,13,18
4829,6,2,DRY,INSPECTION,12,18
4830,2,2,DRY,CLASE B-C,9,18
4831,2,2,DRY,CLASE B-C,8,18
4832,1,2,RF,CLASE B-C,9,18
4833,1,2,RF,CLASE B-C,10,18
4834,1,2,RF,CLASE B-C,10,18
4835,1,2,RF,CLASE B-C,10,18
4836,7,2,DRY,INSPECTION,11,18
4837,2,2,DRY,CLASE B-C,3,18
4838,2,2,DRY,CLASE B-C,3,18
4839,2,2,DRY,CLASE B-C,3,18
4840,2,2,DRY,CLASE B-C,2,18
4841,2,2,DRY,CLASE B-C,3,18
4842,7,2,DRY,CLASE B-C,9,18
4843,6,2,DRY,CLASE B-C,8,18
4844,8,1,DRY,CLASE B-C,5,18
4845,3,2,DRY,CLASE B-C,3,18
4846,7,2,DRY,CLASE B-C,1,18
4847,7,2,RF,CLASE B-C,2,18
4848,7,2,DRY,CLASE B-C,1,18
4849,7,2,DRY,CLASE B-C,1,18
4850,7,2,DRY,CLASE B-C,1,18
4851,7,2,DRY,CLASE B-C,1,18
4852,7,2,RF,CLASE B-C,2,18
4853,7,2,DRY,CLASE B-C,1,18
4854,7,2,RF,CLASE B-C,2,18
4855,7,2,RF,CLASE B-C,2,18
4856,7,2,RF,CLASE B-C,2,18
4857,7,2,RF,CLASE B-C,2,18
4858,7,2,DRY,CLASE B-C,1,18
4859,7,2,DRY,CLASE B-C,1,18
4860,7,2,DRY,CLASE B-C,1,18
4861,7,2,DRY,CLASE B-C,1,18
4862,7,2,DRY,CLASE B-C,1,18
4863,7,2,DRY,CLASE B-C,1,18
4864,7,2,DRY,CLASE B-C,1,18
4865,7,2,DRY,CLASE B-C,1,18
4866,7,2,DRY,CLASE B-C,1,18
4867,7,2,DRY,CLASE B-C,1,18
4868,7,2,DRY,CLASE B-C,1,18
4869,7,2,DRY,CLASE B-C,1,18
4870,7,2,DRY,CLASE B-C,1,18
4871,7,2,DRY,CLASE B-C,1,18
4872,7,2,DRY,CLASE B-C,1,18
4873,7,2,DRY,CLASE B-C,1,18
4874,7,2,DRY,CLASE B-C,1,18
4875,7,2,DRY,CLASE B-C,1,18
4876,7,2,DRY,CLASE B-C,1,18
4877,7,2,DRY,CLASE B-C,1,18
4878,7,2,DRY,CLASE B-C,1,18
4879,7,2,DRY,CLASE B-C,1,18
4880,7,2,RF,CLASE B-C,2,18
4881,7,2,DRY,CLASE B-C,1,18
4882,7,2,DRY,CLASE B-C,1,18
4883,7,2,RF,CLASE B-C,2,18
4884,7,2,DRY,CLASE B-C,1,18
4885,7,2,DRY,CLASE B-C,1,18
4886,7,2,DRY,CLASE B-C,1,18
4887,7,2,DRY,CLASE B-C,1,18
4888,7,2,RF,CLASE B-C,2,18
4889,7,2,DRY,CLASE B-C,1,18
4890,7,2,DRY,CLASE B-C,1,18
4891,7,2,DRY,CLASE B-C,1,18
4892,7,2,DRY,CLASE B-C,1,18
4893,3,2,DRY,CLASE B-C,3,18
4894,2,2,DRY,CLASE B-C,2,18
4895,2,2,DRY,CLASE B-C,2,18
4896,2,2,DRY,CLASE B-C,1,18
4897,2,2,DRY,CLASE B-C,1,18
4898,2,2,DRY,CLASE B-C,1,18
4899,2,2,DRY,CLASE B-C,1,18
4900,2,2,DRY,CLASE B-C,1,18
4901,3,2,DRY,CLASE B-C,60,19
4902,3,2,DRY,CLASE B-C,49,19
4903,6,2,RF,CLASE B-C,40,19
4904,6,2,RF,CLASE B-C,40,19
4905,6,2,RF,CLASE B-C,39,19
4906,6,2,RF,CLASE B-C,8,19
4907,6,2,RF,CLASE B-C,57,19
4908,6,2,RF,CLASE B-C,40,19
4909,3,2,DRY,CLASE B-C,35,19
4910,2,2,DRY,CLASE B-C,25,19
4911,6,2,RF,CLASE B-C,20,19
4912,7,2,DRY,CLASE B-C,13,19
4913,7,2,DRY,CLASE B-C,8,19
4914,6,2,RF,CLASE B-C,8,19
4915,1,2,DRY,INSPECTION,83,19
4916,2,2,DRY,CLASE B-C,69,19
4917,3,2,DRY,CLASE B-C,42,19
4918,3,2,DRY,CLASE B-C,42,19
4919,2,2,RF,CLASE B-C,38,19
4920,3,2,DRY,CLASE B-C,34,19
4921,2,2,RF,CLASE B-C,25,19
4922,2,2,RF,CLASE B-C,25,19
4923,7,2,DRY,CLASE B-C,28,19
4924,7,2,DRY,CLASE B-C,28,19
4925,6,2,RF,CLASE B-C,27,19
4926,7,2,DRY,CLASE B-C,14,19
4927,7,2,DRY,CLASE B-C,14,19
4928,7,2,DRY,CLASE B-C,13,19
4929,7,2,DRY,CLASE B-C,13,19
4930,3,2,DRY,CLASE B-C,6,19
4931,2,2,RF,CLASE B-C,94,19
4932,2,2,DRY,CLASE B-C,77,19
4933,1,2,DRY,INSPECTION,71,19
4934,3,2,DRY,CLASE B-C,53,19
4935,2,2,RF,CLASE B-C,38,19
4936,7,2,DRY,CLASE B-C,28,19
4937,7,2,DRY,CLASE B-C,28,19
4938,7,2,DRY,CLASE B-C,28,19
4939,3,2,DRY,CLASE B-C,23,19
4940,7,2,DRY,CLASE B-C,23,19
4941,7,2,DRY,CLASE B-C,23,19
4942,7,2,DRY,CLASE B-C,23,19
4943,2,2,DRY,CLASE B-C,24,19
4944,7,2,DRY,CLASE B-C,18,19
4945,3,2,DRY,CLASE B-C,6,19
4946,6,2,DRY,INSPECTION,2,19
4947,2,2,DRY,CLASE B-C,5,19
4948,2,2,DRY,CLASE B-C,5,19
4949,2,2,DRY,CLASE B-C,5,19
4950,2,2,DRY,CLASE B-C,5,19
4951,2,2,DRY,CLASE B-C,5,19
4952,2,2,DRY,CLASE B-C,5,19
4953,2,2,DRY,CLASE B-C,5,19
4954,2,2,DRY,CLASE B-C,5,19
4955,2,2,DRY,CLASE B-C,5,19
4956,2,2,DRY,CLASE B-C,5,19
4957,2,2,DRY,CLASE B-C,5,19
4958,2,2,DRY,CLASE B-C,5,19
4959,6,1,DRY,INSPECTION,12,19
4960,6,1,DRY,INSPECTION,12,19
4961,6,1,DRY,INSPECTION,11,19
4962,6,1,DRY,INSPECTION,11,19
4963,1,2,DRY,CLASE B-C,113,19
4964,1,2,DRY,INSPECTION,90,19
4965,1,2,DRY,CLASE B-C,78,19
4966,1,2,RF,CLASE B-C,76,19
4967,7,2,DRY,CLASE B-C,70,19
4968,2,2,DRY,CLASE B-C,45,19
4969,2,2,RF,CLASE B-C,38,19
4970,2,2,RF,CLASE B-C,25,19
4971,7,2,DRY,CLASE B-C,23,19
4972,7,2,DRY,CLASE B-C,23,19
4973,7,2,DRY,CLASE B-C,23,19
4974,7,2,DRY,CLASE B-C,6,19
4975,7,2,DRY,CLASE B-C,23,19
4976,7,2,DRY,CLASE B-C,22,19
4977,7,2,DRY,CLASE B-C,22,19
4978,7,2,DRY,CLASE B-C,18,19
4979,7,2,DRY,CLASE B-C,18,19
4980,7,2,DRY,CLASE B-C,18,19
4981,7,2,DRY,CLASE B-C,19,19
4982,7,2,DRY,CLASE B-C,18,19
4983,7,2,DRY,CLASE B-C,18,19
4984,7,2,DRY,CLASE B-C,15,19
4985,7,2,DRY,CLASE B-C,1,19
4986,7,2,DRY,CLASE B-C,1,19
4987,7,2,DRY,CLASE B-C,1,19
4988,7,2,DRY,CLASE B-C,13,19
4989,3,2,DRY,CLASE B-C,1,19
4990,3,2,DRY,CLASE B-C,1,19
4991,3,2,DRY,CLASE B-C,1,19
4992,3,2,DRY,CLASE B-C,1,19
4993,3,2,DRY,CLASE B,1,19
4994,6,2,DRY,CLASE B-C,2,19
4995,6,2,DRY,CLASE B-C,2,19
4996,6,2,DRY,INSPECTION,5,19
4997,6,2,DRY,CLASE B-C,2,19
4998,6,2,DRY,INSPECTION,1,19
4999,6,2,DRY,CLASE B-C,2,19
5000,6,2,DRY,INSPECTION,5,19
5001,6,2,DRY,CLASE B-C,2,19
5002,6,2,DRY,INSPECTION,5,19
5003,6,2,DRY,INSPECTION,5,19
5004,6,2,DRY,INSPECTION,5,19
5005,6,2,DRY,INSPECTION,5,19
5006,6,2,DRY,INSPECTION,5,19
5007,6,2,DRY,INSPECTION,5,19
5008,6,2,DRY,INSPECTION,5,19
5009,6,2,DRY,INSPECTION,5,19
5010,6,2,DRY,INSPECTION,5,19
5011,6,2,DRY,CLASE B-C,2,19
5012,6,2,DRY,INSPECTION,5,19
5013,6,2,DRY,INSPECTION,5,19
5014,7,2,DRY,CLASE C,12,19
5015,1,2,RF,CLASE B-C,13,19
5016,2,2,DRY,CLASE B-C,5,19
5017,7,2,DRY,CLASE B-C,11,19
5018,7,2,DRY,CLASE B-C,11,19
5019,7,2,DRY,CLASE B-C,11,19
5020,7,2,RF,CLASE B-C,3,19
5021,7,2,RF,CLASE B-C,3,19
5022,7,2,RF,CLASE B-C,3,19
5023,2,2,RF,CLASE B-C,6,19
5024,2,2,DRY,CLASE B-C,3,19
5025,2,2,DRY,CLASE B-C,3,19
5026,3,2,DRY,CLASE B-C,1,19
5027,1,1,DRY,INSPECTION,82,19
5028,1,2,DRY,INSPECTION,91,19
5029,1,2,DRY,INSPECTION,89,19
5030,7,2,DRY,CLASE B-C,91,19
5031,1,1,DRY,INSPECTION,83,19
5032,1,2,DRY,INSPECTION,74,19
5033,1,1,DRY,INSPECTION,53,19
5034,1,1,DRY,INSPECTION,54,19
5035,7,2,RF,CLASE B-C,71,19
5036,4,1,DRY,CLASE B-C,60,19
5037,3,2,DRY,CLASE B-C,53,19
5038,2,2,DRY,CLASE B-C,49,19
5039,6,2,RF,CLASE B-C,40,19
5040,6,2,RF,CLASE B-C,41,19
5041,6,2,RF,CLASE B-C,40,19
5042,6,2,RF,CLASE B-C,40,19
5043,2,2,DRY,CLASE B-C,27,19
5044,2,2,DRY,CLASE B-C,29,19
5045,2,2,DRY,CLASE B-C,28,19
5046,2,2,DRY,CLASE B-C,29,19
5047,2,2,DRY,CLASE B-C,27,19
5048,7,2,DRY,CLASE B-C,29,19
5049,7,2,DRY,CLASE B-C,29,19
5050,7,2,DRY,CLASE B-C,29,19
5051,6,2,RF,CLASE B-C,28,19
5052,7,2,DRY,CLASE B-C,4,19
5053,7,2,DRY,CLASE B-C,4,19
5054,7,2,DRY,CLASE B-C,23,19
5055,7,2,DRY,CLASE B-C,4,19
5056,7,2,DRY,CLASE B-C,3,19
5057,7,2,DRY,CLASE B-C,18,19
5058,7,2,DRY,CLASE B-C,4,19
5059,7,2,DRY,CLASE B-C,4,19
5060,7,2,DRY,CLASE B-C,3,19
5061,7,2,DRY,CLASE B-C,4,19
5062,7,2,DRY,CLASE B-C,26,19
5063,7,2,DRY,CLASE D,21,19
5064,7,2,DRY,CLASE B-C,3,19
5065,7,2,DRY,CLASE B-C,4,19
5066,6,2,RF,CLASE B-C,22,19
5067,7,2,DRY,CLASE B-C,17,19
5068,7,2,DRY,CLASE B-C,4,19
5069,7,2,DRY,CLASE B-C,4,19
5070,7,2,DRY,CLASE B-C,17,19
5071,7,2,DRY,CLASE B-C,17,19
5072,7,2,DRY,CLASE B-C,4,19
5073,7,2,DRY,CLASE B-C,4,19
5074,7,2,DRY,CLASE B-C,18,19
5075,7,2,DRY,CLASE B-C,18,19
5076,7,2,DRY,CLASE B-C,17,19
5077,7,2,DRY,CLASE B-C,4,19
5078,7,2,DRY,CLASE B-C,4,19
5079,7,2,DRY,CLASE B-C,4,19
5080,7,2,RF,CLASE B-C,17,19
5081,7,2,DRY,CLASE B-C,17,19
5082,7,2,DRY,CLASE B-C,13,19
5083,7,2,DRY,CLASE B-C,17,19
5084,7,2,DRY,CLASE B-C,18,19
5085,7,2,DRY,CLASE B-C,4,19
5086,7,2,DRY,CLASE B-C,15,19
5087,7,2,DRY,CLASE B-C,17,19
5088,7,2,DRY,CLASE B-C,13,19
5089,7,2,DRY,CLASE B-C,4,19
5090,7,2,DRY,CLASE B-C,18,19
5091,7,2,DRY,CLASE B-C,20,19
5092,6,2,RF,INSPECTION,20,19
5093,6,2,RF,CLASE B-C,20,19
5094,2,2,DRY,CLASE B-C,20,19
5095,6,2,RF,INSPECTION,20,19
5096,7,2,DRY,CLASE B-C,3,19
5097,7,2,DRY,CLASE B-C,10,19
5098,7,2,DRY,CLASE B-C,3,19
5099,7,2,DRY,CLASE B-C,3,19
5100,7,2,DRY,INSPECTION,1,19
5101,7,2,DRY,CLASE B-C,15,19
5102,7,2,DRY,CLASE B-C,2,19
5103,7,2,DRY,CLASE B-C,13,19
5104,7,2,DRY,INSPECTION,10,19
5105,7,2,DRY,CLASE B-C,10,19
5106,7,2,DRY,CLASE B-C,16,19
5107,7,2,DRY,CLASE B,10,19
5108,7,2,DRY,CLASE B-C,14,19
5109,7,2,DRY,CLASE B-C,3,19
5110,7,2,DRY,CLASE B-C,3,19
5111,7,2,DRY,CLASE B-C,2,19
5112,7,2,DRY,CLASE B-C,3,19
5113,3,2,DRY,CLASE B-C,1,19
5114,3,2,DRY,CLASE B,2,19
5115,3,2,DRY,CLASE B-C,6,19
5116,3,2,DRY,CLASE B-C,1,19
5117,3,2,DRY,CLASE B-C,1,19
5118,3,2,DRY,CLASE B-C,1,19
5119,6,2,DRY,INSPECTION,5,19
5120,6,2,DRY,INSPECTION,6,19
5121,6,2,DRY,INSPECTION,5,19
5122,6,2,DRY,INSPECTION,5,19
5123,6,2,DRY,INSPECTION,5,19
5124,6,2,DRY,INSPECTION,5,19
5125,6,2,DRY,INSPECTION,6,19
5126,6,2,DRY,INSPECTION,5,19
5127,7,2,DRY,CLASE B-C,4,19
5128,7,2,DRY,CLASE A,10,19
5129,7,2,DRY,CLASE B-C,10,19
5130,7,2,DRY,CLASE B-C,10,19
5131,7,2,DRY,CLASE B-C,10,19
5132,2,2,DRY,CLASE B-C,11,19
5133,2,2,DRY,CLASE B-C,11,19
5134,1,2,RF,CLASE B-C,12,19
5135,2,2,DRY,CLASE B-C,5,19
5136,2,2,DRY,CLASE B-C,5,19
5137,2,2,DRY,CLASE B-C,5,19
5138,2,2,DRY,CLASE B-C,5,19
5139,2,2,DRY,CLASE B-C,5,19
5140,2,2,DRY,CLASE B-C,5,19
5141,2,2,DRY,CLASE B-C,5,19
5142,2,2,DRY,CLASE B-C,5,19
5143,2,2,DRY,CLASE B-C,5,19
5144,2,2,DRY,CLASE B-C,5,19
5145,2,2,DRY,CLASE B-C,5,19
5146,2,2,DRY,CLASE B-C,5,19
5147,2,2,DRY,CLASE B-C,5,19
5148,7,2,DRY,CLASE B-C,11,19
5149,2,2,DRY,CLASE B-C,10,19
5150,7,2,RF,CLASE B-C,3,19
5151,2,2,DRY,CLASE B-C,6,19
5152,3,2,DRY,CLASE B-C,1,19
5153,2,2,DRY,CLASE B-C,1,19
5154,2,2,DRY,CLASE B-C,1,19
5155,1,1,DRY,INSPECTION,138,19
5156,7,2,DRY,CLASE B-C,104,19
5157,1,2,DRY,CLASE B-C,76,19
5158,7,2,DRY,CLASE B-C,74,19
5159,7,2,DRY,CLASE B-C,65,19
5160,7,2,DRY,CLASE B-C,74,19
5161,7,2,DRY,CLASE B-C,67,19
5162,7,2,DRY,CLASE B-C,59,19
5163,7,2,DRY,CLASE B-C,67,19
5164,7,2,DRY,CLASE B-C,75,19
5165,7,2,DRY,CLASE B-C,64,19
5166,7,2,DRY,CLASE B-C,57,19
5167,1,2,DRY,INSPECTION,55,19
5168,6,2,RF,CLASE B-C,42,19
5169,6,2,RF,CLASE B-C,41,19
5170,6,2,RF,CLASE B-C,41,19
5171,6,2,RF,CLASE B-C,41,19
5172,2,2,RF,CLASE B-C,39,19
5173,2,2,RF,CLASE B-C,39,19
5174,2,2,RF,CLASE B-C,39,19
5175,7,2,DRY,CLASE B-C,34,19
5176,2,2,RF,CLASE B-C,20,19
5177,2,2,DRY,CLASE B-C,30,19
5178,7,2,DRY,CLASE A,8,19
5179,7,2,DRY,CLASE B-C,8,19
5180,7,2,DRY,CLASE B-C,8,19
5181,7,2,DRY,CLASE B-C,8,19
5182,7,2,DRY,CLASE B-C,31,19
5183,7,2,DRY,CLASE B-C,8,19
5184,7,2,DRY,CLASE B-C,8,19
5185,7,2,DRY,CLASE B-C,8,19
5186,7,2,DRY,CLASE B-C,27,19
5187,7,2,DRY,CLASE B,27,19
5188,7,2,DRY,CLASE B-C,27,19
5189,7,2,DRY,CLASE B-C,27,19
5190,7,2,DRY,CLASE B-C,22,19
5191,7,2,DRY,CLASE B-C,26,19
5192,7,2,DRY,CLASE B-C,27,19
5193,7,2,DRY,CLASE B-C,27,19
5194,7,2,DRY,CLASE B-C,27,19
5195,6,2,RF,CLASE B-C,28,19
5196,2,2,RF,CLASE B-C,27,19
5197,1,2,RF,CLASE B-C,23,19
5198,7,2,DRY,CLASE B-C,1,19
5199,7,2,DRY,CLASE B-C,1,19
5200,7,2,DRY,CLASE B-C,1,19
5201,7,2,DRY,CLASE B-C,21,19
5202,7,2,DRY,CLASE B-C,3,19
5203,7,2,DRY,CLASE D,1,19
5204,7,2,DRY,CLASE B-C,1,19
5205,7,2,DRY,CLASE A,3,19
5206,7,2,DRY,CLASE B,2,19
5207,7,2,DRY,CLASE B-C,1,19
5208,7,2,DRY,CLASE B-C,21,19
5209,7,2,DRY,CLASE B-C,14,19
5210,7,2,DRY,CLASE B-C,21,19
5211,7,2,DRY,CLASE B-C,4,19
5212,7,2,DRY,CLASE B-C,1,19
5213,7,2,DRY,CLASE B-C,3,19
5214,7,2,DRY,CLASE B-C,4,19
5215,7,2,DRY,CLASE B-C,4,19
5216,7,2,DRY,CLASE B-C,16,19
5217,7,2,DRY,CLASE B-C,3,19
5218,7,2,DRY,CLASE B-C,2,19
5219,7,2,DRY,CLASE B-C,4,19
5220,7,2,DRY,CLASE B-C,2,19
5221,7,2,DRY,CLASE B-C,4,19
5222,7,2,DRY,CLASE B-C,21,19
5223,7,2,DRY,CLASE B-C,3,19
5224,7,2,DRY,CLASE B-C,1,19
5225,7,2,DRY,CLASE B-C,1,19
5226,7,2,DRY,CLASE B-C,21,19
5227,7,2,DRY,CLASE B-C,1,19
5228,7,2,DRY,CLASE B-C,2,19
5229,7,2,DRY,CLASE B-C,2,19
5230,7,2,DRY,CLASE D,1,19
5231,7,2,DRY,CLASE B-C,2,19
5232,7,2,DRY,CLASE B-C,1,19
5233,7,2,DRY,CLASE B-C,2,19
5234,7,2,DRY,CLASE B-C,2,19
5235,7,2,DRY,CLASE B-C,1,19
5236,7,2,DRY,CLASE B,1,19
5237,7,2,DRY,CLASE B-C,2,19
5238,7,2,DRY,CLASE B-C,1,19
5239,7,2,DRY,CLASE B-C,1,19
5240,7,2,DRY,CLASE B-C,1,19
5241,7,2,DRY,CLASE B-C,4,19
5242,7,2,DRY,CLASE B-C,2,19
5243,7,2,DRY,CLASE B-C,1,19
5244,7,2,DRY,CLASE B-C,21,19
5245,7,2,DRY,CLASE B-C,3,19
5246,7,2,DRY,CLASE B-C,3,19
5247,7,2,DRY,CLASE B-C,1,19
5248,6,2,RF,CLASE B-C,21,19
5249,2,2,DRY,CLASE B-C,20,19
5250,7,2,DRY,CLASE B-C,2,19
5251,7,2,DRY,CLASE B-C,2,19
5252,7,2,DRY,CLASE B,3,19
5253,7,2,DRY,CLASE B-C,3,19
5254,7,2,DRY,CLASE B-C,2,19
5255,7,2,DRY,CLASE B-C,2,19
5256,7,2,DRY,CLASE B-C,2,19
5257,7,2,DRY,CLASE B-C,14,19
5258,7,2,DRY,CLASE B-C,2,19
5259,7,2,DRY,CLASE B-C,2,19
5260,7,2,DRY,CLASE B-C,2,19
5261,7,2,DRY,CLASE B-C,3,19
5262,7,2,DRY,CLASE B-C,3,19
5263,7,2,DRY,CLASE A,3,19
5264,7,2,DRY,CLASE B-C,2,19
5265,7,2,DRY,CLASE B-C,2,19
5266,7,2,DRY,CLASE B-C,2,19
5267,7,2,DRY,CLASE B-C,2,19
5268,7,2,DRY,CLASE B-C,2,19
5269,7,2,DRY,CLASE B-C,2,19
5270,7,2,DRY,CLASE B-C,2,19
5271,7,2,DRY,CLASE B-C,2,19
5272,7,2,DRY,CLASE B-C,2,19
5273,7,2,DRY,CLASE B-C,3,19
5274,7,2,DRY,CLASE B-C,3,19
5275,7,2,DRY,CLASE B-C,2,19
5276,7,2,DRY,CLASE B-C,2,19
5277,7,2,DRY,CLASE A,3,19
5278,7,2,DRY,CLASE B,2,19
5279,7,2,DRY,CLASE A,3,19
5280,7,2,DRY,CLASE B-C,2,19
5281,7,2,DRY,CLASE B-C,15,19
5282,7,2,DRY,CLASE B-C,14,19
5283,7,2,DRY,CLASE B-C,10,19
5284,7,2,DRY,CLASE B-C,2,19
5285,7,2,DRY,CLASE B-C,2,19
5286,7,2,DRY,CLASE B-C,3,19
5287,7,2,DRY,CLASE B-C,2,19
5288,7,2,DRY,CLASE B-C,2,19
5289,7,2,DRY,CLASE B-C,2,19
5290,7,2,DRY,CLASE B,2,19
5291,7,2,DRY,CLASE B-C,3,19
5292,7,2,DRY,CLASE B-C,2,19
5293,6,2,DRY,INSPECTION,6,19
5294,6,2,DRY,CLASE B-C,2,19
5295,6,2,DRY,INSPECTION,6,19
5296,7,2,DRY,CLASE B-C,1,19
5297,7,2,DRY,CLASE B-C,1,19
5298,7,2,DRY,CLASE B-C,4,19
5299,7,2,DRY,CLASE B-C,1,19
5300,7,2,DRY,CLASE B-C,11,19
5301,7,2,DRY,CLASE B-C,1,19
5302,7,2,DRY,CLASE B-C,1,19
5303,7,2,DRY,CLASE B-C,1,19
5304,7,2,DRY,CLASE B-C,1,19
5305,7,2,DRY,CLASE B-C,1,19
5306,7,2,DRY,CLASE B-C,1,19
5307,7,2,DRY,CLASE B-C,1,19
5308,7,2,DRY,CLASE B-C,1,19
5309,7,2,DRY,CLASE B-C,1,19
5310,7,2,DRY,CLASE B-C,1,19
5311,7,2,DRY,CLASE B-C,1,19
5312,7,2,DRY,CLASE B-C,2,19
5313,7,2,DRY,CLASE B-C,1,19
5314,7,2,DRY,CLASE B-C,13,19
5315,7,2,DRY,CLASE B-C,13,19
5316,7,2,DRY,CLASE B-C,1,19
5317,7,2,DRY,CLASE B-C,1,19
5318,7,2,DRY,CLASE B-C,1,19
5319,7,2,DRY,CLASE B-C,13,19
5320,7,2,DRY,CLASE B-C,13,19
5321,7,2,DRY,CLASE B-C,13,19
5322,7,2,DRY,CLASE B-C,13,19
5323,7,2,DRY,CLASE B-C,11,19
5324,7,2,DRY,CLASE B-C,1,19
5325,7,2,DRY,CLASE B-C,11,19
5326,7,2,DRY,CLASE B-C,11,19
5327,7,2,DRY,CLASE B-C,11,19
5328,7,2,DRY,CLASE B-C,1,19
5329,7,2,DRY,CLASE B-C,1,19
5330,7,2,DRY,CLASE B-C,13,19
5331,7,2,DRY,CLASE B-C,1,19
5332,7,2,DRY,CLASE B-C,11,19
5333,7,2,DRY,CLASE B-C,1,19
5334,7,2,DRY,CLASE B-C,10,19
5335,7,2,DRY,CLASE B-C,1,19
5336,7,2,DRY,CLASE B-C,1,19
5337,7,2,DRY,CLASE B-C,1,19
5338,7,2,DRY,CLASE B-C,2,19
5339,7,2,DRY,CLASE B-C,1,19
5340,7,2,DRY,CLASE B-C,1,19
5341,7,2,DRY,CLASE B-C,11,19
5342,7,2,DRY,CLASE B-C,13,19
5343,7,2,DRY,CLASE B-C,11,19
5344,7,2,DRY,CLASE B-C,1,19
5345,7,2,DRY,CLASE B-C,13,19
5346,7,2,DRY,CLASE B-C,1,19
5347,7,2,DRY,CLASE B-C,11,19
5348,1,2,RF,CLASE B-C,13,19
5349,1,2,RF,CLASE B-C,13,19
5350,1,2,RF,CLASE B-C,13,19
5351,1,2,RF,CLASE B-C,13,19
5352,1,2,RF,CLASE B-C,13,19
5353,1,2,RF,CLASE B-C,13,19
5354,1,2,RF,CLASE B-C,13,19
5355,1,2,RF,CLASE B-C,13,19
5356,6,2,DRY,CLASE A,14,19
5357,2,1,DRY,CLASE B-C,12,19
5358,2,1,DRY,CLASE B-C,9,19
5359,2,1,DRY,CLASE B-C,9,19
5360,2,1,DRY,CLASE B-C,8,19
5361,2,1,DRY,CLASE B-C,8,19
5362,2,1,DRY,CLASE B-C,7,19
5363,2,1,DRY,CLASE B-C,7,19
5364,3,2,DRY,CLASE B-C,2,19
5365,3,2,DRY,CLASE B-C,2,19
5366,3,2,DRY,CLASE B-C,2,19
5367,3,2,DRY,CLASE B-C,2,19
5368,3,2,DRY,CLASE B-C,2,19
5369,3,2,DRY,CLASE B-C,1,19
5370,3,2,DRY,CLASE B-C,1,19
5371,3,2,DRY,CLASE B-C,1,19
5372,3,2,DRY,CLASE B-C,1,19
5373,3,2,DRY,CLASE B-C,2,19
5374,3,2,DRY,CLASE B-C,1,19
5375,3,2,DRY,CLASE B-C,1,19
5376,3,2,DRY,CLASE B-C,1,19
5377,7,2,RF,CLASE B-C,5,19
5378,7,2,RF,CLASE B-C,5,19
5379,7,2,RF,CLASE B-C,5,19
5380,7,2,RF,CLASE B-C,4,19
5381,7,2,RF,CLASE B-C,4,19
5382,7,2,RF,CLASE B-C,5,19
5383,7,2,RF,CLASE B-C,5,19
5384,7,2,RF,CLASE B-C,4,19
5385,7,2,RF,CLASE B-C,5,19
5386,7,2,RF,CLASE B-C,5,19
5387,7,2,DRY,CLASE B-C,3,19
5388,7,2,RF,CLASE B-C,5,19
5389,7,2,RF,CLASE B-C,5,19
5390,7,2,RF,CLASE B-C,4,19
5391,2,1,DRY,CLASE B-C,7,19
5392,2,1,DRY,CLASE B-C,7,19
5393,2,1,DRY,CLASE B-C,7,19
5394,2,1,DRY,CLASE B-C,5,19
5395,2,2,DRY,CLASE B-C,2,19
5396,2,2,DRY,CLASE B-C,2,19
5397,2,2,DRY,CLASE B-C,2,19
5398,2,2,DRY,CLASE B-C,1,19
5399,2,2,DRY,CLASE B-C,2,19
5400,2,2,DRY,CLASE B-C,1,19
5401,2,2,DRY,CLASE B-C,2,19
5402,2,2,DRY,CLASE B-C,2,19
5403,2,2,DRY,CLASE B-C,2,19
5404,2,2,DRY,CLASE B-C,2,19
5405,2,2,DRY,CLASE B-C,1,19
5406,2,2,DRY,CLASE B-C,2,19
5407,2,2,DRY,CLASE B-C,2,19
5408,2,2,DRY,CLASE B-C,1,19
5409,3,2,DRY,CLASE A,2,19
5410,2,2,DRY,CLASE B-C,2,19
5411,1,2,DRY,CLASE B-C,115,19
5412,6,2,DRY,INSPECTION,87,19
5413,7,2,DRY,CLASE B-C,57,19
5414,7,2,RF,CLASE B-C,90,19
5415,7,2,RF,CLASE B-C,88,19
5416,1,2,DRY,CLASE D,57,19
5417,1,2,DRY,CLASE B-C,74,19
5418,1,2,DRY,CLASE B-C,83,19
5419,7,2,DRY,CLASE B-C,72,19
5420,7,2,DRY,CLASE B-C,75,19
5421,7,2,DRY,CLASE B-C,59,19
5422,2,2,DRY,CLASE B-C,67,19
5423,2,2,DRY,CLASE B-C,68,19
5424,7,2,DRY,CLASE B-C,64,19
5425,7,2,DRY,CLASE B-C,69,19
5426,7,2,DRY,CLASE B-C,59,19
5427,7,2,DRY,CLASE B-C,61,19
5428,7,2,RF,CLASE B-C,68,19
5429,1,2,DRY,INSPECTION,65,19
5430,7,2,DRY,CLASE B-C,54,19
5431,1,2,DRY,CLASE D,55,19
5432,1,2,DRY,CLASE B-C,51,19
5433,1,2,DRY,CLASE D,51,19
5434,1,2,DRY,CLASE B-C,50,19
5435,2,2,DRY,CLASE B-C,49,19
5436,2,2,DRY,CLASE B-C,49,19
5437,6,2,RF,CLASE B-C,42,19
5438,6,2,RF,CLASE B-C,42,19
5439,7,2,DRY,CLASE B-C,37,19
5440,6,2,RF,CLASE B-C,30,19
5441,7,2,DRY,CLASE B-C,1,19
5442,7,2,DRY,CLASE B-C,9,19
5443,7,2,DRY,CLASE B-C,9,19
5444,7,2,DRY,CLASE B,9,19
5445,7,2,DRY,CLASE B,9,19
5446,7,2,DRY,CLASE B-C,1,19
5447,7,2,DRY,CLASE B-C,9,19
5448,7,2,DRY,CLASE B-C,33,19
5449,7,2,DRY,CLASE B-C,31,19
5450,7,2,DRY,CLASE B-C,32,19
5451,7,2,DRY,CLASE B-C,9,19
5452,7,2,DRY,CLASE A,9,19
5453,7,2,DRY,CLASE B-C,9,19
5454,7,2,DRY,CLASE B-C,9,19
5455,7,2,DRY,CLASE B-C,9,19
5456,7,2,DRY,CLASE B-C,9,19
5457,7,2,DRY,CLASE B-C,9,19
5458,7,2,DRY,CLASE B-C,9,19
5459,7,2,DRY,CLASE B-C,9,19
5460,7,2,DRY,CLASE B-C,9,19
5461,7,2,DRY,CLASE B-C,1,19
5462,7,2,DRY,CLASE B-C,9,19
5463,7,2,DRY,CLASE B-C,9,19
5464,7,2,DRY,CLASE B-C,9,19
5465,7,2,DRY,CLASE B-C,9,19
5466,7,2,DRY,CLASE B-C,1,19
5467,7,2,DRY,CLASE B,9,19
5468,7,2,DRY,CLASE B-C,26,19
5469,7,2,DRY,CLASE B-C,9,19
5470,7,2,DRY,CLASE B-C,9,19
5471,7,2,DRY,CLASE B-C,9,19
5472,7,2,DRY,CLASE B-C,1,19
5473,7,2,DRY,CLASE B-C,9,19
5474,7,2,DRY,CLASE B-C,26,19
5475,7,2,DRY,CLASE B-C,1,19
5476,7,2,RF,CLASE B-C,26,19
5477,7,2,DRY,CLASE B-C,9,19
5478,7,2,DRY,CLASE A,9,19
5479,6,2,DRY,INSPECTION,31,19
5480,6,2,DRY,INSPECTION,31,19
5481,7,2,DRY,CLASE B-C,9,19
5482,7,2,DRY,CLASE B-C,26,19
5483,7,2,DRY,CLASE B,5,19
5484,7,2,DRY,CLASE B-C,9,19
5485,7,2,DRY,CLASE B-C,28,19
5486,7,2,DRY,CLASE B-C,9,19
5487,7,2,DRY,CLASE B-C,9,19
5488,7,2,DRY,CLASE B-C,23,19
5489,7,2,DRY,CLASE B-C,19,19
5490,7,2,DRY,CLASE B-C,29,19
5491,7,2,DRY,CLASE B-C,9,19
5492,7,2,DRY,CLASE B-C,5,19
5493,7,2,DRY,CLASE B-C,27,19
5494,7,2,DRY,CLASE B-C,1,19
5495,7,2,DRY,CLASE B-C,9,19
5496,7,2,DRY,CLASE B-C,27,19
5497,7,2,DRY,CLASE B-C,9,19
5498,7,2,DRY,CLASE B-C,25,19
5499,7,2,DRY,CLASE B-C,9,19
5500,7,2,DRY,CLASE B-C,27,19
5501,7,2,DRY,CLASE B-C,26,19
5502,7,2,DRY,CLASE B-C,24,19
5503,7,2,DRY,CLASE B-C,22,19
5504,7,2,DRY,CLASE B-C,9,19
5505,7,2,DRY,CLASE B-C,24,19
5506,7,2,DRY,CLASE B-C,5,19
5507,7,2,DRY,CLASE B-C,5,19
5508,7,2,DRY,CLASE B-C,19,19
5509,7,2,DRY,CLASE B-C,27,19
5510,7,2,DRY,CLASE B-C,19,19
5511,7,2,DRY,CLASE B-C,26,19
5512,7,2,DRY,CLASE B-C,5,19
5513,7,2,DRY,CLASE B-C,26,19
5514,7,2,DRY,CLASE B-C,9,19
5515,7,2,DRY,CLASE B-C,28,19
5516,7,2,DRY,CLASE B-C,9,19
5517,7,2,DRY,CLASE B-C,9,19
5518,7,2,DRY,CLASE B-C,5,19
5519,7,2,DRY,CLASE B-C,5,19
5520,7,2,DRY,CLASE B-C,5,19
5521,7,2,DRY,CLASE B-C,9,19
5522,7,2,DRY,CLASE B-C,19,19
5523,7,2,DRY,CLASE B-C,5,19
5524,7,2,DRY,CLASE B-C,9,19
5525,7,2,DRY,CLASE B-C,9,19
5526,7,2,DRY,CLASE B-C,29,19
5527,7,2,DRY,CLASE B-C,9,19
5528,7,2,DRY,CLASE B-C,9,19
5529,7,2,DRY,CLASE B-C,9,19
5530,7,2,DRY,CLASE B-C,26,19
5531,7,2,DRY,CLASE B-C,19,19
5532,7,2,DRY,CLASE B-C,5,19
5533,7,2,DRY,CLASE B-C,9,19
5534,7,2,DRY,CLASE B-C,27,19
5535,7,2,DRY,CLASE B-C,9,19
5536,7,2,DRY,CLASE B-C,28,19
5537,7,2,DRY,CLASE B-C,27,19
5538,6,2,RF,CLASE B-C,24,19
5539,7,2,DRY,CLASE B,21,19
5540,7,2,DRY,CLASE B-C,21,19
5541,7,2,DRY,CLASE B-C,21,19
5542,7,2,DRY,CLASE B-C,16,19
5543,7,2,DRY,CLASE B-C,21,19
5544,7,2,DRY,CLASE B-C,9,19
5545,7,2,DRY,CLASE B-C,23,19
5546,7,2,DRY,CLASE B-C,21,19
5547,7,2,DRY,CLASE B-C,3,19
5548,6,2,DRY,CLASE B-C,23,19
5549,6,2,DRY,CLASE B-C,20,19
5550,7,2,DRY,CLASE B-C,9,19
5551,7,2,DRY,CLASE B-C,21,19
5552,7,2,DRY,CLASE B-C,9,19
5553,7,2,DRY,INSPECTION,21,19
5554,7,2,DRY,CLASE B-C,21,19
5555,7,2,DRY,CLASE B-C,17,19
5556,7,2,DRY,CLASE B-C,4,19
5557,7,2,DRY,CLASE B-C,20,19
5558,7,2,DRY,CLASE B-C,1,19
5559,7,2,DRY,CLASE B-C,21,19
5560,7,2,DRY,CLASE B-C,21,19
5561,7,2,DRY,CLASE B-C,9,19
5562,7,2,DRY,CLASE B,3,19
5563,7,2,DRY,CLASE B-C,21,19
5564,7,2,DRY,CLASE B-C,21,19
5565,7,2,DRY,CLASE B-C,21,19
5566,7,2,DRY,CLASE B,21,19
5567,7,2,DRY,CLASE B-C,21,19
5568,7,2,DRY,CLASE B-C,23,19
5569,7,2,DRY,CLASE B-C,9,19
5570,7,2,DRY,CLASE B-C,20,19
5571,7,2,DRY,CLASE B-C,21,19
5572,7,2,DRY,CLASE B-C,9,19
5573,7,2,DRY,CLASE B-C,9,19
5574,7,2,DRY,CLASE B-C,9,19
5575,7,2,DRY,CLASE B-C,20,19
5576,7,2,DRY,CLASE B-C,19,19
5577,7,2,DRY,CLASE B-C,9,19
5578,7,2,DRY,CLASE B-C,9,19
5579,7,2,DRY,CLASE B-C,21,19
5580,7,2,DRY,CLASE B-C,21,19
5581,7,2,DRY,CLASE B-C,16,19
5582,7,2,DRY,CLASE B-C,23,19
5583,7,2,DRY,CLASE B-C,21,19
5584,7,2,DRY,CLASE B-C,9,19
5585,7,2,DRY,CLASE B-C,21,19
5586,7,2,DRY,CLASE B-C,21,19
5587,7,2,DRY,CLASE B-C,9,19
5588,7,2,DRY,CLASE B-C,21,19
5589,7,2,DRY,CLASE B-C,21,19
5590,7,2,DRY,CLASE B-C,21,19
5591,7,2,DRY,CLASE B-C,21,19
5592,7,2,DRY,CLASE B-C,21,19
5593,7,2,DRY,CLASE B-C,21,19
5594,7,2,DRY,CLASE B-C,21,19
5595,7,2,DRY,CLASE B-C,3,19
5596,7,2,DRY,CLASE B-C,21,19
5597,7,2,DRY,CLASE B-C,12,19
5598,7,2,DRY,CLASE B-C,22,19
5599,7,2,DRY,CLASE B-C,3,19
5600,7,2,DRY,CLASE B-C,3,19
5601,7,2,DRY,CLASE B-C,22,19
5602,7,2,DRY,CLASE B-C,9,19
5603,7,2,DRY,CLASE B-C,20,19
5604,7,2,DRY,CLASE B-C,21,19
5605,7,2,DRY,CLASE B-C,5,19
5606,7,2,DRY,CLASE B-C,21,19
5607,7,2,DRY,CLASE B-C,21,19
5608,7,2,DRY,CLASE B-C,21,19
5609,7,2,DRY,CLASE B-C,9,19
5610,7,2,DRY,CLASE B-C,9,19
5611,7,2,DRY,CLASE B-C,21,19
5612,7,2,DRY,CLASE B-C,12,19
5613,7,2,DRY,CLASE B-C,16,19
5614,7,2,DRY,CLASE B-C,3,19
5615,7,2,DRY,CLASE B-C,21,19
5616,7,2,DRY,CLASE B-C,12,19
5617,7,2,DRY,CLASE B-C,16,19
5618,7,2,DRY,CLASE A,9,19
5619,7,2,DRY,CLASE B-C,12,19
5620,7,2,DRY,CLASE B-C,12,19
5621,7,2,DRY,CLASE B-C,21,19
5622,7,2,DRY,CLASE B-C,21,19
5623,7,2,DRY,CLASE B-C,20,19
5624,7,2,DRY,CLASE B-C,3,19
5625,7,2,DRY,CLASE B-C,21,19
5626,7,2,DRY,CLASE B-C,21,19
5627,7,2,DRY,CLASE B-C,16,19
5628,7,2,DRY,CLASE B-C,21,19
5629,7,2,DRY,CLASE B-C,21,19
5630,7,2,DRY,CLASE B-C,20,19
5631,7,2,DRY,CLASE B-C,9,19
5632,7,2,DRY,CLASE B-C,21,19
5633,7,2,DRY,CLASE B-C,20,19
5634,7,2,DRY,CLASE B-C,21,19
5635,7,2,DRY,CLASE B-C,12,19
5636,7,2,DRY,CLASE B-C,12,19
5637,7,2,DRY,CLASE B-C,12,19
5638,7,2,DRY,CLASE B-C,9,19
5639,7,2,DRY,CLASE B-C,20,19
5640,7,2,DRY,CLASE B-C,21,19
5641,7,2,DRY,CLASE B-C,9,19
5642,7,2,DRY,CLASE B-C,21,19
5643,7,2,DRY,CLASE B-C,3,19
5644,7,2,DRY,CLASE B-C,20,19
5645,7,2,DRY,CLASE B-C,3,19
5646,7,2,DRY,CLASE B,20,19
5647,7,2,DRY,CLASE B-C,20,19
5648,7,2,DRY,CLASE B-C,21,19
5649,7,2,DRY,CLASE B-C,3,19
5650,7,2,DRY,CLASE B-C,21,19
5651,7,2,DRY,CLASE B-C,20,19
5652,7,2,DRY,CLASE B-C,20,19
5653,7,2,DRY,CLASE B-C,4,19
5654,7,2,DRY,CLASE B-C,9,19
5655,7,2,DRY,CLASE B-C,21,19
5656,7,2,DRY,CLASE B-C,23,19
5657,7,2,DRY,CLASE B-C,9,19
5658,7,2,DRY,CLASE B-C,21,19
5659,7,2,DRY,CLASE B-C,21,19
5660,7,2,DRY,CLASE B-C,21,19
5661,7,2,DRY,CLASE B-C,21,19
5662,7,2,DRY,CLASE B-C,9,19
5663,7,2,DRY,CLASE B-C,21,19
5664,7,2,DRY,CLASE B-C,21,19
5665,7,2,DRY,CLASE B-C,1,19
5666,7,2,DRY,CLASE B-C,16,19
5667,7,2,DRY,CLASE B-C,3,19
5668,7,2,DRY,CLASE B-C,21,19
5669,7,2,DRY,CLASE B-C,19,19
5670,7,2,DRY,CLASE B-C,21,19
5671,7,2,DRY,CLASE B-C,21,19
5672,7,2,DRY,CLASE B-C,21,19
5673,7,2,DRY,CLASE B-C,21,19
5674,7,2,DRY,CLASE B-C,21,19
5675,7,2,DRY,CLASE B-C,21,19
5676,7,2,DRY,CLASE B-C,21,19
5677,7,2,DRY,CLASE B-C,3,19
5678,7,2,DRY,CLASE B-C,21,19
5679,7,2,DRY,CLASE B-C,21,19
5680,7,2,DRY,CLASE B-C,21,19
5681,7,2,DRY,CLASE B-C,9,19
5682,7,2,DRY,CLASE B-C,21,19
5683,7,2,DRY,CLASE B-C,21,19
5684,7,2,DRY,CLASE B-C,21,19
5685,6,2,RF,CLASE B-C,21,19
5686,6,2,RF,CLASE B-C,21,19
5687,7,2,DRY,CLASE A,3,19
5688,7,2,DRY,CLASE A,4,19
5689,7,2,DRY,CLASE B-C,2,19
5690,7,2,DRY,CLASE B-C,3,19
5691,7,2,DRY,CLASE B-C,3,19
5692,7,2,DRY,CLASE B-C,4,19
5693,7,2,DRY,CLASE B-C,9,19
5694,7,2,DRY,CLASE D,4,19
5695,7,2,DRY,CLASE B-C,14,19
5696,7,2,DRY,CLASE B-C,9,19
5697,7,2,DRY,CLASE B-C,3,19
5698,7,2,DRY,CLASE B-C,3,19
5699,7,2,DRY,CLASE B-C,3,19
5700,7,2,DRY,CLASE B-C,9,19
5701,7,2,DRY,CLASE B-C,11,19
5702,7,2,DRY,CLASE B-C,4,19
5703,7,2,DRY,CLASE B-C,4,19
5704,7,2,DRY,CLASE B-C,2,19
5705,7,2,DRY,CLASE B-C,12,19
5706,7,2,DRY,CLASE B-C,3,19
5707,7,2,DRY,CLASE B-C,4,19
5708,7,2,DRY,CLASE B-C,2,19
5709,7,2,DRY,CLASE B-C,3,19
5710,7,2,DRY,CLASE B-C,4,19
5711,7,2,DRY,CLASE B-C,17,19
5712,7,2,DRY,CLASE B-C,2,19
5713,7,2,DRY,CLASE B-C,4,19
5714,7,2,DRY,CLASE B-C,4,19
5715,7,2,DRY,CLASE B-C,17,19
5716,7,2,DRY,CLASE B-C,2,19
5717,7,2,DRY,CLASE B-C,14,19
5718,7,2,DRY,CLASE B-C,4,19
5719,7,2,DRY,CLASE B-C,3,19
5720,7,2,DRY,CLASE B-C,3,19
5721,7,2,DRY,CLASE B-C,3,19
5722,7,2,DRY,CLASE B-C,9,19
5723,7,2,DRY,CLASE B-C,9,19
5724,7,2,DRY,CLASE B-C,3,19
5725,7,2,DRY,CLASE B-C,4,19
5726,7,2,DRY,CLASE B-C,2,19
5727,7,2,DRY,CLASE B-C,4,19
5728,7,2,DRY,CLASE B-C,2,19
5729,7,2,DRY,CLASE B-C,3,19
5730,7,2,DRY,CLASE B-C,9,19
5731,7,2,DRY,CLASE B-C,3,19
5732,7,2,DRY,CLASE B-C,9,19
5733,7,2,DRY,CLASE B-C,2,19
5734,7,2,DRY,CLASE B-C,2,19
5735,7,2,DRY,CLASE B-C,4,19
5736,7,2,DRY,CLASE B-C,2,19
5737,7,2,DRY,CLASE B-C,4,19
5738,7,2,DRY,CLASE B-C,9,19
5739,7,2,DRY,CLASE B-C,16,19
5740,7,2,DRY,CLASE B-C,4,19
5741,7,2,DRY,CLASE B-C,2,19
5742,7,2,DRY,CLASE B-C,4,19
5743,7,2,DRY,CLASE B-C,3,19
5744,7,2,DRY,CLASE B-C,9,19
5745,7,2,DRY,CLASE A,3,19
5746,7,2,DRY,CLASE B-C,3,19
5747,7,2,DRY,CLASE D,2,19
5748,7,2,DRY,CLASE B-C,3,19
5749,7,2,DRY,CLASE B-C,3,19
5750,3,2,DRY,CLASE B-C,3,19
5751,3,2,DRY,CLASE A,2,19
5752,3,2,DRY,CLASE B-C,1,19
5753,3,2,DRY,CLASE A,1,19
5754,3,2,DRY,CLASE B-C,2,19
5755,3,2,DRY,CLASE B-C,8,19
5756,3,2,DRY,CLASE B-C,2,19
5757,3,2,DRY,CLASE B-C,1,19
5758,3,2,DRY,CLASE B-C,1,19
5759,6,2,DRY,CLASE B-C,11,19
5760,6,2,DRY,INSPECTION,11,19
5761,6,2,DRY,CLASE B-C,14,19
5762,6,2,DRY,INSPECTION,15,19
5763,6,2,DRY,CLASE B-C,14,19
5764,6,2,DRY,CLASE B-C,3,19
5765,6,2,DRY,CLASE B-C,8,19
5766,6,2,DRY,CLASE B-C,4,19
5767,6,2,DRY,CLASE B-C,8,19
5768,6,2,DRY,CLASE B-C,7,19
5769,6,2,DRY,CLASE B-C,8,19
5770,6,2,DRY,CLASE B-C,14,19
5771,6,2,DRY,CLASE B-C,2,19
5772,6,2,DRY,CLASE B-C,9,19
5773,6,2,DRY,CLASE B-C,9,19
5774,6,2,DRY,CLASE B-C,8,19
5775,6,2,DRY,CLASE B-C,7,19
5776,6,2,DRY,CLASE B-C,2,19
5777,6,2,DRY,CLASE B-C,9,19
5778,6,2,DRY,INSPECTION,15,19
5779,6,2,DRY,CLASE B-C,8,19
5780,6,2,DRY,CLASE A,8,19
5781,6,2,DRY,CLASE B-C,7,19
5782,6,2,DRY,CLASE B-C,4,19
5783,6,2,DRY,CLASE B-C,9,19
5784,6,2,DRY,CLASE B-C,9,19
5785,6,2,DRY,CLASE B-C,7,19
5786,6,2,DRY,CLASE B-C,9,19
5787,6,2,DRY,CLASE B-C,8,19
5788,6,2,DRY,CLASE B-C,9,19
5789,6,2,DRY,CLASE B-C,8,19
5790,6,2,DRY,CLASE B-C,2,19
5791,6,2,DRY,CLASE B-C,2,19
5792,6,2,DRY,CLASE B-C,2,19
5793,6,2,DRY,CLASE B-C,3,19
5794,6,2,DRY,CLASE B-C,9,19
5795,6,2,DRY,CLASE B-C,2,19
5796,6,2,DRY,CLASE B-C,9,19
5797,6,2,DRY,CLASE B-C,7,19
5798,6,2,DRY,CLASE B-C,9,19
5799,6,2,DRY,CLASE B-C,8,19
5800,6,2,DRY,CLASE B-C,9,19
5801,6,2,DRY,INSPECTION,14,19
5802,6,2,DRY,CLASE B-C,7,19
5803,6,2,DRY,CLASE B-C,8,19
5804,6,2,DRY,CLASE B-C,2,19
5805,6,2,DRY,CLASE B-C,9,19
5806,6,2,DRY,CLASE B-C,8,19
5807,6,2,DRY,CLASE B-C,15,19
5808,6,2,DRY,INSPECTION,15,19
5809,6,2,DRY,CLASE B-C,3,19
5810,6,2,DRY,INSPECTION,15,19
5811,6,2,DRY,CLASE B-C,11,19
5812,6,2,DRY,INSPECTION,11,19
5813,6,2,DRY,CLASE B-C,8,19
5814,6,2,DRY,INSPECTION,11,19
5815,7,2,DRY,CLASE B-C,2,19
5816,7,2,DRY,CLASE B-C,2,19
5817,7,2,DRY,CLASE B-C,1,19
5818,7,2,DRY,CLASE B-C,4,19
5819,7,2,DRY,CLASE B-C,2,19
5820,7,2,DRY,CLASE B-C,2,19
5821,7,2,DRY,CLASE B-C,1,19
5822,7,2,DRY,CLASE B-C,2,19
5823,7,2,DRY,CLASE B-C,2,19
5824,7,2,DRY,CLASE B-C,2,19
5825,7,2,DRY,CLASE B-C,2,19
5826,7,2,DRY,CLASE B-C,4,19
5827,7,2,DRY,CLASE B-C,1,19
5828,7,2,DRY,CLASE B-C,1,19
5829,7,2,DRY,CLASE B-C,4,19
5830,7,2,DRY,CLASE D,4,19
5831,7,2,DRY,CLASE B-C,1,19
5832,7,2,DRY,CLASE B,4,19
5833,7,2,DRY,CLASE B-C,2,19
5834,7,2,DRY,CLASE B-C,2,19
5835,7,2,DRY,CLASE B-C,1,19
5836,7,2,DRY,CLASE B-C,2,19
5837,7,2,DRY,CLASE B-C,2,19
5838,7,2,DRY,CLASE B-C,2,19
5839,7,2,DRY,CLASE B-C,15,19
5840,7,2,DRY,CLASE B-C,2,19
5841,7,2,DRY,CLASE B-C,1,19
5842,7,2,DRY,CLASE B-C,4,19
5843,7,2,DRY,CLASE B-C,2,19
5844,7,2,DRY,CLASE B-C,3,19
5845,7,2,DRY,CLASE B-C,2,19
5846,2,1,DRY,CLASE B-C,8,19
5847,2,1,DRY,CLASE B-C,7,19
5848,2,1,DRY,CLASE B-C,8,19
5849,6,2,RF,CLASE B-C,2,19
5850,6,2,RF,CLASE B-C,2,19
5851,6,2,RF,CLASE B-C,2,19
5852,7,2,DRY,CLASE B-C,1,19
5853,7,2,DRY,CLASE B-C,4,19
5854,7,2,DRY,CLASE B-C,1,19
5855,7,2,DRY,CLASE B-C,1,19
5856,7,2,RF,CLASE B-C,6,19
5857,7,2,RF,CLASE B-C,6,19
5858,7,2,RF,CLASE B-C,6,19
5859,7,2,RF,CLASE B-C,6,19
5860,7,2,RF,CLASE B-C,6,19
5861,7,2,DRY,CLASE B-C,1,19
5862,7,2,DRY,CLASE B-C,1,19
5863,7,2,DRY,CLASE B-C,1,19
5864,7,2,DRY,CLASE B-C,1,19
5865,7,2,DRY,CLASE B-C,1,19
5866,7,2,DRY,CLASE B-C,1,19
5867,7,2,DRY,CLASE B-C,1,19
5868,7,2,RF,CLASE B-C,6,19
5869,7,2,RF,CLASE B-C,5,19
5870,7,2,RF,CLASE B-C,6,19
5871,7,2,RF,CLASE B-C,5,19
5872,7,2,DRY,CLASE B-C,1,19
5873,7,2,RF,CLASE B-C,6,19
5874,7,2,DRY,CLASE B-C,1,19
5875,7,2,DRY,CLASE B-C,1,19
5876,7,2,DRY,CLASE B,1,19
5877,7,2,DRY,CLASE B-C,1,19
5878,7,2,DRY,CLASE B-C,1,19
5879,7,2,DRY,CLASE B-C,1,19
5880,7,2,DRY,CLASE B-C,1,19
5881,7,2,DRY,CLASE B-C,1,19
5882,7,2,DRY,CLASE B-C,1,19
5883,7,2,DRY,CLASE B-C,1,19
5884,7,2,RF,CLASE B-C,6,19
5885,7,2,DRY,CLASE B-C,4,19
5886,7,2,DRY,CLASE B-C,1,19
5887,7,2,RF,CLASE B-C,6,19
5888,7,2,DRY,CLASE B-C,1,19
5889,7,2,DRY,CLASE B-C,1,19
5890,7,2,RF,CLASE B-C,5,19
5891,7,2,RF,CLASE B-C,6,19
5892,7,2,DRY,CLASE B-C,1,19
5893,7,2,RF,CLASE B-C,5,19
5894,7,2,DRY,CLASE B-C,1,19
5895,7,2,DRY,CLASE B-C,1,19
5896,7,2,DRY,CLASE B-C,1,19
5897,7,2,RF,CLASE B-C,5,19
5898,7,2,DRY,CLASE B-C,1,19
5899,7,2,DRY,CLASE B-C,1,19
5900,7,2,RF,CLASE B-C,5,19
5901,7,2,DRY,CLASE B-C,4,19
5902,2,1,DRY,CLASE B-C,5,19
5903,2,2,DRY,CLASE B-C,2,19
5904,2,2,DRY,CLASE B-C,2,19
5905,2,2,DRY,CLASE B-C,3,19
5906,2,2,DRY,CLASE B-C,3,19
5907,2,2,DRY,CLASE B-C,2,19
5908,7,2,DRY,CLASE B-C,3,19
5909,2,2,DRY,CLASE B-C,2,19
5910,7,2,DRY,CLASE B-C,1,19
5911,7,2,DRY,CLASE B-C,1,19
5912,7,2,DRY,CLASE B-C,3,19
5913,7,2,DRY,CLASE B-C,3,19
5914,2,2,DRY,CLASE B-C,2,19
5915,7,2,DRY,CLASE B-C,2,19
5916,7,2,DRY,CLASE B-C,1,19
5917,7,2,DRY,CLASE B-C,1,19
5918,3,2,DRY,CLASE B-C,1,19
5919,6,2,DRY,CLASE B-C,1,19
5920,7,2,DRY,CLASE B-C,1,19
5921,7,2,DRY,CLASE B-C,1,19
5922,7,2,DRY,CLASE B-C,1,19
5923,6,2,DRY,CLASE B-C,91,19
5924,6,2,DRY,CLASE B-C,91,19
5925,7,2,DRY,CLASE B-C,91,19
5926,7,2,RF,CLASE B-C,93,19
5927,7,2,DRY,CLASE B-C,61,19
5928,1,2,DRY,CLASE B-C,92,19
5929,6,2,DRY,CLASE B-C,89,19
5930,7,2,RF,CLASE B-C,85,19
5931,7,2,DRY,CLASE B-C,80,19
5932,3,2,DRY,CLASE B-C,86,19
5933,7,2,DRY,CLASE B-C,70,19
5934,7,2,DRY,CLASE B-C,71,19
5935,7,2,DRY,CLASE B-C,72,19
5936,7,2,DRY,CLASE D,61,19
5937,3,2,DRY,CLASE B-C,62,19
5938,2,2,DRY,CLASE B-C,56,19
5939,2,2,DRY,CLASE B-C,56,19
5940,2,2,DRY,CLASE B-C,56,19
5941,8,2,DRY,CLASE B-C,45,19
5942,6,2,RF,CLASE B-C,45,19
5943,6,2,RF,CLASE B-C,44,19
5944,2,2,RF,CLASE B-C,42,19
5945,2,2,RF,CLASE B-C,42,19
5946,7,2,RF,CLASE B-C,37,19
5947,7,2,DRY,CLASE B-C,39,19
5948,7,2,DRY,CLASE B-C,39,19
5949,7,2,DRY,CLASE B-C,39,19
5950,6,2,RF,CLASE B-C,31,19
5951,6,2,RF,CLASE B-C,33,19
5952,7,2,DRY,CLASE B-C,37,19
5953,2,2,DRY,CLASE B-C,31,19
5954,2,2,DRY,CLASE B-C,31,19
5955,2,2,RF,CLASE B-C,23,19
5956,2,2,RF,CLASE B-C,29,19
5957,2,2,DRY,CLASE B-C,31,19
5958,2,2,RF,CLASE B-C,23,19
5959,2,2,RF,CLASE B-C,30,19
5960,2,2,RF,CLASE B-C,29,19
5961,2,2,RF,CLASE B-C,29,19
5962,2,2,DRY,CLASE B-C,32,19
5963,2,2,RF,CLASE B-C,32,19
5964,7,2,DRY,CLASE B-C,1,19
5965,7,2,DRY,CLASE B-C,1,19
5966,7,2,DRY,CLASE A,1,19
5967,7,2,DRY,CLASE B-C,1,19
5968,7,2,DRY,CLASE B-C,1,19
5969,7,2,DRY,CLASE B-C,2,19
5970,7,2,DRY,CLASE B-C,1,19
5971,7,2,DRY,CLASE B-C,1,19
5972,7,2,DRY,CLASE B-C,1,19
5973,7,2,DRY,CLASE B-C,1,19
5974,7,2,DRY,CLASE B-C,1,19
5975,7,2,DRY,CLASE B-C,1,19
5976,7,2,DRY,CLASE B-C,2,19
5977,7,2,DRY,CLASE B-C,1,19
5978,7,2,DRY,CLASE B-C,1,19
5979,7,2,DRY,CLASE B-C,1,19
5980,7,2,DRY,CLASE B-C,1,19
5981,7,2,DRY,CLASE B-C,1,19
5982,7,2,DRY,CLASE B-C,1,19
5983,7,2,DRY,CLASE B-C,1,19
5984,7,2,DRY,INSPECTION,1,19
5985,7,2,DRY,CLASE A,1,19
5986,7,2,DRY,CLASE B,1,19
5987,7,2,DRY,CLASE B-C,2,19
5988,7,2,DRY,CLASE B-C,1,19
5989,7,2,DRY,CLASE B-C,2,19
5990,7,2,DRY,CLASE B-C,1,19
5991,7,2,DRY,CLASE B-C,1,19
5992,7,2,DRY,CLASE B-C,1,19
5993,7,2,DRY,CLASE B-C,2,19
5994,7,2,DRY,CLASE B-C,2,19
5995,7,2,DRY,CLASE B,1,19
5996,7,2,DRY,CLASE B-C,2,19
5997,7,2,DRY,CLASE B-C,2,19
5998,7,2,DRY,CLASE B-C,1,19
5999,7,2,DRY,CLASE B-C,1,19
6000,7,2,DRY,CLASE B-C,1,19
6001,7,2,DRY,CLASE B-C,2,19
6002,7,2,DRY,CLASE B-C,1,19
6003,7,2,DRY,CLASE B-C,1,19
6004,7,2,DRY,CLASE B-C,1,19
6005,7,2,DRY,CLASE B-C,1,19
6006,7,2,DRY,CLASE B-C,1,19
6007,7,2,DRY,CLASE B-C,1,19
6008,7,2,DRY,CLASE B-C,1,19
6009,7,2,DRY,CLASE B-C,1,19
6010,7,2,DRY,CLASE B-C,1,19
6011,7,2,DRY,CLASE B-C,2,19
6012,7,2,DRY,CLASE B-C,1,19
6013,7,2,DRY,CLASE B-C,2,19
6014,7,2,DRY,CLASE B-C,1,19
6015,7,2,DRY,CLASE B-C,1,19
6016,7,2,DRY,CLASE B-C,2,19
6017,7,2,DRY,CLASE B-C,1,19
6018,7,2,DRY,CLASE B-C,2,19
6019,7,2,DRY,CLASE B-C,1,19
6020,7,2,DRY,CLASE B-C,1,19
6021,7,2,DRY,CLASE B-C,1,19
6022,7,2,DRY,CLASE B-C,2,19
6023,7,2,DRY,CLASE B-C,1,19
6024,7,2,DRY,CLASE B-C,1,19
6025,7,2,DRY,CLASE B-C,1,19
6026,7,2,DRY,CLASE B-C,1,19
6027,7,2,DRY,CLASE B-C,2,19
6028,7,2,DRY,CLASE B-C,2,19
6029,7,2,DRY,CLASE B-C,1,19
6030,7,2,DRY,CLASE B-C,1,19
6031,7,2,DRY,CLASE B-C,2,19
6032,7,2,DRY,CLASE B-C,1,19
6033,7,2,DRY,CLASE B-C,1,19
6034,7,2,DRY,CLASE B-C,1,19
6035,7,2,DRY,CLASE B-C,1,19
6036,7,2,DRY,CLASE B-C,1,19
6037,7,2,DRY,INSPECTION,1,19
6038,7,2,DRY,CLASE B-C,1,19
6039,7,2,DRY,CLASE B-C,2,19
6040,7,2,DRY,CLASE A,1,19
6041,7,2,DRY,CLASE B-C,1,19
6042,7,2,DRY,CLASE B-C,1,19
6043,7,2,DRY,CLASE B-C,1,19
6044,7,2,DRY,CLASE B-C,32,19
6045,7,2,DRY,CLASE B-C,1,19
6046,7,2,DRY,CLASE B-C,1,19
6047,6,2,DRY,CLASE B-C,27,19
6048,7,2,DRY,CLASE B-C,16,19
6049,7,2,DRY,CLASE B-C,27,19
6050,7,2,DRY,CLASE B-C,1,19
6051,7,2,DRY,CLASE B-C,25,19
6052,7,2,DRY,CLASE B-C,16,19
6053,7,2,DRY,CLASE B-C,16,19
6054,7,2,DRY,CLASE B-C,30,19
6055,7,2,DRY,CLASE B-C,16,19
6056,7,2,DRY,CLASE B-C,16,19
6057,7,2,DRY,CLASE B-C,24,19
6058,7,2,DRY,CLASE B-C,28,19
6059,7,2,DRY,CLASE B-C,6,19
6060,7,2,DRY,CLASE B-C,29,19
6061,7,2,DRY,CLASE B,7,19
6062,7,2,DRY,CLASE B-C,24,19
6063,7,2,DRY,CLASE B-C,24,19
6064,7,2,DRY,CLASE B-C,7,19
6065,7,2,DRY,CLASE B-C,6,19
6066,7,2,DRY,CLASE B-C,6,19
6067,7,2,DRY,CLASE B-C,24,19
6068,7,2,DRY,CLASE B-C,24,19
6069,7,2,DRY,CLASE A,27,19
6070,7,2,DRY,CLASE B-C,7,19
6071,7,2,DRY,CLASE B-C,24,19
6072,7,2,DRY,CLASE B-C,24,19
6073,7,2,DRY,CLASE B-C,28,19
6074,7,2,DRY,CLASE B-C,26,19
6075,7,2,DRY,CLASE B-C,29,19
6076,7,2,DRY,CLASE B-C,24,19
6077,7,2,DRY,CLASE B-C,24,19
6078,7,2,DRY,CLASE B-C,16,19
6079,7,2,DRY,CLASE B-C,16,19
6080,7,2,DRY,CLASE B-C,24,19
6081,7,2,DRY,CLASE B-C,16,19
6082,7,2,DRY,CLASE B-C,7,19
6083,7,2,DRY,CLASE B-C,28,19
6084,7,2,DRY,CLASE B-C,24,19
6085,7,2,DRY,CLASE B-C,16,19
6086,7,2,DRY,CLASE B-C,1,19
6087,7,2,DRY,CLASE B-C,24,19
6088,7,2,DRY,CLASE B-C,24,19
6089,7,2,DRY,CLASE B-C,27,19
6090,7,2,DRY,CLASE D,24,19
6091,7,2,DRY,CLASE B-C,24,19
6092,7,2,DRY,CLASE B-C,16,19
6093,7,2,DRY,CLASE B-C,27,19
6094,7,2,DRY,CLASE A,27,19
6095,7,2,DRY,CLASE B-C,16,19
6096,7,2,DRY,CLASE B-C,16,19
6097,7,2,DRY,CLASE B-C,24,19
6098,7,2,DRY,CLASE B-C,28,19
6099,7,2,DRY,CLASE B-C,16,19
6100,7,2,DRY,CLASE B-C,8,19
6101,7,2,DRY,CLASE B-C,7,19
6102,7,2,DRY,CLASE B-C,31,19
6103,7,2,DRY,CLASE B-C,27,19
6104,7,2,DRY,CLASE B-C,7,19
6105,7,2,DRY,CLASE B-C,16,19
6106,7,2,DRY,CLASE B-C,24,19
6107,7,2,DRY,CLASE B-C,29,19
6108,7,2,DRY,CLASE B-C,16,19
6109,7,2,DRY,CLASE B-C,26,19
6110,7,2,DRY,CLASE B-C,29,19
6111,7,2,DRY,CLASE B-C,16,19
6112,7,2,DRY,CLASE B-C,16,19
6113,2,2,RF,CLASE B-C,27,19
6114,8,2,DRY,CLASE B-C,25,19
6115,7,2,DRY,CLASE A,23,19
6116,7,2,DRY,CLASE B-C,21,19
6117,7,2,DRY,CLASE B-C,20,19
6118,7,2,DRY,CLASE B-C,23,19
6119,7,2,DRY,CLASE B-C,21,19
6120,7,2,DRY,CLASE B-C,21,19
6121,7,2,DRY,CLASE B-C,21,19
6122,1,2,RF,CLASE B-C,24,19
6123,7,2,DRY,CLASE B-C,24,19
6124,7,2,DRY,CLASE B-C,24,19
6125,6,2,DRY,CLASE B-C,24,19
6126,6,2,DRY,CLASE B-C,24,19
6127,6,2,DRY,CLASE B-C,24,19
6128,6,2,DRY,CLASE B-C,24,19
6129,6,2,DRY,CLASE B-C,24,19
6130,6,2,DRY,CLASE B-C,25,19
6131,6,2,DRY,CLASE B-C,24,19
6132,6,2,DRY,CLASE B-C,24,19
6133,6,2,DRY,CLASE B,25,19
6134,7,2,DRY,CLASE B-C,23,19
6135,7,2,DRY,CLASE B-C,6,19
6136,7,2,DRY,CLASE D,23,19
6137,7,2,DRY,CLASE B-C,21,19
6138,7,2,DRY,CLASE B-C,21,19
6139,7,2,DRY,CLASE B-C,20,19
6140,7,2,DRY,CLASE B-C,20,19
6141,7,2,DRY,CLASE B-C,21,19
6142,7,2,DRY,CLASE B-C,23,19
6143,7,2,DRY,CLASE B-C,20,19
6144,7,2,DRY,CLASE B-C,24,19
6145,7,2,DRY,CLASE B-C,24,19
6146,7,2,DRY,CLASE D,20,19
6147,7,2,DRY,CLASE B-C,20,19
6148,7,2,DRY,CLASE B-C,20,19
6149,7,2,DRY,CLASE B-C,3,19
6150,7,2,DRY,CLASE B-C,23,19
6151,7,2,DRY,CLASE B-C,18,19
6152,7,2,DRY,CLASE B-C,23,19
6153,7,2,DRY,CLASE B-C,3,19
6154,7,2,DRY,CLASE B-C,20,19
6155,7,2,DRY,CLASE B-C,20,19
6156,7,2,DRY,CLASE B,24,19
6157,7,2,DRY,CLASE B,20,19
6158,7,2,DRY,CLASE B-C,20,19
6159,7,2,DRY,CLASE B-C,8,19
6160,7,2,DRY,CLASE B-C,18,19
6161,7,2,DRY,CLASE B-C,20,19
6162,7,2,DRY,CLASE B-C,18,19
6163,7,2,DRY,CLASE B-C,21,19
6164,7,2,DRY,CLASE B-C,23,19
6165,7,2,DRY,CLASE B-C,21,19
6166,7,2,DRY,CLASE B-C,21,19
6167,7,2,DRY,CLASE B-C,24,19
6168,7,2,DRY,CLASE B-C,21,19
6169,7,2,DRY,CLASE B-C,23,19
6170,7,2,DRY,CLASE B-C,23,19
6171,7,2,DRY,CLASE B-C,21,19
6172,7,2,DRY,CLASE B-C,20,19
6173,7,2,DRY,CLASE B-C,21,19
6174,7,2,DRY,CLASE B-C,20,19
6175,7,2,DRY,CLASE B-C,20,19
6176,7,2,DRY,CLASE B-C,23,19
6177,7,2,DRY,CLASE B-C,20,19
6178,7,2,DRY,CLASE B-C,18,19
6179,7,2,DRY,CLASE B-C,6,19
6180,7,2,DRY,CLASE B-C,23,19
6181,7,2,DRY,CLASE B-C,21,19
6182,7,2,DRY,CLASE B,23,19
6183,7,2,DRY,CLASE B-C,24,19
6184,7,2,DRY,CLASE B-C,20,19
6185,7,2,DRY,CLASE B-C,24,19
6186,7,2,DRY,CLASE B-C,20,19
6187,7,2,DRY,CLASE B-C,21,19
6188,7,2,DRY,CLASE B-C,20,19
6189,7,2,DRY,CLASE B-C,21,19
6190,7,2,DRY,CLASE B-C,20,19
6191,7,2,DRY,CLASE B-C,20,19
6192,7,2,DRY,CLASE B-C,23,19
6193,7,2,DRY,CLASE B-C,23,19
6194,7,2,DRY,CLASE B-C,21,19
6195,7,2,DRY,CLASE B-C,18,19
6196,7,2,DRY,CLASE B-C,20,19
6197,7,2,DRY,CLASE B-C,20,19
6198,7,2,DRY,CLASE B-C,20,19
6199,7,2,DRY,CLASE B-C,21,19
6200,7,2,DRY,CLASE B-C,24,19
6201,7,2,DRY,CLASE B-C,22,19
6202,7,2,DRY,CLASE B-C,23,19
6203,7,2,DRY,CLASE B-C,21,19
6204,7,2,DRY,CLASE B-C,20,19
6205,7,2,DRY,CLASE B-C,23,19
6206,7,2,DRY,CLASE B-C,20,19
6207,7,2,DRY,CLASE B-C,21,19
6208,7,2,DRY,CLASE B-C,24,19
6209,7,2,DRY,CLASE B-C,23,19
6210,7,2,DRY,CLASE B-C,22,19
6211,7,2,DRY,CLASE B-C,20,19
6212,7,2,DRY,CLASE B-C,20,19
6213,7,2,DRY,CLASE A,20,19
6214,7,2,DRY,CLASE B-C,18,19
6215,7,2,DRY,CLASE B-C,23,19
6216,7,2,DRY,CLASE B-C,21,19
6217,7,2,DRY,CLASE B-C,23,19
6218,7,2,DRY,CLASE B-C,20,19
6219,7,2,DRY,CLASE A,23,19
6220,7,2,DRY,CLASE B-C,16,19
6221,7,2,DRY,CLASE B-C,20,19
6222,7,2,DRY,CLASE B-C,21,19
6223,7,2,DRY,CLASE B-C,21,19
6224,7,2,DRY,CLASE D,18,19
6225,7,2,DRY,CLASE B-C,20,19
6226,7,2,DRY,CLASE A,23,19
6227,7,2,DRY,CLASE B-C,20,19
6228,7,2,DRY,CLASE B,20,19
6229,7,2,DRY,CLASE B-C,23,19
6230,7,2,DRY,CLASE B-C,21,19
6231,7,2,DRY,CLASE B-C,20,19
6232,7,2,DRY,CLASE B-C,24,19
6233,7,2,DRY,CLASE B-C,8,19
6234,7,2,DRY,CLASE B-C,17,19
6235,7,2,DRY,CLASE B-C,21,19
6236,7,2,DRY,CLASE B-C,23,19
6237,7,2,DRY,CLASE B-C,24,19
6238,7,2,DRY,CLASE B-C,24,19
6239,7,2,DRY,CLASE B-C,23,19
6240,7,2,DRY,CLASE B-C,21,19
6241,7,2,DRY,CLASE B-C,20,19
6242,6,2,DRY,CLASE B-C,24,19
6243,6,2,DRY,CLASE A,24,19
6244,7,2,DRY,CLASE B-C,24,19
6245,2,2,DRY,CLASE B-C,24,19
6246,6,2,DRY,CLASE B-C,24,19
6247,6,2,DRY,CLASE B-C,24,19
6248,6,2,DRY,CLASE B-C,24,19
6249,6,2,DRY,CLASE B-C,24,19
6250,6,2,DRY,CLASE B-C,24,19
6251,6,2,DRY,CLASE B-C,24,19
6252,6,2,DRY,CLASE B-C,24,19
6253,2,2,RF,CLASE B-C,22,19
6254,2,2,RF,CLASE B-C,23,19
6255,1,2,RF,CLASE B-C,22,19
6256,7,2,DRY,CLASE B-C,16,19
6257,7,2,DRY,CLASE B,16,19
6258,7,2,DRY,CLASE B-C,17,19
6259,7,2,DRY,CLASE B,17,19
6260,7,2,DRY,CLASE B-C,16,19
6261,7,2,DRY,CLASE B-C,4,19
6262,7,2,DRY,CLASE B-C,20,19
6263,7,2,DRY,CLASE B-C,16,19
6264,7,2,DRY,CLASE B-C,16,19
6265,7,2,DRY,CLASE B-C,5,19
6266,7,2,DRY,CLASE B-C,5,19
6267,7,2,DRY,CLASE B-C,20,19
6268,7,2,DRY,CLASE B-C,16,19
6269,7,2,DRY,CLASE B-C,16,19
6270,7,2,DRY,CLASE B-C,16,19
6271,7,2,DRY,CLASE B-C,20,19
6272,7,2,DRY,CLASE B-C,16,19
6273,7,2,DRY,CLASE B-C,4,19
6274,7,2,DRY,CLASE B-C,16,19
6275,7,2,DRY,CLASE B-C,6,19
6276,7,2,DRY,CLASE B-C,16,19
6277,7,2,DRY,CLASE B-C,16,19
6278,7,2,DRY,CLASE B-C,20,19
6279,7,2,DRY,CLASE B-C,15,19
6280,7,2,DRY,CLASE B-C,20,19
6281,7,2,DRY,CLASE B-C,16,19
6282,7,2,DRY,CLASE B-C,17,19
6283,7,2,DRY,CLASE B-C,16,19
6284,7,2,DRY,CLASE B-C,16,19
6285,7,2,DRY,CLASE B-C,20,19
6286,7,2,DRY,CLASE B-C,16,19
6287,7,2,DRY,CLASE B-C,16,19
6288,7,2,DRY,CLASE B-C,18,19
6289,7,2,DRY,CLASE B-C,16,19
6290,7,2,DRY,CLASE B-C,16,19
6291,7,2,DRY,CLASE B-C,16,19
6292,7,2,DRY,CLASE B-C,5,19
6293,7,2,DRY,CLASE B-C,16,19
6294,7,2,DRY,CLASE B-C,15,19
6295,7,2,DRY,CLASE B-C,16,19
6296,7,2,DRY,CLASE B,20,19
6297,7,2,DRY,CLASE B-C,16,19
6298,7,2,DRY,CLASE B-C,5,19
6299,7,2,DRY,CLASE B,20,19
6300,7,2,DRY,CLASE B-C,5,19
6301,7,2,DRY,CLASE B-C,20,19
6302,7,2,DRY,CLASE B-C,16,19
6303,7,2,DRY,CLASE B-C,5,19
6304,7,2,DRY,CLASE B-C,5,19
6305,7,2,DRY,CLASE B-C,20,19
6306,7,2,DRY,CLASE B-C,16,19
6307,7,2,DRY,CLASE B-C,16,19
6308,7,2,DRY,CLASE B-C,11,19
6309,7,2,DRY,CLASE B-C,16,19
6310,7,2,DRY,CLASE B-C,16,19
6311,7,2,DRY,CLASE B-C,16,19
6312,7,2,DRY,CLASE B-C,5,19
6313,7,2,DRY,CLASE B-C,16,19
6314,7,2,DRY,CLASE B-C,16,19
6315,7,2,DRY,CLASE B-C,20,19
6316,7,2,DRY,CLASE B-C,20,19
6317,7,2,DRY,CLASE B-C,16,19
6318,7,2,DRY,CLASE B-C,16,19
6319,7,2,DRY,CLASE B-C,20,19
6320,7,2,DRY,CLASE B-C,16,19
6321,7,2,DRY,CLASE B-C,15,19
6322,7,2,DRY,CLASE B-C,5,19
6323,7,2,DRY,CLASE B-C,17,19
6324,7,2,DRY,CLASE B-C,20,19
6325,7,2,DRY,CLASE B-C,16,19
6326,7,2,DRY,CLASE B-C,16,19
6327,7,2,DRY,CLASE B-C,16,19
6328,7,2,DRY,CLASE B-C,16,19
6329,7,2,DRY,CLASE B-C,4,19
6330,7,2,DRY,CLASE B-C,16,19
6331,7,2,DRY,CLASE B-C,16,19
6332,7,2,DRY,CLASE B-C,16,19
6333,7,2,DRY,CLASE B-C,20,19
6334,7,2,DRY,CLASE B-C,16,19
6335,7,2,DRY,CLASE B-C,21,19
6336,7,2,DRY,CLASE B-C,5,19
6337,7,2,DRY,CLASE B-C,17,19
6338,7,2,DRY,CLASE B-C,16,19
6339,7,2,DRY,CLASE B-C,16,19
6340,7,2,DRY,CLASE B-C,20,19
6341,7,2,DRY,CLASE B-C,15,19
6342,7,2,DRY,CLASE B-C,20,19
6343,7,2,DRY,CLASE B-C,16,19
6344,7,2,DRY,CLASE B-C,16,19
6345,7,2,DRY,CLASE B-C,16,19
6346,7,2,DRY,CLASE B-C,16,19
6347,7,2,DRY,CLASE B-C,15,19
6348,7,2,DRY,CLASE B-C,16,19
6349,7,2,DRY,CLASE B-C,20,19
6350,7,2,DRY,CLASE B-C,16,19
6351,7,2,DRY,CLASE B-C,14,19
6352,7,2,DRY,CLASE B-C,20,19
6353,7,2,DRY,CLASE B-C,16,19
6354,7,2,DRY,CLASE B-C,16,19
6355,7,2,DRY,CLASE B-C,20,19
6356,7,2,DRY,CLASE B-C,20,19
6357,7,2,DRY,CLASE B-C,20,19
6358,7,2,DRY,CLASE B-C,16,19
6359,7,2,DRY,CLASE B-C,15,19
6360,7,2,DRY,CLASE B-C,15,19
6361,7,2,DRY,CLASE A,6,19
6362,7,2,DRY,CLASE B-C,16,19
6363,7,2,DRY,CLASE B-C,16,19
6364,7,2,DRY,CLASE B-C,16,19
6365,7,2,DRY,CLASE B-C,20,19
6366,7,2,DRY,CLASE B-C,20,19
6367,7,2,DRY,CLASE B-C,16,19
6368,7,2,DRY,CLASE B-C,15,19
6369,7,2,DRY,CLASE B-C,16,19
6370,7,2,DRY,CLASE B-C,20,19
6371,7,2,DRY,CLASE B-C,16,19
6372,7,2,DRY,CLASE B-C,20,19
6373,7,2,DRY,CLASE B-C,16,19
6374,7,2,DRY,CLASE B-C,1,19
6375,7,2,DRY,CLASE B-C,20,19
6376,7,2,DRY,CLASE B-C,20,19
6377,7,2,DRY,CLASE B-C,16,19
6378,7,2,DRY,CLASE B-C,16,19
6379,7,2,DRY,CLASE B-C,20,19
6380,7,2,DRY,CLASE B-C,12,19
6381,7,2,DRY,CLASE A,6,19
6382,7,2,DRY,CLASE B,6,19
6383,7,2,DRY,CLASE B-C,15,19
6384,7,2,DRY,CLASE B-C,16,19
6385,7,2,DRY,CLASE B-C,16,19
6386,7,2,DRY,CLASE B-C,16,19
6387,7,2,DRY,CLASE B-C,17,19
6388,7,2,DRY,CLASE B-C,6,19
6389,7,2,DRY,CLASE B-C,16,19
6390,7,2,DRY,CLASE B-C,16,19
6391,7,2,DRY,CLASE B-C,16,19
6392,7,2,DRY,CLASE B-C,20,19
6393,7,2,DRY,CLASE B-C,16,19
6394,7,2,DRY,CLASE B-C,20,19
6395,7,2,DRY,CLASE B-C,20,19
6396,7,2,DRY,CLASE D,16,19
6397,7,2,DRY,CLASE B-C,15,19
6398,7,2,DRY,CLASE B-C,5,19
6399,7,2,DRY,CLASE B-C,16,19
6400,7,2,DRY,CLASE B-C,6,19
6401,7,2,DRY,CLASE B-C,20,19
6402,7,2,DRY,CLASE B-C,15,19
6403,7,2,DRY,CLASE B-C,5,19
6404,7,2,DRY,CLASE B-C,17,19
6405,7,2,DRY,CLASE B-C,16,19
6406,7,2,DRY,CLASE B-C,16,19
6407,7,2,DRY,CLASE B-C,5,19
6408,7,2,DRY,CLASE B-C,5,19
6409,7,2,DRY,CLASE B-C,16,19
6410,7,2,DRY,CLASE B-C,20,19
6411,7,2,DRY,CLASE B-C,16,19
6412,7,2,DRY,CLASE B-C,16,19
6413,7,2,DRY,CLASE B-C,20,19
6414,7,2,DRY,CLASE B-C,20,19
6415,7,2,DRY,CLASE B-C,11,19
6416,3,2,DRY,CLASE B-C,13,19
6417,3,2,DRY,CLASE B-C,15,19
6418,3,2,DRY,CLASE B-C,10,19
6419,3,2,DRY,CLASE B-C,1,19
6420,3,2,DRY,CLASE A,5,19
6421,3,2,DRY,CLASE A,1,19
6422,3,2,DRY,CLASE A,6,19
6423,3,2,DRY,CLASE A,5,19
6424,3,2,DRY,CLASE A,6,19
6425,3,2,DRY,CLASE A,6,19
6426,3,2,DRY,CLASE B-C,5,19
6427,3,2,DRY,CLASE B-C,4,19
6428,3,2,DRY,CLASE B-C,1,19
6429,3,2,DRY,CLASE B-C,3,19
6430,3,2,DRY,CLASE B-C,3,19
6431,3,2,DRY,CLASE B-C,1,19
6432,3,2,DRY,CLASE A,1,19
6433,3,2,DRY,CLASE B-C,13,19
6434,8,2,DRY,CLASE B-C,14,19
6435,8,2,DRY,CLASE B-C,14,19
6436,8,2,DRY,CLASE B-C,9,19
6437,8,2,DRY,CLASE B-C,4,19
6438,8,2,DRY,CLASE B-C,3,19
6439,8,2,DRY,CLASE B-C,14,19
6440,8,2,DRY,CLASE B-C,14,19
6441,8,2,DRY,CLASE B-C,2,19
6442,8,2,DRY,CLASE B-C,14,19
6443,8,2,DRY,CLASE B-C,14,19
6444,8,2,DRY,CLASE B-C,14,19
6445,8,2,DRY,CLASE B-C,14,19
6446,8,2,DRY,CLASE B-C,4,19
6447,8,2,DRY,CLASE B-C,4,19
6448,8,2,DRY,CLASE B-C,2,19
6449,8,2,DRY,CLASE A,14,19
6450,8,2,DRY,CLASE B-C,18,19
6451,8,2,DRY,CLASE B-C,18,19
6452,8,2,DRY,CLASE B-C,15,19
6453,6,2,DRY,CLASE B-C,5,19
6454,6,2,DRY,CLASE B-C,16,19
6455,6,2,DRY,CLASE B-C,16,19
6456,6,2,DRY,CLASE B-C,4,19
6457,6,2,DRY,CLASE B-C,5,19
6458,6,2,DRY,CLASE B-C,1,19
6459,6,2,DRY,CLASE B-C,5,19
6460,6,2,DRY,CLASE B-C,11,19
6461,6,2,DRY,CLASE B-C,6,19
6462,6,2,DRY,CLASE B-C,5,19
6463,6,2,DRY,CLASE B-C,1,19
6464,6,2,DRY,CLASE B-C,16,19
6465,6,2,DRY,CLASE B-C,4,19
6466,6,2,DRY,CLASE B-C,5,19
6467,6,2,DRY,CLASE B-C,16,19
6468,6,2,DRY,CLASE B-C,5,19
6469,6,2,DRY,CLASE B-C,5,19
6470,6,2,DRY,CLASE B-C,5,19
6471,6,2,DRY,CLASE B-C,5,19
6472,6,2,DRY,CLASE B-C,5,19
6473,6,2,DRY,CLASE B-C,5,19
6474,6,2,DRY,CLASE B-C,5,19
6475,6,2,DRY,CLASE B-C,16,19
6476,6,2,DRY,CLASE B-C,4,19
6477,6,2,DRY,CLASE B-C,10,19
6478,6,2,DRY,CLASE B-C,18,19
6479,6,2,DRY,INSPECTION,4,19
6480,6,2,DRY,CLASE B-C,5,19
6481,6,2,DRY,CLASE B-C,6,19
6482,6,2,DRY,CLASE B-C,16,19
6483,6,2,DRY,CLASE B-C,5,19
6484,6,2,DRY,CLASE B-C,10,19
6485,6,2,DRY,CLASE B-C,16,19
6486,6,2,DRY,CLASE B-C,16,19
6487,6,2,DRY,CLASE B-C,4,19
6488,6,2,DRY,CLASE B-C,7,19
6489,6,2,DRY,CLASE B-C,4,19
6490,6,2,DRY,CLASE B-C,1,19
6491,6,2,DRY,CLASE B-C,6,19
6492,6,2,DRY,CLASE B-C,11,19
6493,6,2,DRY,CLASE B-C,7,19
6494,6,2,DRY,CLASE B-C,9,19
6495,6,2,DRY,CLASE B-C,5,19
6496,6,2,DRY,CLASE B-C,4,19
6497,6,2,DRY,CLASE B-C,16,19
6498,6,2,DRY,CLASE B-C,5,19
6499,6,2,DRY,CLASE B-C,5,19
6500,6,2,DRY,CLASE B-C,5,19
6501,6,2,DRY,CLASE B-C,17,19
6502,6,2,DRY,CLASE B-C,5,19
6503,6,2,DRY,CLASE B-C,5,19
6504,6,2,DRY,CLASE B-C,5,19
6505,6,2,DRY,CLASE B-C,5,19
6506,6,2,DRY,CLASE B-C,1,19
6507,6,2,DRY,CLASE B-C,5,19
6508,6,2,DRY,CLASE B-C,3,19
6509,6,2,DRY,CLASE B-C,11,19
6510,6,2,DRY,CLASE B-C,10,19
6511,6,2,DRY,CLASE A,1,19
6512,6,2,DRY,INSPECTION,2,19
6513,6,2,DRY,CLASE B-C,6,19
6514,6,2,DRY,CLASE A,15,19
6515,6,2,DRY,CLASE B,2,19
6516,6,2,DRY,INSPECTION,18,19
6517,6,2,DRY,CLASE B-C,16,19
6518,6,2,DRY,CLASE A,1,19
6519,6,2,DRY,CLASE B-C,1,19
6520,6,2,DRY,CLASE A,15,19
6521,6,2,DRY,CLASE B-C,4,19
6522,6,2,DRY,CLASE A,1,19
6523,6,2,DRY,CLASE B-C,6,19
6524,6,2,DRY,INSPECTION,9,19
6525,6,2,DRY,CLASE B-C,1,19
6526,6,2,DRY,CLASE B-C,11,19
6527,6,2,DRY,CLASE B-C,4,19
6528,6,2,DRY,CLASE B-C,4,19
6529,6,2,DRY,INSPECTION,5,19
6530,6,2,DRY,CLASE B,2,19
6531,6,2,DRY,CLASE B-C,4,19
6532,6,2,DRY,CLASE B-C,3,19
6533,6,2,DRY,CLASE B-C,5,19
6534,6,2,DRY,CLASE B-C,15,19
6535,6,2,DRY,CLASE B-C,3,19
6536,6,2,DRY,CLASE B-C,7,19
6537,6,2,DRY,CLASE B-C,3,19
6538,6,2,DRY,CLASE B-C,6,19
6539,6,2,DRY,CLASE B-C,1,19
6540,6,2,DRY,CLASE B-C,1,19
6541,6,2,DRY,CLASE B-C,4,19
6542,6,2,DRY,CLASE B-C,1,19
6543,6,2,DRY,CLASE B-C,17,19
6544,6,2,DRY,CLASE B-C,4,19
6545,6,2,DRY,CLASE A,1,19
6546,6,2,DRY,CLASE B-C,16,19
6547,6,2,DRY,CLASE B-C,5,19
6548,6,2,DRY,CLASE B-C,3,19
6549,6,2,DRY,CLASE B-C,4,19
6550,6,2,DRY,CLASE B-C,1,19
6551,6,2,RF,CLASE B-C,12,19
6552,6,2,RF,CLASE B-C,16,19
6553,6,2,DRY,CLASE B-C,5,19
6554,6,2,DRY,CLASE B-C,4,19
6555,6,2,DRY,CLASE B-C,4,19
6556,6,2,DRY,CLASE B-C,16,19
6557,6,2,DRY,CLASE B-C,18,19
6558,6,2,DRY,CLASE B-C,15,19
6559,6,2,DRY,CLASE B-C,1,19
6560,6,2,DRY,CLASE B-C,4,19
6561,6,2,DRY,INSPECTION,1,19
6562,6,2,DRY,CLASE B-C,4,19
6563,6,2,DRY,CLASE B-C,4,19
6564,6,2,DRY,CLASE B-C,6,19
6565,6,2,DRY,CLASE B-C,1,19
6566,6,2,DRY,CLASE B-C,5,19
6567,6,2,DRY,CLASE B-C,5,19
6568,6,2,DRY,INSPECTION,4,19
6569,6,2,RF,CLASE B-C,16,19
6570,7,2,DRY,CLASE B-C,2,19
6571,7,2,DRY,CLASE B-C,1,19
6572,7,2,DRY,CLASE B-C,2,19
6573,7,2,DRY,CLASE B-C,2,19
6574,7,2,DRY,CLASE B-C,15,19
6575,7,2,DRY,CLASE B-C,2,19
6576,7,2,DRY,CLASE B-C,4,19
6577,7,2,DRY,CLASE B-C,2,19
6578,7,2,DRY,CLASE B-C,15,19
6579,7,2,DRY,CLASE B-C,2,19
6580,7,2,DRY,CLASE B-C,1,19
6581,7,2,DRY,CLASE B-C,2,19
6582,7,2,DRY,CLASE B-C,2,19
6583,7,2,DRY,CLASE B-C,6,19
6584,7,2,DRY,CLASE B-C,2,19
6585,7,2,DRY,CLASE B-C,2,19
6586,7,2,DRY,CLASE B-C,1,19
6587,7,2,DRY,CLASE B-C,15,19
6588,7,2,DRY,CLASE B-C,15,19
6589,7,2,DRY,CLASE B-C,2,19
6590,7,2,DRY,CLASE B-C,2,19
6591,7,2,DRY,CLASE B-C,12,19
6592,7,2,DRY,CLASE B-C,2,19
6593,7,2,DRY,CLASE A,2,19
6594,7,2,DRY,CLASE B,6,19
6595,7,2,DRY,CLASE B-C,6,19
6596,7,2,DRY,CLASE B-C,2,19
6597,7,2,DRY,CLASE A,2,19
6598,7,2,DRY,CLASE A,2,19
6599,7,2,DRY,CLASE B-C,6,19
6600,7,2,DRY,CLASE B-C,2,19
6601,7,2,DRY,CLASE B-C,15,19
6602,7,2,DRY,CLASE B-C,12,19
6603,7,2,DRY,CLASE B-C,1,19
6604,7,2,DRY,CLASE B-C,1,19
6605,7,2,DRY,CLASE B-C,14,19
6606,7,2,DRY,CLASE B-C,2,19
6607,7,2,DRY,CLASE B-C,4,19
6608,7,2,DRY,CLASE B-C,2,19
6609,7,2,DRY,CLASE B-C,6,19
6610,7,2,DRY,CLASE B-C,12,19
6611,7,2,DRY,CLASE B-C,15,19
6612,7,2,DRY,CLASE B-C,2,19
6613,7,2,DRY,CLASE B-C,15,19
6614,7,2,DRY,CLASE B-C,4,19
6615,7,2,DRY,CLASE B-C,2,19
6616,7,2,DRY,CLASE B-C,15,19
6617,7,2,DRY,CLASE B-C,1,19
6618,7,2,DRY,CLASE B-C,2,19
6619,7,2,DRY,CLASE B-C,15,19
6620,7,2,DRY,CLASE A,2,19
6621,7,2,DRY,CLASE B-C,2,19
6622,7,2,DRY,CLASE B-C,1,19
6623,7,2,DRY,INSPECTION,1,19
6624,7,2,DRY,CLASE B-C,3,19
6625,7,2,DRY,CLASE B,2,19
6626,7,2,DRY,CLASE B,3,19
6627,7,2,DRY,CLASE B,1,19
6628,7,2,DRY,CLASE B-C,6,19
6629,7,2,DRY,CLASE B-C,1,19
6630,7,2,DRY,CLASE B-C,15,19
6631,7,2,DRY,CLASE B-C,15,19
6632,7,2,DRY,CLASE B-C,15,19
6633,7,2,DRY,CLASE B-C,2,19
6634,7,2,DRY,CLASE B-C,1,19
6635,7,2,DRY,CLASE B-C,2,19
6636,7,2,DRY,CLASE A,2,19
6637,7,2,DRY,CLASE B-C,2,19
6638,7,2,DRY,CLASE B-C,6,19
6639,7,2,DRY,CLASE B-C,3,19
6640,7,2,DRY,CLASE B-C,2,19
6641,7,2,DRY,CLASE B-C,1,19
6642,7,2,DRY,CLASE B-C,15,19
6643,7,2,DRY,CLASE B-C,15,19
6644,7,2,DRY,CLASE B-C,2,19
6645,7,2,DRY,CLASE B-C,4,19
6646,8,2,DRY,CLASE B-C,18,19
6647,2,2,DRY,CLASE B-C,12,19
6648,2,2,DRY,CLASE B-C,12,19
6649,2,2,DRY,CLASE B-C,12,19
6650,2,2,DRY,CLASE B-C,2,19
6651,2,2,DRY,CLASE B-C,12,19
6652,2,2,DRY,CLASE B-C,12,19
6653,2,2,DRY,CLASE B-C,12,19
6654,2,2,DRY,CLASE B-C,12,19
6655,2,2,DRY,CLASE B-C,12,19
6656,2,2,DRY,CLASE B-C,12,19
6657,2,2,DRY,CLASE B-C,12,19
6658,2,2,DRY,CLASE B-C,11,19
6659,2,2,DRY,CLASE B-C,12,19
6660,1,2,RF,CLASE B-C,13,19
6661,1,2,RF,CLASE B-C,13,19
6662,1,2,RF,CLASE B-C,15,19
6663,1,2,RF,CLASE B-C,18,19
6664,2,2,DRY,CLASE B-C,17,19
6665,2,2,DRY,CLASE B-C,3,19
6666,2,2,DRY,CLASE B-C,12,19
6667,2,2,DRY,CLASE B-C,3,19
6668,2,2,DRY,CLASE B-C,11,19
6669,2,2,DRY,CLASE B-C,12,19
6670,2,2,DRY,CLASE B-C,13,19
6671,2,2,DRY,CLASE B-C,2,19
6672,2,2,DRY,CLASE B-C,3,19
6673,2,2,DRY,CLASE B-C,11,19
6674,2,2,DRY,CLASE B-C,11,19
6675,2,2,DRY,CLASE B-C,3,19
6676,2,2,DRY,CLASE B-C,2,19
6677,2,2,DRY,CLASE B-C,11,19
6678,2,2,DRY,CLASE B-C,3,19
6679,2,2,DRY,CLASE B-C,3,19
6680,2,2,DRY,CLASE B-C,2,19
6681,2,2,DRY,CLASE B-C,2,19
6682,2,2,DRY,CLASE B-C,3,19
6683,2,2,DRY,CLASE B-C,3,19
6684,2,2,DRY,CLASE B-C,3,19
6685,2,2,DRY,CLASE B-C,3,19
6686,2,2,DRY,CLASE B-C,2,19
6687,2,2,DRY,CLASE B-C,2,19
6688,2,2,DRY,CLASE B-C,3,19
6689,2,2,DRY,CLASE B-C,3,19
6690,6,2,DRY,CLASE B-C,17,19
6691,6,2,DRY,CLASE B-C,16,19
6692,8,2,DRY,CLASE B-C,15,19
6693,7,2,DRY,CLASE B-C,12,19
6694,7,2,DRY,CLASE B-C,11,19
6695,2,2,DRY,CLASE B-C,11,19
6696,2,2,RF,CLASE B-C,11,19
6697,6,2,DRY,CLASE B-C,7,19
6698,6,2,DRY,CLASE B-C,7,19
6699,6,2,DRY,CLASE B-C,7,19
6700,6,2,DRY,CLASE B-C,7,19
6701,6,2,DRY,CLASE B-C,7,19
6702,6,2,DRY,CLASE B-C,7,19
6703,6,2,DRY,CLASE B-C,7,19
6704,6,2,RF,CLASE B-C,3,19
6705,6,2,DRY,CLASE B-C,7,19
6706,6,2,DRY,CLASE B-C,7,19
6707,6,2,DRY,CLASE B-C,7,19
6708,6,2,DRY,CLASE A,6,19
6709,6,2,DRY,CLASE B-C,7,19
6710,6,2,DRY,CLASE B-C,7,19
6711,6,2,DRY,CLASE B-C,7,19
6712,6,2,DRY,CLASE B-C,7,19
6713,7,2,DRY,CLASE B-C,5,19
6714,7,2,RF,CLASE B-C,7,19
6715,7,2,RF,CLASE B-C,7,19
6716,7,2,DRY,CLASE B-C,5,19
6717,7,2,DRY,CLASE B-C,5,19
6718,7,2,DRY,CLASE B-C,5,19
6719,7,2,DRY,CLASE B-C,5,19
6720,7,2,RF,CLASE B-C,7,19
6721,7,2,RF,CLASE B-C,8,19
6722,7,2,DRY,CLASE B-C,5,19
6723,7,2,DRY,CLASE B-C,5,19
6724,7,2,DRY,CLASE B-C,5,19
6725,7,2,DRY,CLASE B-C,5,19
6726,7,2,RF,CLASE B-C,8,19
6727,7,2,DRY,CLASE B-C,5,19
6728,7,2,DRY,CLASE A,5,19
6729,7,2,RF,CLASE B-C,7,19
6730,7,2,DRY,CLASE B-C,5,19
6731,7,2,RF,CLASE B-C,7,19
6732,7,2,RF,CLASE B-C,6,19
6733,7,2,DRY,CLASE B-C,5,19
6734,7,2,DRY,CLASE B-C,5,19
6735,7,2,DRY,CLASE B-C,5,19
6736,7,2,RF,CLASE B-C,8,19
6737,7,2,DRY,CLASE B-C,5,19
6738,7,2,DRY,CLASE B-C,5,19
6739,2,2,DRY,CLASE B-C,10,19
6740,2,2,DRY,CLASE B-C,10,19
6741,7,2,DRY,CLASE B-C,8,19
6742,3,2,DRY,CLASE A,4,19
6743,3,2,DRY,CLASE A,4,19
6744,3,2,DRY,CLASE A,4,19
6745,3,2,DRY,CLASE A,4,19
6746,6,2,DRY,INSPECTION,1,19
6747,6,2,DRY,INSPECTION,1,19
6748,7,2,RF,CLASE B-C,2,19
6749,7,2,DRY,CLASE B-C,1,19
6750,7,2,RF,CLASE B-C,2,19
6751,7,2,RF,CLASE B-C,2,19
6752,7,2,RF,CLASE B-C,2,19
6753,7,2,RF,CLASE B-C,2,19
6754,7,2,RF,CLASE B-C,2,19
6755,7,2,RF,CLASE B-C,2,19
6756,7,2,DRY,CLASE B-C,2,19
6757,7,2,RF,CLASE B-C,2,19
6758,7,2,RF,CLASE B-C,1,19
6759,7,2,RF,INSPECTION,2,19
6760,7,2,RF,CLASE B-C,2,19
6761,7,2,DRY,CLASE B-C,1,19
6762,7,2,DRY,CLASE D,1,19
6763,7,2,RF,CLASE B-C,2,19
6764,7,2,RF,CLASE B-C,2,19
6765,7,2,DRY,CLASE B-C,1,19
6766,7,2,RF,CLASE B-C,2,19
6767,7,2,RF,CLASE B-C,2,19
6768,7,2,RF,CLASE B-C,2,19
6769,7,2,RF,CLASE B-C,2,19
6770,7,2,RF,CLASE B-C,2,19
6771,7,2,RF,CLASE B-C,2,19
6772,7,2,RF,CLASE B-C,2,19
6773,7,2,RF,CLASE B-C,2,19
6774,7,2,RF,CLASE B-C,2,19
6775,7,2,RF,CLASE B-C,2,19
6776,7,2,RF,CLASE B-C,1,19
6777,7,2,DRY,CLASE B-C,1,19
6778,7,2,RF,CLASE B-C,2,19
6779,7,2,RF,CLASE B-C,2,19
6780,7,2,DRY,CLASE B-C,1,19
6781,7,2,DRY,CLASE B-C,1,19
6782,7,2,DRY,CLASE B-C,1,19
6783,7,2,DRY,CLASE B-C,1,19
6784,7,2,DRY,CLASE B-C,1,19
6785,7,2,DRY,CLASE B-C,1,19
6786,7,2,RF,CLASE B-C,1,19
6787,7,2,RF,CLASE B-C,3,19
6788,7,2,DRY,CLASE B-C,1,19
6789,7,2,DRY,CLASE B-C,1,19
6790,7,2,RF,CLASE B-C,2,19
6791,7,2,RF,CLASE B-C,2,19
6792,7,2,RF,CLASE B-C,1,19
6793,7,2,RF,CLASE B-C,2,19
6794,7,2,DRY,CLASE B-C,1,19
6795,7,2,DRY,CLASE B-C,1,19
6796,7,2,DRY,CLASE B-C,1,19
6797,7,2,DRY,CLASE B-C,1,19
6798,7,2,DRY,CLASE B-C,1,19
6799,7,2,RF,CLASE B-C,1,19
6800,7,2,RF,CLASE B-C,1,19
6801,7,2,RF,CLASE B-C,2,19
6802,7,2,RF,CLASE B-C,2,19
6803,7,2,RF,CLASE B-C,2,19
6804,7,2,RF,CLASE B-C,1,19
6805,7,2,RF,CLASE B-C,2,19
6806,7,2,RF,CLASE B-C,2,19
6807,7,2,RF,CLASE B-C,3,19
6808,7,2,DRY,CLASE B-C,1,19
6809,7,2,DRY,CLASE B-C,2,19
6810,7,2,DRY,CLASE B-C,1,19
6811,7,2,RF,CLASE B-C,1,19
6812,7,2,DRY,CLASE B-C,1,19
6813,7,2,DRY,CLASE B-C,1,19
6814,7,2,RF,CLASE B-C,1,19
6815,7,2,DRY,CLASE B-C,1,19
6816,7,2,DRY,CLASE B-C,1,19
6817,7,2,DRY,CLASE B-C,1,19
6818,7,2,RF,CLASE B-C,1,19
6819,7,2,RF,CLASE B-C,2,19
6820,7,2,RF,INSPECTION,2,19
6821,7,2,RF,CLASE B-C,2,19
6822,7,2,RF,CLASE B-C,2,19
6823,7,2,RF,CLASE B-C,1,19
6824,7,2,RF,CLASE B-C,2,19
6825,7,2,RF,CLASE B-C,2,19
6826,2,2,DRY,CLASE B-C,4,19
6827,2,2,DRY,CLASE B-C,4,19
6828,2,2,RF,CLASE B-C,3,19
6829,6,2,RF,CLASE B-C,4,19
6830,7,2,DRY,CLASE B-C,3,19
6831,6,2,DRY,CLASE B-C,1,19
6832,6,2,DRY,CLASE B-C,1,19
6833,2,2,DRY,CLASE B-C,2,19
6834,7,2,DRY,CLASE B-C,2,19
6835,7,2,RF,CLASE B-C,2,19
6836,6,2,DRY,CLASE B-C,1,19
6837,7,2,DRY,CLASE B-C,1,19
6838,2,2,DRY,CLASE B-C,83,20
6839,2,2,DRY,CLASE B-C,59,20
6840,2,2,DRY,CLASE B-C,56,20
6841,2,2,DRY,CLASE B-C,5,20
6842,2,2,DRY,CLASE B-C,5,20
6843,6,2,DRY,CLASE B-C,7,20
6844,6,2,DRY,CLASE B-C,167,20
6845,7,2,DRY,CLASE B-C,1,20
6846,7,2,DRY,CLASE B-C,2,20
6847,3,2,DRY,CLASE A,13,20
6848,6,2,DRY,CLASE B-C,9,20
6849,6,2,DRY,CLASE B-C,9,20
6850,6,2,DRY,CLASE B-C,9,20
6851,7,2,DRY,CLASE A,3,20
6852,7,2,DRY,CLASE B-C,30,20
6853,7,2,DRY,CLASE B-C,30,20
6854,7,2,DRY,CLASE B-C,30,20
6855,7,2,DRY,CLASE B-C,30,20
6856,7,2,DRY,CLASE B-C,25,20
6857,7,2,DRY,CLASE B-C,9,20
6858,7,2,DRY,CLASE B-C,23,20
6859,6,2,DRY,CLASE B-C,9,20
6860,6,2,DRY,CLASE B-C,9,20
6861,6,2,DRY,CLASE B-C,9,20
6862,6,2,DRY,CLASE B-C,9,20
6863,7,2,DRY,CLASE B-C,2,20
6864,7,2,DRY,CLASE B-C,18,20
6865,2,2,DRY,CLASE B-C,5,20
6866,2,2,DRY,CLASE B-C,5,20
6867,7,2,DRY,CLASE B-C,5,20
6868,6,2,RF,CLASE B-C,45,20
6869,2,2,DRY,CLASE B-C,36,20
6870,2,2,DRY,CLASE B-C,35,20
6871,7,2,DRY,CLASE B-C,2,20
6872,7,2,DRY,CLASE B-C,2,20
6873,7,2,DRY,CLASE B-C,2,20
6874,7,2,DRY,CLASE B-C,2,20
6875,7,2,DRY,CLASE B-C,2,20
6876,7,2,DRY,CLASE B-C,2,20
6877,7,2,DRY,CLASE B-C,2,20
6878,7,2,DRY,CLASE B-C,2,20
6879,7,2,DRY,CLASE B-C,2,20
6880,7,2,DRY,CLASE B-C,2,20
6881,7,2,DRY,CLASE B-C,10,20
6882,7,2,DRY,CLASE B-C,25,20
6883,7,2,DRY,CLASE B-C,25,20
6884,7,2,DRY,CLASE B-C,25,20
6885,7,2,DRY,CLASE A,9,20
6886,7,2,DRY,CLASE B-C,23,20
6887,7,2,DRY,CLASE B-C,23,20
6888,7,2,DRY,CLASE A,9,20
6889,7,2,DRY,CLASE A,9,20
6890,7,2,DRY,CLASE B-C,23,20
6891,7,2,DRY,CLASE B-C,23,20
6892,6,2,RF,CLASE B-C,18,20
6893,7,2,DRY,CLASE B-C,2,20
6894,7,2,DRY,CLASE B-C,2,20
6895,2,2,DRY,CLASE B-C,5,20
6896,3,2,DRY,CLASE B-C,3,20
6897,3,2,DRY,CLASE B-C,3,20
6898,3,2,DRY,CLASE B-C,3,20
6899,6,2,DRY,CLASE A,1,20
6900,3,2,DRY,CLASE B-C,90,20
6901,2,2,RF,CLASE B-C,32,20
6902,2,2,DRY,CLASE B-C,36,20
6903,2,2,DRY,CLASE B-C,35,20
6904,2,2,RF,CLASE B-C,26,20
6905,7,2,DRY,CLASE B-C,2,20
6906,7,2,DRY,CLASE B-C,2,20
6907,7,2,DRY,CLASE B-C,1,20
6908,7,2,DRY,CLASE B-C,2,20
6909,7,2,DRY,CLASE B-C,2,20
6910,7,2,DRY,CLASE B-C,2,20
6911,7,2,DRY,CLASE B-C,2,20
6912,7,2,DRY,CLASE B-C,1,20
6913,7,2,DRY,CLASE B-C,2,20
6914,7,2,DRY,CLASE B-C,2,20
6915,7,2,DRY,CLASE B-C,1,20
6916,1,2,RF,CLASE B-C,28,20
6917,3,2,DRY,CLASE B-C,27,20
6918,7,2,DRY,CLASE B-C,1,20
6919,7,2,DRY,CLASE B-C,21,20
6920,7,2,DRY,CLASE B-C,1,20
6921,7,2,DRY,CLASE B-C,1,20
6922,7,2,DRY,CLASE B-C,1,20
6923,7,2,DRY,CLASE B-C,1,20
6924,7,2,DRY,CLASE B-C,1,20
6925,7,2,DRY,CLASE B-C,9,20
6926,7,2,DRY,CLASE A,9,20
6927,7,2,DRY,CLASE B-C,23,20
6928,7,2,DRY,CLASE B-C,23,20
6929,7,2,DRY,CLASE B-C,9,20
6930,7,2,DRY,CLASE B-C,23,20
6931,7,2,DRY,CLASE B-C,23,20
6932,7,2,DRY,CLASE B-C,23,20
6933,7,2,DRY,CLASE A,9,20
6934,3,2,DRY,CLASE B-C,3,20
6935,3,2,DRY,CLASE B-C,3,20
6936,3,2,DRY,CLASE A,13,20
6937,6,2,DRY,CLASE B-C,7,20
6938,6,2,DRY,CLASE B-C,8,20
6939,6,2,DRY,CLASE B-C,9,20
6940,6,2,RF,CLASE B-C,18,20
6941,6,2,DRY,CLASE B-C,8,20
6942,1,2,RF,CLASE B-C,15,20
6943,1,2,RF,CLASE B-C,15,20
6944,6,2,RF,CLASE B-C,21,20
6945,2,2,DRY,CLASE B-C,5,20
6946,7,2,RF,CLASE B-C,11,20
6947,7,2,RF,CLASE B-C,11,20
6948,7,2,RF,CLASE B-C,11,20
6949,2,2,RF,CLASE B-C,11,20
6950,1,2,RF,CLASE B-C,8,20
6951,6,2,DRY,CLASE B-C,1,20
6952,6,2,DRY,CLASE B-C,1,20
6953,6,2,DRY,CLASE B-C,1,20
6954,6,2,DRY,CLASE B-C,1,20
6955,6,2,DRY,CLASE B-C,1,20
6956,6,2,DRY,CLASE B-C,1,20
6957,6,2,DRY,CLASE B-C,1,20
6958,7,2,RF,CLASE B-C,3,20
6959,7,2,RF,CLASE B-C,3,20
6960,7,2,RF,CLASE B-C,3,20
6961,7,2,RF,CLASE B-C,4,20
6962,7,2,RF,CLASE B-C,3,20
6963,7,2,RF,CLASE B-C,3,20
6964,7,2,DRY,CLASE B-C,75,20
6965,7,2,DRY,CLASE B-C,76,20
6966,7,2,DRY,CLASE B-C,76,20
6967,7,2,DRY,CLASE B-C,67,20
6968,7,2,DRY,CLASE B-C,76,20
6969,7,2,DRY,CLASE B-C,75,20
6970,2,2,RF,CLASE B-C,26,20
6971,2,2,RF,CLASE B-C,26,20
6972,2,2,RF,CLASE B-C,26,20
6973,2,2,RF,CLASE B-C,26,20
6974,2,2,DRY,CLASE B-C,37,20
6975,2,2,DRY,CLASE B-C,37,20
6976,2,2,RF,CLASE B-C,26,20
6977,7,2,DRY,CLASE B-C,4,20
6978,7,2,DRY,CLASE B-C,1,20
6979,7,2,DRY,CLASE B-C,3,20
6980,7,2,DRY,CLASE B-C,3,20
6981,7,2,DRY,CLASE B-C,3,20
6982,7,2,DRY,CLASE B-C,3,20
6983,7,2,DRY,CLASE B-C,3,20
6984,7,2,DRY,CLASE B-C,3,20
6985,7,2,DRY,CLASE B-C,1,20
6986,7,2,DRY,CLASE B-C,3,20
6987,7,2,DRY,CLASE B-C,3,20
6988,7,2,DRY,CLASE B-C,2,20
6989,7,2,DRY,CLASE B-C,2,20
6990,7,2,DRY,CLASE B-C,2,20
6991,7,2,DRY,CLASE B-C,2,20
6992,7,2,DRY,CLASE B-C,4,20
6993,7,2,DRY,CLASE B-C,1,20
6994,7,2,DRY,CLASE B-C,2,20
6995,7,2,DRY,CLASE B-C,2,20
6996,7,2,DRY,CLASE B-C,2,20
6997,7,2,DRY,CLASE B-C,1,20
6998,7,2,DRY,CLASE B-C,4,20
6999,7,2,DRY,CLASE B-C,3,20
7000,7,2,DRY,CLASE B-C,3,20
7001,7,2,DRY,CLASE B-C,3,20
7002,7,2,DRY,CLASE B-C,4,20
7003,7,2,DRY,CLASE B-C,2,20
7004,7,2,DRY,CLASE B-C,2,20
7005,7,2,DRY,CLASE B-C,1,20
7006,7,2,DRY,CLASE B-C,2,20
7007,7,2,DRY,CLASE B-C,3,20
7008,7,2,DRY,CLASE B-C,4,20
7009,7,2,DRY,CLASE B-C,2,20
7010,7,2,DRY,CLASE B-C,4,20
7011,7,2,DRY,CLASE B-C,2,20
7012,7,2,DRY,CLASE B-C,4,20
7013,7,2,DRY,CLASE B-C,1,20
7014,7,2,DRY,CLASE B-C,2,20
7015,7,2,DRY,CLASE B-C,4,20
7016,2,2,DRY,CLASE B-C,36,20
7017,7,2,DRY,CLASE B-C,29,20
7018,7,2,DRY,CLASE B-C,29,20
7019,7,2,DRY,CLASE B-C,29,20
7020,7,2,DRY,CLASE B-C,29,20
7021,2,2,RF,CLASE B-C,33,20
7022,2,2,RF,CLASE B-C,28,20
7023,2,2,RF,CLASE B-C,28,20
7024,6,2,RF,CLASE B-C,24,20
7025,7,2,DRY,CLASE B-C,2,20
7026,7,2,DRY,CLASE B-C,25,20
7027,7,2,DRY,CLASE B-C,25,20
7028,7,2,DRY,CLASE B-C,2,20
7029,7,2,DRY,CLASE B-C,1,20
7030,7,2,DRY,CLASE B-C,2,20
7031,7,2,DRY,CLASE B,1,20
7032,7,2,DRY,CLASE B-C,25,20
7033,7,2,DRY,CLASE B-C,2,20
7034,7,2,DRY,CLASE B-C,2,20
7035,7,2,DRY,CLASE B-C,2,20
7036,6,2,RF,CLASE B-C,26,20
7037,7,2,DRY,CLASE B-C,9,20
7038,7,2,DRY,CLASE B-C,9,20
7039,7,2,DRY,CLASE B-C,9,20
7040,7,2,DRY,CLASE B-C,9,20
7041,3,2,DRY,CLASE A,13,20
7042,3,2,DRY,CLASE A,13,20
7043,6,2,DRY,CLASE B-C,1,20
7044,6,2,DRY,CLASE B-C,2,20
7045,6,2,DRY,CLASE B-C,1,20
7046,6,2,DRY,CLASE B-C,2,20
7047,6,2,DRY,CLASE B-C,1,20
7048,7,2,DRY,CLASE B-C,1,20
7049,7,2,DRY,CLASE B-C,1,20
7050,7,2,DRY,CLASE B-C,1,20
7051,7,2,DRY,CLASE B-C,1,20
7052,7,2,DRY,CLASE B-C,2,20
7053,3,1,DRY,CLASE B-C,19,20
7054,2,2,RF,CLASE B-C,15,20
7055,2,2,RF,CLASE B-C,14,20
7056,6,2,RF,CLASE B-C,7,20
7057,6,2,RF,CLASE B-C,7,20
7058,6,2,RF,CLASE B-C,7,20
7059,7,2,RF,CLASE B-C,10,20
7060,1,2,RF,CLASE B-C,11,20
7061,4,2,DRY,CLASE B-C,11,20
7062,1,2,RF,CLASE B-C,8,20
7063,6,2,DRY,CLASE B-C,2,20
7064,6,2,DRY,CLASE B-C,2,20
7065,6,2,DRY,CLASE B-C,2,20
7066,6,2,DRY,CLASE B-C,2,20
7067,6,2,DRY,CLASE A,1,20
7068,6,2,DRY,CLASE B-C,2,20
7069,7,2,RF,CLASE B-C,5,20
7070,7,2,RF,CLASE B-C,3,20
7071,7,2,RF,CLASE B-C,3,20
7072,7,2,RF,CLASE B-C,3,20
7073,7,2,RF,CLASE B-C,3,20
7074,7,2,RF,CLASE B-C,3,20
7075,7,2,RF,CLASE B-C,3,20
7076,7,2,RF,CLASE B-C,3,20
7077,7,2,DRY,CLASE B-C,6,20
7078,7,2,DRY,CLASE B-C,6,20
7079,2,1,DRY,CLASE B-C,7,20
7080,2,2,DRY,CLASE B-C,2,20
7081,2,2,DRY,CLASE B-C,4,20
7082,2,2,DRY,CLASE B-C,3,20
7083,2,2,DRY,CLASE B-C,3,20
7084,2,2,DRY,CLASE B-C,4,20
7085,2,2,DRY,CLASE B-C,4,20
7086,2,2,DRY,CLASE B-C,3,20
7087,2,2,DRY,CLASE B-C,4,20
7088,2,1,DRY,CLASE B-C,5,20
7089,2,1,DRY,CLASE B-C,5,20
7090,2,1,DRY,CLASE B-C,5,20
7091,3,2,DRY,CLASE A,1,20
7092,3,1,DRY,CLASE B-C,100,20
7093,3,1,DRY,CLASE B-C,100,20
7094,2,2,RF,CLASE B-C,102,20
7095,4,2,DRY,CLASE B-C,81,20
7096,2,2,DRY,CLASE B-C,68,20
7097,3,2,DRY,CLASE B-C,96,20
7098,3,2,DRY,CLASE B-C,93,20
7099,3,2,DRY,CLASE B-C,92,20
7100,7,2,DRY,CLASE D,76,20
7101,3,2,DRY,CLASE B-C,75,20
7102,3,2,DRY,CLASE B-C,75,20
7103,3,2,DRY,CLASE B-C,75,20
7104,7,2,DRY,CLASE B-C,76,20
7105,7,2,DRY,CLASE B-C,76,20
7106,7,2,DRY,CLASE B-C,76,20
7107,4,2,DRY,CLASE B-C,77,20
7108,4,2,DRY,CLASE B-C,77,20
7109,2,2,DRY,CLASE B-C,72,20
7110,1,2,DRY,CLASE D,72,20
7111,3,2,DRY,CLASE B-C,65,20
7112,1,2,DRY,CLASE D,61,20
7113,1,2,DRY,CLASE D,61,20
7114,1,2,DRY,CLASE D,61,20
7115,1,2,DRY,CLASE B-C,57,20
7116,2,2,DRY,CLASE B-C,57,20
7117,1,2,DRY,CLASE B-C,57,20
7118,2,2,DRY,CLASE B-C,57,20
7119,3,2,DRY,CLASE B-C,55,20
7120,1,2,DRY,CLASE B-C,55,20
7121,2,2,RF,CLASE B-C,46,20
7122,3,2,DRY,CLASE B-C,42,20
7123,3,2,DRY,CLASE A,42,20
7124,6,2,RF,CLASE B-C,36,20
7125,6,2,RF,CLASE B-C,39,20
7126,2,2,RF,CLASE B-C,33,20
7127,2,2,DRY,CLASE B-C,37,20
7128,2,2,RF,CLASE B-C,33,20
7129,2,2,DRY,CLASE B-C,36,20
7130,2,2,RF,CLASE B-C,36,20
7131,7,2,DRY,CLASE B-C,4,20
7132,7,2,DRY,CLASE B-C,4,20
7133,7,2,DRY,CLASE B-C,4,20
7134,7,2,DRY,CLASE B-C,4,20
7135,7,2,DRY,CLASE B-C,25,20
7136,7,2,DRY,CLASE B-C,25,20
7137,7,2,DRY,CLASE B-C,25,20
7138,7,2,DRY,CLASE B-C,25,20
7139,7,2,DRY,CLASE B-C,25,20
7140,7,2,DRY,CLASE B-C,25,20
7141,7,2,DRY,CLASE B-C,25,20
7142,7,2,DRY,CLASE B-C,25,20
7143,7,2,DRY,CLASE B-C,25,20
7144,7,2,DRY,CLASE B-C,25,20
7145,7,2,DRY,CLASE B-C,25,20
7146,7,2,DRY,CLASE B-C,25,20
7147,7,2,DRY,CLASE B-C,25,20
7148,7,2,DRY,CLASE B-C,25,20
7149,7,2,DRY,CLASE B-C,25,20
7150,7,2,DRY,CLASE B-C,25,20
7151,7,2,DRY,CLASE B-C,30,20
7152,6,2,RF,CLASE B-C,30,20
7153,7,2,DRY,CLASE B-C,26,20
7154,7,2,DRY,CLASE B-C,26,20
7155,1,2,RF,CLASE B-C,29,20
7156,3,2,DRY,CLASE B-C,28,20
7157,7,2,DRY,CLASE B-C,27,20
7158,7,2,DRY,CLASE B-C,27,20
7159,7,2,DRY,CLASE B-C,26,20
7160,7,2,DRY,CLASE B-C,24,20
7161,7,2,DRY,CLASE B-C,14,20
7162,7,2,DRY,CLASE B-C,24,20
7163,7,2,DRY,CLASE B-C,24,20
7164,7,2,DRY,CLASE B-C,26,20
7165,7,2,DRY,CLASE B-C,26,20
7166,7,2,DRY,CLASE B-C,24,20
7167,7,2,DRY,CLASE B-C,27,20
7168,7,2,DRY,CLASE B-C,24,20
7169,7,2,DRY,CLASE B-C,1,20
7170,7,2,DRY,CLASE B-C,26,20
7171,7,2,DRY,CLASE B-C,24,20
7172,7,2,DRY,CLASE B-C,26,20
7173,7,2,DRY,CLASE B-C,26,20
7174,7,2,DRY,CLASE B-C,26,20
7175,7,2,DRY,CLASE B-C,24,20
7176,7,2,DRY,CLASE B-C,26,20
7177,7,2,DRY,CLASE B-C,27,20
7178,7,2,DRY,CLASE B-C,24,20
7179,7,2,DRY,CLASE B-C,26,20
7180,7,2,DRY,CLASE B-C,26,20
7181,7,2,DRY,CLASE B-C,26,20
7182,7,2,DRY,CLASE B-C,24,20
7183,7,2,DRY,CLASE B-C,26,20
7184,7,2,DRY,CLASE B-C,24,20
7185,7,2,DRY,CLASE B-C,26,20
7186,7,2,DRY,CLASE B-C,24,20
7187,7,2,DRY,CLASE B-C,26,20
7188,7,2,DRY,CLASE B-C,26,20
7189,7,2,DRY,CLASE B-C,26,20
7190,7,2,DRY,INSPECTION,24,20
7191,7,2,DRY,CLASE B-C,27,20
7192,7,2,DRY,CLASE B-C,26,20
7193,7,2,DRY,CLASE B-C,27,20
7194,7,2,DRY,CLASE B-C,24,20
7195,7,2,DRY,CLASE B-C,26,20
7196,7,2,DRY,CLASE B-C,24,20
7197,7,2,DRY,CLASE B-C,24,20
7198,7,2,DRY,CLASE B-C,26,20
7199,7,2,DRY,CLASE B-C,26,20
7200,7,2,DRY,CLASE B-C,26,20
7201,7,2,DRY,CLASE B-C,27,20
7202,7,2,DRY,CLASE B-C,26,20
7203,7,2,DRY,CLASE B-C,1,20
7204,7,2,DRY,CLASE B-C,24,20
7205,7,2,DRY,CLASE B-C,26,20
7206,7,2,DRY,CLASE B-C,26,20
7207,7,2,DRY,CLASE B-C,24,20
7208,7,2,DRY,CLASE B-C,14,20
7209,7,2,DRY,CLASE B-C,26,20
7210,7,2,DRY,CLASE B-C,26,20
7211,7,2,DRY,CLASE B-C,27,20
7212,7,2,DRY,CLASE B-C,26,20
7213,7,2,DRY,CLASE B-C,26,20
7214,7,2,DRY,CLASE B-C,27,20
7215,7,2,DRY,CLASE B-C,27,20
7216,7,2,DRY,CLASE B-C,27,20
7217,7,2,DRY,CLASE B-C,26,20
7218,7,2,DRY,CLASE B-C,26,20
7219,7,2,DRY,CLASE B-C,26,20
7220,7,2,DRY,CLASE B-C,26,20
7221,7,2,DRY,CLASE B-C,27,20
7222,7,2,DRY,CLASE B-C,2,20
7223,6,2,DRY,CLASE A,28,20
7224,3,2,DRY,CLASE B-C,5,20
7225,3,2,DRY,CLASE B-C,8,20
7226,3,2,DRY,CLASE B-C,18,20
7227,3,2,DRY,CLASE B-C,18,20
7228,3,2,DRY,CLASE B-C,9,20
7229,3,2,DRY,CLASE A,14,20
7230,3,2,DRY,CLASE A,14,20
7231,3,2,DRY,CLASE A,14,20
7232,3,2,DRY,CLASE A,14,20
7233,3,2,DRY,CLASE B-C,9,20
7234,3,2,DRY,CLASE A,14,20
7235,3,2,DRY,CLASE B-C,18,20
7236,3,2,DRY,CLASE B-C,9,20
7237,3,2,DRY,CLASE B-C,9,20
7238,6,2,DRY,CLASE A,2,20
7239,6,2,DRY,CLASE B-C,2,20
7240,6,2,DRY,CLASE B-C,2,20
7241,6,2,DRY,CLASE A,2,20
7242,6,2,DRY,CLASE B-C,2,20
7243,6,2,DRY,CLASE B-C,2,20
7244,6,2,DRY,CLASE B-C,2,20
7245,6,2,DRY,CLASE B-C,2,20
7246,6,2,DRY,CLASE B-C,2,20
7247,6,2,DRY,CLASE B-C,3,20
7248,6,2,DRY,CLASE B-C,2,20
7249,6,2,DRY,CLASE B-C,2,20
7250,6,2,DRY,CLASE B-C,2,20
7251,6,2,DRY,CLASE B-C,2,20
7252,6,2,DRY,CLASE B-C,2,20
7253,6,2,DRY,CLASE B-C,2,20
7254,6,2,DRY,CLASE B-C,2,20
7255,6,2,DRY,CLASE B-C,2,20
7256,6,2,DRY,CLASE B-C,2,20
7257,6,2,DRY,CLASE B-C,2,20
7258,6,2,RF,CLASE B-C,15,20
7259,6,2,RF,CLASE B-C,15,20
7260,6,2,DRY,CLASE B-C,2,20
7261,6,2,DRY,CLASE B-C,2,20
7262,6,2,DRY,CLASE B-C,2,20
7263,7,2,DRY,CLASE B-C,13,20
7264,7,2,DRY,CLASE B-C,2,20
7265,2,2,DRY,CLASE B-C,8,20
7266,2,2,DRY,CLASE B-C,8,20
7267,2,2,DRY,CLASE B-C,17,20
7268,2,2,DRY,CLASE B-C,7,20
7269,2,2,DRY,CLASE B-C,7,20
7270,2,2,DRY,CLASE B-C,17,20
7271,2,2,DRY,CLASE B-C,7,20
7272,2,2,DRY,CLASE B-C,7,20
7273,2,2,RF,CLASE B-C,16,20
7274,6,2,RF,CLASE B-C,8,20
7275,6,2,RF,CLASE B-C,8,20
7276,2,2,RF,CLASE B-C,14,20
7277,2,2,RF,CLASE B-C,14,20
7278,2,2,RF,CLASE B-C,14,20
7279,6,2,RF,CLASE B-C,12,20
7280,4,2,DRY,CLASE B-C,12,20
7281,4,2,DRY,CLASE B-C,12,20
7282,4,2,DRY,CLASE B-C,12,20
7283,3,2,DRY,CLASE A,7,20
7284,3,2,DRY,CLASE B-C,7,20
7285,6,2,DRY,CLASE B-C,2,20
7286,6,2,DRY,CLASE B-C,2,20
7287,6,2,DRY,CLASE B-C,2,20
7288,6,2,DRY,CLASE B-C,2,20
7289,6,2,DRY,CLASE B-C,2,20
7290,6,2,DRY,CLASE B-C,2,20
7291,6,2,DRY,CLASE B-C,2,20
7292,6,2,DRY,CLASE B-C,2,20
7293,6,2,DRY,CLASE B-C,2,20
7294,6,2,DRY,CLASE B-C,2,20
7295,6,2,DRY,CLASE B-C,2,20
7296,6,2,DRY,CLASE B-C,2,20
7297,6,2,DRY,CLASE B-C,2,20
7298,6,2,DRY,CLASE B-C,2,20
7299,6,2,DRY,CLASE B-C,2,20
7300,6,2,DRY,CLASE B-C,2,20
7301,6,2,DRY,CLASE A,2,20
7302,6,2,DRY,CLASE A,2,20
7303,6,2,DRY,CLASE B-C,2,20
7304,6,2,DRY,CLASE B-C,2,20
7305,6,2,DRY,CLASE B-C,2,20
7306,6,2,DRY,CLASE B-C,2,20
7307,6,2,DRY,CLASE B-C,2,20
7308,6,2,DRY,CLASE B-C,2,20
7309,6,2,DRY,CLASE B-C,2,20
7310,6,2,DRY,CLASE B-C,2,20
7311,6,2,DRY,CLASE B-C,2,20
7312,6,2,DRY,CLASE B-C,2,20
7313,6,2,DRY,CLASE B-C,2,20
7314,6,2,DRY,CLASE B-C,2,20
7315,6,2,DRY,CLASE A,2,20
7316,6,2,DRY,CLASE A,2,20
7317,6,2,DRY,CLASE B-C,2,20
7318,6,2,DRY,CLASE B-C,2,20
7319,6,2,DRY,CLASE B-C,2,20
7320,6,2,DRY,CLASE B-C,2,20
7321,6,2,DRY,CLASE B-C,2,20
7322,6,2,DRY,CLASE B-C,2,20
7323,7,2,RF,CLASE B-C,5,20
7324,7,2,RF,CLASE B-C,5,20
7325,2,1,DRY,CLASE B-C,7,20
7326,2,2,DRY,CLASE B-C,4,20
7327,2,2,DRY,CLASE B-C,5,20
7328,2,2,DRY,CLASE B-C,2,20
7329,2,2,DRY,CLASE B-C,2,20
7330,2,2,DRY,CLASE B-C,5,20
7331,2,2,DRY,CLASE B-C,5,20
7332,2,2,DRY,CLASE B-C,2,20
7333,2,2,DRY,CLASE B-C,5,20
7334,2,2,DRY,CLASE B-C,2,20
7335,2,2,DRY,CLASE B-C,5,20
7336,2,2,DRY,CLASE B-C,5,20
7337,2,2,DRY,CLASE B-C,2,20
7338,2,2,DRY,CLASE B-C,2,20
7339,2,2,DRY,CLASE B-C,5,20
7340,2,2,DRY,CLASE B-C,5,20
7341,2,2,DRY,CLASE B-C,5,20
7342,2,2,DRY,CLASE B-C,5,20
7343,2,1,DRY,CLASE B-C,6,20
7344,2,1,DRY,CLASE B-C,6,20
7345,2,1,DRY,CLASE B-C,5,20
7346,6,2,DRY,CLASE B-C,2,20
7347,6,2,DRY,CLASE A,2,20
7348,6,2,DRY,CLASE B-C,29,20
7349,2,2,DRY,INSPECTION,102,20
7350,2,2,DRY,INSPECTION,103,20
7351,2,2,DRY,INSPECTION,70,20
7352,2,2,DRY,INSPECTION,70,20
7353,2,2,DRY,INSPECTION,71,20
7354,2,2,DRY,INSPECTION,83,20
7355,7,2,DRY,CLASE B-C,77,20
7356,7,2,DRY,CLASE B-C,77,20
7357,7,2,DRY,CLASE D,75,20
7358,7,2,DRY,CLASE B-C,78,20
7359,7,2,DRY,CLASE B-C,75,20
7360,2,2,DRY,INSPECTION,66,20
7361,2,2,DRY,INSPECTION,73,20
7362,2,2,DRY,INSPECTION,65,20
7363,6,2,DRY,CLASE B-C,57,20
7364,7,1,DRY,CLASE B-C,59,20
7365,2,2,DRY,INSPECTION,58,20
7366,2,2,DRY,INSPECTION,48,20
7367,7,1,DRY,CLASE B-C,42,20
7368,7,1,DRY,CLASE B-C,42,20
7369,2,2,DRY,INSPECTION,37,20
7370,2,2,DRY,INSPECTION,37,20
7371,2,2,DRY,INSPECTION,38,20
7372,2,2,DRY,INSPECTION,37,20
7373,7,2,DRY,CLASE B-C,1,20
7374,7,2,DRY,CLASE B-C,16,20
7375,7,2,DRY,CLASE B-C,16,20
7376,7,2,DRY,CLASE B-C,3,20
7377,7,2,DRY,CLASE B-C,6,20
7378,7,1,DRY,CLASE B-C,33,20
7379,7,1,DRY,CLASE B-C,33,20
7380,7,2,DRY,CLASE B-C,6,20
7381,7,2,DRY,CLASE B,1,20
7382,7,2,DRY,CLASE B-C,16,20
7383,7,2,DRY,CLASE B-C,7,20
7384,7,2,DRY,CLASE B-C,5,20
7385,7,2,DRY,CLASE B-C,16,20
7386,7,2,DRY,CLASE B-C,16,20
7387,7,2,DRY,CLASE B,16,20
7388,7,2,DRY,CLASE B-C,16,20
7389,7,2,DRY,CLASE B-C,15,20
7390,7,2,DRY,CLASE B-C,7,20
7391,7,1,DRY,CLASE B-C,33,20
7392,7,1,DRY,CLASE B-C,33,20
7393,7,2,DRY,CLASE B-C,5,20
7394,7,1,DRY,CLASE B-C,33,20
7395,7,2,DRY,CLASE B-C,4,20
7396,7,2,DRY,CLASE B-C,5,20
7397,7,1,DRY,CLASE B-C,33,20
7398,7,2,DRY,CLASE D,3,20
7399,7,2,DRY,CLASE B-C,16,20
7400,7,2,DRY,CLASE B-C,3,20
7401,7,2,DRY,CLASE B-C,4,20
7402,7,1,DRY,CLASE B-C,37,20
7403,7,2,DRY,CLASE A,31,20
7404,7,2,DRY,CLASE B-C,31,20
7405,7,2,DRY,CLASE B-C,31,20
7406,7,2,DRY,CLASE B-C,16,20
7407,7,2,DRY,CLASE B-C,31,20
7408,7,2,DRY,CLASE B-C,31,20
7409,7,2,DRY,CLASE D,31,20
7410,7,2,DRY,CLASE B-C,31,20
7411,7,2,DRY,CLASE B-C,31,20
7412,7,2,DRY,CLASE B-C,33,20
7413,7,2,DRY,CLASE B-C,31,20
7414,7,2,DRY,CLASE B-C,33,20
7415,7,2,DRY,CLASE B-C,31,20
7416,7,2,DRY,CLASE B-C,31,20
7417,7,2,DRY,CLASE B-C,31,20
7418,7,2,DRY,CLASE B-C,15,20
7419,7,2,DRY,CLASE B-C,31,20
7420,7,2,DRY,CLASE B-C,31,20
7421,7,2,DRY,CLASE B-C,15,20
7422,7,2,DRY,CLASE B-C,31,20
7423,7,2,DRY,CLASE B-C,31,20
7424,7,2,DRY,CLASE B-C,33,20
7425,7,2,DRY,CLASE B-C,31,20
7426,7,2,DRY,CLASE B-C,16,20
7427,7,2,DRY,CLASE B-C,31,20
7428,7,2,DRY,CLASE B-C,31,20
7429,7,2,DRY,CLASE B-C,16,20
7430,7,2,DRY,CLASE B-C,15,20
7431,7,2,DRY,CLASE B-C,15,20
7432,7,2,DRY,CLASE B-C,31,20
7433,7,2,DRY,CLASE B-C,16,20
7434,7,2,DRY,CLASE B-C,31,20
7435,7,2,DRY,CLASE B-C,15,20
7436,7,2,DRY,CLASE B-C,31,20
7437,7,2,DRY,CLASE B-C,15,20
7438,7,2,DRY,CLASE B-C,33,20
7439,7,1,DRY,CLASE B-C,36,20
7440,7,1,DRY,CLASE B-C,35,20
7441,7,1,DRY,CLASE B-C,35,20
7442,7,1,DRY,CLASE B-C,31,20
7443,7,1,DRY,CLASE B-C,31,20
7444,7,1,DRY,CLASE B-C,31,20
7445,7,1,DRY,CLASE B-C,31,20
7446,7,2,DRY,CLASE B-C,31,20
7447,7,2,DRY,CLASE B-C,26,20
7448,7,2,DRY,CLASE B-C,3,20
7449,7,2,DRY,CLASE B,3,20
7450,7,2,DRY,CLASE B-C,26,20
7451,7,2,DRY,CLASE B-C,26,20
7452,7,2,DRY,CLASE B-C,26,20
7453,7,2,DRY,CLASE B-C,26,20
7454,7,2,DRY,CLASE B-C,26,20
7455,7,2,DRY,CLASE B-C,25,20
7456,7,2,DRY,CLASE B-C,27,20
7457,1,2,RF,CLASE B-C,29,20
7458,7,2,DRY,CLASE B-C,2,20
7459,7,2,DRY,CLASE D,3,20
7460,7,2,DRY,CLASE B-C,26,20
7461,7,2,DRY,CLASE B-C,25,20
7462,7,2,DRY,CLASE B-C,2,20
7463,7,2,DRY,CLASE B-C,30,20
7464,7,2,DRY,CLASE B-C,26,20
7465,7,2,DRY,CLASE B-C,26,20
7466,7,2,DRY,CLASE B-C,26,20
7467,7,2,DRY,CLASE B-C,2,20
7468,7,2,DRY,CLASE B-C,26,20
7469,7,2,DRY,CLASE B-C,26,20
7470,7,2,DRY,CLASE B-C,26,20
7471,7,2,DRY,CLASE B-C,26,20
7472,7,2,DRY,CLASE B-C,26,20
7473,7,2,DRY,CLASE B-C,26,20
7474,7,2,DRY,CLASE B-C,2,20
7475,7,2,DRY,CLASE B-C,26,20
7476,7,2,DRY,CLASE B-C,26,20
7477,7,2,DRY,CLASE B-C,26,20
7478,7,2,DRY,CLASE B-C,26,20
7479,7,2,DRY,CLASE B-C,27,20
7480,7,2,DRY,CLASE B-C,26,20
7481,7,2,DRY,CLASE B-C,25,20
7482,7,2,DRY,CLASE B-C,27,20
7483,7,2,DRY,CLASE B-C,26,20
7484,7,2,DRY,CLASE B-C,26,20
7485,7,2,DRY,CLASE B-C,2,20
7486,7,2,DRY,CLASE B-C,3,20
7487,7,2,DRY,CLASE B-C,25,20
7488,7,2,DRY,CLASE B-C,26,20
7489,7,2,DRY,CLASE B-C,15,20
7490,7,2,DRY,CLASE B-C,2,20
7491,7,2,DRY,CLASE B-C,25,20
7492,7,2,DRY,CLASE B-C,26,20
7493,7,2,DRY,CLASE B-C,26,20
7494,7,2,DRY,CLASE B-C,26,20
7495,7,2,DRY,CLASE B-C,25,20
7496,7,2,DRY,CLASE B-C,26,20
7497,7,2,DRY,CLASE B-C,26,20
7498,7,2,DRY,CLASE B-C,26,20
7499,7,2,DRY,CLASE B-C,26,20
7500,7,2,DRY,CLASE B-C,26,20
7501,7,2,DRY,CLASE B-C,27,20
7502,7,2,DRY,CLASE B-C,26,20
7503,7,2,DRY,CLASE B-C,26,20
7504,7,2,DRY,CLASE B-C,26,20
7505,7,2,DRY,CLASE B,26,20
7506,7,2,DRY,CLASE B-C,3,20
7507,7,2,DRY,CLASE B-C,27,20
7508,7,2,DRY,CLASE B-C,3,20
7509,7,2,DRY,CLASE B-C,26,20
7510,7,2,DRY,CLASE B-C,26,20
7511,7,2,DRY,CLASE B-C,26,20
7512,7,2,DRY,CLASE B-C,2,20
7513,7,2,DRY,CLASE B-C,3,20
7514,7,2,DRY,CLASE B-C,26,20
7515,7,2,DRY,CLASE B-C,2,20
7516,7,2,DRY,CLASE B-C,26,20
7517,7,2,DRY,CLASE B-C,3,20
7518,7,2,DRY,CLASE B-C,19,20
7519,7,2,DRY,CLASE B-C,2,20
7520,7,2,DRY,CLASE B-C,2,20
7521,7,2,DRY,CLASE B-C,2,20
7522,7,2,DRY,CLASE B-C,2,20
7523,7,2,DRY,CLASE B-C,2,20
7524,7,2,DRY,CLASE B-C,26,20
7525,7,2,DRY,CLASE B-C,3,20
7526,7,2,DRY,CLASE B-C,2,20
7527,7,2,DRY,CLASE B-C,12,20
7528,7,2,DRY,CLASE B-C,26,20
7529,7,2,DRY,CLASE B-C,25,20
7530,7,2,DRY,CLASE B-C,25,20
7531,7,2,DRY,CLASE B-C,26,20
7532,7,2,DRY,CLASE B-C,2,20
7533,7,2,DRY,CLASE B-C,2,20
7534,7,2,DRY,CLASE B-C,3,20
7535,7,2,DRY,CLASE B-C,25,20
7536,7,2,DRY,CLASE B-C,27,20
7537,7,2,DRY,CLASE B-C,16,20
7538,7,2,DRY,CLASE B-C,26,20
7539,7,2,DRY,CLASE B-C,27,20
7540,7,2,DRY,CLASE B-C,3,20
7541,7,2,DRY,CLASE B-C,16,20
7542,7,2,DRY,CLASE B-C,2,20
7543,7,2,DRY,CLASE B-C,26,20
7544,7,2,DRY,CLASE B-C,26,20
7545,7,2,DRY,CLASE B-C,27,20
7546,7,2,DRY,CLASE B-C,26,20
7547,6,2,DRY,CLASE B-C,29,20
7548,6,2,DRY,CLASE B-C,29,20
7549,6,2,DRY,CLASE B-C,29,20
7550,6,2,DRY,CLASE B-C,29,20
7551,6,2,DRY,CLASE B-C,29,20
7552,1,2,RF,CLASE B-C,28,20
7553,7,2,DRY,CLASE B-C,19,20
7554,7,2,DRY,CLASE B-C,19,20
7555,7,2,DRY,CLASE B-C,19,20
7556,7,2,DRY,CLASE B-C,11,20
7557,7,2,DRY,CLASE B-C,19,20
7558,7,2,DRY,CLASE B-C,19,20
7559,7,2,DRY,CLASE B-C,19,20
7560,7,2,DRY,CLASE B-C,19,20
7561,7,2,DRY,CLASE B-C,19,20
7562,7,2,DRY,CLASE B-C,19,20
7563,7,2,DRY,CLASE B-C,19,20
7564,7,2,DRY,CLASE B-C,19,20
7565,7,2,DRY,CLASE B-C,19,20
7566,7,2,DRY,CLASE B-C,11,20
7567,7,2,DRY,CLASE B-C,5,20
7568,7,2,DRY,CLASE B-C,19,20
7569,7,2,DRY,CLASE B-C,5,20
7570,7,2,DRY,CLASE B-C,15,20
7571,7,2,DRY,CLASE B-C,19,20
7572,7,2,DRY,CLASE B-C,11,20
7573,7,2,DRY,CLASE B-C,24,20
7574,7,2,DRY,CLASE B-C,19,20
7575,7,2,DRY,CLASE B-C,19,20
7576,7,2,DRY,CLASE B-C,19,20
7577,7,2,DRY,CLASE B-C,19,20
7578,7,2,DRY,CLASE B-C,19,20
7579,7,2,DRY,CLASE B-C,19,20
7580,7,2,DRY,CLASE B-C,19,20
7581,7,2,DRY,CLASE B-C,19,20
7582,7,2,DRY,CLASE B-C,19,20
7583,7,2,DRY,CLASE B-C,19,20
7584,7,2,DRY,CLASE B-C,19,20
7585,7,2,DRY,CLASE B-C,19,20
7586,7,2,DRY,CLASE B-C,19,20
7587,3,2,DRY,CLASE A,22,20
7588,3,2,DRY,CLASE A,22,20
7589,3,2,DRY,CLASE A,19,20
7590,3,2,DRY,CLASE A,15,20
7591,3,2,DRY,CLASE A,15,20
7592,3,2,DRY,CLASE B-C,3,20
7593,3,2,DRY,CLASE A,22,20
7594,3,2,DRY,CLASE A,19,20
7595,3,2,DRY,CLASE A,15,20
7596,6,2,DRY,CLASE B-C,4,20
7597,6,2,DRY,CLASE B-C,5,20
7598,6,2,DRY,CLASE A,1,20
7599,6,2,DRY,CLASE B-C,4,20
7600,6,2,DRY,CLASE B-C,6,20
7601,6,2,DRY,INSPECTION,4,20
7602,6,2,DRY,CLASE B-C,15,20
7603,6,2,DRY,CLASE B-C,5,20
7604,6,2,DRY,CLASE B-C,4,20
7605,6,2,DRY,CLASE B-C,4,20
7606,6,2,DRY,CLASE B-C,4,20
7607,6,2,DRY,CLASE B-C,1,20
7608,6,2,DRY,CLASE B-C,6,20
7609,6,2,DRY,CLASE B-C,5,20
7610,6,2,DRY,CLASE B-C,4,20
7611,6,2,DRY,CLASE B-C,3,20
7612,6,2,DRY,CLASE B-C,1,20
7613,6,2,DRY,CLASE B-C,1,20
7614,6,2,DRY,CLASE B-C,5,20
7615,6,2,RF,CLASE B-C,15,20
7616,6,2,DRY,CLASE B-C,5,20
7617,6,2,DRY,CLASE B-C,6,20
7618,6,2,DRY,CLASE A,1,20
7619,6,2,DRY,CLASE A,1,20
7620,6,2,DRY,CLASE A,5,20
7621,6,2,DRY,CLASE B-C,16,20
7622,6,2,DRY,CLASE B-C,6,20
7623,6,2,DRY,CLASE B-C,6,20
7624,6,2,DRY,CLASE B-C,5,20
7625,6,2,DRY,CLASE B-C,19,20
7626,6,2,DRY,CLASE A,6,20
7627,6,2,DRY,CLASE B-C,1,20
7628,6,2,DRY,CLASE B-C,5,20
7629,6,2,DRY,CLASE B-C,5,20
7630,6,2,DRY,CLASE B-C,4,20
7631,6,2,DRY,CLASE B-C,1,20
7632,6,2,DRY,CLASE B-C,1,20
7633,6,2,DRY,CLASE B-C,4,20
7634,6,2,DRY,CLASE A,5,20
7635,6,2,DRY,CLASE B-C,4,20
7636,6,2,DRY,CLASE A,6,20
7637,6,2,DRY,CLASE A,6,20
7638,6,2,DRY,CLASE B-C,4,20
7639,6,2,DRY,CLASE B-C,4,20
7640,6,2,DRY,CLASE B-C,16,20
7641,6,2,DRY,CLASE B-C,4,20
7642,6,2,DRY,CLASE B-C,6,20
7643,6,2,DRY,CLASE B-C,5,20
7644,6,2,DRY,CLASE B-C,4,20
7645,6,2,DRY,CLASE B-C,5,20
7646,6,2,RF,CLASE B-C,17,20
7647,6,2,DRY,CLASE B-C,6,20
7648,6,2,DRY,CLASE B-C,4,20
7649,6,2,DRY,CLASE B-C,4,20
7650,6,2,DRY,CLASE B-C,1,20
7651,6,2,DRY,CLASE B-C,5,20
7652,6,2,DRY,CLASE B-C,4,20
7653,6,2,DRY,CLASE B-C,1,20
7654,6,2,DRY,CLASE B-C,5,20
7655,6,2,DRY,CLASE B-C,15,20
7656,6,2,DRY,CLASE B-C,21,20
7657,6,2,DRY,CLASE B-C,5,20
7658,6,2,DRY,CLASE B-C,19,20
7659,6,2,DRY,CLASE B-C,3,20
7660,6,2,DRY,CLASE B-C,4,20
7661,6,2,DRY,CLASE B-C,4,20
7662,7,2,DRY,CLASE B-C,1,20
7663,7,2,DRY,CLASE A,2,20
7664,7,2,DRY,CLASE B-C,1,20
7665,7,2,DRY,CLASE B-C,1,20
7666,7,2,DRY,CLASE B-C,2,20
7667,7,2,DRY,CLASE B-C,2,20
7668,7,2,DRY,CLASE B-C,2,20
7669,7,2,DRY,CLASE B-C,2,20
7670,7,2,DRY,CLASE B-C,2,20
7671,7,2,DRY,CLASE D,2,20
7672,7,2,DRY,CLASE B-C,3,20
7673,7,2,DRY,CLASE B-C,2,20
7674,7,2,DRY,CLASE B-C,3,20
7675,7,2,DRY,CLASE A,1,20
7676,7,2,DRY,CLASE B-C,2,20
7677,7,2,DRY,CLASE B-C,2,20
7678,7,2,DRY,CLASE B-C,2,20
7679,7,2,DRY,CLASE B-C,2,20
7680,7,2,DRY,CLASE B-C,3,20
7681,7,2,DRY,CLASE B-C,3,20
7682,7,2,DRY,CLASE B-C,2,20
7683,7,2,DRY,CLASE B-C,3,20
7684,6,2,RF,INSPECTION,24,20
7685,7,1,DRY,CLASE B-C,24,20
7686,7,1,DRY,CLASE B-C,24,20
7687,7,1,DRY,CLASE B-C,24,20
7688,7,1,DRY,CLASE B-C,24,20
7689,7,1,DRY,CLASE B-C,23,20
7690,7,1,DRY,CLASE B-C,23,20
7691,7,1,DRY,CLASE B-C,23,20
7692,7,1,DRY,CLASE B-C,24,20
7693,2,2,DRY,CLASE B-C,15,20
7694,2,2,DRY,CLASE B-C,15,20
7695,2,2,DRY,CLASE B,15,20
7696,2,2,DRY,CLASE B-C,9,20
7697,2,2,DRY,CLASE B-C,15,20
7698,2,2,DRY,CLASE B-C,9,20
7699,2,2,DRY,CLASE B-C,15,20
7700,2,2,DRY,CLASE B-C,15,20
7701,2,2,DRY,CLASE B-C,9,20
7702,2,2,DRY,CLASE B-C,15,20
7703,2,2,DRY,CLASE B-C,9,20
7704,2,2,DRY,CLASE B-C,15,20
7705,2,2,DRY,CLASE B-C,15,20
7706,2,2,DRY,CLASE B-C,16,20
7707,2,2,DRY,CLASE B-C,15,20
7708,2,2,DRY,CLASE B-C,9,20
7709,2,2,DRY,CLASE B-C,15,20
7710,2,2,DRY,CLASE B,15,20
7711,2,2,DRY,CLASE B-C,15,20
7712,2,2,DRY,CLASE B-C,9,20
7713,2,2,DRY,CLASE B-C,9,20
7714,2,2,DRY,CLASE B-C,15,20
7715,2,2,DRY,CLASE B-C,15,20
7716,2,2,DRY,CLASE B-C,9,20
7717,2,2,DRY,CLASE B-C,16,20
7718,2,2,DRY,CLASE B-C,16,20
7719,2,2,DRY,CLASE B-C,16,20
7720,2,2,DRY,CLASE B-C,15,20
7721,2,2,DRY,CLASE B-C,16,20
7722,2,2,DRY,CLASE B-C,16,20
7723,2,2,DRY,CLASE B-C,16,20
7724,1,2,RF,CLASE B-C,19,20
7725,2,2,RF,CLASE B-C,15,20
7726,6,2,RF,CLASE B-C,8,20
7727,6,2,RF,CLASE B-C,8,20
7728,7,2,DRY,CLASE B-C,7,20
7729,7,2,DRY,INSPECTION,1,20
7730,7,2,DRY,CLASE B-C,7,20
7731,7,2,DRY,CLASE B-C,7,20
7732,7,2,DRY,CLASE B-C,7,20
7733,7,2,DRY,CLASE B-C,7,20
7734,7,2,DRY,CLASE B-C,7,20
7735,7,2,DRY,CLASE B-C,7,20
7736,7,2,DRY,CLASE B-C,7,20
7737,7,2,DRY,CLASE B-C,1,20
7738,7,2,DRY,CLASE B-C,7,20
7739,7,2,DRY,CLASE B-C,1,20
7740,7,2,DRY,CLASE B-C,7,20
7741,7,2,DRY,CLASE B-C,7,20
7742,7,2,DRY,CLASE B-C,7,20
7743,7,2,DRY,CLASE B,1,20
7744,7,2,DRY,CLASE B-C,7,20
7745,7,2,DRY,CLASE B-C,1,20
7746,7,2,DRY,CLASE B-C,7,20
7747,3,2,DRY,CLASE B-C,2,20
7748,3,2,DRY,CLASE B-C,2,20
7749,6,2,DRY,CLASE B-C,2,20
7750,6,2,DRY,CLASE B-C,2,20
7751,6,2,DRY,CLASE B-C,2,20
7752,6,2,DRY,INSPECTION,3,20
7753,6,2,DRY,CLASE B-C,2,20
7754,6,2,DRY,CLASE A,3,20
7755,7,2,RF,CLASE B-C,5,20
7756,7,2,RF,CLASE B-C,7,20
7757,7,2,RF,CLASE B-C,6,20
7758,7,2,RF,CLASE B-C,6,20
7759,7,2,RF,CLASE B-C,6,20
7760,7,2,RF,CLASE B-C,2,20
7761,7,2,RF,CLASE B-C,5,20
7762,7,2,RF,CLASE B-C,4,20
7763,7,2,RF,CLASE B-C,5,20
7764,7,2,RF,CLASE B-C,5,20
7765,7,2,RF,CLASE B-C,6,20
7766,7,1,DRY,CLASE B-C,9,20
7767,7,1,DRY,CLASE B-C,9,20
7768,1,2,RF,CLASE B-C,8,20
7769,7,1,DRY,CLASE B-C,9,20
7770,7,1,DRY,CLASE B-C,9,20
7771,2,2,DRY,CLASE B-C,2,20
7772,2,2,DRY,CLASE B-C,2,20
7773,2,2,DRY,CLASE B-C,2,20
7774,2,2,DRY,CLASE B-C,6,20
7775,2,2,DRY,CLASE B-C,6,20
7776,2,2,DRY,CLASE B-C,6,20
7777,2,2,DRY,CLASE B-C,1,20
7778,2,2,DRY,CLASE B-C,6,20
7779,2,2,DRY,CLASE B-C,1,20
7780,2,2,DRY,CLASE B-C,6,20
7781,2,2,DRY,CLASE B-C,4,20
7782,2,2,DRY,CLASE B-C,6,20
7783,2,2,DRY,CLASE B-C,4,20
7784,2,2,DRY,CLASE B-C,6,20
7785,2,2,DRY,CLASE B-C,6,20
7786,2,2,DRY,CLASE B-C,6,20
7787,2,2,DRY,CLASE B-C,6,20
7788,2,2,DRY,CLASE B-C,6,20
7789,2,2,DRY,CLASE B-C,4,20
7790,2,2,DRY,CLASE B-C,6,20
7791,2,2,DRY,CLASE B-C,6,20
7792,2,2,DRY,CLASE B-C,6,20
7793,2,2,DRY,CLASE B-C,4,20
7794,2,2,DRY,CLASE B-C,6,20
7795,2,2,DRY,CLASE B-C,6,20
7796,2,2,DRY,CLASE B-C,6,20
7797,2,2,DRY,CLASE B-C,6,20
7798,2,2,DRY,CLASE B-C,6,20
7799,2,2,DRY,CLASE B-C,6,20
7800,2,2,DRY,CLASE B-C,4,20
7801,2,2,DRY,CLASE B-C,6,20
7802,2,2,DRY,CLASE B-C,1,20
7803,2,2,DRY,CLASE B-C,6,20
7804,2,2,DRY,CLASE B-C,6,20
7805,2,2,DRY,CLASE B-C,1,20
7806,2,2,DRY,CLASE B-C,1,20
7807,2,2,DRY,CLASE B-C,6,20
7808,2,2,DRY,CLASE B-C,6,20
7809,2,2,DRY,CLASE B-C,6,20
7810,2,2,DRY,CLASE B-C,6,20
7811,2,2,DRY,CLASE B-C,6,20
7812,2,2,DRY,CLASE B-C,6,20
7813,2,2,DRY,CLASE B-C,6,20
7814,2,2,DRY,CLASE B-C,6,20
7815,2,2,DRY,CLASE B-C,1,20
7816,2,2,DRY,CLASE B-C,6,20
7817,2,2,DRY,CLASE B-C,6,20
7818,2,2,DRY,CLASE B-C,6,20
7819,2,2,DRY,CLASE B-C,1,20
7820,2,2,DRY,CLASE B-C,1,20
7821,2,2,DRY,CLASE B-C,6,20
7822,2,2,DRY,CLASE B-C,6,20
7823,2,2,DRY,CLASE B-C,6,20
7824,2,2,DRY,CLASE B-C,6,20
7825,2,2,DRY,CLASE B-C,6,20
7826,2,2,DRY,CLASE B-C,2,20
7827,2,2,DRY,CLASE B-C,6,20
7828,2,2,DRY,CLASE D,6,20
7829,2,2,DRY,CLASE B-C,6,20
7830,2,2,DRY,CLASE B-C,6,20
7831,2,2,DRY,CLASE B-C,2,20
7832,2,2,DRY,CLASE B-C,1,20
7833,2,2,DRY,CLASE B-C,2,20
7834,2,2,DRY,CLASE B-C,2,20
7835,2,2,DRY,CLASE B-C,2,20
7836,2,2,DRY,CLASE B-C,2,20
7837,2,2,DRY,CLASE B-C,1,20
7838,2,2,DRY,CLASE B-C,1,20
7839,2,2,DRY,CLASE B-C,2,20
7840,2,2,DRY,CLASE B-C,2,20
7841,2,1,DRY,CLASE B-C,7,20
7842,6,2,DRY,CLASE B-C,7,20
7843,7,2,DRY,CLASE B-C,6,20
7844,2,2,DRY,CLASE B-C,6,20
7845,2,2,DRY,CLASE B-C,6,20
7846,2,2,DRY,CLASE B-C,6,20
7847,2,2,DRY,CLASE B-C,6,20
7848,2,2,DRY,CLASE B-C,6,20
7849,2,2,DRY,CLASE B-C,6,20
7850,2,2,DRY,CLASE B-C,6,20
7851,6,2,DRY,CLASE B-C,6,20
7852,6,2,DRY,CLASE B-C,5,20
7853,7,2,DRY,INSPECTION,5,20
7854,7,2,DRY,CLASE B-C,3,20
7855,7,2,DRY,CLASE B-C,3,20
7856,7,2,DRY,CLASE B-C,3,20
7857,7,1,DRY,CLASE B-C,2,20
7858,7,2,DRY,CLASE B-C,1,20
7859,6,2,DRY,CLASE B-C,1,20
7860,7,2,DRY,INSPECTION,158,20
7861,4,2,DRY,CLASE B-C,129,20
7862,4,2,DRY,CLASE B-C,133,20
7863,8,2,RF,CLASE B-C,88,20
7864,4,2,DRY,CLASE B-C,83,20
7865,1,2,DRY,CLASE B-C,93,20
7866,6,2,DRY,CLASE B-C,95,20
7867,3,2,DRY,CLASE B-C,95,20
7868,7,2,DRY,CLASE B-C,86,20
7869,4,2,DRY,CLASE B-C,83,20
7870,2,2,DRY,CLASE B-C,88,20
7871,1,2,RF,CLASE B-C,86,20
7872,7,2,DRY,CLASE B-C,77,20
7873,7,2,DRY,CLASE B-C,75,20
7874,7,2,DRY,CLASE B-C,78,20
7875,7,2,DRY,CLASE B-C,71,20
7876,7,2,DRY,CLASE B-C,78,20
7877,7,2,DRY,CLASE B-C,75,20
7878,7,2,DRY,CLASE B-C,77,20
7879,7,2,DRY,CLASE B-C,77,20
7880,2,2,DRY,CLASE B-C,72,20
7881,2,2,DRY,CLASE B-C,77,20
7882,2,2,DRY,CLASE B-C,72,20
7883,2,2,DRY,CLASE B-C,71,20
7884,7,2,DRY,CLASE B-C,79,20
7885,7,2,DRY,CLASE B-C,78,20
7886,7,2,DRY,CLASE B-C,82,20
7887,7,2,DRY,CLASE B-C,72,20
7888,7,2,DRY,CLASE B-C,76,20
7889,7,2,DRY,CLASE B-C,79,20
7890,7,2,DRY,CLASE B-C,79,20
7891,7,2,DRY,CLASE B-C,77,20
7892,7,2,DRY,CLASE B-C,82,20
7893,7,2,DRY,CLASE B-C,79,20
7894,7,2,DRY,CLASE B-C,79,20
7895,7,2,DRY,CLASE B-C,76,20
7896,7,2,DRY,CLASE B-C,81,20
7897,7,2,DRY,CLASE B-C,78,20
7898,7,2,DRY,CLASE B-C,77,20
7899,7,2,DRY,CLASE B-C,81,20
7900,7,2,DRY,CLASE B-C,78,20
7901,7,2,DRY,CLASE B-C,78,20
7902,7,2,DRY,CLASE B-C,78,20
7903,7,2,DRY,CLASE B-C,82,20
7904,7,2,DRY,CLASE B-C,78,20
7905,7,2,DRY,CLASE B-C,76,20
7906,7,2,DRY,CLASE B-C,82,20
7907,7,2,DRY,CLASE B-C,81,20
7908,7,2,DRY,CLASE B-C,79,20
7909,7,2,DRY,CLASE B-C,77,20
7910,7,2,DRY,CLASE B-C,80,20
7911,7,2,DRY,CLASE B-C,82,20
7912,7,2,DRY,CLASE B-C,78,20
7913,7,2,DRY,CLASE B-C,78,20
7914,7,2,DRY,CLASE B-C,78,20
7915,7,2,DRY,CLASE D,78,20
7916,1,2,DRY,CLASE D,79,20
7917,1,2,DRY,CLASE B-C,80,20
7918,1,2,DRY,CLASE B-C,74,20
7919,7,2,DRY,CLASE B-C,68,20
7920,1,2,DRY,CLASE B-C,64,20
7921,1,2,DRY,CLASE B-C,64,20
7922,1,2,DRY,CLASE B-C,64,20
7923,1,2,DRY,CLASE B-C,63,20
7924,1,2,DRY,CLASE B-C,63,20
7925,1,2,DRY,CLASE B-C,63,20
7926,7,2,DRY,CLASE B-C,62,20
7927,2,2,DRY,CLASE B-C,60,20
7928,1,2,DRY,CLASE B-C,60,20
7929,1,2,DRY,CLASE D,56,20
7930,2,2,RF,CLASE B-C,49,20
7931,2,2,DRY,CLASE B-C,49,20
7932,6,2,RF,CLASE B-C,50,20
7933,6,2,RF,CLASE B-C,51,20
7934,6,2,RF,CLASE B-C,51,20
7935,3,2,DRY,CLASE B-C,49,20
7936,6,2,RF,CLASE B-C,44,20
7937,6,2,RF,CLASE B-C,38,20
7938,6,2,RF,CLASE B-C,39,20
7939,2,2,RF,CLASE B-C,36,20
7940,2,2,RF,CLASE B-C,35,20
7941,2,2,RF,CLASE B-C,36,20
7942,2,2,RF,CLASE B-C,36,20
7943,2,2,RF,CLASE B-C,36,20
7944,2,2,RF,CLASE B-C,31,20
7945,2,2,RF,CLASE B-C,36,20
7946,2,2,RF,CLASE B-C,37,20
7947,7,2,DRY,CLASE B-C,41,20
7948,7,2,DRY,CLASE B-C,5,20
7949,7,1,DRY,INSPECTION,34,20
7950,7,2,DRY,CLASE B-C,38,20
7951,7,1,DRY,CLASE B-C,34,20
7952,7,2,DRY,CLASE B-C,41,20
7953,7,2,DRY,CLASE B-C,7,20
7954,7,2,DRY,CLASE B-C,25,20
7955,7,1,DRY,CLASE B-C,34,20
7956,7,1,DRY,CLASE B-C,34,20
7957,7,1,DRY,CLASE B-C,34,20
7958,7,1,DRY,CLASE B-C,34,20
7959,7,1,DRY,CLASE B-C,34,20
7960,7,1,DRY,CLASE B-C,34,20
7961,7,1,DRY,CLASE B-C,34,20
7962,7,1,DRY,CLASE B-C,34,20
7963,7,1,DRY,CLASE B-C,34,20
7964,7,2,DRY,CLASE B-C,5,20
7965,7,2,DRY,CLASE B-C,4,20
7966,7,2,DRY,CLASE B-C,41,20
7967,7,2,DRY,CLASE B-C,41,20
7968,7,1,DRY,INSPECTION,35,20
7969,7,1,DRY,CLASE B-C,34,20
7970,7,1,DRY,INSPECTION,34,20
7971,7,2,DRY,CLASE B-C,35,20
7972,7,1,DRY,CLASE B-C,34,20
7973,7,1,DRY,CLASE B-C,34,20
7974,7,1,DRY,INSPECTION,34,20
7975,7,1,DRY,INSPECTION,34,20
7976,7,2,DRY,CLASE B-C,9,20
7977,7,1,DRY,INSPECTION,34,20
7978,7,1,DRY,CLASE B-C,34,20
7979,7,1,DRY,CLASE B-C,34,20
7980,7,1,DRY,CLASE B-C,34,20
7981,7,1,DRY,CLASE B-C,34,20
7982,7,1,DRY,INSPECTION,34,20
7983,7,1,DRY,INSPECTION,35,20
7984,7,2,DRY,CLASE B-C,41,20
7985,7,1,DRY,CLASE B-C,34,20
7986,7,1,DRY,CLASE B-C,34,20
7987,7,2,DRY,CLASE B-C,6,20
7988,7,1,DRY,CLASE B-C,34,20
7989,7,2,DRY,CLASE B-C,41,20
7990,7,2,DRY,CLASE B,32,20
7991,7,2,DRY,CLASE B-C,32,20
7992,7,2,DRY,CLASE B-C,36,20
7993,7,2,DRY,CLASE B-C,32,20
7994,7,2,DRY,CLASE B-C,38,20
7995,7,2,DRY,CLASE B-C,32,20
7996,7,2,DRY,CLASE B,32,20
7997,7,2,DRY,CLASE B-C,32,20
7998,7,2,DRY,CLASE B-C,34,20
7999,7,2,DRY,CLASE B-C,34,20
8000,7,2,DRY,CLASE B-C,32,20
8001,7,2,DRY,CLASE B-C,32,20
8002,7,2,DRY,CLASE B-C,34,20
8003,7,2,DRY,CLASE B-C,32,20
8004,7,2,DRY,CLASE B-C,32,20
8005,7,2,DRY,CLASE B-C,32,20
8006,7,2,DRY,CLASE B-C,32,20
8007,7,2,DRY,CLASE B-C,32,20
8008,7,2,DRY,CLASE B-C,36,20
8009,7,2,DRY,CLASE D,33,20
8010,7,2,DRY,CLASE B-C,32,20
8011,7,2,DRY,CLASE B-C,17,20
8012,7,2,DRY,CLASE B-C,32,20
8013,7,2,DRY,CLASE B-C,32,20
8014,7,2,DRY,CLASE B,33,20
8015,7,2,DRY,CLASE B-C,32,20
8016,7,2,DRY,CLASE B-C,17,20
8017,7,2,DRY,CLASE B-C,17,20
8018,7,2,DRY,CLASE B-C,32,20
8019,7,2,DRY,CLASE B-C,32,20
8020,7,2,DRY,CLASE B-C,15,20
8021,7,2,DRY,CLASE B-C,32,20
8022,7,2,DRY,CLASE B-C,32,20
8023,7,2,DRY,CLASE B-C,36,20
8024,7,2,DRY,CLASE B-C,32,20
8025,7,2,DRY,CLASE B-C,32,20
8026,7,2,DRY,CLASE B,32,20
8027,7,2,DRY,CLASE B-C,32,20
8028,7,2,DRY,CLASE B-C,32,20
8029,7,2,DRY,CLASE B-C,34,20
8030,7,2,DRY,CLASE B-C,32,20
8031,7,2,DRY,CLASE B-C,34,20
8032,7,2,DRY,CLASE B-C,32,20
8033,7,2,DRY,CLASE B-C,32,20
8034,7,2,DRY,CLASE B-C,32,20
8035,7,2,DRY,CLASE B-C,38,20
8036,7,2,DRY,CLASE B-C,32,20
8037,7,2,DRY,CLASE B-C,32,20
8038,7,2,DRY,CLASE B-C,32,20
8039,7,2,DRY,CLASE B-C,36,20
8040,7,2,DRY,CLASE B-C,34,20
8041,7,2,DRY,CLASE B-C,32,20
8042,7,2,DRY,CLASE B-C,34,20
8043,7,2,DRY,CLASE B-C,17,20
8044,7,2,DRY,CLASE B-C,17,20
8045,7,2,DRY,CLASE B-C,32,20
8046,7,2,DRY,CLASE B-C,32,20
8047,7,2,DRY,CLASE B-C,33,20
8048,7,2,DRY,CLASE B-C,32,20
8049,7,2,DRY,CLASE B-C,32,20
8050,7,2,DRY,CLASE B-C,32,20
8051,7,2,DRY,CLASE B-C,32,20
8052,7,2,DRY,CLASE B-C,32,20
8053,7,2,DRY,CLASE B-C,32,20
8054,7,2,DRY,CLASE B-C,32,20
8055,7,2,DRY,CLASE B-C,34,20
8056,7,2,DRY,CLASE B-C,32,20
8057,7,2,DRY,CLASE B-C,32,20
8058,7,2,DRY,CLASE B-C,32,20
8059,7,2,DRY,CLASE B-C,32,20
8060,7,2,DRY,CLASE B-C,32,20
8061,7,2,DRY,CLASE B-C,32,20
8062,7,2,DRY,CLASE B-C,33,20
8063,7,2,DRY,CLASE B-C,32,20
8064,7,2,DRY,CLASE B-C,38,20
8065,7,2,DRY,CLASE B-C,32,20
8066,7,2,DRY,CLASE B-C,32,20
8067,7,2,DRY,CLASE B-C,32,20
8068,7,2,DRY,CLASE B-C,17,20
8069,7,2,DRY,CLASE B-C,32,20
8070,7,2,DRY,CLASE B-C,32,20
8071,7,2,DRY,CLASE B,32,20
8072,7,2,DRY,CLASE B-C,1,20
8073,7,2,DRY,CLASE B-C,32,20
8074,7,2,DRY,CLASE B-C,32,20
8075,7,2,DRY,CLASE B-C,34,20
8076,7,2,DRY,CLASE B-C,15,20
8077,7,2,DRY,CLASE B-C,34,20
8078,7,2,DRY,CLASE B-C,34,20
8079,7,2,DRY,CLASE B-C,32,20
8080,7,2,DRY,CLASE B-C,32,20
8081,7,2,DRY,CLASE B-C,34,20
8082,7,2,DRY,CLASE B-C,32,20
8083,7,2,DRY,CLASE B-C,32,20
8084,7,2,DRY,CLASE B-C,33,20
8085,7,2,DRY,CLASE B-C,32,20
8086,7,2,DRY,CLASE B-C,32,20
8087,7,2,DRY,CLASE B-C,32,20
8088,7,2,DRY,CLASE B-C,15,20
8089,7,2,DRY,CLASE B-C,36,20
8090,7,2,DRY,CLASE B-C,37,20
8091,7,2,DRY,CLASE B-C,32,20
8092,7,2,DRY,CLASE B-C,17,20
8093,7,2,DRY,CLASE B-C,32,20
8094,7,2,DRY,CLASE B-C,32,20
8095,7,2,DRY,CLASE B-C,32,20
8096,7,2,DRY,CLASE B-C,34,20
8097,7,2,DRY,CLASE B-C,35,20
8098,7,2,DRY,CLASE B,32,20
8099,7,2,DRY,CLASE B-C,17,20
8100,7,2,DRY,CLASE B-C,32,20
8101,7,2,DRY,CLASE B-C,32,20
8102,7,2,DRY,CLASE B-C,32,20
8103,7,2,DRY,CLASE B-C,32,20
8104,7,2,DRY,CLASE B-C,1,20
8105,7,2,DRY,CLASE B-C,32,20
8106,7,2,DRY,CLASE B-C,32,20
8107,7,2,DRY,CLASE B-C,34,20
8108,2,2,RF,CLASE B-C,37,20
8109,2,2,RF,CLASE B-C,37,20
8110,7,1,DRY,INSPECTION,34,20
8111,7,2,DRY,CLASE B-C,26,20
8112,7,2,DRY,CLASE B-C,27,20
8113,7,2,DRY,CLASE B-C,29,20
8114,7,2,DRY,CLASE B-C,21,20
8115,7,2,DRY,CLASE B-C,25,20
8116,7,2,DRY,CLASE B-C,21,20
8117,7,2,DRY,CLASE B-C,25,20
8118,7,2,DRY,CLASE B-C,29,20
8119,7,2,DRY,CLASE B-C,25,20
8120,7,2,DRY,CLASE B-C,25,20
8121,7,2,DRY,CLASE B-C,31,20
8122,1,2,RF,CLASE B-C,31,20
8123,6,2,RF,CLASE B-C,27,20
8124,7,2,DRY,CLASE B-C,21,20
8125,7,2,DRY,CLASE B-C,21,20
8126,7,2,DRY,CLASE B-C,26,20
8127,7,2,DRY,CLASE B-C,27,20
8128,7,2,DRY,CLASE B-C,25,20
8129,7,2,DRY,CLASE B-C,27,20
8130,7,2,DRY,CLASE B-C,30,20
8131,7,2,DRY,CLASE B-C,29,20
8132,7,2,DRY,CLASE B-C,30,20
8133,7,2,DRY,CLASE B-C,25,20
8134,7,2,DRY,CLASE B-C,29,20
8135,7,2,DRY,CLASE B-C,29,20
8136,7,2,DRY,CLASE B-C,29,20
8137,7,2,DRY,CLASE B-C,26,20
8138,7,2,DRY,CLASE B-C,29,20
8139,7,2,DRY,CLASE B-C,30,20
8140,7,2,DRY,CLASE B-C,31,20
8141,7,2,DRY,CLASE B-C,27,20
8142,7,2,DRY,CLASE B-C,27,20
8143,7,2,DRY,CLASE B-C,27,20
8144,7,2,DRY,CLASE B-C,25,20
8145,7,2,DRY,CLASE B-C,29,20
8146,7,2,DRY,CLASE B-C,27,20
8147,7,2,DRY,CLASE B-C,31,20
8148,7,2,DRY,CLASE B-C,30,20
8149,7,2,DRY,CLASE B-C,30,20
8150,7,2,DRY,CLASE B-C,28,20
8151,7,2,DRY,CLASE B-C,26,20
8152,7,2,DRY,CLASE B-C,13,20
8153,7,2,DRY,CLASE B-C,29,20
8154,7,2,DRY,CLASE B-C,30,20
8155,7,2,DRY,CLASE B-C,25,20
8156,7,2,DRY,CLASE B-C,30,20
8157,7,2,DRY,CLASE B-C,30,20
8158,7,2,DRY,CLASE B-C,27,20
8159,7,2,DRY,CLASE B-C,29,20
8160,7,2,DRY,CLASE B-C,31,20
8161,7,2,DRY,CLASE B-C,25,20
8162,7,2,DRY,CLASE B-C,29,20
8163,7,2,DRY,CLASE B-C,29,20
8164,7,2,DRY,CLASE B-C,27,20
8165,7,2,DRY,CLASE B-C,29,20
8166,7,2,DRY,CLASE B-C,4,20
8167,7,2,DRY,CLASE B-C,29,20
8168,7,2,DRY,CLASE B-C,26,20
8169,7,2,DRY,CLASE B-C,31,20
8170,7,2,DRY,CLASE B-C,30,20
8171,7,2,DRY,CLASE B-C,29,20
8172,7,2,DRY,CLASE B-C,29,20
8173,7,2,DRY,CLASE B-C,29,20
8174,7,2,DRY,CLASE B-C,27,20
8175,7,2,DRY,CLASE B-C,30,20
8176,7,2,DRY,CLASE B-C,29,20
8177,7,2,DRY,CLASE B-C,30,20
8178,7,2,DRY,CLASE B-C,29,20
8179,7,2,DRY,CLASE B-C,25,20
8180,7,2,DRY,CLASE B-C,27,20
8181,7,2,DRY,CLASE B-C,27,20
8182,7,2,DRY,CLASE B-C,17,20
8183,7,2,DRY,CLASE B-C,26,20
8184,7,2,DRY,CLASE B-C,27,20
8185,7,2,DRY,CLASE B-C,26,20
8186,7,2,DRY,CLASE B-C,26,20
8187,7,2,DRY,CLASE B-C,26,20
8188,7,2,DRY,CLASE B-C,28,20
8189,7,2,DRY,CLASE B-C,26,20
8190,7,2,DRY,CLASE B-C,30,20
8191,7,2,DRY,CLASE B-C,27,20
8192,7,2,DRY,CLASE B-C,25,20
8193,7,2,DRY,CLASE B-C,30,20
8194,7,2,DRY,CLASE B-C,26,20
8195,7,2,DRY,CLASE B-C,29,20
8196,7,2,DRY,CLASE B-C,29,20
8197,7,2,DRY,CLASE B-C,25,20
8198,7,2,DRY,CLASE B-C,30,20
8199,7,2,DRY,CLASE B-C,26,20
8200,7,2,DRY,CLASE B-C,31,20
8201,7,2,DRY,CLASE B-C,27,20
8202,7,2,DRY,CLASE B-C,33,20
8203,7,2,DRY,CLASE B-C,13,20
8204,7,2,DRY,CLASE B-C,29,20
8205,7,2,DRY,CLASE B-C,29,20
8206,7,2,DRY,CLASE D,29,20
8207,7,2,DRY,CLASE D,26,20
8208,7,2,DRY,CLASE B-C,30,20
8209,7,2,DRY,CLASE B-C,15,20
8210,7,2,DRY,CLASE B-C,15,20
8211,7,2,DRY,CLASE B-C,21,20
8212,6,2,DRY,CLASE A,31,20
8213,2,2,DRY,CLASE B-C,31,20
8214,6,2,DRY,CLASE A,30,20
8215,6,2,DRY,CLASE B-C,30,20
8216,6,2,DRY,CLASE A,30,20
8217,6,2,DRY,CLASE B-C,30,20
8218,6,2,DRY,CLASE B-C,30,20
8219,6,2,DRY,CLASE B-C,30,20
8220,6,2,DRY,CLASE B-C,30,20
8221,6,2,DRY,CLASE A,30,20
8222,6,2,DRY,CLASE B-C,30,20
8223,6,2,DRY,CLASE B-C,30,20
8224,6,2,DRY,CLASE B-C,30,20
8225,6,2,DRY,CLASE B-C,30,20
8226,6,2,DRY,CLASE A,30,20
8227,6,2,DRY,CLASE A,30,20
8228,6,2,DRY,CLASE B-C,30,20
8229,6,2,DRY,CLASE B-C,31,20
8230,6,2,DRY,CLASE B-C,30,20
8231,6,2,DRY,CLASE A,30,20
8232,2,2,DRY,CLASE B-C,31,20
8233,1,2,RF,CLASE B-C,29,20
8234,2,2,RF,CLASE B-C,31,20
8235,2,2,RF,CLASE B-C,31,20
8236,2,2,DRY,CLASE B-C,31,20
8237,7,1,DRY,INSPECTION,29,20
8238,7,1,DRY,INSPECTION,29,20
8239,7,2,DRY,CLASE B-C,2,20
8240,7,2,DRY,CLASE B-C,19,20
8241,7,2,DRY,CLASE B-C,20,20
8242,7,2,DRY,CLASE B-C,2,20
8243,7,2,DRY,CLASE B-C,23,20
8244,7,2,DRY,CLASE B-C,20,20
8245,7,2,DRY,CLASE B-C,1,20
8246,7,2,DRY,CLASE B-C,20,20
8247,7,2,DRY,CLASE B-C,2,20
8248,7,2,DRY,CLASE B-C,2,20
8249,7,2,DRY,CLASE B-C,2,20
8250,7,2,DRY,CLASE B-C,2,20
8251,7,2,DRY,CLASE B-C,6,20
8252,7,2,DRY,CLASE B,20,20
8253,7,2,DRY,CLASE B-C,20,20
8254,7,2,DRY,CLASE B-C,20,20
8255,7,2,DRY,CLASE B-C,1,20
8256,7,2,DRY,CLASE B-C,23,20
8257,7,2,DRY,CLASE B-C,1,20
8258,7,2,DRY,CLASE B-C,29,20
8259,7,2,DRY,CLASE B-C,20,20
8260,7,2,DRY,CLASE B-C,20,20
8261,7,2,DRY,CLASE B-C,20,20
8262,7,2,DRY,CLASE B-C,20,20
8263,7,2,DRY,CLASE B-C,20,20
8264,7,2,DRY,CLASE B-C,20,20
8265,7,2,DRY,CLASE B-C,7,20
8266,7,2,DRY,CLASE B-C,23,20
8267,7,2,DRY,CLASE D,1,20
8268,7,2,DRY,CLASE B-C,2,20
8269,7,2,DRY,CLASE B-C,2,20
8270,7,2,DRY,CLASE B-C,23,20
8271,7,2,DRY,CLASE B-C,2,20
8272,7,2,DRY,CLASE B-C,20,20
8273,7,2,DRY,CLASE B-C,2,20
8274,7,2,DRY,CLASE B-C,17,20
8275,7,2,DRY,CLASE B-C,23,20
8276,7,2,DRY,CLASE B-C,20,20
8277,7,2,DRY,CLASE B-C,19,20
8278,7,2,DRY,CLASE B-C,20,20
8279,7,2,DRY,CLASE B-C,6,20
8280,7,2,DRY,CLASE B-C,27,20
8281,7,2,DRY,CLASE B,7,20
8282,7,2,DRY,CLASE B-C,20,20
8283,7,2,DRY,CLASE B-C,2,20
8284,7,2,DRY,CLASE B-C,29,20
8285,7,2,DRY,CLASE B-C,20,20
8286,7,2,DRY,CLASE B,2,20
8287,7,2,DRY,CLASE B-C,20,20
8288,7,2,DRY,CLASE B-C,2,20
8289,7,2,DRY,CLASE B-C,20,20
8290,7,2,DRY,CLASE B-C,6,20
8291,7,2,DRY,CLASE B-C,19,20
8292,7,2,DRY,CLASE B-C,2,20
8293,7,2,DRY,CLASE B-C,23,20
8294,7,2,DRY,CLASE B-C,6,20
8295,7,2,DRY,CLASE B-C,2,20
8296,7,2,DRY,CLASE B-C,2,20
8297,7,2,DRY,CLASE B-C,2,20
8298,7,2,DRY,CLASE B-C,1,20
8299,7,2,DRY,CLASE B-C,17,20
8300,7,2,DRY,CLASE B-C,1,20
8301,7,2,DRY,CLASE B-C,2,20
8302,7,2,DRY,CLASE B-C,27,20
8303,7,2,DRY,CLASE B-C,2,20
8304,7,2,DRY,CLASE B-C,1,20
8305,7,2,DRY,CLASE B-C,23,20
8306,7,2,DRY,CLASE B-C,29,20
8307,7,2,DRY,CLASE B-C,1,20
8308,7,2,DRY,CLASE B-C,17,20
8309,7,2,DRY,CLASE B-C,2,20
8310,7,2,DRY,CLASE B-C,2,20
8311,7,2,DRY,CLASE B-C,19,20
8312,7,2,DRY,CLASE B-C,23,20
8313,7,2,DRY,CLASE B-C,20,20
8314,7,2,DRY,CLASE B-C,8,20
8315,7,2,DRY,CLASE B-C,2,20
8316,7,2,DRY,CLASE B-C,20,20
8317,7,2,DRY,CLASE B-C,2,20
8318,7,2,DRY,CLASE B-C,5,20
8319,7,2,DRY,CLASE B-C,2,20
8320,7,2,DRY,CLASE B-C,13,20
8321,7,2,DRY,CLASE B-C,7,20
8322,7,2,DRY,CLASE B-C,2,20
8323,7,2,DRY,CLASE B-C,2,20
8324,7,2,DRY,CLASE B-C,2,20
8325,7,2,DRY,CLASE B-C,29,20
8326,7,2,DRY,CLASE B-C,20,20
8327,7,2,DRY,CLASE B-C,20,20
8328,7,2,DRY,CLASE B-C,23,20
8329,7,2,DRY,CLASE B-C,2,20
8330,7,2,DRY,CLASE B-C,2,20
8331,7,2,DRY,CLASE B-C,2,20
8332,7,2,DRY,CLASE B-C,6,20
8333,7,2,DRY,CLASE B-C,7,20
8334,7,2,DRY,CLASE B-C,2,20
8335,7,2,DRY,CLASE B-C,5,20
8336,7,2,DRY,CLASE B-C,29,20
8337,7,2,DRY,CLASE B-C,2,20
8338,7,2,DRY,CLASE B-C,19,20
8339,7,2,DRY,CLASE B-C,2,20
8340,7,2,DRY,CLASE B-C,2,20
8341,7,2,DRY,CLASE B-C,23,20
8342,7,2,DRY,CLASE B-C,1,20
8343,7,2,DRY,CLASE B-C,2,20
8344,7,2,DRY,CLASE B-C,6,20
8345,7,2,DRY,CLASE B-C,2,20
8346,7,2,DRY,CLASE B-C,20,20
8347,7,2,DRY,CLASE B-C,2,20
8348,7,2,DRY,CLASE B-C,6,20
8349,7,2,DRY,CLASE B-C,6,20
8350,7,2,DRY,CLASE B-C,20,20
8351,7,2,DRY,CLASE B-C,1,20
8352,7,2,DRY,CLASE B-C,5,20
8353,7,2,DRY,CLASE B-C,20,20
8354,7,2,DRY,CLASE B-C,20,20
8355,7,2,DRY,CLASE B-C,20,20
8356,7,2,DRY,CLASE B-C,29,20
8357,7,2,DRY,CLASE D,1,20
8358,7,2,DRY,CLASE B-C,6,20
8359,7,2,DRY,CLASE B-C,15,20
8360,7,2,DRY,CLASE B-C,19,20
8361,7,2,DRY,CLASE B-C,20,20
8362,7,2,DRY,CLASE B-C,20,20
8363,7,2,DRY,CLASE B-C,20,20
8364,7,2,DRY,CLASE B-C,23,20
8365,7,2,DRY,CLASE B-C,2,20
8366,7,2,DRY,CLASE B-C,29,20
8367,7,2,DRY,CLASE B-C,20,20
8368,7,2,DRY,CLASE B-C,2,20
8369,7,2,DRY,CLASE B-C,20,20
8370,7,2,DRY,CLASE B-C,2,20
8371,7,2,DRY,CLASE B-C,2,20
8372,7,2,DRY,CLASE B-C,20,20
8373,7,2,DRY,CLASE B-C,23,20
8374,7,2,DRY,CLASE D,6,20
8375,7,2,DRY,CLASE B-C,20,20
8376,7,2,DRY,CLASE B-C,17,20
8377,7,2,DRY,CLASE B-C,20,20
8378,7,2,DRY,CLASE B-C,2,20
8379,7,2,DRY,CLASE B-C,8,20
8380,7,2,DRY,CLASE B-C,7,20
8381,7,2,DRY,CLASE B-C,2,20
8382,7,2,DRY,CLASE B-C,20,20
8383,7,2,DRY,CLASE B-C,20,20
8384,7,2,DRY,CLASE B-C,6,20
8385,7,2,DRY,CLASE B-C,20,20
8386,7,2,DRY,CLASE B-C,2,20
8387,7,2,DRY,CLASE B-C,13,20
8388,7,2,DRY,CLASE B-C,20,20
8389,7,2,DRY,CLASE B-C,2,20
8390,7,2,DRY,CLASE B-C,2,20
8391,7,2,DRY,CLASE B-C,20,20
8392,7,2,DRY,CLASE B-C,6,20
8393,7,2,DRY,CLASE B-C,29,20
8394,7,2,DRY,CLASE B-C,23,20
8395,7,2,DRY,CLASE B-C,29,20
8396,7,2,DRY,CLASE B-C,2,20
8397,7,2,DRY,CLASE B-C,20,20
8398,7,2,DRY,CLASE B-C,20,20
8399,7,2,DRY,CLASE B-C,23,20
8400,7,2,DRY,CLASE B-C,20,20
8401,7,2,DRY,CLASE B-C,23,20
8402,7,2,DRY,CLASE B-C,23,20
8403,7,2,DRY,CLASE B-C,23,20
8404,7,2,DRY,CLASE B-C,23,20
8405,7,2,DRY,CLASE B-C,19,20
8406,7,2,DRY,CLASE B-C,23,20
8407,7,2,DRY,CLASE B-C,23,20
8408,7,2,DRY,CLASE B-C,1,20
8409,7,2,DRY,CLASE B-C,20,20
8410,7,2,DRY,CLASE B-C,23,20
8411,7,2,DRY,CLASE B-C,20,20
8412,7,2,DRY,CLASE B-C,23,20
8413,7,2,DRY,CLASE B-C,3,20
8414,7,2,DRY,CLASE B-C,20,20
8415,7,2,DRY,CLASE B-C,7,20
8416,3,2,DRY,CLASE B-C,10,20
8417,3,2,DRY,CLASE B-C,8,20
8418,3,2,DRY,CLASE B-C,10,20
8419,3,2,DRY,CLASE B-C,11,20
8420,3,2,DRY,CLASE B-C,3,20
8421,3,2,DRY,CLASE B-C,21,20
8422,3,2,DRY,CLASE B-C,10,20
8423,3,2,DRY,CLASE B-C,21,20
8424,3,2,DRY,CLASE B-C,10,20
8425,3,2,DRY,CLASE B-C,10,20
8426,3,2,DRY,CLASE B-C,11,20
8427,3,2,DRY,CLASE B-C,10,20
8428,3,2,DRY,CLASE B-C,2,20
8429,3,2,DRY,CLASE B-C,10,20
8430,3,2,DRY,CLASE B-C,3,20
8431,3,2,DRY,CLASE B-C,1,20
8432,3,2,DRY,CLASE B-C,1,20
8433,3,2,DRY,CLASE B-C,8,20
8434,3,2,DRY,CLASE A,9,20
8435,3,2,DRY,CLASE B-C,1,20
8436,3,2,DRY,CLASE A,24,20
8437,3,2,DRY,CLASE B-C,11,20
8438,3,2,DRY,CLASE B-C,10,20
8439,3,2,DRY,CLASE B-C,11,20
8440,3,2,DRY,CLASE B,11,20
8441,3,2,DRY,CLASE A,9,20
8442,3,2,DRY,CLASE A,12,20
8443,3,2,DRY,CLASE A,1,20
8444,3,2,DRY,CLASE B-C,10,20
8445,3,2,DRY,CLASE B-C,5,20
8446,3,2,DRY,CLASE B-C,9,20
8447,3,2,DRY,CLASE B-C,3,20
8448,3,2,DRY,CLASE A,3,20
8449,3,2,DRY,CLASE B-C,23,20
8450,3,2,DRY,CLASE B-C,10,20
8451,3,2,DRY,CLASE B-C,3,20
8452,3,2,DRY,CLASE B-C,18,20
8453,3,2,DRY,CLASE A,22,20
8454,3,2,DRY,CLASE B-C,3,20
8455,3,2,DRY,CLASE B-C,10,20
8456,3,2,DRY,CLASE B-C,9,20
8457,3,2,DRY,CLASE B-C,8,20
8458,3,2,DRY,CLASE B-C,10,20
8459,3,2,DRY,CLASE B-C,2,20
8460,3,2,DRY,CLASE B-C,10,20
8461,3,2,DRY,CLASE B-C,10,20
8462,3,2,DRY,CLASE B-C,8,20
8463,3,2,DRY,CLASE B-C,10,20
8464,3,2,DRY,CLASE B-C,3,20
8465,3,2,DRY,CLASE A,22,20
8466,6,2,DRY,CLASE B-C,2,20
8467,6,2,DRY,CLASE B-C,2,20
8468,6,2,DRY,CLASE B-C,5,20
8469,6,2,DRY,CLASE B-C,5,20
8470,6,2,DRY,CLASE B-C,5,20
8471,6,2,DRY,CLASE B-C,5,20
8472,6,2,DRY,CLASE B-C,5,20
8473,6,2,DRY,CLASE A,5,20
8474,6,2,DRY,CLASE B-C,5,20
8475,6,2,DRY,CLASE B-C,2,20
8476,6,2,RF,CLASE B-C,22,20
8477,6,2,RF,CLASE B-C,22,20
8478,6,2,RF,CLASE B-C,19,20
8479,6,2,RF,CLASE B-C,22,20
8480,6,2,RF,CLASE B-C,22,20
8481,6,2,DRY,CLASE B-C,5,20
8482,6,2,DRY,CLASE B-C,2,20
8483,6,2,DRY,CLASE A,7,20
8484,7,2,DRY,CLASE A,2,20
8485,7,2,DRY,CLASE B-C,2,20
8486,7,2,DRY,CLASE B-C,6,20
8487,7,2,DRY,CLASE B-C,2,20
8488,7,2,DRY,CLASE B-C,8,20
8489,7,2,DRY,CLASE B-C,23,20
8490,7,2,DRY,CLASE B-C,6,20
8491,7,2,DRY,CLASE B-C,2,20
8492,7,2,DRY,CLASE B-C,15,20
8493,7,2,DRY,CLASE B-C,7,20
8494,7,2,DRY,CLASE B-C,20,20
8495,7,2,DRY,CLASE B-C,6,20
8496,7,2,DRY,CLASE B-C,10,20
8497,7,2,DRY,CLASE B-C,19,20
8498,7,2,DRY,CLASE B-C,19,20
8499,7,2,DRY,CLASE B-C,19,20
8500,7,2,DRY,CLASE B-C,15,20
8501,7,2,DRY,CLASE B-C,8,20
8502,7,2,DRY,CLASE B-C,8,20
8503,7,2,DRY,CLASE B-C,2,20
8504,7,2,DRY,CLASE B-C,19,20
8505,7,2,DRY,CLASE B-C,6,20
8506,7,2,DRY,CLASE B-C,15,20
8507,7,2,DRY,CLASE B-C,2,20
8508,7,2,DRY,CLASE B-C,8,20
8509,7,2,DRY,CLASE B-C,6,20
8510,7,2,DRY,CLASE B-C,8,20
8511,7,2,DRY,CLASE B-C,8,20
8512,7,2,DRY,CLASE B-C,8,20
8513,7,2,DRY,CLASE B-C,20,20
8514,7,2,DRY,CLASE B-C,6,20
8515,7,2,DRY,CLASE B-C,8,20
8516,7,2,DRY,CLASE B-C,8,20
8517,7,2,DRY,CLASE B-C,2,20
8518,7,2,DRY,CLASE B-C,8,20
8519,7,2,DRY,CLASE B-C,2,20
8520,7,2,DRY,CLASE B-C,9,20
8521,7,2,DRY,CLASE B-C,2,20
8522,7,2,DRY,CLASE B-C,2,20
8523,7,2,DRY,CLASE B-C,2,20
8524,7,2,DRY,CLASE B-C,2,20
8525,7,2,DRY,CLASE B-C,2,20
8526,7,2,DRY,CLASE B-C,7,20
8527,7,2,DRY,CLASE B-C,2,20
8528,7,2,DRY,CLASE B-C,5,20
8529,7,2,DRY,CLASE B-C,2,20
8530,7,2,DRY,CLASE B-C,8,20
8531,7,2,DRY,CLASE B-C,9,20
8532,7,2,DRY,CLASE B-C,1,20
8533,7,2,DRY,CLASE B-C,5,20
8534,7,2,DRY,CLASE B-C,21,20
8535,7,2,DRY,CLASE B-C,19,20
8536,7,2,DRY,CLASE B-C,8,20
8537,7,2,DRY,CLASE B-C,8,20
8538,7,2,DRY,CLASE B-C,7,20
8539,7,2,DRY,CLASE B-C,2,20
8540,7,2,DRY,CLASE B-C,8,20
8541,7,2,DRY,CLASE B-C,8,20
8542,7,2,DRY,CLASE A,2,20
8543,7,2,DRY,CLASE B-C,2,20
8544,7,2,DRY,CLASE B-C,2,20
8545,2,2,DRY,CLASE B,10,20
8546,2,2,DRY,CLASE B,10,20
8547,2,2,DRY,CLASE B-C,24,20
8548,2,2,DRY,CLASE B-C,10,20
8549,2,2,DRY,CLASE B-C,10,20
8550,2,2,DRY,CLASE B-C,24,20
8551,2,2,DRY,CLASE B-C,16,20
8552,2,2,DRY,CLASE B-C,16,20
8553,2,2,DRY,CLASE B-C,10,20
8554,2,2,DRY,CLASE B-C,10,20
8555,2,2,DRY,CLASE B-C,16,20
8556,2,2,DRY,CLASE B-C,10,20
8557,2,2,DRY,CLASE B-C,10,20
8558,2,2,DRY,CLASE B-C,10,20
8559,2,2,DRY,CLASE B-C,16,20
8560,2,2,DRY,CLASE B-C,10,20
8561,2,2,DRY,CLASE B-C,16,20
8562,2,2,DRY,CLASE B-C,16,20
8563,1,2,RF,CLASE B-C,26,20
8564,1,2,RF,CLASE B-C,26,20
8565,1,2,RF,CLASE B-C,26,20
8566,1,2,RF,CLASE B-C,26,20
8567,3,2,DRY,CLASE A,26,20
8568,7,2,DRY,CLASE B-C,26,20
8569,7,2,DRY,CLASE B-C,26,20
8570,6,2,RF,CLASE B-C,25,20
8571,2,2,DRY,CLASE B-C,25,20
8572,3,2,DRY,CLASE B-C,25,20
8573,2,2,DRY,CLASE B-C,16,20
8574,2,2,DRY,CLASE B-C,10,20
8575,2,2,DRY,CLASE B-C,16,20
8576,2,2,DRY,CLASE B-C,17,20
8577,2,2,DRY,CLASE B-C,17,20
8578,2,2,DRY,CLASE B-C,15,20
8579,2,2,DRY,CLASE B-C,16,20
8580,2,2,DRY,CLASE D,16,20
8581,2,2,DRY,CLASE B-C,16,20
8582,2,2,DRY,CLASE B-C,16,20
8583,2,2,DRY,CLASE B-C,16,20
8584,2,2,DRY,CLASE B-C,16,20
8585,2,2,DRY,CLASE B-C,15,20
8586,2,2,DRY,CLASE B-C,16,20
8587,2,2,DRY,CLASE B-C,16,20
8588,2,2,DRY,CLASE B-C,15,20
8589,2,2,DRY,CLASE B-C,17,20
8590,2,2,DRY,CLASE B-C,16,20
8591,2,2,DRY,CLASE B-C,17,20
8592,2,2,DRY,CLASE B-C,15,20
8593,2,2,DRY,CLASE B-C,16,20
8594,2,2,DRY,CLASE B-C,16,20
8595,2,2,DRY,CLASE B-C,17,20
8596,2,2,DRY,CLASE B-C,16,20
8597,2,2,DRY,CLASE B-C,16,20
8598,2,2,DRY,CLASE B-C,16,20
8599,2,2,DRY,CLASE B-C,15,20
8600,2,2,DRY,CLASE B-C,16,20
8601,2,2,DRY,CLASE B-C,16,20
8602,2,2,DRY,CLASE B-C,17,20
8603,2,2,DRY,CLASE B-C,1,20
8604,2,2,DRY,CLASE B-C,16,20
8605,2,2,DRY,CLASE B-C,16,20
8606,2,2,DRY,CLASE B-C,16,20
8607,2,2,DRY,CLASE B-C,16,20
8608,2,2,DRY,CLASE B-C,17,20
8609,2,2,DRY,CLASE B-C,1,20
8610,2,2,DRY,CLASE B-C,17,20
8611,2,2,DRY,CLASE B-C,15,20
8612,1,2,RF,CLASE B-C,22,20
8613,3,2,DRY,CLASE A,24,20
8614,6,2,RF,CLASE B-C,22,20
8615,2,2,DRY,CLASE B-C,22,20
8616,2,2,DRY,CLASE D,22,20
8617,8,1,DRY,CLASE B-C,19,20
8618,8,1,DRY,CLASE B-C,19,20
8619,2,2,RF,CLASE B-C,19,20
8620,2,2,RF,CLASE B-C,17,20
8621,2,2,RF,CLASE B-C,17,20
8622,2,2,RF,CLASE B-C,19,20
8623,3,2,DRY,CLASE B-C,6,20
8624,3,2,DRY,CLASE A,6,20
8625,3,2,DRY,CLASE A,8,20
8626,3,2,DRY,CLASE B-C,6,20
8627,3,2,DRY,CLASE A,8,20
8628,3,2,DRY,CLASE A,8,20
8629,6,2,RF,CLASE B-C,11,20
8630,6,2,RF,CLASE B-C,10,20
8631,6,2,RF,CLASE B-C,12,20
8632,7,2,DRY,CLASE B-C,4,20
8633,7,2,DRY,CLASE B-C,7,20
8634,7,2,RF,CLASE B-C,15,20
8635,7,2,DRY,CLASE B-C,4,20
8636,7,2,DRY,CLASE B-C,7,20
8637,7,2,DRY,CLASE B-C,7,20
8638,7,2,DRY,CLASE B-C,7,20
8639,7,2,DRY,CLASE B-C,4,20
8640,7,2,DRY,CLASE B-C,4,20
8641,7,2,DRY,CLASE B-C,7,20
8642,7,2,DRY,CLASE B,7,20
8643,7,2,DRY,CLASE B-C,7,20
8644,7,2,DRY,CLASE B-C,7,20
8645,7,2,DRY,CLASE B-C,3,20
8646,7,2,DRY,CLASE B-C,4,20
8647,7,2,DRY,CLASE B-C,2,20
8648,7,2,DRY,CLASE B,7,20
8649,7,2,DRY,CLASE B-C,7,20
8650,7,2,DRY,CLASE A,7,20
8651,7,2,DRY,CLASE B,7,20
8652,7,2,DRY,CLASE B-C,4,20
8653,7,2,DRY,CLASE B,7,20
8654,7,2,DRY,CLASE B-C,7,20
8655,7,2,DRY,CLASE B-C,15,20
8656,7,2,DRY,CLASE B,7,20
8657,7,2,DRY,CLASE B-C,7,20
8658,7,2,DRY,CLASE B-C,7,20
8659,7,2,DRY,CLASE B-C,2,20
8660,7,2,DRY,CLASE B-C,7,20
8661,7,2,DRY,CLASE B-C,7,20
8662,7,2,DRY,CLASE B-C,11,20
8663,7,2,DRY,CLASE B-C,7,20
8664,7,2,DRY,CLASE B-C,4,20
8665,7,2,DRY,CLASE B-C,8,20
8666,7,2,DRY,CLASE B-C,4,20
8667,7,2,DRY,CLASE B-C,15,20
8668,7,2,DRY,CLASE B-C,7,20
8669,7,2,DRY,CLASE B-C,4,20
8670,7,2,DRY,CLASE B-C,7,20
8671,7,2,DRY,CLASE B-C,8,20
8672,7,2,DRY,CLASE B-C,7,20
8673,7,2,DRY,CLASE B-C,8,20
8674,7,2,DRY,CLASE B-C,4,20
8675,7,2,DRY,CLASE B-C,7,20
8676,7,2,DRY,CLASE B-C,7,20
8677,7,2,DRY,CLASE B-C,7,20
8678,7,2,DRY,CLASE B-C,7,20
8679,7,2,DRY,CLASE B-C,7,20
8680,7,2,DRY,CLASE B-C,7,20
8681,7,2,DRY,CLASE B-C,7,20
8682,7,2,DRY,CLASE B-C,7,20
8683,7,2,DRY,CLASE B-C,7,20
8684,7,2,RF,CLASE B-C,15,20
8685,7,2,DRY,CLASE B-C,11,20
8686,7,2,DRY,CLASE B-C,7,20
8687,7,2,DRY,CLASE B-C,7,20
8688,7,2,DRY,CLASE B-C,4,20
8689,7,2,DRY,CLASE B-C,7,20
8690,7,2,DRY,CLASE B-C,7,20
8691,7,2,DRY,CLASE B-C,8,20
8692,7,2,DRY,CLASE B-C,7,20
8693,7,2,DRY,CLASE B-C,7,20
8694,7,2,DRY,CLASE B-C,7,20
8695,7,2,DRY,CLASE B-C,7,20
8696,7,2,DRY,CLASE B-C,7,20
8697,7,2,DRY,CLASE B-C,2,20
8698,7,2,DRY,CLASE B-C,7,20
8699,7,2,DRY,CLASE B-C,7,20
8700,7,2,DRY,CLASE B-C,7,20
8701,7,2,DRY,CLASE B-C,7,20
8702,7,2,DRY,CLASE B-C,7,20
8703,7,2,DRY,CLASE B-C,7,20
8704,7,2,DRY,CLASE B-C,7,20
8705,7,2,DRY,CLASE B-C,2,20
8706,7,2,DRY,CLASE B-C,7,20
8707,7,2,DRY,CLASE B-C,7,20
8708,7,2,DRY,CLASE B-C,7,20
8709,7,2,DRY,CLASE B-C,7,20
8710,7,2,DRY,CLASE B-C,7,20
8711,2,2,DRY,CLASE B-C,17,20
8712,2,2,DRY,CLASE B-C,17,20
8713,2,2,RF,CLASE B-C,16,20
8714,2,2,DRY,CLASE B-C,15,20
8715,1,2,RF,CLASE B-C,15,20
8716,1,2,RF,CLASE B-C,15,20
8717,3,2,DRY,CLASE B-C,13,20
8718,1,2,RF,CLASE B-C,11,20
8719,2,2,DRY,CLASE B-C,11,20
8720,2,2,DRY,CLASE B-C,11,20
8721,3,2,DRY,CLASE B-C,3,20
8722,3,2,DRY,CLASE B-C,3,20
8723,3,2,DRY,CLASE B-C,3,20
8724,3,2,DRY,CLASE B-C,3,20
8725,3,2,DRY,CLASE B-C,9,20
8726,3,2,DRY,CLASE B-C,11,20
8727,3,2,DRY,CLASE B-C,11,20
8728,3,2,DRY,CLASE B-C,11,20
8729,3,2,DRY,CLASE B-C,3,20
8730,3,2,DRY,CLASE B-C,3,20
8731,6,2,DRY,CLASE B-C,3,20
8732,6,2,DRY,CLASE B-C,3,20
8733,6,2,DRY,CLASE B-C,3,20
8734,6,2,DRY,CLASE B-C,3,20
8735,7,2,DRY,CLASE B-C,4,20
8736,7,2,DRY,CLASE B-C,4,20
8737,7,2,RF,CLASE B-C,7,20
8738,7,2,RF,CLASE B-C,4,20
8739,7,2,RF,CLASE B-C,8,20
8740,7,2,RF,CLASE B-C,6,20
8741,7,2,RF,CLASE B-C,8,20
8742,7,2,RF,CLASE B-C,4,20
8743,7,2,RF,CLASE B-C,8,20
8744,7,2,RF,CLASE B-C,6,20
8745,7,2,RF,CLASE B-C,4,20
8746,7,2,RF,CLASE B-C,8,20
8747,7,2,RF,CLASE B-C,8,20
8748,7,2,RF,CLASE B-C,7,20
8749,7,2,RF,CLASE B-C,8,20
8750,7,2,RF,CLASE B-C,8,20
8751,7,2,RF,CLASE B-C,7,20
8752,7,2,RF,CLASE B-C,6,20
8753,7,2,RF,CLASE B-C,6,20
8754,7,2,RF,CLASE B-C,4,20
8755,7,2,RF,CLASE B-C,7,20
8756,7,2,RF,CLASE B-C,7,20
8757,7,2,RF,CLASE B-C,3,20
8758,7,2,RF,CLASE B-C,8,20
8759,7,2,RF,CLASE B-C,8,20
8760,7,2,RF,CLASE B-C,3,20
8761,7,2,RF,CLASE B-C,4,20
8762,7,2,RF,CLASE B-C,7,20
8763,7,2,RF,CLASE B-C,4,20
8764,7,2,RF,CLASE B-C,6,20
8765,7,2,RF,CLASE B-C,8,20
8766,7,2,RF,CLASE B-C,7,20
8767,7,2,RF,CLASE B-C,9,20
8768,7,2,DRY,CLASE B-C,10,20
8769,7,2,RF,CLASE B-C,8,20
8770,7,2,RF,CLASE B-C,3,20
8771,7,2,RF,CLASE B-C,10,20
8772,7,2,RF,CLASE B-C,8,20
8773,7,2,RF,CLASE B-C,9,20
8774,7,2,RF,CLASE B-C,3,20
8775,4,2,DRY,CLASE B-C,11,20
8776,6,2,DRY,CLASE A,9,20
8777,6,1,DRY,CLASE B-C,9,20
8778,3,2,DRY,CLASE B-C,10,20
8779,6,1,DRY,CLASE B-C,9,20
8780,6,1,DRY,CLASE B-C,8,20
8781,2,2,DRY,CLASE B-C,3,20
8782,2,2,DRY,CLASE B-C,7,20
8783,2,2,DRY,CLASE B-C,7,20
8784,2,2,DRY,CLASE B-C,7,20
8785,2,2,DRY,CLASE B-C,3,20
8786,2,2,DRY,CLASE B-C,3,20
8787,2,2,DRY,CLASE B-C,3,20
8788,2,2,DRY,CLASE B-C,3,20
8789,7,2,RF,CLASE B-C,8,20
8790,7,2,RF,CLASE B-C,9,20
8791,7,2,DRY,CLASE B-C,8,20
8792,7,2,DRY,CLASE B-C,8,20
8793,7,2,DRY,CLASE B-C,8,20
8794,6,1,DRY,CLASE B-C,6,20
8795,7,2,DRY,CLASE B-C,8,20
8796,7,1,DRY,INSPECTION,6,20
8797,7,2,DRY,CLASE B-C,5,20
8798,7,2,DRY,CLASE B-C,5,20
8799,7,2,DRY,CLASE B-C,5,20
8800,7,2,DRY,CLASE B-C,5,20
8801,7,2,DRY,CLASE B-C,5,20
8802,7,2,DRY,CLASE B-C,5,20
8803,7,2,DRY,CLASE B-C,5,20
8804,7,2,DRY,CLASE B-C,5,20
8805,2,2,DRY,CLASE B-C,3,20
8806,7,2,DRY,CLASE B-C,5,20
8807,7,2,DRY,CLASE B-C,6,20
8808,7,2,DRY,CLASE B-C,6,20
8809,7,2,DRY,CLASE B-C,6,20
8810,2,2,RF,CLASE B-C,4,20
8811,6,2,RF,CLASE B-C,4,20
8812,2,2,DRY,CLASE B-C,3,20
8813,2,2,RF,CLASE B-C,4,20
8814,3,1,DRY,CLASE B-C,3,20
8815,8,2,DRY,CLASE B-C,3,20
8816,7,2,DRY,CLASE B-C,2,20
8817,2,2,DRY,CLASE B-C,3,20
8818,7,2,DRY,CLASE B-C,3,20
8819,2,2,DRY,CLASE B-C,3,20
8820,7,2,DRY,CLASE B-C,3,20
8821,2,2,DRY,CLASE B-C,3,20
8822,2,2,DRY,CLASE B-C,2,20
8823,2,2,DRY,CLASE B-C,1,20
8824,4,2,DRY,CLASE B-C,1,20
8825,2,2,DRY,CLASE B-C,1,20
8826,6,2,DRY,CLASE B-C,1,20
8827,7,2,DRY,CLASE B-C,2,20
8828,7,2,DRY,CLASE B-C,2,20
8829,7,2,DRY,CLASE B-C,2,20
8830,3,2,DRY,CLASE A,2,20
8831,3,2,DRY,CLASE A,2,20
8832,3,2,DRY,CLASE A,2,20
8833,3,2,DRY,CLASE A,2,20
8834,3,2,DRY,CLASE A,2,20
8835,3,2,DRY,CLASE A,2,20
8836,3,2,DRY,CLASE A,2,20
8837,3,2,DRY,CLASE A,2,20
8838,3,2,DRY,CLASE B-C,3,20
8839,6,2,DRY,CLASE B-C,2,20
8840,2,2,DRY,CLASE B-C,2,20
8841,7,2,DRY,CLASE B-C,1,20
8842,2,2,DRY,CLASE B-C,1,20
8843,2,2,DRY,CLASE B-C,1,20
8844,6,2,DRY,CLASE B-C,1,20
8845,4,2,DRY,CLASE B-C,1,20
8846,2,2,DRY,CLASE B-C,1,20
8847,8,2,DRY,CLASE B-C,1,20
8848,7,2,DRY,CLASE B-C,1,20
