,Owner,Size,Type,Quality,DaysInDeposit,week
0,1,2,DRY,CLASE B-C,56,6
1,2,2,DRY,CLASE B-C,2,6
2,9,2,DRY,CLASE B-C,45,6
3,1,2,DRY,CLASE B-C,18,6
4,2,2,DRY,CLASE B-C,2,6
5,2,2,DRY,CLASE B-C,2,6
6,4,2,DRY,CLASE B-C,63,6
7,9,2,DRY,CLASE B-C,42,6
8,9,2,DRY,CLASE B-C,42,6
9,2,2,DRY,CLASE B-C,28,6
10,2,2,DRY,CLASE B-C,2,6
11,2,2,DRY,CLASE B-C,2,6
12,2,2,DRY,CLASE B-C,2,6
13,2,2,DRY,CLASE B-C,2,6
14,9,2,DRY,CLASE B-C,63,6
15,1,2,DRY,CLASE D,49,6
16,1,2,DRY,CLASE D,56,6
17,1,2,DRY,CLASE D,48,6
18,9,2,DRY,CLASE B-C,46,6
19,1,2,DRY,CLASE B-C,25,6
20,1,2,DRY,CLASE B-C,18,6
21,1,2,DRY,CLASE B-C,18,6
22,2,2,DRY,CLASE B-C,2,6
23,2,2,DRY,CLASE B-C,2,6
24,2,2,DRY,CLASE B-C,1,6
25,2,2,DRY,CLASE B-C,2,6
26,2,2,DRY,CLASE B-C,1,6
27,2,2,DRY,CLASE B-C,2,6
28,2,2,DRY,CLASE B-C,2,6
29,2,2,DRY,CLASE B-C,2,6
30,6,2,DRY,CLASE B-C,1,6
31,6,2,DRY,CLASE B-C,4,6
32,6,2,DRY,CLASE B-C,50,6
33,6,2,DRY,CLASE B-C,50,6
34,6,2,DRY,CLASE B-C,50,6
35,6,2,DRY,CLASE B-C,50,6
36,6,2,DRY,CLASE B-C,4,6
37,6,2,DRY,CLASE B-C,50,6
38,2,2,DRY,CLASE B-C,28,6
39,2,2,DRY,CLASE B-C,28,6
40,2,2,DRY,CLASE B-C,28,6
41,2,2,DRY,CLASE B-C,28,6
42,2,2,DRY,CLASE B-C,28,6
43,2,2,DRY,CLASE B-C,28,6
44,2,2,DRY,CLASE B-C,28,6
45,2,2,DRY,CLASE B-C,28,6
46,1,2,DRY,CLASE B-C,18,6
47,6,2,DRY,CLASE B-C,4,6
48,2,2,DRY,CLASE B-C,2,6
49,2,2,RF,CLASE B-C,3,6
50,2,2,DRY,CLASE B-C,2,6
51,2,2,DRY,CLASE B-C,2,6
52,2,2,DRY,CLASE B-C,2,6
53,2,2,DRY,CLASE B-C,2,6
54,2,2,DRY,CLASE B-C,1,6
55,2,2,DRY,CLASE B-C,2,6
56,2,2,DRY,CLASE B-C,2,6
57,2,2,DRY,CLASE B-C,2,6
58,2,2,DRY,CLASE B-C,2,6
59,2,2,DRY,CLASE B-C,2,6
60,2,2,DRY,CLASE B-C,2,6
61,2,2,DRY,CLASE B-C,1,6
62,2,2,DRY,CLASE B-C,55,6
63,1,2,DRY,CLASE B-C,70,6
64,4,2,DRY,CLASE B-C,67,6
65,1,2,DRY,CLASE B-C,56,6
66,6,2,DRY,CLASE B-C,50,6
67,2,2,DRY,CLASE B-C,46,6
68,2,2,DRY,CLASE B-C,45,6
69,2,2,DRY,CLASE B-C,28,6
70,2,2,DRY,CLASE B-C,28,6
71,2,2,DRY,CLASE B-C,28,6
72,2,2,DRY,CLASE B-C,28,6
73,2,2,DRY,CLASE B-C,32,6
74,2,2,DRY,CLASE B-C,27,6
75,2,2,DRY,CLASE B-C,28,6
76,2,2,DRY,CLASE B-C,27,6
77,2,2,DRY,CLASE B-C,28,6
78,2,2,DRY,CLASE B-C,29,6
79,2,2,DRY,CLASE B-C,32,6
80,2,2,DRY,CLASE B-C,28,6
81,2,2,DRY,CLASE B-C,27,6
82,2,2,DRY,CLASE B-C,28,6
83,2,2,DRY,CLASE B-C,28,6
84,2,2,DRY,CLASE B-C,28,6
85,5,2,DRY,CLASE B-C,25,6
86,5,2,DRY,CLASE B-C,25,6
87,7,2,RF,CLASE B-C,33,6
88,4,2,DRY,CLASE B-C,27,6
89,4,2,DRY,CLASE B-C,27,6
90,2,2,DRY,CLASE D,24,6
91,2,2,DRY,CLASE B-C,28,6
92,2,2,DRY,CLASE B-C,28,6
93,2,2,DRY,CLASE B-C,24,6
94,2,2,DRY,CLASE B-C,25,6
95,2,2,DRY,CLASE D,24,6
96,5,2,DRY,CLASE B-C,28,6
97,5,2,DRY,CLASE B-C,28,6
98,5,2,DRY,CLASE B-C,28,6
99,6,2,RF,CLASE B-C,25,6
100,4,2,DRY,CLASE B-C,12,6
101,4,2,DRY,CLASE B-C,5,6
102,2,2,DRY,CLASE B-C,17,6
103,5,2,DRY,CLASE B-C,11,6
104,5,2,DRY,CLASE B-C,7,6
105,5,2,DRY,CLASE B-C,13,6
106,1,2,DRY,CLASE B-C,5,6
107,1,2,DRY,CLASE B-C,18,6
108,6,2,DRY,CLASE B-C,4,6
109,6,2,DRY,CLASE B-C,4,6
110,6,2,DRY,CLASE B-C,5,6
111,6,2,DRY,CLASE B-C,4,6
112,6,2,DRY,CLASE B-C,4,6
113,6,2,RF,CLASE B-C,6,6
114,6,2,DRY,CLASE B-C,5,6
115,2,2,DRY,CLASE B-C,3,6
116,2,2,DRY,CLASE B-C,3,6
117,2,2,DRY,CLASE B-C,3,6
118,2,2,DRY,CLASE B-C,2,6
119,2,2,RF,CLASE B-C,3,6
120,2,2,DRY,CLASE D,3,6
121,2,2,DRY,CLASE B-C,1,6
122,2,2,DRY,CLASE B-C,2,6
123,2,2,RF,CLASE B-C,3,6
124,2,2,DRY,CLASE B-C,2,6
125,2,2,DRY,CLASE B-C,3,6
126,1,2,DRY,CLASE B-C,92,6
127,1,2,RF,INSPECTION,83,6
128,1,2,DRY,CLASE B-C,80,6
129,3,2,DRY,CLASE A,79,6
130,3,2,DRY,CLASE A,81,6
131,1,2,DRY,CLASE B-C,67,6
132,1,2,DRY,CLASE B-C,67,6
133,1,2,DRY,CLASE B-C,64,6
134,1,2,DRY,CLASE B-C,67,6
135,1,2,DRY,CLASE B-C,69,6
136,1,2,DRY,CLASE B-C,69,6
137,1,2,DRY,CLASE B-C,64,6
138,1,2,DRY,CLASE B-C,67,6
139,6,2,DRY,CLASE B-C,60,6
140,1,2,DRY,CLASE B-C,55,6
141,1,2,DRY,CLASE B-C,55,6
142,1,2,DRY,CLASE B-C,49,6
143,6,2,DRY,CLASE B-C,57,6
144,2,2,DRY,CLASE B-C,46,6
145,2,2,DRY,CLASE B-C,39,6
146,6,2,DRY,CLASE B-C,36,6
147,6,2,DRY,CLASE B-C,36,6
148,1,2,RF,CLASE B-C,28,6
149,2,2,DRY,CLASE B-C,28,6
150,2,2,DRY,CLASE B-C,28,6
151,2,2,DRY,CLASE B-C,32,6
152,2,2,DRY,CLASE B-C,33,6
153,2,2,DRY,CLASE B-C,28,6
154,2,2,DRY,CLASE B-C,28,6
155,2,2,DRY,CLASE B-C,32,6
156,2,2,DRY,CLASE B-C,28,6
157,2,2,DRY,CLASE B-C,28,6
158,5,2,DRY,INSPECTION,28,6
159,2,2,DRY,CLASE B-C,25,6
160,2,2,DRY,CLASE B-C,26,6
161,2,2,DRY,CLASE B-C,22,6
162,2,2,DRY,CLASE D,24,6
163,2,2,DRY,CLASE B-C,26,6
164,2,2,DRY,CLASE B-C,26,6
165,2,2,DRY,CLASE D,24,6
166,2,2,DRY,CLASE B-C,29,6
167,2,2,DRY,CLASE B-C,25,6
168,2,2,DRY,CLASE B-C,25,6
169,2,2,DRY,CLASE B-C,25,6
170,5,2,DRY,INSPECTION,28,6
171,5,2,DRY,INSPECTION,29,6
172,5,2,DRY,INSPECTION,28,6
173,5,2,DRY,INSPECTION,28,6
174,5,2,DRY,INSPECTION,28,6
175,5,2,DRY,INSPECTION,28,6
176,5,2,DRY,INSPECTION,29,6
177,5,2,DRY,CLASE B-C,28,6
178,1,2,RF,CLASE B-C,29,6
179,7,2,RF,CLASE B-C,26,6
180,2,2,DRY,CLASE B-C,18,6
181,2,2,DRY,CLASE B-C,17,6
182,5,2,DRY,INSPECTION,7,6
183,5,2,DRY,INSPECTION,7,6
184,5,1,DRY,INSPECTION,10,6
185,1,2,DRY,CLASE B-C,18,6
186,6,2,DRY,CLASE B-C,3,6
187,7,2,DRY,CLASE B-C,1,6
188,7,2,DRY,CLASE B-C,1,6
189,7,2,DRY,CLASE B-C,1,6
190,7,2,DRY,CLASE B-C,1,6
191,7,2,DRY,CLASE B-C,1,6
192,7,2,DRY,CLASE B-C,1,6
193,6,2,RF,CLASE B-C,5,6
194,7,2,DRY,CLASE B-C,1,6
195,7,2,DRY,CLASE B-C,2,6
196,7,2,DRY,CLASE B-C,1,6
197,7,2,DRY,CLASE B-C,1,6
198,7,2,DRY,CLASE B-C,1,6
199,7,2,DRY,CLASE B-C,1,6
200,7,2,DRY,CLASE B-C,1,6
201,7,2,RF,CLASE B-C,6,6
202,7,2,DRY,CLASE B-C,1,6
203,7,2,DRY,CLASE B-C,1,6
204,7,2,DRY,CLASE B-C,1,6
205,7,2,DRY,CLASE B-C,1,6
206,7,2,DRY,CLASE B-C,1,6
207,7,2,DRY,CLASE B-C,1,6
208,7,2,DRY,CLASE B-C,1,6
209,7,2,DRY,CLASE B-C,1,6
210,7,2,DRY,CLASE B-C,1,6
211,7,2,DRY,CLASE B-C,1,6
212,7,2,DRY,CLASE B-C,1,6
213,7,2,RF,CLASE B-C,6,6
214,7,2,DRY,CLASE B-C,1,6
215,7,2,DRY,CLASE B-C,1,6
216,7,2,DRY,CLASE B-C,1,6
217,7,2,DRY,CLASE B-C,1,6
218,7,2,DRY,CLASE B-C,1,6
219,7,2,DRY,CLASE B-C,1,6
220,7,2,DRY,CLASE B-C,1,6
221,7,2,DRY,CLASE B-C,1,6
222,7,2,DRY,CLASE B-C,1,6
223,7,2,RF,CLASE B-C,6,6
224,7,2,DRY,CLASE B-C,1,6
225,2,2,DRY,CLASE B-C,2,6
226,2,2,RF,CLASE B-C,3,6
227,2,2,DRY,CLASE B-C,2,6
228,2,2,RF,CLASE B-C,3,6
229,2,2,DRY,CLASE B-C,2,6
230,2,2,RF,CLASE B-C,3,6
231,2,2,RF,CLASE B-C,3,6
232,2,2,RF,CLASE B-C,3,6
233,2,2,RF,CLASE B-C,3,6
234,2,2,RF,CLASE B-C,3,6
235,2,2,RF,CLASE B-C,3,6
236,2,2,DRY,CLASE B-C,2,6
237,2,2,RF,CLASE B-C,3,6
238,2,2,RF,CLASE B-C,3,6
239,2,2,DRY,CLASE B-C,2,6
240,2,2,DRY,CLASE B-C,2,6
241,2,2,DRY,CLASE B-C,2,6
242,6,2,DRY,CLASE B-C,3,6
243,6,2,DRY,CLASE B-C,3,6
244,6,2,DRY,CLASE B-C,3,6
245,6,2,DRY,CLASE B-C,3,6
246,6,2,DRY,CLASE B-C,3,6
247,6,2,DRY,CLASE B-C,3,6
248,6,2,DRY,CLASE B-C,1,6
249,6,2,DRY,CLASE B-C,1,6
250,6,2,DRY,CLASE B-C,1,6
251,6,2,DRY,CLASE B-C,1,6
252,6,2,DRY,CLASE B-C,1,6
253,6,2,DRY,CLASE B-C,1,6
254,3,2,DRY,CLASE B-C,88,6
255,3,2,DRY,CLASE A,89,6
256,3,2,DRY,CLASE B-C,88,6
257,1,1,DRY,INSPECTION,57,6
258,1,2,DRY,CLASE D,50,6
259,4,2,RF,CLASE B-C,57,6
260,7,2,RF,CLASE B-C,58,6
261,2,2,DRY,CLASE B-C,54,6
262,2,2,DRY,CLASE B-C,54,6
263,1,2,DRY,CLASE B-C,51,6
264,1,2,DRY,CLASE B-C,49,6
265,2,2,DRY,CLASE B-C,46,6
266,2,2,DRY,CLASE B-C,45,6
267,1,2,DRY,CLASE B-C,37,6
268,1,2,RF,CLASE B-C,36,6
269,1,2,RF,CLASE B-C,39,6
270,1,2,DRY,CLASE B-C,36,6
271,1,2,DRY,CLASE B-C,19,6
272,1,2,DRY,CLASE B-C,36,6
273,1,2,DRY,CLASE B-C,21,6
274,1,2,DRY,CLASE B-C,22,6
275,2,2,DRY,CLASE B-C,31,6
276,2,2,DRY,CLASE B-C,29,6
277,2,2,DRY,CLASE B-C,30,6
278,2,2,DRY,CLASE B-C,39,6
279,2,2,DRY,CLASE B-C,31,6
280,2,2,DRY,CLASE B-C,28,6
281,2,2,DRY,CLASE B-C,29,6
282,2,2,DRY,CLASE B-C,30,6
283,2,2,DRY,CLASE B-C,31,6
284,1,2,DRY,CLASE B-C,39,6
285,3,2,DRY,CLASE A,24,6
286,1,2,DRY,CLASE B-C,36,6
287,1,2,DRY,CLASE B-C,36,6
288,1,2,DRY,CLASE B-C,36,6
289,1,2,DRY,CLASE B-C,36,6
290,1,2,DRY,CLASE B-C,36,6
291,1,2,DRY,CLASE B-C,36,6
292,1,2,DRY,CLASE B-C,36,6
293,1,2,DRY,CLASE B-C,36,6
294,1,2,DRY,CLASE B,36,6
295,1,2,DRY,CLASE B-C,36,6
296,1,2,DRY,CLASE B-C,36,6
297,1,2,DRY,CLASE B-C,36,6
298,1,2,DRY,CLASE B-C,36,6
299,1,2,DRY,CLASE B-C,33,6
300,2,2,DRY,CLASE B-C,34,6
301,4,2,DRY,CLASE C,32,6
302,2,2,DRY,CLASE B-C,26,6
303,2,2,DRY,CLASE B-C,27,6
304,2,2,DRY,CLASE B-C,24,6
305,2,2,DRY,CLASE B-C,29,6
306,2,2,DRY,CLASE B-C,29,6
307,2,2,DRY,CLASE B-C,27,6
308,2,2,DRY,CLASE B-C,26,6
309,2,2,DRY,CLASE B-C,27,6
310,2,2,DRY,CLASE B-C,27,6
311,2,2,DRY,CLASE B-C,26,6
312,2,2,DRY,CLASE B-C,26,6
313,2,2,DRY,CLASE B-C,24,6
314,2,2,DRY,CLASE B-C,26,6
315,2,2,DRY,CLASE B-C,26,6
316,2,2,DRY,CLASE B-C,26,6
317,2,2,DRY,CLASE D,26,6
318,2,2,DRY,CLASE B-C,26,6
319,2,2,DRY,CLASE B-C,25,6
320,2,2,DRY,CLASE B-C,27,6
321,2,2,DRY,CLASE B-C,27,6
322,2,2,DRY,CLASE B-C,29,6
323,2,2,DRY,CLASE B-C,27,6
324,2,2,DRY,CLASE B-C,27,6
325,2,2,DRY,CLASE B-C,26,6
326,2,2,DRY,CLASE B-C,26,6
327,2,2,DRY,CLASE B-C,29,6
328,2,2,DRY,CLASE B-C,26,6
329,2,2,DRY,CLASE B-C,26,6
330,2,2,DRY,CLASE B-C,27,6
331,2,2,DRY,CLASE B-C,26,6
332,2,2,DRY,CLASE B-C,26,6
333,2,2,DRY,CLASE B-C,27,6
334,2,2,DRY,CLASE B-C,27,6
335,2,2,DRY,CLASE B-C,29,6
336,2,2,DRY,CLASE B-C,27,6
337,2,2,DRY,CLASE B-C,29,6
338,2,2,DRY,CLASE B-C,29,6
339,2,2,DRY,CLASE B-C,27,6
340,2,2,DRY,CLASE B-C,27,6
341,2,2,DRY,CLASE B-C,27,6
342,2,2,DRY,CLASE B-C,26,6
343,2,2,DRY,CLASE B-C,29,6
344,2,2,DRY,CLASE B-C,26,6
345,2,2,DRY,CLASE B-C,26,6
346,2,2,DRY,CLASE B-C,27,6
347,2,2,DRY,CLASE B-C,26,6
348,2,2,DRY,CLASE B-C,29,6
349,2,2,DRY,CLASE B-C,26,6
350,2,2,DRY,CLASE B-C,26,6
351,2,2,DRY,CLASE B-C,25,6
352,2,2,DRY,CLASE B-C,27,6
353,2,2,DRY,CLASE B-C,26,6
354,2,2,DRY,CLASE B-C,27,6
355,2,2,DRY,CLASE B-C,27,6
356,2,2,DRY,CLASE B-C,25,6
357,2,2,DRY,CLASE B-C,26,6
358,5,2,DRY,CLASE B-C,29,6
359,5,2,DRY,INSPECTION,29,6
360,1,1,DRY,CLASE B-C,28,6
361,1,1,DRY,CLASE B-C,27,6
362,1,1,DRY,CLASE B-C,28,6
363,1,2,DRY,CLASE B-C,29,6
364,6,2,DRY,CLASE B-C,27,6
365,1,2,DRY,CLASE B-C,22,6
366,1,2,DRY,CLASE B-C,22,6
367,1,2,DRY,CLASE B-C,22,6
368,1,2,DRY,CLASE B-C,22,6
369,1,2,DRY,CLASE B-C,22,6
370,1,2,DRY,CLASE B-C,22,6
371,9,2,RF,CLASE B-C,12,6
372,9,2,RF,CLASE B-C,12,6
373,9,1,DRY,CLASE B-C,13,6
374,9,1,DRY,CLASE B-C,13,6
375,2,2,DRY,CLASE B-C,16,6
376,2,2,DRY,CLASE B-C,15,6
377,2,2,DRY,CLASE B-C,15,6
378,2,2,DRY,CLASE B-C,19,6
379,2,2,DRY,CLASE B-C,18,6
380,2,2,DRY,CLASE B-C,19,6
381,2,2,DRY,CLASE B-C,18,6
382,2,2,DRY,CLASE B-C,19,6
383,2,2,DRY,CLASE B-C,19,6
384,2,2,DRY,CLASE B-C,16,6
385,2,2,DRY,CLASE B-C,19,6
386,2,2,DRY,CLASE B-C,19,6
387,2,2,DRY,CLASE B-C,16,6
388,2,2,DRY,CLASE B-C,15,6
389,2,2,DRY,CLASE B-C,16,6
390,2,2,DRY,CLASE B-C,15,6
391,2,2,DRY,CLASE B-C,16,6
392,2,2,DRY,CLASE B-C,15,6
393,2,2,DRY,CLASE B-C,16,6
394,2,2,DRY,CLASE B-C,16,6
395,2,2,DRY,CLASE B-C,15,6
396,2,2,DRY,CLASE B-C,16,6
397,2,2,DRY,CLASE B-C,15,6
398,2,2,DRY,CLASE B-C,16,6
399,2,2,DRY,CLASE B-C,16,6
400,5,2,DRY,CLASE B-C,6,6
401,5,2,DRY,CLASE B-C,6,6
402,1,1,DRY,CLASE B-C,12,6
403,1,1,DRY,CLASE B-C,11,6
404,1,1,DRY,CLASE B-C,15,6
405,1,1,DRY,CLASE B-C,15,6
406,1,1,DRY,CLASE B-C,15,6
407,1,2,DRY,CLASE B-C,21,6
408,1,2,DRY,CLASE B-C,21,6
409,1,2,DRY,CLASE B-C,21,6
410,1,2,DRY,CLASE B-C,21,6
411,1,2,DRY,CLASE B-C,21,6
412,1,2,DRY,CLASE B-C,21,6
413,1,2,DRY,CLASE B-C,21,6
414,1,2,DRY,CLASE B-C,21,6
415,1,2,DRY,CLASE D,21,6
416,1,2,DRY,CLASE B-C,21,6
417,1,2,DRY,CLASE B-C,21,6
418,1,2,DRY,CLASE B-C,21,6
419,1,2,DRY,CLASE B-C,21,6
420,1,2,DRY,CLASE B-C,20,6
421,1,2,DRY,CLASE B-C,16,6
422,1,2,DRY,CLASE D,17,6
423,7,2,DRY,CLASE B-C,14,6
424,7,2,DRY,CLASE B-C,1,6
425,7,2,DRY,CLASE B-C,14,6
426,7,2,DRY,CLASE B-C,13,6
427,7,2,DRY,CLASE B-C,8,6
428,7,2,DRY,CLASE B-C,9,6
429,7,2,DRY,CLASE B-C,2,6
430,7,2,DRY,CLASE B-C,9,6
431,7,2,DRY,CLASE B-C,9,6
432,7,2,DRY,CLASE B-C,1,6
433,7,2,DRY,CLASE D,9,6
434,7,2,DRY,CLASE A,2,6
435,7,2,DRY,CLASE B-C,11,6
436,7,2,DRY,CLASE B-C,8,6
437,7,2,DRY,CLASE B-C,9,6
438,7,2,DRY,CLASE B-C,11,6
439,7,2,DRY,CLASE B-C,9,6
440,8,2,DRY,CLASE B-C,2,6
441,6,2,RF,CLASE B-C,6,6
442,6,2,RF,CLASE B-C,6,6
443,6,2,RF,CLASE B-C,6,6
444,6,2,RF,CLASE B-C,6,6
445,6,2,RF,CLASE B-C,6,6
446,6,2,DRY,CLASE B-C,1,6
447,6,2,RF,CLASE B-C,6,6
448,6,2,RF,CLASE B-C,7,6
449,6,2,RF,CLASE B-C,7,6
450,6,2,RF,CLASE B-C,6,6
451,7,2,DRY,CLASE B-C,1,6
452,7,2,DRY,CLASE B-C,5,6
453,7,2,RF,CLASE B-C,6,6
454,7,2,DRY,CLASE B-C,1,6
455,7,2,DRY,CLASE B-C,2,6
456,7,2,DRY,CLASE B-C,5,6
457,7,2,DRY,CLASE B-C,5,6
458,7,2,DRY,CLASE B-C,5,6
459,7,2,DRY,CLASE B-C,4,6
460,7,2,DRY,CLASE B-C,2,6
461,7,2,DRY,CLASE B-C,2,6
462,7,2,DRY,CLASE B-C,6,6
463,7,2,DRY,CLASE B-C,2,6
464,7,2,DRY,CLASE B-C,2,6
465,7,2,RF,CLASE B-C,7,6
466,7,2,DRY,CLASE B-C,2,6
467,7,2,RF,CLASE B-C,7,6
468,7,2,DRY,CLASE B-C,1,6
469,7,2,DRY,CLASE B-C,2,6
470,7,2,DRY,CLASE B-C,2,6
471,7,2,DRY,CLASE B-C,5,6
472,7,2,RF,CLASE B-C,7,6
473,2,2,RF,CLASE B-C,4,6
474,2,2,RF,CLASE B-C,4,6
475,2,2,RF,CLASE B-C,4,6
476,2,2,RF,CLASE B-C,4,6
477,2,2,RF,CLASE B-C,4,6
478,2,2,RF,CLASE B-C,4,6
479,2,2,RF,CLASE B-C,4,6
480,2,2,RF,CLASE B-C,4,6
481,2,2,RF,CLASE B-C,4,6
482,2,2,RF,CLASE B-C,4,6
483,2,2,RF,CLASE B-C,4,6
484,2,2,RF,CLASE B-C,4,6
485,2,2,RF,CLASE B-C,4,6
486,2,2,RF,CLASE B-C,4,6
487,2,2,RF,CLASE B-C,4,6
488,2,2,RF,CLASE B-C,4,6
489,2,2,RF,CLASE B-C,4,6
490,6,2,RF,CLASE B-C,4,6
491,6,2,DRY,CLASE B-C,2,6
492,6,2,DRY,CLASE B-C,2,6
493,7,2,DRY,CLASE B-C,1,6
494,7,2,DRY,CLASE B-C,1,6
495,7,2,DRY,CLASE B-C,1,6
496,7,2,DRY,CLASE B-C,1,6
497,7,2,DRY,INSPECTION,1,6
498,7,2,DRY,CLASE B-C,1,6
499,7,2,DRY,CLASE B-C,1,6
500,7,2,DRY,CLASE B-C,1,6
501,7,2,DRY,CLASE B-C,1,6
502,7,2,DRY,CLASE B-C,1,6
503,7,2,DRY,CLASE B-C,1,6
504,7,2,DRY,CLASE B-C,1,6
505,7,2,DRY,CLASE B-C,1,6
506,7,2,DRY,INSPECTION,1,6
507,7,2,DRY,CLASE B-C,1,6
508,7,2,DRY,CLASE B-C,1,6
509,6,2,DRY,CLASE B-C,1,6
510,1,2,DRY,INSPECTION,112,6
511,1,2,DRY,INSPECTION,110,6
512,2,1,DRY,INSPECTION,93,6
513,1,1,DRY,INSPECTION,93,6
514,1,1,DRY,INSPECTION,93,6
515,1,1,DRY,INSPECTION,93,6
516,1,1,DRY,INSPECTION,93,6
517,1,2,DRY,INSPECTION,86,6
518,1,1,DRY,INSPECTION,85,6
519,6,2,RF,CLASE B-C,82,6
520,2,1,DRY,INSPECTION,66,6
521,2,1,DRY,INSPECTION,73,6
522,1,2,DRY,INSPECTION,66,6
523,1,2,DRY,INSPECTION,67,6
524,1,1,DRY,INSPECTION,71,6
525,1,2,DRY,INSPECTION,67,6
526,1,2,DRY,INSPECTION,70,6
527,1,1,DRY,INSPECTION,66,6
528,1,2,DRY,INSPECTION,66,6
529,1,2,DRY,INSPECTION,66,6
530,2,1,DRY,INSPECTION,67,6
531,1,2,DRY,INSPECTION,71,6
532,1,1,DRY,INSPECTION,59,6
533,2,1,DRY,INSPECTION,66,6
534,2,1,DRY,INSPECTION,63,6
535,2,1,DRY,INSPECTION,62,6
536,2,1,DRY,INSPECTION,66,6
537,2,1,DRY,INSPECTION,64,6
538,2,1,DRY,INSPECTION,60,6
539,2,1,DRY,INSPECTION,63,6
540,2,1,DRY,INSPECTION,60,6
541,2,1,DRY,INSPECTION,64,6
542,2,1,DRY,INSPECTION,67,6
543,3,2,DRY,CLASE A,61,6
544,1,1,DRY,INSPECTION,58,6
545,1,2,DRY,INSPECTION,51,6
546,1,2,DRY,INSPECTION,51,6
547,1,2,DRY,INSPECTION,51,6
548,1,2,DRY,INSPECTION,51,6
549,1,2,DRY,INSPECTION,51,6
550,1,2,DRY,INSPECTION,51,6
551,1,2,DRY,INSPECTION,51,6
552,1,2,DRY,INSPECTION,51,6
553,1,2,DRY,INSPECTION,51,6
554,1,2,DRY,INSPECTION,59,6
555,1,2,DRY,INSPECTION,53,6
556,1,2,DRY,INSPECTION,53,6
557,1,2,DRY,INSPECTION,53,6
558,1,1,DRY,INSPECTION,58,6
559,1,1,DRY,INSPECTION,58,6
560,1,1,DRY,INSPECTION,57,6
561,2,2,DRY,CLASE B-C,37,6
562,2,2,DRY,CLASE B-C,60,6
563,2,2,DRY,CLASE B-C,62,6
564,2,2,DRY,CLASE A,62,6
565,2,2,DRY,CLASE B-C,62,6
566,2,2,DRY,CLASE B-C,60,6
567,2,2,DRY,CLASE B-C,60,6
568,2,1,DRY,INSPECTION,58,6
569,2,1,DRY,INSPECTION,57,6
570,2,1,DRY,INSPECTION,60,6
571,2,2,DRY,CLASE B-C,62,6
572,2,2,DRY,CLASE B-C,62,6
573,1,1,DRY,INSPECTION,58,6
574,1,1,DRY,INSPECTION,57,6
575,1,1,DRY,INSPECTION,58,6
576,1,1,DRY,INSPECTION,57,6
577,1,2,DRY,INSPECTION,51,6
578,1,1,DRY,INSPECTION,57,6
579,1,1,DRY,INSPECTION,58,6
580,1,2,DRY,INSPECTION,51,6
581,9,2,RF,CLASE B-C,50,6
582,2,2,DRY,CLASE B-C,49,6
583,2,1,DRY,INSPECTION,49,6
584,2,2,RF,INSPECTION,52,6
585,2,1,DRY,INSPECTION,51,6
586,2,1,DRY,INSPECTION,52,6
587,2,1,DRY,INSPECTION,49,6
588,2,2,DRY,CLASE B-C,54,6
589,2,2,DRY,CLASE B-C,55,6
590,2,2,DRY,CLASE B-C,54,6
591,2,2,DRY,CLASE B-C,54,6
592,2,2,DRY,CLASE B-C,54,6
593,1,1,DRY,INSPECTION,51,6
594,1,1,DRY,INSPECTION,51,6
595,1,1,DRY,INSPECTION,53,6
596,6,2,DRY,CLASE B-C,52,6
597,1,2,DRY,INSPECTION,50,6
598,2,2,DRY,CLASE B-C,47,6
599,2,2,DRY,CLASE B-C,47,6
600,2,2,DRY,CLASE B-C,47,6
601,2,2,DRY,CLASE B-C,47,6
602,2,2,DRY,CLASE B-C,47,6
603,2,2,DRY,CLASE B-C,48,6
604,2,2,DRY,CLASE B-C,47,6
605,2,2,DRY,CLASE B-C,43,6
606,2,1,DRY,INSPECTION,45,6
607,2,2,DRY,CLASE B-C,41,6
608,2,2,DRY,INSPECTION,35,6
609,2,2,DRY,CLASE B-C,47,6
610,2,2,DRY,CLASE B-C,47,6
611,2,2,DRY,CLASE B-C,47,6
612,2,2,DRY,CLASE B-C,47,6
613,2,2,DRY,CLASE B-C,47,6
614,2,2,DRY,CLASE B,47,6
615,2,2,DRY,CLASE B-C,47,6
616,2,2,DRY,CLASE B-C,47,6
617,2,2,DRY,CLASE B-C,47,6
618,2,2,DRY,CLASE B-C,47,6
619,2,2,DRY,CLASE B-C,47,6
620,2,2,DRY,CLASE B-C,47,6
621,2,2,DRY,CLASE B-C,47,6
622,2,2,DRY,CLASE B-C,47,6
623,2,2,DRY,CLASE B-C,47,6
624,2,2,DRY,CLASE B-C,47,6
625,2,1,DRY,INSPECTION,45,6
626,2,1,DRY,INSPECTION,35,6
627,2,1,DRY,INSPECTION,42,6
628,2,2,DRY,CLASE B-C,41,6
629,2,2,DRY,INSPECTION,48,6
630,2,2,DRY,CLASE B-C,47,6
631,2,2,DRY,CLASE B-C,47,6
632,2,2,DRY,CLASE B-C,47,6
633,2,2,DRY,CLASE B-C,43,6
634,2,1,DRY,INSPECTION,41,6
635,2,1,DRY,INSPECTION,40,6
636,1,1,DRY,INSPECTION,42,6
637,1,1,DRY,INSPECTION,43,6
638,1,1,DRY,INSPECTION,38,6
639,1,2,DRY,CLASE B-C,38,6
640,1,2,DRY,CLASE B-C,38,6
641,2,2,DRY,INSPECTION,41,6
642,3,2,DRY,CLASE A,32,6
643,7,2,DRY,CLASE B-C,42,6
644,6,2,RF,CLASE B-C,38,6
645,1,1,DRY,INSPECTION,35,6
646,1,2,DRY,INSPECTION,34,6
647,1,2,DRY,INSPECTION,34,6
648,1,1,DRY,INSPECTION,35,6
649,2,2,DRY,CLASE B-C,41,6
650,2,2,DRY,CLASE B-C,41,6
651,2,2,DRY,CLASE B-C,34,6
652,2,2,DRY,CLASE B-C,34,6
653,2,2,DRY,CLASE B-C,41,6
654,2,2,DRY,CLASE B-C,37,6
655,2,2,DRY,CLASE B-C,41,6
656,2,2,DRY,INSPECTION,29,6
657,2,2,DRY,INSPECTION,31,6
658,2,2,DRY,CLASE B-C,41,6
659,2,2,DRY,INSPECTION,32,6
660,2,2,DRY,CLASE B-C,41,6
661,2,2,DRY,CLASE B-C,37,6
662,2,2,DRY,CLASE B-C,41,6
663,2,2,DRY,CLASE B-C,31,6
664,2,2,DRY,CLASE B-C,34,6
665,2,2,DRY,CLASE B-C,34,6
666,2,2,DRY,INSPECTION,34,6
667,2,2,DRY,CLASE B-C,41,6
668,2,2,DRY,CLASE B-C,41,6
669,2,2,DRY,CLASE B-C,41,6
670,2,2,DRY,CLASE B-C,41,6
671,2,2,DRY,CLASE B-C,41,6
672,2,2,DRY,CLASE B-C,41,6
673,2,2,DRY,CLASE B-C,41,6
674,2,2,DRY,INSPECTION,34,6
675,2,2,DRY,CLASE B-C,34,6
676,2,2,DRY,INSPECTION,30,6
677,2,2,DRY,INSPECTION,34,6
678,2,2,DRY,CLASE B-C,35,6
679,2,2,DRY,CLASE B-C,37,6
680,2,2,DRY,CLASE B-C,41,6
681,2,2,DRY,CLASE B-C,41,6
682,2,1,DRY,INSPECTION,29,6
683,2,2,DRY,CLASE B-C,41,6
684,2,2,DRY,CLASE B-C,41,6
685,2,2,DRY,CLASE B-C,34,6
686,2,2,DRY,CLASE B-C,37,6
687,2,2,DRY,INSPECTION,39,6
688,2,2,DRY,CLASE B-C,41,6
689,2,2,DRY,CLASE B-C,41,6
690,2,2,DRY,CLASE B-C,41,6
691,6,2,DRY,CLASE B-C,24,6
692,1,2,DRY,CLASE B-C,38,6
693,1,2,DRY,CLASE B-C,38,6
694,1,2,DRY,INSPECTION,38,6
695,1,2,DRY,INSPECTION,34,6
696,1,2,DRY,INSPECTION,34,6
697,1,2,DRY,INSPECTION,34,6
698,1,2,DRY,INSPECTION,34,6
699,1,2,DRY,INSPECTION,34,6
700,1,2,DRY,INSPECTION,32,6
701,1,2,DRY,INSPECTION,32,6
702,2,2,DRY,CLASE B-C,28,6
703,2,2,DRY,CLASE B-C,28,6
704,2,2,DRY,CLASE B-C,28,6
705,2,2,DRY,CLASE B-C,28,6
706,2,2,DRY,CLASE B-C,28,6
707,2,2,DRY,CLASE B-C,28,6
708,2,2,DRY,CLASE B-C,28,6
709,2,2,DRY,CLASE B-C,28,6
710,2,2,DRY,CLASE B-C,28,6
711,2,2,DRY,CLASE B-C,28,6
712,2,2,DRY,CLASE B-C,28,6
713,2,2,DRY,CLASE B-C,28,6
714,2,2,DRY,CLASE B-C,26,6
715,2,2,DRY,CLASE B-C,28,6
716,2,2,DRY,CLASE B-C,28,6
717,2,2,DRY,CLASE B-C,28,6
718,2,2,DRY,CLASE B-C,28,6
719,2,2,DRY,INSPECTION,30,6
720,2,2,DRY,CLASE B-C,28,6
721,2,2,DRY,CLASE B-C,28,6
722,2,2,DRY,INSPECTION,24,6
723,2,2,DRY,CLASE B-C,28,6
724,2,1,DRY,INSPECTION,27,6
725,2,2,DRY,CLASE B-C,28,6
726,2,2,DRY,CLASE B-C,28,6
727,2,2,DRY,CLASE B-C,28,6
728,2,2,DRY,CLASE B-C,28,6
729,2,2,DRY,INSPECTION,24,6
730,2,2,DRY,CLASE B-C,28,6
731,2,2,DRY,CLASE B-C,28,6
732,2,2,DRY,CLASE B-C,28,6
733,2,2,DRY,CLASE B-C,28,6
734,2,2,DRY,CLASE B-C,28,6
735,2,2,DRY,CLASE B-C,28,6
736,2,2,DRY,CLASE B-C,28,6
737,2,2,DRY,CLASE B-C,28,6
738,2,2,DRY,CLASE B-C,28,6
739,2,2,DRY,CLASE B-C,28,6
740,2,2,DRY,CLASE B-C,28,6
741,2,2,DRY,CLASE B-C,28,6
742,2,2,DRY,CLASE B-C,28,6
743,2,2,DRY,CLASE B-C,28,6
744,2,2,DRY,CLASE B-C,28,6
745,2,2,DRY,CLASE B-C,28,6
746,2,2,DRY,CLASE B-C,28,6
747,2,1,DRY,INSPECTION,29,6
748,2,2,DRY,CLASE B-C,28,6
749,2,2,DRY,CLASE B-C,28,6
750,2,2,DRY,CLASE B-C,26,6
751,2,2,DRY,CLASE B-C,28,6
752,2,2,DRY,CLASE B-C,28,6
753,2,2,DRY,CLASE B-C,28,6
754,2,2,DRY,CLASE B-C,28,6
755,2,2,DRY,INSPECTION,27,6
756,2,2,DRY,CLASE B-C,28,6
757,2,2,DRY,CLASE B-C,28,6
758,2,2,DRY,CLASE B-C,28,6
759,2,2,DRY,CLASE B-C,28,6
760,2,2,DRY,CLASE B-C,28,6
761,2,1,DRY,INSPECTION,27,6
762,2,2,DRY,CLASE B-C,28,6
763,2,2,DRY,CLASE B-C,28,6
764,2,2,DRY,CLASE B-C,28,6
765,2,2,DRY,CLASE A,28,6
766,2,2,DRY,CLASE B-C,28,6
767,2,2,DRY,CLASE B-C,28,6
768,5,2,DRY,CLASE B-C,30,6
769,5,2,DRY,CLASE B-C,30,6
770,5,2,DRY,CLASE B-C,30,6
771,5,2,DRY,CLASE B-C,30,6
772,5,2,DRY,CLASE B-C,30,6
773,5,2,DRY,INSPECTION,28,6
774,5,2,DRY,INSPECTION,30,6
775,5,2,DRY,CLASE B-C,30,6
776,1,1,DRY,CLASE B-C,28,6
777,1,1,DRY,INSPECTION,29,6
778,1,1,DRY,INSPECTION,28,6
779,1,1,DRY,CLASE B-C,28,6
780,1,1,DRY,INSPECTION,30,6
781,1,1,DRY,INSPECTION,29,6
782,1,1,DRY,CLASE B-C,28,6
783,1,1,DRY,INSPECTION,29,6
784,1,1,DRY,CLASE B-C,28,6
785,1,1,DRY,INSPECTION,29,6
786,1,1,DRY,INSPECTION,29,6
787,1,2,DRY,CLASE B-C,29,6
788,1,2,DRY,CLASE B-C,29,6
789,1,1,DRY,INSPECTION,28,6
790,1,1,DRY,CLASE B-C,28,6
791,1,1,DRY,INSPECTION,29,6
792,1,1,DRY,INSPECTION,29,6
793,1,1,DRY,INSPECTION,29,6
794,1,1,DRY,INSPECTION,29,6
795,1,2,DRY,INSPECTION,31,6
796,6,2,RF,CLASE B-C,27,6
797,6,2,RF,CLASE B-C,27,6
798,6,2,RF,CLASE B-C,27,6
799,1,2,DRY,CLASE B-C,25,6
800,1,2,DRY,CLASE B-C,25,6
801,1,2,DRY,CLASE A,25,6
802,1,2,DRY,CLASE B-C,24,6
803,1,2,DRY,CLASE B-C,25,6
804,1,2,DRY,CLASE B-C,25,6
805,1,2,DRY,CLASE B-C,25,6
806,1,2,DRY,CLASE B-C,24,6
807,1,2,DRY,CLASE B-C,24,6
808,1,2,DRY,CLASE B-C,25,6
809,1,2,DRY,CLASE B-C,24,6
810,1,2,DRY,CLASE B-C,25,6
811,1,2,DRY,CLASE B-C,25,6
812,1,2,DRY,CLASE B-C,25,6
813,1,2,DRY,CLASE B-C,25,6
814,1,2,DRY,CLASE B-C,24,6
815,1,2,DRY,CLASE B-C,25,6
816,1,2,DRY,CLASE B-C,25,6
817,1,2,DRY,CLASE B-C,25,6
818,1,2,DRY,CLASE B-C,24,6
819,1,2,DRY,CLASE B-C,25,6
820,1,2,DRY,CLASE B-C,25,6
821,1,2,DRY,CLASE B-C,25,6
822,1,2,DRY,CLASE B-C,25,6
823,1,2,DRY,CLASE B-C,25,6
824,1,2,DRY,CLASE B-C,25,6
825,1,2,DRY,CLASE B-C,25,6
826,1,2,DRY,CLASE B-C,25,6
827,1,2,DRY,CLASE B-C,25,6
828,1,2,DRY,CLASE B-C,24,6
829,1,2,DRY,CLASE B-C,25,6
830,1,2,DRY,CLASE B-C,25,6
831,1,2,DRY,CLASE B-C,25,6
832,1,2,DRY,CLASE B-C,25,6
833,1,2,DRY,CLASE B-C,25,6
834,1,2,DRY,CLASE B-C,25,6
835,1,2,DRY,CLASE B-C,25,6
836,1,2,DRY,CLASE B-C,22,6
837,1,2,DRY,CLASE B-C,22,6
838,1,2,DRY,CLASE B-C,22,6
839,1,2,DRY,CLASE B-C,22,6
840,1,2,DRY,CLASE B-C,22,6
841,1,2,DRY,CLASE B-C,22,6
842,1,2,DRY,CLASE B-C,22,6
843,1,2,DRY,CLASE B-C,22,6
844,1,2,DRY,CLASE B-C,22,6
845,1,2,DRY,CLASE B-C,22,6
846,9,2,RF,CLASE B-C,13,6
847,2,2,DRY,INSPECTION,19,6
848,2,2,DRY,INSPECTION,19,6
849,2,1,DRY,INSPECTION,15,6
850,2,1,DRY,INSPECTION,14,6
851,2,2,DRY,INSPECTION,19,6
852,2,2,DRY,INSPECTION,19,6
853,2,2,DRY,CLASE B-C,20,6
854,2,1,DRY,INSPECTION,12,6
855,2,1,DRY,INSPECTION,15,6
856,2,1,DRY,INSPECTION,14,6
857,2,1,DRY,INSPECTION,12,6
858,2,2,DRY,CLASE B-C,21,6
859,2,1,DRY,INSPECTION,8,6
860,2,1,DRY,INSPECTION,15,6
861,2,1,DRY,INSPECTION,15,6
862,2,1,DRY,INSPECTION,14,6
863,2,1,DRY,INSPECTION,15,6
864,2,2,DRY,INSPECTION,19,6
865,2,1,DRY,INSPECTION,15,6
866,5,2,DRY,CLASE B-C,6,6
867,5,2,DRY,CLASE B-C,13,6
868,5,2,DRY,CLASE B-C,7,6
869,1,1,DRY,INSPECTION,16,6
870,1,1,DRY,INSPECTION,15,6
871,1,1,DRY,INSPECTION,17,6
872,1,1,DRY,CLASE B-C,16,6
873,1,1,DRY,INSPECTION,13,6
874,1,1,DRY,INSPECTION,15,6
875,1,1,DRY,CLASE B-C,15,6
876,1,1,DRY,INSPECTION,13,6
877,1,1,DRY,CLASE B-C,15,6
878,1,1,DRY,INSPECTION,15,6
879,1,1,DRY,INSPECTION,16,6
880,1,1,DRY,CLASE B-C,15,6
881,1,1,DRY,INSPECTION,13,6
882,1,1,DRY,CLASE B-C,16,6
883,1,1,DRY,INSPECTION,14,6
884,8,2,DRY,CLASE B-C,10,6
885,7,2,DRY,CLASE B-C,11,6
886,7,2,DRY,CLASE B-C,11,6
887,7,2,DRY,CLASE B-C,11,6
888,7,2,DRY,CLASE B-C,11,6
889,7,2,DRY,CLASE B-C,11,6
890,7,2,DRY,CLASE B-C,11,6
891,7,2,DRY,CLASE B-C,11,6
892,7,2,DRY,CLASE B-C,11,6
893,7,2,DRY,CLASE B-C,11,6
894,7,2,DRY,CLASE B-C,11,6
895,7,2,DRY,CLASE B-C,11,6
896,7,2,DRY,CLASE B-C,11,6
897,7,2,DRY,CLASE B-C,11,6
898,7,2,DRY,CLASE B-C,11,6
899,7,2,DRY,CLASE B-C,11,6
900,7,2,DRY,CLASE B-C,11,6
901,7,2,DRY,CLASE B-C,11,6
902,7,2,RF,CLASE B-C,12,6
903,6,2,RF,INSPECTION,8,6
904,6,2,RF,CLASE B-C,8,6
905,6,2,RF,CLASE B-C,9,6
906,6,2,RF,CLASE B-C,8,6
907,6,2,RF,CLASE B-C,8,6
908,7,2,DRY,CLASE B-C,6,6
909,7,2,DRY,CLASE B-C,6,6
910,7,2,DRY,CLASE B-C,6,6
911,7,2,RF,CLASE B-C,8,6
912,7,2,DRY,CLASE B-C,4,6
913,7,2,DRY,CLASE B-C,4,6
914,7,2,DRY,CLASE B-C,6,6
915,7,2,DRY,CLASE B-C,6,6
916,7,2,DRY,CLASE B-C,6,6
917,7,2,DRY,CLASE B-C,6,6
918,7,2,DRY,CLASE B-C,3,6
919,7,2,DRY,CLASE B-C,6,6
920,7,2,DRY,CLASE B-C,6,6
921,7,2,DRY,CLASE B-C,6,6
922,7,2,DRY,CLASE B-C,6,6
923,7,2,DRY,CLASE B-C,6,6
924,7,2,DRY,CLASE B-C,6,6
925,7,2,DRY,CLASE B-C,6,6
926,7,2,DRY,CLASE B-C,6,6
927,7,2,DRY,CLASE B-C,4,6
928,7,2,DRY,CLASE B-C,6,6
929,7,2,DRY,CLASE B-C,6,6
930,7,2,DRY,CLASE B-C,4,6
931,7,2,DRY,CLASE B-C,6,6
932,7,2,DRY,CLASE B-C,6,6
933,7,2,DRY,CLASE B-C,6,6
934,7,2,DRY,CLASE B-C,6,6
935,7,2,DRY,CLASE B-C,6,6
936,7,2,DRY,CLASE B-C,6,6
937,7,2,DRY,CLASE B-C,6,6
938,7,2,DRY,CLASE B-C,4,6
939,7,2,RF,CLASE B-C,8,6
940,7,2,DRY,CLASE B-C,6,6
941,7,2,DRY,CLASE B-C,6,6
942,7,2,DRY,CLASE B-C,6,6
943,7,2,DRY,CLASE B-C,7,6
944,7,2,DRY,CLASE B-C,6,6
945,7,2,DRY,CLASE B-C,6,6
946,7,2,DRY,CLASE B-C,6,6
947,7,2,DRY,CLASE B-C,6,6
948,7,2,DRY,CLASE B-C,6,6
949,7,2,DRY,CLASE B-C,4,6
950,7,2,DRY,CLASE B-C,6,6
951,7,2,DRY,CLASE B-C,6,6
952,9,2,DRY,CLASE B-C,1,6
953,2,2,RF,CLASE B-C,6,6
954,2,2,DRY,CLASE B-C,4,6
955,2,2,DRY,CLASE B-C,4,6
956,2,2,DRY,CLASE B-C,4,6
957,2,2,DRY,INSPECTION,4,6
958,2,2,DRY,CLASE B-C,4,6
959,2,2,DRY,CLASE B-C,4,6
960,2,2,RF,CLASE B-C,5,6
961,2,2,RF,CLASE B-C,6,6
962,2,2,RF,CLASE B-C,6,6
963,2,2,DRY,CLASE B-C,4,6
964,2,2,RF,CLASE B-C,6,6
965,2,2,DRY,CLASE B-C,4,6
966,2,2,DRY,CLASE B-C,1,6
967,2,2,DRY,CLASE B-C,4,6
968,2,2,DRY,CLASE B-C,4,6
969,2,2,DRY,CLASE B-C,4,6
970,2,2,RF,CLASE B-C,6,6
971,2,2,DRY,CLASE B-C,4,6
972,2,2,DRY,CLASE D,4,6
973,2,2,DRY,CLASE B-C,2,6
974,2,2,DRY,CLASE B-C,4,6
975,5,2,DRY,CLASE B-C,2,6
976,1,2,DRY,CLASE B-C,2,6
977,1,1,DRY,INSPECTION,4,6
978,6,2,DRY,CLASE B-C,1,6
979,6,2,DRY,CLASE B-C,1,6
980,6,2,DRY,CLASE B-C,1,6
981,6,2,DRY,CLASE B-C,1,6
982,6,2,DRY,CLASE B-C,1,6
983,7,2,DRY,CLASE B-C,1,6
984,7,2,DRY,CLASE B-C,1,6
985,7,2,RF,CLASE B-C,2,6
986,7,2,DRY,CLASE B-C,1,6
987,7,2,DRY,CLASE B-C,1,6
988,7,2,RF,CLASE B-C,2,6
989,7,2,RF,CLASE B-C,2,6
990,7,2,DRY,CLASE B-C,1,6
991,7,2,DRY,CLASE B-C,3,6
992,7,2,DRY,CLASE B-C,1,6
993,7,2,DRY,CLASE B-C,1,6
994,7,2,RF,CLASE B-C,2,6
995,7,2,RF,CLASE B-C,3,6
996,7,2,DRY,CLASE B-C,3,6
997,7,2,DRY,CLASE B-C,1,6
998,7,2,DRY,CLASE B-C,1,6
999,7,2,DRY,CLASE B-C,1,6
1000,7,2,RF,CLASE B-C,3,6
1001,7,2,RF,CLASE B-C,2,6
1002,7,2,RF,CLASE B-C,3,6
1003,7,2,RF,CLASE B-C,3,6
1004,7,2,DRY,CLASE B-C,1,6
1005,7,2,DRY,CLASE B-C,1,6
1006,7,2,DRY,CLASE B-C,1,6
1007,7,2,RF,CLASE B-C,3,6
1008,7,2,RF,CLASE B-C,2,6
1009,7,2,DRY,CLASE B-C,1,6
1010,7,2,RF,CLASE B-C,2,6
1011,7,2,DRY,CLASE B-C,1,6
1012,7,2,DRY,CLASE B-C,1,6
1013,7,2,RF,CLASE B-C,3,6
1014,7,2,DRY,CLASE B-C,1,6
1015,7,2,DRY,CLASE B-C,1,6
1016,7,2,DRY,CLASE B-C,3,6
1017,6,2,DRY,CLASE B-C,1,6
1018,6,2,DRY,CLASE B-C,1,6
1019,6,2,DRY,CLASE B-C,1,6
1020,6,2,DRY,CLASE B-C,1,6
1021,6,2,DRY,CLASE B-C,1,6
1022,1,2,DRY,INSPECTION,124,6
1023,1,2,DRY,INSPECTION,113,6
1024,1,2,DRY,INSPECTION,108,6
1025,1,2,DRY,INSPECTION,109,6
1026,1,2,DRY,CLASE D,93,6
1027,1,1,DRY,CLASE B-C,94,6
1028,1,2,DRY,INSPECTION,98,6
1029,1,2,DRY,INSPECTION,86,6
1030,1,2,DRY,INSPECTION,85,6
1031,1,2,DRY,INSPECTION,81,6
1032,1,2,DRY,INSPECTION,85,6
1033,3,2,DRY,CLASE B-C,86,6
1034,1,2,DRY,INSPECTION,85,6
1035,1,2,DRY,INSPECTION,85,6
1036,1,2,DRY,CLASE B-C,85,6
1037,3,2,DRY,CLASE B-C,72,6
1038,3,2,DRY,CLASE B-C,72,6
1039,3,2,DRY,CLASE B-C,72,6
1040,3,2,DRY,CLASE B-C,72,6
1041,3,2,DRY,CLASE B-C,72,6
1042,3,2,DRY,CLASE B-C,72,6
1043,3,2,DRY,CLASE B-C,74,6
1044,3,2,DRY,CLASE B-C,73,6
1045,3,2,DRY,CLASE B-C,72,6
1046,3,2,DRY,CLASE B-C,72,6
1047,3,2,DRY,CLASE B-C,72,6
1048,3,2,DRY,CLASE B-C,72,6
1049,3,2,DRY,CLASE B-C,72,6
1050,3,2,DRY,CLASE B-C,72,6
1051,1,2,DRY,INSPECTION,75,6
1052,1,2,DRY,INSPECTION,72,6
1053,1,2,DRY,INSPECTION,67,6
1054,1,2,DRY,CLASE D,72,6
1055,1,2,DRY,INSPECTION,68,6
1056,1,2,DRY,INSPECTION,72,6
1057,1,2,DRY,INSPECTION,73,6
1058,1,2,DRY,INSPECTION,66,6
1059,1,2,DRY,CLASE D,73,6
1060,1,2,DRY,INSPECTION,72,6
1061,1,2,DRY,INSPECTION,73,6
1062,2,2,DRY,CLASE B-C,69,6
1063,2,2,DRY,CLASE B-C,76,6
1064,2,2,DRY,CLASE B-C,75,6
1065,2,2,DRY,CLASE B-C,69,6
1066,2,2,DRY,CLASE B-C,75,6
1067,2,2,DRY,CLASE B-C,75,6
1068,3,2,DRY,CLASE B-C,73,6
1069,2,2,DRY,CLASE B-C,67,6
1070,2,2,DRY,CLASE B-C,66,6
1071,2,2,DRY,CLASE B-C,67,6
1072,9,2,DRY,CLASE B-C,67,6
1073,3,2,DRY,CLASE B-C,66,6
1074,1,2,DRY,INSPECTION,59,6
1075,1,2,DRY,INSPECTION,53,6
1076,1,2,DRY,CLASE B-C,63,6
1077,1,2,DRY,INSPECTION,53,6
1078,1,2,DRY,INSPECTION,59,6
1079,1,2,DRY,INSPECTION,53,6
1080,1,2,DRY,INSPECTION,56,6
1081,1,2,DRY,INSPECTION,59,6
1082,1,1,DRY,CLASE B-C,59,6
1083,1,2,DRY,INSPECTION,51,6
1084,1,2,DRY,INSPECTION,53,6
1085,1,2,DRY,CLASE B-C,63,6
1086,1,2,DRY,INSPECTION,60,6
1087,1,2,DRY,INSPECTION,63,6
1088,1,2,DRY,INSPECTION,52,6
1089,1,2,DRY,INSPECTION,53,6
1090,1,2,DRY,INSPECTION,53,6
1091,1,2,DRY,INSPECTION,63,6
1092,1,2,DRY,INSPECTION,52,6
1093,1,2,DRY,CLASE D,52,6
1094,1,2,DRY,INSPECTION,52,6
1095,1,2,DRY,INSPECTION,52,6
1096,2,2,DRY,CLASE B-C,63,6
1097,2,2,DRY,CLASE B-C,63,6
1098,2,2,RF,CLASE B-C,58,6
1099,2,2,DRY,CLASE B-C,63,6
1100,2,2,DRY,CLASE B-C,63,6
1101,2,2,DRY,CLASE B-C,63,6
1102,2,2,DRY,CLASE B-C,62,6
1103,7,2,RF,CLASE B-C,61,6
1104,3,2,DRY,CLASE B-C,58,6
1105,3,2,DRY,CLASE B-C,59,6
1106,7,2,DRY,CLASE B-C,4,6
1107,9,2,DRY,CLASE B-C,60,6
1108,9,2,DRY,CLASE B-C,59,6
1109,1,2,DRY,INSPECTION,51,6
1110,1,2,DRY,INSPECTION,54,6
1111,1,2,DRY,INSPECTION,53,6
1112,1,2,DRY,INSPECTION,53,6
1113,1,2,DRY,INSPECTION,53,6
1114,2,2,DRY,CLASE B-C,43,6
1115,2,2,DRY,CLASE B-C,40,6
1116,2,2,DRY,CLASE B-C,43,6
1117,2,2,DRY,CLASE B-C,40,6
1118,2,2,DRY,CLASE B-C,40,6
1119,2,2,DRY,CLASE B-C,40,6
1120,2,2,DRY,CLASE B-C,40,6
1121,2,2,DRY,CLASE B-C,50,6
1122,2,2,DRY,CLASE B-C,40,6
1123,2,2,DRY,CLASE B-C,40,6
1124,2,2,DRY,INSPECTION,49,6
1125,2,2,DRY,CLASE B-C,43,6
1126,2,2,DRY,CLASE B-C,43,6
1127,2,2,DRY,CLASE B-C,43,6
1128,2,2,DRY,CLASE B-C,43,6
1129,1,2,DRY,INSPECTION,44,6
1130,1,1,DRY,CLASE B-C,41,6
1131,1,1,DRY,CLASE B-C,35,6
1132,1,2,DRY,INSPECTION,42,6
1133,1,2,DRY,INSPECTION,35,6
1134,1,1,DRY,CLASE B-C,44,6
1135,1,1,DRY,CLASE B-C,43,6
1136,1,2,DRY,INSPECTION,43,6
1137,1,1,DRY,CLASE B-C,40,6
1138,1,2,DRY,INSPECTION,42,6
1139,1,2,DRY,CLASE B-C,43,6
1140,1,2,DRY,INSPECTION,44,6
1141,1,1,DRY,CLASE B-C,42,6
1142,1,2,DRY,INSPECTION,40,6
1143,9,2,DRY,CLASE B-C,51,6
1144,9,2,DRY,CLASE B-C,51,6
1145,9,2,DRY,CLASE B-C,50,6
1146,1,2,DRY,INSPECTION,49,6
1147,1,2,DRY,INSPECTION,46,6
1148,3,2,DRY,CLASE B-C,45,6
1149,3,2,DRY,CLASE B-C,30,6
1150,3,2,DRY,CLASE B-C,31,6
1151,3,2,DRY,CLASE B-C,35,6
1152,1,2,DRY,INSPECTION,46,6
1153,1,2,DRY,INSPECTION,34,6
1154,1,1,DRY,CLASE D,35,6
1155,1,2,DRY,INSPECTION,40,6
1156,1,1,DRY,INSPECTION,36,6
1157,1,1,DRY,CLASE B-C,40,6
1158,1,2,DRY,INSPECTION,35,6
1159,1,2,DRY,INSPECTION,34,6
1160,1,1,DRY,INSPECTION,37,6
1161,1,2,DRY,INSPECTION,35,6
1162,2,2,DRY,CLASE B,33,6
1163,2,2,DRY,CLASE B-C,33,6
1164,2,2,DRY,CLASE B-C,33,6
1165,2,2,DRY,CLASE B-C,33,6
1166,2,2,DRY,CLASE B-C,39,6
1167,2,2,DRY,CLASE B-C,34,6
1168,2,2,DRY,CLASE B-C,39,6
1169,2,2,DRY,CLASE A,39,6
1170,2,2,DRY,CLASE A,39,6
1171,2,2,DRY,CLASE B-C,33,6
1172,2,2,DRY,CLASE B-C,33,6
1173,2,2,DRY,CLASE B-C,33,6
1174,2,2,DRY,CLASE B-C,33,6
1175,2,2,DRY,CLASE B-C,33,6
1176,2,2,DRY,CLASE B-C,33,6
1177,2,2,DRY,CLASE B-C,33,6
1178,2,2,DRY,CLASE B-C,33,6
1179,2,2,DRY,CLASE B-C,34,6
1180,2,2,DRY,CLASE B-C,39,6
1181,2,2,DRY,CLASE B-C,33,6
1182,2,2,DRY,CLASE B-C,33,6
1183,2,2,DRY,CLASE A,39,6
1184,2,2,DRY,CLASE B-C,39,6
1185,2,2,DRY,CLASE A,39,6
1186,2,2,DRY,CLASE B-C,33,6
1187,2,2,DRY,CLASE B-C,36,6
1188,2,2,DRY,CLASE B-C,39,6
1189,2,2,DRY,CLASE B-C,33,6
1190,2,2,DRY,CLASE B-C,39,6
1191,2,2,DRY,CLASE B-C,39,6
1192,2,2,DRY,CLASE B-C,33,6
1193,2,2,DRY,CLASE B-C,39,6
1194,2,2,DRY,CLASE B-C,33,6
1195,2,2,DRY,CLASE B-C,39,6
1196,2,2,DRY,CLASE B-C,33,6
1197,2,2,DRY,CLASE B-C,33,6
1198,2,2,DRY,CLASE B-C,39,6
1199,2,2,DRY,CLASE A,39,6
1200,2,2,DRY,CLASE A,39,6
1201,2,2,DRY,CLASE B-C,39,6
1202,2,2,DRY,CLASE B-C,33,6
1203,2,2,DRY,CLASE B-C,39,6
1204,2,2,DRY,CLASE B-C,33,6
1205,2,2,DRY,CLASE B-C,39,6
1206,2,2,DRY,CLASE A,39,6
1207,2,2,DRY,CLASE A,39,6
1208,2,2,DRY,CLASE B-C,33,6
1209,2,2,DRY,CLASE B-C,37,6
1210,2,2,DRY,CLASE B-C,33,6
1211,2,2,DRY,CLASE B-C,33,6
1212,2,2,DRY,CLASE B-C,33,6
1213,2,2,DRY,CLASE B-C,33,6
1214,2,2,DRY,CLASE B-C,39,6
1215,2,2,DRY,CLASE B-C,33,6
1216,2,2,DRY,CLASE B-C,39,6
1217,2,2,DRY,CLASE B-C,33,6
1218,2,2,DRY,CLASE B-C,39,6
1219,2,2,DRY,CLASE B-C,33,6
1220,2,2,DRY,CLASE D,33,6
1221,2,2,DRY,CLASE B-C,33,6
1222,2,2,DRY,CLASE B-C,33,6
1223,2,2,DRY,CLASE B-C,39,6
1224,2,2,DRY,CLASE B-C,41,6
1225,2,2,DRY,CLASE B-C,33,6
1226,1,2,DRY,INSPECTION,43,6
1227,1,2,DRY,INSPECTION,42,6
1228,1,2,DRY,INSPECTION,42,6
1229,1,2,DRY,INSPECTION,42,6
1230,1,2,DRY,INSPECTION,42,6
1231,1,2,DRY,INSPECTION,42,6
1232,3,2,DRY,CLASE B-C,35,6
1233,3,2,DRY,CLASE B-C,29,6
1234,8,2,DRY,CLASE B-C,34,6
1235,8,2,DRY,CLASE B-C,34,6
1236,8,2,DRY,CLASE B-C,34,6
1237,8,2,DRY,CLASE B-C,34,6
1238,8,2,DRY,CLASE B-C,34,6
1239,8,2,DRY,CLASE B-C,34,6
1240,8,2,DRY,CLASE B-C,34,6
1241,8,2,DRY,CLASE B-C,34,6
1242,7,2,RF,CLASE B-C,38,6
1243,3,2,DRY,CLASE B-C,29,6
1244,1,2,DRY,INSPECTION,37,6
1245,1,2,DRY,INSPECTION,36,6
1246,1,2,DRY,INSPECTION,35,6
1247,1,2,DRY,INSPECTION,35,6
1248,4,2,DRY,CLASE B-C,32,6
1249,1,2,DRY,INSPECTION,35,6
1250,1,2,DRY,INSPECTION,35,6
1251,1,2,DRY,INSPECTION,35,6
1252,1,2,DRY,INSPECTION,35,6
1253,1,2,DRY,INSPECTION,34,6
1254,1,2,DRY,INSPECTION,34,6
1255,1,2,DRY,INSPECTION,34,6
1256,1,2,DRY,INSPECTION,34,6
1257,1,2,DRY,INSPECTION,34,6
1258,1,2,DRY,INSPECTION,34,6
1259,1,2,DRY,INSPECTION,34,6
1260,1,2,DRY,INSPECTION,34,6
1261,9,2,DRY,CLASE B-C,15,6
1262,2,2,DRY,CLASE B-C,29,6
1263,2,2,DRY,CLASE B-C,29,6
1264,2,2,DRY,CLASE B-C,29,6
1265,2,2,DRY,CLASE B-C,29,6
1266,2,2,DRY,CLASE B-C,29,6
1267,2,2,DRY,CLASE B-C,28,6
1268,2,2,DRY,CLASE B-C,29,6
1269,2,2,DRY,CLASE B-C,29,6
1270,2,2,DRY,CLASE B-C,25,6
1271,2,2,DRY,CLASE B-C,29,6
1272,2,2,RF,CLASE B-C,31,6
1273,2,2,DRY,CLASE B-C,29,6
1274,2,2,DRY,CLASE B-C,25,6
1275,2,2,DRY,CLASE B-C,25,6
1276,2,2,DRY,CLASE B-C,25,6
1277,2,2,DRY,CLASE B-C,29,6
1278,2,2,DRY,CLASE B-C,25,6
1279,2,2,DRY,CLASE B-C,28,6
1280,1,1,DRY,INSPECTION,32,6
1281,1,1,DRY,INSPECTION,30,6
1282,1,1,DRY,INSPECTION,31,6
1283,1,2,DRY,INSPECTION,31,6
1284,1,2,DRY,INSPECTION,28,6
1285,1,2,DRY,INSPECTION,31,6
1286,1,2,DRY,INSPECTION,31,6
1287,1,1,DRY,CLASE B-C,30,6
1288,1,1,DRY,CLASE B-C,30,6
1289,1,2,DRY,INSPECTION,30,6
1290,1,1,DRY,INSPECTION,31,6
1291,1,1,DRY,INSPECTION,32,6
1292,1,2,DRY,INSPECTION,29,6
1293,1,2,DRY,CLASE B-C,30,6
1294,1,2,DRY,CLASE B-C,29,6
1295,1,1,DRY,INSPECTION,32,6
1296,1,1,DRY,INSPECTION,32,6
1297,1,1,DRY,INSPECTION,30,6
1298,1,1,DRY,INSPECTION,31,6
1299,1,1,DRY,INSPECTION,32,6
1300,1,2,DRY,CLASE B-C,31,6
1301,1,1,DRY,CLASE B-C,30,6
1302,1,2,DRY,INSPECTION,31,6
1303,1,2,DRY,INSPECTION,31,6
1304,1,2,DRY,INSPECTION,32,6
1305,1,2,DRY,INSPECTION,32,6
1306,1,2,DRY,INSPECTION,32,6
1307,1,2,DRY,INSPECTION,31,6
1308,1,2,DRY,INSPECTION,31,6
1309,1,2,DRY,INSPECTION,31,6
1310,1,2,DRY,INSPECTION,31,6
1311,1,2,DRY,CLASE B-C,30,6
1312,1,2,DRY,CLASE B-C,30,6
1313,1,2,DRY,CLASE B-C,30,6
1314,6,2,DRY,CLASE B-C,25,6
1315,6,2,DRY,CLASE B-C,25,6
1316,6,2,DRY,CLASE B-C,25,6
1317,6,2,DRY,CLASE B-C,25,6
1318,6,2,RF,CLASE B-C,30,6
1319,6,2,RF,CLASE B-C,30,6
1320,6,2,DRY,CLASE B-C,25,6
1321,6,2,DRY,CLASE B-C,25,6
1322,6,2,DRY,CLASE B-C,25,6
1323,6,2,DRY,CLASE B-C,25,6
1324,6,2,DRY,CLASE A,25,6
1325,6,2,DRY,CLASE A,25,6
1326,6,2,DRY,CLASE B-C,25,6
1327,6,2,DRY,CLASE B-C,25,6
1328,6,2,DRY,CLASE B-C,25,6
1329,6,2,DRY,CLASE B-C,25,6
1330,6,2,DRY,CLASE B-C,25,6
1331,6,2,DRY,CLASE B-C,25,6
1332,1,2,DRY,INSPECTION,29,6
1333,1,2,DRY,CLASE B-C,26,6
1334,1,2,DRY,CLASE B-C,25,6
1335,1,2,DRY,CLASE B-C,26,6
1336,1,2,DRY,INSPECTION,25,6
1337,1,2,DRY,INSPECTION,25,6
1338,7,2,DRY,CLASE B-C,24,6
1339,7,2,DRY,CLASE B-C,21,6
1340,9,1,DRY,CLASE B-C,18,6
1341,9,1,DRY,CLASE B-C,16,6
1342,2,2,DRY,CLASE B-C,18,6
1343,2,2,RF,CLASE B-C,15,6
1344,2,2,DRY,CLASE B-C,22,6
1345,2,2,RF,CLASE B-C,15,6
1346,2,2,RF,CLASE B-C,18,6
1347,2,2,RF,CLASE B-C,15,6
1348,2,2,RF,CLASE B-C,10,6
1349,1,1,DRY,CLASE B-C,19,6
1350,1,1,DRY,CLASE B-C,17,6
1351,1,1,DRY,CLASE B-C,15,6
1352,1,2,DRY,CLASE B-C,22,6
1353,1,2,DRY,INSPECTION,22,6
1354,1,2,DRY,INSPECTION,22,6
1355,1,2,DRY,CLASE B-C,18,6
1356,3,2,DRY,CLASE B-C,15,6
1357,8,2,DRY,CLASE B-C,11,6
1358,6,2,RF,CLASE B-C,16,6
1359,7,2,DRY,CLASE B-C,9,6
1360,7,2,DRY,CLASE B-C,7,6
1361,7,2,DRY,CLASE B-C,6,6
1362,7,2,DRY,CLASE B-C,13,6
1363,7,2,DRY,CLASE B-C,9,6
1364,7,2,DRY,CLASE B-C,15,6
1365,7,2,DRY,CLASE B-C,15,6
1366,7,2,DRY,CLASE B-C,4,6
1367,7,2,DRY,CLASE B-C,15,6
1368,7,2,DRY,CLASE B-C,9,6
1369,7,2,DRY,CLASE B-C,9,6
1370,7,2,DRY,CLASE B-C,6,6
1371,7,2,DRY,CLASE B-C,14,6
1372,7,2,DRY,CLASE B-C,11,6
1373,7,2,DRY,CLASE B-C,14,6
1374,7,2,DRY,CLASE B-C,13,6
1375,7,2,DRY,CLASE B-C,13,6
1376,7,2,DRY,CLASE B-C,13,6
1377,7,2,DRY,CLASE B-C,13,6
1378,7,2,DRY,CLASE B-C,13,6
1379,7,2,DRY,CLASE B-C,13,6
1380,7,2,DRY,CLASE B-C,13,6
1381,7,2,DRY,CLASE B-C,14,6
1382,7,2,DRY,CLASE B-C,14,6
1383,7,2,DRY,CLASE B-C,14,6
1384,7,2,DRY,CLASE B-C,14,6
1385,7,2,DRY,CLASE B-C,13,6
1386,7,2,DRY,CLASE B-C,14,6
1387,7,2,DRY,CLASE B-C,13,6
1388,7,2,DRY,CLASE B-C,15,6
1389,1,2,DRY,INSPECTION,12,6
1390,1,2,DRY,INSPECTION,11,6
1391,1,2,DRY,INSPECTION,11,6
1392,1,2,DRY,INSPECTION,11,6
1393,1,2,DRY,INSPECTION,11,6
1394,1,2,DRY,INSPECTION,11,6
1395,1,2,DRY,INSPECTION,11,6
1396,1,2,DRY,INSPECTION,11,6
1397,1,2,DRY,INSPECTION,11,6
1398,6,2,DRY,CLASE B-C,9,6
1399,6,2,DRY,CLASE B-C,1,6
1400,6,2,DRY,CLASE B-C,1,6
1401,6,2,DRY,CLASE B-C,1,6
1402,6,2,DRY,CLASE B-C,9,6
1403,6,2,RF,CLASE B-C,11,6
1404,6,2,RF,CLASE B-C,11,6
1405,6,2,DRY,CLASE B-C,1,6
1406,6,2,DRY,CLASE B-C,1,6
1407,6,2,DRY,CLASE B-C,1,6
1408,6,2,DRY,CLASE B-C,1,6
1409,6,2,DRY,CLASE B-C,1,6
1410,6,2,DRY,CLASE B-C,9,6
1411,6,2,DRY,CLASE B-C,1,6
1412,6,2,DRY,CLASE B-C,9,6
1413,6,2,RF,CLASE B-C,8,6
1414,6,2,RF,CLASE B-C,11,6
1415,6,2,DRY,CLASE B,1,6
1416,6,2,RF,CLASE B-C,9,6
1417,6,2,DRY,CLASE B-C,1,6
1418,6,2,DRY,CLASE B-C,1,6
1419,6,2,DRY,CLASE B-C,1,6
1420,6,2,DRY,CLASE B-C,9,6
1421,7,2,DRY,CLASE B-C,8,6
1422,7,2,DRY,CLASE A,7,6
1423,7,2,DRY,CLASE B-C,9,6
1424,7,2,DRY,CLASE B-C,11,6
1425,7,2,DRY,CLASE B-C,4,6
1426,7,2,DRY,CLASE B-C,9,6
1427,7,2,DRY,CLASE B-C,9,6
1428,7,2,DRY,CLASE B-C,9,6
1429,7,2,DRY,CLASE B-C,6,6
1430,7,2,DRY,CLASE B-C,8,6
1431,7,2,DRY,CLASE B-C,9,6
1432,7,2,DRY,CLASE B-C,4,6
1433,7,2,DRY,CLASE B-C,5,6
1434,7,2,DRY,CLASE B-C,9,6
1435,7,2,DRY,CLASE B-C,8,6
1436,7,2,DRY,CLASE B-C,9,6
1437,7,2,DRY,CLASE B-C,9,6
1438,7,2,DRY,CLASE B-C,4,6
1439,7,2,DRY,CLASE B-C,7,6
1440,7,2,DRY,CLASE B-C,6,6
1441,7,2,DRY,CLASE B-C,9,6
1442,7,2,DRY,CLASE B-C,7,6
1443,7,2,DRY,CLASE B-C,8,6
1444,7,2,DRY,CLASE B-C,9,6
1445,7,2,DRY,CLASE B-C,5,6
1446,7,2,DRY,CLASE B-C,9,6
1447,7,2,DRY,CLASE D,9,6
1448,7,2,DRY,CLASE B-C,8,6
1449,7,2,DRY,CLASE B-C,6,6
1450,7,2,DRY,CLASE B-C,9,6
1451,7,2,DRY,CLASE B-C,9,6
1452,7,2,DRY,CLASE B-C,9,6
1453,7,2,DRY,CLASE B-C,9,6
1454,7,2,DRY,CLASE B-C,9,6
1455,7,2,DRY,CLASE B-C,8,6
1456,7,2,DRY,CLASE B-C,7,6
1457,7,2,DRY,CLASE B-C,5,6
1458,7,2,DRY,CLASE B-C,11,6
1459,7,2,DRY,CLASE B-C,7,6
1460,7,2,DRY,CLASE B-C,7,6
1461,7,2,DRY,CLASE B-C,9,6
1462,7,2,DRY,CLASE B-C,9,6
1463,7,2,DRY,CLASE B-C,6,6
1464,7,2,DRY,CLASE B-C,8,6
1465,7,2,DRY,CLASE B-C,9,6
1466,7,2,DRY,CLASE B-C,8,6
1467,7,2,DRY,CLASE B-C,7,6
1468,7,2,DRY,CLASE B,9,6
1469,7,2,DRY,CLASE B-C,9,6
1470,7,2,DRY,CLASE B-C,8,6
1471,7,2,DRY,CLASE B-C,9,6
1472,7,2,DRY,CLASE B-C,9,6
1473,7,2,DRY,CLASE B-C,9,6
1474,7,2,DRY,CLASE B-C,9,6
1475,7,2,DRY,CLASE B-C,9,6
1476,7,2,DRY,CLASE B-C,6,6
1477,7,2,DRY,CLASE B-C,9,6
1478,7,2,DRY,CLASE B-C,9,6
1479,7,2,DRY,CLASE B-C,6,6
1480,7,2,DRY,CLASE B-C,9,6
1481,7,2,DRY,CLASE B-C,9,6
1482,7,2,DRY,CLASE B-C,9,6
1483,7,2,DRY,CLASE B-C,8,6
1484,7,2,DRY,CLASE B-C,7,6
1485,7,2,DRY,CLASE B-C,9,6
1486,7,2,DRY,CLASE B-C,6,6
1487,7,2,DRY,CLASE B-C,9,6
1488,7,2,DRY,CLASE B-C,9,6
1489,7,2,DRY,CLASE B-C,4,6
1490,7,2,DRY,CLASE B-C,9,6
1491,7,2,DRY,CLASE B-C,9,6
1492,7,2,DRY,CLASE B-C,9,6
1493,7,2,DRY,CLASE B-C,9,6
1494,7,2,DRY,CLASE B-C,9,6
1495,7,2,DRY,CLASE B-C,6,6
1496,7,2,DRY,CLASE B-C,9,6
1497,7,2,DRY,CLASE B-C,9,6
1498,7,2,DRY,CLASE B-C,9,6
1499,7,2,DRY,CLASE B-C,8,6
1500,7,2,DRY,CLASE B-C,5,6
1501,7,2,DRY,CLASE B-C,5,6
1502,7,2,DRY,CLASE B-C,7,6
1503,7,2,DRY,CLASE B-C,9,6
1504,7,2,DRY,CLASE B-C,9,6
1505,7,2,DRY,CLASE B-C,7,6
1506,7,2,DRY,CLASE B-C,4,6
1507,7,2,DRY,CLASE B,1,6
1508,7,2,DRY,CLASE B-C,4,6
1509,7,2,DRY,CLASE B-C,10,6
1510,7,2,DRY,CLASE B-C,8,6
1511,7,2,DRY,CLASE B-C,9,6
1512,7,2,DRY,CLASE B-C,9,6
1513,7,2,DRY,CLASE B-C,9,6
1514,7,2,DRY,CLASE B-C,3,6
1515,7,2,DRY,CLASE B-C,3,6
1516,7,2,DRY,CLASE B-C,3,6
1517,7,2,DRY,CLASE B-C,3,6
1518,7,2,DRY,CLASE B-C,3,6
1519,7,2,DRY,CLASE B-C,3,6
1520,7,2,DRY,CLASE B-C,3,6
1521,7,2,DRY,CLASE B-C,3,6
1522,7,2,DRY,CLASE B-C,3,6
1523,7,2,DRY,CLASE B-C,3,6
1524,7,2,DRY,CLASE B-C,3,6
1525,7,2,DRY,CLASE B-C,3,6
1526,7,2,DRY,CLASE B-C,3,6
1527,7,2,DRY,CLASE B-C,3,6
1528,7,2,RF,CLASE B-C,10,6
1529,7,2,DRY,CLASE B-C,9,6
1530,7,2,DRY,CLASE B-C,9,6
1531,7,2,DRY,CLASE B-C,9,6
1532,7,2,DRY,CLASE B-C,8,6
1533,7,2,DRY,CLASE B-C,6,6
1534,7,2,DRY,CLASE B-C,9,6
1535,7,2,DRY,CLASE B-C,3,6
1536,7,2,DRY,CLASE B-C,3,6
1537,7,2,DRY,CLASE B-C,3,6
1538,7,2,DRY,CLASE B-C,9,6
1539,7,2,DRY,CLASE B-C,3,6
1540,7,2,DRY,CLASE B-C,3,6
1541,7,2,DRY,CLASE B-C,9,6
1542,7,2,DRY,CLASE D,9,6
1543,7,2,DRY,CLASE B-C,9,6
1544,7,2,DRY,CLASE B-C,8,6
1545,7,2,DRY,CLASE B-C,8,6
1546,7,2,DRY,CLASE B-C,9,6
1547,7,2,DRY,CLASE B-C,9,6
1548,7,2,DRY,CLASE B-C,4,6
1549,7,2,DRY,CLASE B-C,9,6
1550,7,2,DRY,CLASE B-C,1,6
1551,7,2,DRY,CLASE B-C,9,6
1552,7,2,DRY,CLASE B-C,7,6
1553,7,2,DRY,CLASE B-C,11,6
1554,7,2,DRY,CLASE B-C,4,6
1555,7,2,DRY,CLASE B-C,3,6
1556,7,2,DRY,CLASE B-C,9,6
1557,7,2,DRY,CLASE B-C,6,6
1558,7,2,DRY,CLASE B-C,9,6
1559,7,2,DRY,CLASE B-C,6,6
1560,7,2,DRY,CLASE B-C,9,6
1561,7,2,DRY,CLASE B-C,5,6
1562,7,2,DRY,CLASE B-C,8,6
1563,7,2,DRY,CLASE B-C,10,6
1564,7,2,DRY,CLASE B-C,4,6
1565,7,2,DRY,CLASE B-C,9,6
1566,7,2,DRY,CLASE B-C,9,6
1567,7,2,DRY,CLASE B-C,8,6
1568,7,2,DRY,CLASE B-C,4,6
1569,7,2,DRY,CLASE B-C,7,6
1570,7,2,DRY,CLASE B-C,4,6
1571,7,2,DRY,CLASE D,9,6
1572,7,2,DRY,CLASE B-C,8,6
1573,7,2,DRY,CLASE B-C,10,6
1574,7,2,DRY,CLASE B-C,10,6
1575,7,2,DRY,CLASE B-C,9,6
1576,7,2,DRY,CLASE B-C,11,6
1577,7,2,DRY,CLASE B-C,4,6
1578,7,2,DRY,CLASE B-C,7,6
1579,7,2,DRY,CLASE B-C,7,6
1580,7,2,DRY,CLASE B-C,9,6
1581,7,2,DRY,CLASE B-C,6,6
1582,7,2,DRY,CLASE B,9,6
1583,7,2,DRY,CLASE B-C,4,6
1584,7,2,DRY,CLASE B-C,8,6
1585,7,2,DRY,CLASE B-C,5,6
1586,7,2,DRY,CLASE B-C,10,6
1587,1,2,DRY,INSPECTION,11,6
1588,1,2,DRY,INSPECTION,10,6
1589,1,2,DRY,INSPECTION,10,6
1590,1,2,DRY,INSPECTION,9,6
1591,1,2,DRY,CLASE B-C,9,6
1592,1,2,DRY,INSPECTION,9,6
1593,1,2,DRY,INSPECTION,9,6
1594,1,2,DRY,CLASE D,9,6
1595,1,2,DRY,INSPECTION,9,6
1596,1,2,DRY,CLASE D,9,6
1597,1,2,DRY,INSPECTION,9,6
1598,1,2,DRY,INSPECTION,9,6
1599,1,2,DRY,INSPECTION,9,6
1600,1,2,DRY,INSPECTION,9,6
1601,9,1,DRY,CLASE B-C,1,6
1602,9,2,DRY,CLASE B-C,3,6
1603,9,2,DRY,CLASE B-C,2,6
1604,9,2,DRY,CLASE B-C,1,6
1605,9,2,DRY,CLASE B-C,2,6
1606,9,2,DRY,CLASE B-C,2,6
1607,2,2,DRY,CLASE B-C,6,6
1608,2,2,DRY,CLASE B-C,6,6
1609,2,2,RF,CLASE B-C,6,6
1610,2,2,DRY,CLASE B-C,5,6
1611,2,2,DRY,CLASE B-C,5,6
1612,2,2,RF,CLASE B-C,6,6
1613,2,2,DRY,CLASE B-C,6,6
1614,2,2,RF,CLASE B-C,6,6
1615,2,2,RF,CLASE B-C,3,6
1616,2,2,RF,CLASE B-C,6,6
1617,2,2,RF,CLASE B-C,8,6
1618,2,2,RF,CLASE B-C,6,6
1619,2,2,RF,CLASE B-C,6,6
1620,2,2,DRY,CLASE B-C,5,6
1621,2,2,RF,CLASE B-C,6,6
1622,2,2,RF,CLASE B-C,6,6
1623,2,2,RF,CLASE B-C,8,6
1624,2,2,RF,CLASE B-C,7,6
1625,2,2,DRY,CLASE B-C,6,6
1626,2,2,DRY,CLASE B-C,6,6
1627,2,2,DRY,CLASE B-C,6,6
1628,2,2,DRY,CLASE B-C,5,6
1629,2,2,RF,CLASE B-C,7,6
1630,2,2,RF,CLASE B-C,6,6
1631,2,2,RF,CLASE B-C,2,6
1632,2,2,RF,CLASE B-C,8,6
1633,2,2,RF,CLASE B-C,6,6
1634,2,2,RF,CLASE B-C,8,6
1635,2,2,RF,CLASE B-C,6,6
1636,2,2,RF,CLASE B-C,6,6
1637,2,2,RF,CLASE B-C,6,6
1638,2,2,RF,CLASE B-C,6,6
1639,2,2,RF,CLASE B-C,7,6
1640,2,2,DRY,CLASE B-C,5,6
1641,2,2,DRY,CLASE B-C,6,6
1642,2,2,DRY,CLASE B-C,6,6
1643,2,2,DRY,CLASE B-C,1,6
1644,2,2,DRY,CLASE B-C,6,6
1645,2,2,RF,CLASE B-C,6,6
1646,2,2,RF,CLASE B-C,8,6
1647,2,2,RF,CLASE B-C,6,6
1648,2,2,RF,CLASE B-C,6,6
1649,2,2,RF,CLASE B-C,7,6
1650,2,2,RF,CLASE B-C,8,6
1651,2,2,RF,CLASE B-C,6,6
1652,2,2,RF,CLASE B-C,8,6
1653,2,2,RF,CLASE B-C,7,6
1654,2,2,RF,CLASE B-C,6,6
1655,2,2,RF,CLASE B-C,6,6
1656,2,2,DRY,CLASE B-C,6,6
1657,2,2,DRY,CLASE B-C,6,6
1658,2,2,DRY,CLASE B-C,6,6
1659,2,2,DRY,CLASE B-C,6,6
1660,2,2,DRY,CLASE B-C,6,6
1661,1,2,DRY,CLASE B-C,3,6
1662,1,2,DRY,CLASE B-C,3,6
1663,1,1,DRY,CLASE B-C,2,6
1664,1,2,DRY,CLASE B-C,3,6
1665,7,2,DRY,CLASE B-C,1,6
1666,7,2,DRY,CLASE D,5,6
1667,7,2,RF,CLASE B-C,3,6
1668,7,2,RF,CLASE B-C,4,6
1669,7,2,RF,CLASE B-C,3,6
1670,7,2,RF,CLASE B-C,4,6
1671,7,2,RF,CLASE B-C,4,6
1672,7,2,DRY,CLASE B-C,1,6
1673,7,2,RF,CLASE B-C,5,6
1674,7,2,DRY,CLASE B-C,5,6
1675,7,2,DRY,CLASE B-C,1,6
1676,7,2,DRY,CLASE B-C,2,6
1677,7,2,DRY,CLASE B-C,3,6
1678,7,2,DRY,CLASE B-C,1,6
1679,7,2,RF,CLASE B-C,4,6
1680,7,2,RF,CLASE B-C,3,6
1681,7,2,RF,CLASE B-C,4,6
1682,7,2,DRY,CLASE B-C,4,6
1683,7,2,DRY,CLASE B-C,1,6
1684,7,2,DRY,CLASE B-C,3,6
1685,7,2,RF,CLASE B-C,3,6
1686,7,2,RF,CLASE B-C,4,6
1687,7,2,RF,CLASE B-C,4,6
1688,7,2,RF,CLASE B-C,3,6
1689,7,2,RF,CLASE B-C,3,6
1690,7,2,RF,CLASE B-C,2,6
1691,7,2,RF,CLASE B-C,3,6
1692,7,2,RF,CLASE B-C,3,6
1693,7,2,RF,CLASE B-C,2,6
1694,7,2,RF,CLASE B-C,4,6
1695,7,2,RF,CLASE B-C,3,6
1696,7,2,RF,CLASE B-C,3,6
1697,7,2,RF,CLASE B-C,3,6
1698,7,2,RF,CLASE B-C,3,6
1699,7,2,RF,CLASE B-C,4,6
1700,7,2,DRY,CLASE B,1,6
1701,7,2,DRY,CLASE B-C,2,6
1702,7,2,DRY,CLASE B-C,1,6
1703,7,2,DRY,CLASE B-C,2,6
1704,7,2,DRY,CLASE B-C,2,6
1705,7,2,DRY,CLASE B-C,1,6
1706,7,2,DRY,CLASE B,1,6
1707,7,2,DRY,CLASE B-C,2,6
1708,7,2,DRY,CLASE B-C,4,6
1709,7,2,DRY,CLASE B-C,1,6
1710,7,2,DRY,CLASE B-C,2,6
1711,7,2,DRY,CLASE B-C,4,6
1712,7,2,DRY,CLASE B-C,1,6
1713,7,2,DRY,CLASE B-C,1,6
1714,7,2,DRY,CLASE B-C,1,6
1715,7,2,DRY,CLASE B-C,1,6
1716,7,2,DRY,CLASE B-C,1,6
1717,7,2,DRY,CLASE B-C,1,6
1718,7,2,DRY,CLASE B-C,1,6
1719,7,2,DRY,CLASE B-C,1,6
1720,7,2,DRY,CLASE B-C,1,6
1721,7,2,DRY,CLASE B-C,2,6
1722,7,2,DRY,CLASE B-C,3,6
1723,7,2,DRY,CLASE B-C,1,6
1724,7,2,DRY,CLASE B,1,6
1725,7,2,RF,CLASE B-C,3,6
1726,7,2,RF,CLASE B-C,4,6
1727,7,2,RF,CLASE B-C,2,6
1728,7,2,DRY,CLASE B-C,2,6
1729,7,2,RF,CLASE B-C,2,6
1730,7,2,DRY,CLASE B-C,1,6
1731,7,2,DRY,CLASE B-C,2,6
1732,7,2,DRY,CLASE B-C,2,6
1733,7,2,DRY,CLASE B-C,1,6
1734,7,2,DRY,CLASE B-C,1,6
1735,7,2,DRY,CLASE B-C,1,6
1736,7,2,DRY,CLASE B-C,1,6
1737,7,2,DRY,CLASE B-C,1,6
1738,7,2,DRY,CLASE B-C,1,6
1739,7,2,RF,CLASE B-C,3,6
1740,7,2,RF,CLASE B-C,4,6
1741,7,2,RF,CLASE B-C,3,6
1742,7,2,RF,CLASE B-C,2,6
1743,7,2,RF,CLASE B-C,2,6
1744,7,2,RF,CLASE B-C,4,6
1745,7,2,RF,CLASE B-C,3,6
1746,7,2,RF,CLASE B-C,3,6
1747,7,2,RF,CLASE B-C,2,6
1748,7,2,RF,CLASE B-C,2,6
1749,7,2,RF,CLASE B-C,3,6
1750,7,2,DRY,CLASE B-C,1,6
1751,7,2,DRY,CLASE B-C,1,6
1752,7,2,DRY,CLASE B-C,1,6
1753,7,2,DRY,CLASE B-C,4,6
1754,7,2,DRY,CLASE B-C,1,6
1755,7,2,RF,CLASE B-C,4,6
1756,7,2,DRY,CLASE B-C,1,6
1757,7,2,RF,CLASE B-C,2,6
1758,7,2,DRY,CLASE B-C,4,6
1759,7,2,DRY,CLASE B-C,2,6
1760,7,2,DRY,CLASE B-C,1,6
1761,7,2,DRY,CLASE B-C,1,6
1762,7,2,DRY,CLASE B-C,2,6
1763,7,2,DRY,CLASE B-C,4,6
1764,7,2,DRY,CLASE B-C,1,6
1765,7,2,DRY,CLASE B-C,5,6
1766,7,2,DRY,CLASE B-C,1,6
1767,7,2,DRY,CLASE B-C,1,6
1768,7,2,DRY,CLASE B-C,1,6
1769,7,2,RF,CLASE B-C,4,6
1770,7,2,RF,CLASE B-C,5,6
1771,7,2,RF,CLASE B-C,3,6
1772,7,2,DRY,CLASE B-C,4,6
1773,7,2,DRY,CLASE B-C,1,6
1774,7,2,DRY,CLASE B-C,1,6
1775,7,2,DRY,CLASE B-C,1,6
1776,7,2,DRY,CLASE B-C,1,6
1777,7,2,DRY,CLASE B-C,1,6
1778,7,2,DRY,CLASE B-C,1,6
1779,7,2,DRY,CLASE B-C,1,6
1780,7,2,DRY,CLASE B-C,1,6
1781,7,2,DRY,CLASE B-C,1,6
1782,7,2,DRY,CLASE B-C,1,6
1783,6,2,DRY,CLASE B-C,4,6
1784,6,2,DRY,CLASE A,4,6
1785,6,2,DRY,CLASE B-C,3,6
1786,6,2,DRY,CLASE B-C,2,6
1787,6,2,DRY,CLASE B-C,2,6
1788,6,2,DRY,CLASE B-C,2,6
1789,6,2,DRY,CLASE B-C,2,6
1790,3,2,DRY,CLASE B-C,2,6
1791,6,2,DRY,CLASE B-C,1,6
1792,6,2,DRY,CLASE B-C,1,6
1793,3,2,DRY,CLASE B-C,2,6
1794,6,2,DRY,CLASE A,1,6
1795,3,2,DRY,CLASE B-C,1,6
1796,6,2,DRY,CLASE B-C,5,7
1797,2,2,DRY,CLASE B-C,24,7
1798,2,2,DRY,CLASE B-C,25,7
1799,7,2,DRY,CLASE B-C,18,7
1800,7,2,DRY,CLASE B-C,17,7
1801,7,2,DRY,CLASE B-C,15,7
1802,1,1,DRY,CLASE B-C,97,7
1803,2,2,DRY,CLASE B-C,46,7
1804,2,2,DRY,CLASE B-C,25,7
1805,2,2,DRY,CLASE B-C,25,7
1806,9,1,DRY,CLASE B-C,3,7
1807,7,2,DRY,CLASE B-C,5,7
1808,7,2,DRY,CLASE B-C,6,7
1809,6,2,DRY,CLASE B-C,5,7
1810,3,2,DRY,CLASE B-C,68,7
1811,2,2,DRY,CLASE B-C,46,7
1812,1,1,DRY,CLASE B-C,46,7
1813,1,1,DRY,CLASE B-C,20,7
1814,6,2,RF,CLASE B-C,14,7
1815,6,2,RF,CLASE B-C,14,7
1816,6,2,DRY,CLASE B-C,13,7
1817,9,1,DRY,CLASE B-C,6,7
1818,2,2,RF,CLASE B-C,10,7
1819,6,2,DRY,CLASE B-C,8,7
1820,6,2,DRY,CLASE B-C,8,7
1821,7,2,DRY,CLASE B-C,5,7
1822,7,2,DRY,CLASE B-C,6,7
1823,7,2,DRY,CLASE B-C,5,7
1824,7,2,DRY,CLASE B-C,6,7
1825,6,2,DRY,CLASE B-C,6,7
1826,2,2,DRY,CLASE B-C,89,7
1827,1,2,DRY,CLASE B-C,59,7
1828,3,2,DRY,CLASE B-C,67,7
1829,3,2,DRY,CLASE B-C,67,7
1830,2,2,DRY,CLASE B-C,46,7
1831,2,2,DRY,CLASE B-C,46,7
1832,2,2,DRY,CLASE B-C,46,7
1833,2,2,DRY,CLASE B-C,46,7
1834,1,1,DRY,CLASE B-C,42,7
1835,1,2,DRY,CLASE B-C,52,7
1836,1,1,DRY,CLASE B-C,42,7
1837,1,1,DRY,CLASE B-C,28,7
1838,1,1,DRY,CLASE B-C,28,7
1839,3,2,DRY,CLASE B-C,38,7
1840,3,2,DRY,CLASE B-C,37,7
1841,6,2,RF,CLASE B-C,39,7
1842,1,2,DRY,CLASE B-C,39,7
1843,6,2,RF,CLASE B-C,32,7
1844,1,2,DRY,CLASE B-C,14,7
1845,6,2,DRY,CLASE B-C,8,7
1846,2,2,RF,CLASE B-C,10,7
1847,2,2,RF,CLASE B-C,10,7
1848,2,2,RF,CLASE B-C,10,7
1849,2,2,RF,CLASE B-C,10,7
1850,2,2,RF,CLASE B-C,10,7
1851,1,2,DRY,CLASE B-C,3,7
1852,6,2,DRY,CLASE B-C,8,7
1853,7,2,DRY,CLASE B-C,6,7
1854,7,2,RF,CLASE A,2,7
1855,7,2,DRY,CLASE B-C,5,7
1856,7,2,DRY,CLASE B-C,5,7
1857,7,2,DRY,CLASE B-C,5,7
1858,3,2,DRY,CLASE B-C,88,7
1859,3,2,DRY,CLASE B-C,89,7
1860,3,2,DRY,CLASE B-C,88,7
1861,3,2,DRY,CLASE B-C,88,7
1862,3,2,DRY,CLASE B-C,75,7
1863,3,2,DRY,CLASE B-C,66,7
1864,2,2,DRY,CLASE B-C,60,7
1865,2,2,DRY,CLASE B-C,60,7
1866,2,2,DRY,CLASE B-C,53,7
1867,1,1,DRY,CLASE B-C,35,7
1868,1,2,RF,CLASE B-C,43,7
1869,2,2,DRY,CLASE B-C,36,7
1870,2,2,DRY,CLASE B-C,36,7
1871,2,2,DRY,CLASE B-C,36,7
1872,2,2,DRY,CLASE B-C,40,7
1873,2,2,DRY,CLASE B-C,36,7
1874,2,2,DRY,CLASE B-C,36,7
1875,1,1,DRY,CLASE B-C,26,7
1876,6,2,RF,INSPECTION,32,7
1877,7,2,DRY,CLASE B-C,22,7
1878,2,1,DRY,CLASE B-C,11,7
1879,2,2,DRY,CLASE B-C,24,7
1880,2,1,DRY,CLASE B-C,12,7
1881,6,2,RF,CLASE B-C,4,7
1882,6,2,RF,CLASE B-C,12,7
1883,7,2,DRY,CLASE A,9,7
1884,7,2,DRY,CLASE A,8,7
1885,7,2,DRY,CLASE A,8,7
1886,7,2,DRY,CLASE A,8,7
1887,7,2,DRY,CLASE A,9,7
1888,7,2,DRY,CLASE A,9,7
1889,7,2,DRY,CLASE A,9,7
1890,7,2,DRY,CLASE A,8,7
1891,7,2,DRY,CLASE A,9,7
1892,2,2,RF,CLASE B-C,10,7
1893,2,2,DRY,CLASE B-C,10,7
1894,2,2,DRY,CLASE B-C,9,7
1895,2,1,DRY,CLASE B-C,4,7
1896,2,2,DRY,CLASE B-C,10,7
1897,2,2,RF,CLASE B-C,10,7
1898,2,2,RF,CLASE B-C,10,7
1899,2,2,RF,CLASE B-C,10,7
1900,2,2,DRY,CLASE B-C,9,7
1901,2,2,DRY,CLASE B-C,9,7
1902,2,2,DRY,CLASE B-C,10,7
1903,2,2,RF,CLASE B-C,10,7
1904,2,2,RF,CLASE B-C,10,7
1905,7,2,RF,CLASE A,2,7
1906,7,2,DRY,CLASE B-C,5,7
1907,7,2,DRY,CLASE B-C,6,7
1908,7,2,RF,CLASE A,2,7
1909,7,2,RF,CLASE A,2,7
1910,7,2,DRY,CLASE B-C,6,7
1911,7,2,DRY,CLASE B-C,5,7
1912,7,2,DRY,CLASE B-C,6,7
1913,7,2,RF,CLASE A,4,7
1914,7,2,DRY,CLASE B-C,6,7
1915,6,2,DRY,CLASE A,6,7
1916,6,2,DRY,CLASE A,6,7
1917,4,2,DRY,CLASE B-C,5,7
1918,2,2,DRY,CLASE B-C,3,7
1919,2,2,DRY,CLASE B-C,3,7
1920,2,2,DRY,CLASE B-C,1,7
1921,3,2,DRY,CLASE B-C,1,7
1922,3,2,DRY,CLASE B-C,93,7
1923,3,2,DRY,CLASE B-C,93,7
1924,3,2,DRY,CLASE B-C,96,7
1925,3,2,DRY,CLASE B-C,95,7
1926,3,2,DRY,CLASE B-C,94,7
1927,3,2,DRY,CLASE B-C,95,7
1928,3,2,DRY,CLASE B-C,95,7
1929,3,2,DRY,CLASE B-C,90,7
1930,3,2,DRY,CLASE B-C,90,7
1931,3,2,DRY,CLASE B-C,72,7
1932,2,2,DRY,CLASE B-C,53,7
1933,2,2,DRY,INSPECTION,52,7
1934,2,2,DRY,CLASE B-C,52,7
1935,3,2,DRY,CLASE B-C,38,7
1936,2,2,DRY,CLASE B-C,36,7
1937,2,2,DRY,CLASE B-C,37,7
1938,2,2,DRY,CLASE B-C,37,7
1939,2,2,DRY,CLASE B-C,37,7
1940,2,2,DRY,CLASE B-C,37,7
1941,2,2,DRY,INSPECTION,37,7
1942,2,2,DRY,CLASE B-C,36,7
1943,6,2,RF,CLASE B-C,35,7
1944,2,2,DRY,CLASE B-C,36,7
1945,2,2,DRY,CLASE B-C,36,7
1946,2,2,DRY,CLASE B-C,36,7
1947,2,2,DRY,CLASE B-C,36,7
1948,2,2,DRY,CLASE B-C,36,7
1949,2,2,DRY,CLASE B-C,36,7
1950,2,2,DRY,CLASE B-C,36,7
1951,2,2,DRY,CLASE B-C,36,7
1952,2,2,DRY,CLASE B-C,36,7
1953,2,2,DRY,CLASE B-C,36,7
1954,2,2,DRY,CLASE B-C,36,7
1955,1,2,DRY,CLASE B-C,20,7
1956,7,2,DRY,CLASE B-C,17,7
1957,7,2,DRY,CLASE B-C,18,7
1958,7,2,DRY,CLASE B-C,18,7
1959,7,2,DRY,CLASE B-C,18,7
1960,7,2,DRY,CLASE B-C,18,7
1961,7,2,DRY,CLASE B-C,17,7
1962,7,2,DRY,CLASE B-C,17,7
1963,7,2,DRY,CLASE B-C,18,7
1964,7,2,DRY,CLASE B-C,18,7
1965,7,2,DRY,CLASE B-C,18,7
1966,7,2,DRY,CLASE B-C,18,7
1967,7,2,DRY,CLASE B-C,18,7
1968,7,2,DRY,CLASE B-C,17,7
1969,7,2,DRY,CLASE B-C,18,7
1970,7,2,DRY,CLASE B-C,18,7
1971,7,2,DRY,CLASE B,18,7
1972,7,2,DRY,CLASE B-C,18,7
1973,7,2,DRY,CLASE B-C,18,7
1974,7,2,DRY,CLASE A,18,7
1975,7,2,DRY,CLASE B,18,7
1976,7,2,DRY,CLASE B-C,18,7
1977,7,2,DRY,CLASE B-C,17,7
1978,7,2,DRY,CLASE B-C,18,7
1979,7,2,DRY,CLASE B-C,18,7
1980,7,2,DRY,CLASE B-C,5,7
1981,7,2,DRY,CLASE B-C,5,7
1982,7,2,DRY,CLASE B-C,9,7
1983,7,2,DRY,CLASE B-C,5,7
1984,7,2,DRY,CLASE B-C,5,7
1985,7,2,DRY,CLASE B-C,5,7
1986,7,2,DRY,CLASE B-C,5,7
1987,7,2,DRY,CLASE B-C,5,7
1988,7,2,DRY,CLASE B-C,5,7
1989,7,2,DRY,CLASE B-C,5,7
1990,7,2,DRY,CLASE B-C,9,7
1991,7,2,DRY,CLASE B-C,9,7
1992,7,2,DRY,CLASE B-C,5,7
1993,7,2,DRY,CLASE B,5,7
1994,7,2,DRY,CLASE B-C,5,7
1995,7,2,DRY,CLASE B-C,9,7
1996,7,2,DRY,CLASE B-C,5,7
1997,7,2,DRY,CLASE B-C,9,7
1998,7,2,DRY,CLASE B-C,5,7
1999,7,2,DRY,CLASE B-C,5,7
2000,7,2,DRY,CLASE B-C,9,7
2001,7,2,DRY,CLASE B-C,5,7
2002,7,2,DRY,CLASE B-C,5,7
2003,7,2,DRY,CLASE B-C,5,7
2004,7,2,DRY,CLASE B-C,5,7
2005,7,2,DRY,CLASE B-C,9,7
2006,7,2,DRY,CLASE B-C,5,7
2007,7,2,DRY,CLASE B-C,5,7
2008,7,2,DRY,CLASE B-C,5,7
2009,7,2,DRY,CLASE B-C,12,7
2010,7,2,DRY,CLASE B-C,5,7
2011,7,2,DRY,CLASE B-C,5,7
2012,7,2,DRY,CLASE B-C,9,7
2013,7,2,DRY,CLASE B-C,5,7
2014,1,2,RF,CLASE B-C,6,7
2015,1,2,DRY,CLASE B-C,4,7
2016,1,2,DRY,CLASE B-C,4,7
2017,6,2,RF,CLASE B-C,5,7
2018,7,2,DRY,CLASE B-C,1,7
2019,7,2,DRY,CLASE B-C,1,7
2020,7,2,DRY,CLASE B-C,1,7
2021,7,2,DRY,CLASE B-C,1,7
2022,7,2,DRY,CLASE B-C,1,7
2023,6,2,DRY,CLASE A,7,7
2024,2,2,DRY,CLASE B-C,1,7
2025,2,2,DRY,CLASE B-C,1,7
2026,2,2,DRY,CLASE B-C,1,7
2027,2,2,DRY,CLASE B-C,1,7
2028,2,2,DRY,CLASE B-C,1,7
2029,2,2,DRY,CLASE B-C,1,7
2030,2,2,DRY,CLASE B-C,1,7
2031,2,2,DRY,CLASE B-C,1,7
2032,2,2,DRY,CLASE B-C,1,7
2033,2,2,DRY,CLASE B-C,1,7
2034,2,2,DRY,CLASE B-C,1,7
2035,2,2,DRY,CLASE B-C,1,7
2036,2,2,DRY,CLASE B-C,1,7
2037,2,2,DRY,CLASE B-C,1,7
2038,2,2,DRY,CLASE B-C,1,7
2039,2,2,DRY,CLASE B-C,1,7
2040,2,2,DRY,CLASE B-C,1,7
2041,2,2,DRY,CLASE B-C,1,7
2042,2,2,DRY,CLASE B-C,1,7
2043,2,2,DRY,CLASE B-C,1,7
2044,2,2,DRY,CLASE B-C,1,7
2045,2,2,DRY,CLASE B-C,1,7
2046,2,2,DRY,CLASE B-C,1,7
2047,2,2,DRY,CLASE B-C,1,7
2048,2,2,DRY,CLASE B-C,1,7
2049,2,2,DRY,CLASE B-C,1,7
2050,6,2,RF,CLASE B-C,96,7
2051,3,2,DRY,CLASE B-C,95,7
2052,3,2,DRY,CLASE B-C,95,7
2053,3,2,DRY,CLASE B-C,90,7
2054,3,2,DRY,CLASE B-C,89,7
2055,3,2,DRY,CLASE B-C,68,7
2056,3,2,DRY,CLASE B-C,68,7
2057,6,2,DRY,CLASE B-C,56,7
2058,3,2,DRY,CLASE B-C,38,7
2059,3,2,DRY,CLASE B-C,38,7
2060,3,2,DRY,CLASE B-C,38,7
2061,3,2,DRY,CLASE B-C,38,7
2062,3,2,DRY,CLASE B-C,38,7
2063,3,2,DRY,CLASE B-C,38,7
2064,3,2,DRY,CLASE B-C,38,7
2065,6,2,DRY,CLASE B-C,45,7
2066,6,2,DRY,CLASE B-C,45,7
2067,6,2,DRY,CLASE B-C,45,7
2068,6,2,DRY,CLASE B-C,45,7
2069,6,2,DRY,CLASE B-C,45,7
2070,6,2,DRY,CLASE B-C,45,7
2071,2,2,DRY,CLASE B-C,37,7
2072,2,2,DRY,CLASE B-C,37,7
2073,2,2,DRY,CLASE B-C,37,7
2074,2,2,DRY,CLASE B-C,37,7
2075,3,1,DRY,CLASE B-C,23,7
2076,3,1,DRY,CLASE B-C,23,7
2077,8,2,DRY,CLASE B-C,39,7
2078,8,2,DRY,CLASE B-C,39,7
2079,8,2,DRY,CLASE B-C,39,7
2080,4,2,DRY,CLASE B-C,35,7
2081,4,2,DRY,CLASE B-C,35,7
2082,4,2,DRY,CLASE B-C,35,7
2083,4,2,DRY,CLASE B-C,35,7
2084,4,2,DRY,CLASE B-C,35,7
2085,4,2,DRY,CLASE B-C,35,7
2086,4,2,DRY,CLASE B-C,35,7
2087,2,2,DRY,CLASE B-C,34,7
2088,2,2,DRY,CLASE B-C,33,7
2089,2,2,DRY,INSPECTION,34,7
2090,2,2,DRY,CLASE B-C,32,7
2091,2,2,DRY,CLASE B-C,34,7
2092,2,2,DRY,INSPECTION,33,7
2093,6,2,RF,CLASE B-C,33,7
2094,7,2,DRY,CLASE B-C,26,7
2095,7,2,DRY,CLASE B-C,27,7
2096,6,2,RF,CLASE B-C,15,7
2097,7,2,DRY,CLASE B-C,19,7
2098,7,2,DRY,CLASE B-C,20,7
2099,7,2,DRY,CLASE B-C,19,7
2100,7,2,DRY,CLASE B-C,20,7
2101,7,2,DRY,CLASE B-C,19,7
2102,7,2,DRY,CLASE B-C,19,7
2103,7,2,DRY,CLASE B-C,20,7
2104,7,2,DRY,CLASE B-C,19,7
2105,7,2,DRY,CLASE B-C,21,7
2106,7,2,DRY,CLASE B-C,16,7
2107,7,2,DRY,CLASE B-C,18,7
2108,7,2,DRY,CLASE B-C,16,7
2109,7,2,DRY,CLASE B-C,16,7
2110,7,2,DRY,CLASE B,16,7
2111,7,2,DRY,CLASE B-C,16,7
2112,7,2,DRY,CLASE B-C,18,7
2113,7,2,DRY,CLASE B-C,16,7
2114,7,2,DRY,CLASE B-C,16,7
2115,7,2,DRY,CLASE B-C,16,7
2116,7,2,DRY,CLASE B-C,16,7
2117,7,2,DRY,CLASE B-C,18,7
2118,7,2,DRY,CLASE B-C,16,7
2119,7,2,DRY,CLASE B-C,1,7
2120,7,2,DRY,CLASE B-C,16,7
2121,7,2,DRY,CLASE B-C,16,7
2122,7,2,DRY,CLASE B-C,16,7
2123,7,2,DRY,CLASE B-C,1,7
2124,7,2,DRY,CLASE B-C,16,7
2125,7,2,DRY,CLASE B,16,7
2126,7,2,DRY,CLASE B-C,16,7
2127,7,2,DRY,CLASE B-C,16,7
2128,7,2,DRY,CLASE B-C,18,7
2129,7,2,DRY,CLASE B-C,16,7
2130,7,2,DRY,CLASE B-C,16,7
2131,6,2,DRY,CLASE B-C,12,7
2132,6,2,RF,CLASE B-C,14,7
2133,6,2,RF,CLASE B-C,13,7
2134,6,2,RF,CLASE B-C,5,7
2135,6,2,RF,CLASE B-C,5,7
2136,7,2,DRY,CLASE B-C,1,7
2137,7,2,DRY,CLASE B-C,1,7
2138,7,2,DRY,CLASE B-C,1,7
2139,7,2,DRY,CLASE B-C,1,7
2140,7,2,DRY,CLASE B-C,1,7
2141,7,2,DRY,CLASE B-C,9,7
2142,7,2,DRY,CLASE B-C,1,7
2143,7,2,DRY,CLASE B-C,12,7
2144,7,2,DRY,CLASE B-C,1,7
2145,7,2,DRY,CLASE B-C,1,7
2146,7,2,DRY,CLASE B-C,12,7
2147,7,2,DRY,CLASE B-C,1,7
2148,7,2,DRY,CLASE B-C,12,7
2149,7,2,DRY,CLASE B-C,1,7
2150,7,2,DRY,CLASE B-C,1,7
2151,7,2,DRY,CLASE B-C,9,7
2152,7,2,DRY,CLASE B-C,1,7
2153,7,2,DRY,CLASE B-C,12,7
2154,7,2,DRY,CLASE B-C,1,7
2155,7,2,DRY,CLASE B-C,12,7
2156,7,2,DRY,CLASE B-C,9,7
2157,7,2,DRY,CLASE B-C,1,7
2158,7,2,DRY,CLASE B-C,9,7
2159,7,2,DRY,CLASE B-C,12,7
2160,7,2,DRY,CLASE B-C,12,7
2161,7,2,DRY,CLASE B-C,12,7
2162,7,2,DRY,CLASE B-C,9,7
2163,7,2,DRY,CLASE B-C,9,7
2164,7,2,DRY,CLASE B-C,9,7
2165,7,2,DRY,CLASE B-C,1,7
2166,7,2,DRY,CLASE B-C,1,7
2167,7,2,DRY,CLASE B-C,5,7
2168,7,2,DRY,CLASE B-C,12,7
2169,7,2,DRY,CLASE B-C,9,7
2170,7,2,DRY,CLASE B-C,12,7
2171,7,2,DRY,CLASE B-C,9,7
2172,7,2,DRY,CLASE B-C,1,7
2173,7,2,DRY,CLASE B-C,1,7
2174,7,2,DRY,CLASE B-C,9,7
2175,7,2,DRY,CLASE B-C,12,7
2176,7,2,DRY,CLASE B-C,1,7
2177,7,2,DRY,CLASE B-C,1,7
2178,7,2,DRY,CLASE B-C,9,7
2179,7,2,DRY,CLASE B-C,9,7
2180,7,2,DRY,CLASE B-C,9,7
2181,7,2,DRY,CLASE B-C,1,7
2182,7,2,DRY,CLASE B-C,5,7
2183,7,2,DRY,CLASE B-C,1,7
2184,7,2,DRY,CLASE B-C,1,7
2185,7,2,DRY,CLASE B-C,9,7
2186,7,2,DRY,CLASE B-C,1,7
2187,7,2,DRY,CLASE B-C,1,7
2188,7,2,DRY,CLASE B-C,9,7
2189,7,2,DRY,CLASE B-C,9,7
2190,7,2,DRY,CLASE B-C,12,7
2191,7,2,DRY,CLASE B-C,12,7
2192,7,2,DRY,CLASE B-C,1,7
2193,7,2,DRY,CLASE B-C,12,7
2194,7,2,DRY,CLASE B-C,12,7
2195,7,2,DRY,CLASE B-C,1,7
2196,7,2,DRY,CLASE B-C,12,7
2197,7,2,DRY,CLASE B-C,9,7
2198,7,2,DRY,CLASE B-C,1,7
2199,7,2,DRY,CLASE B-C,9,7
2200,7,2,DRY,CLASE B-C,12,7
2201,7,2,DRY,CLASE B-C,5,7
2202,7,2,DRY,CLASE B-C,9,7
2203,7,2,DRY,CLASE B-C,12,7
2204,7,2,DRY,CLASE B-C,9,7
2205,7,2,DRY,CLASE B-C,1,7
2206,7,2,DRY,CLASE B-C,9,7
2207,7,2,DRY,CLASE B-C,1,7
2208,7,2,DRY,CLASE B-C,1,7
2209,7,2,DRY,CLASE B-C,9,7
2210,7,2,DRY,CLASE D,9,7
2211,7,2,DRY,CLASE B-C,1,7
2212,7,2,DRY,CLASE B-C,1,7
2213,7,2,DRY,CLASE B-C,1,7
2214,7,2,DRY,CLASE B-C,9,7
2215,7,2,DRY,CLASE B-C,5,7
2216,7,2,DRY,CLASE B-C,9,7
2217,7,2,DRY,CLASE B-C,1,7
2218,7,2,DRY,CLASE B-C,1,7
2219,2,2,DRY,CLASE B-C,10,7
2220,2,2,DRY,CLASE B-C,10,7
2221,2,2,RF,CLASE B-C,11,7
2222,2,2,RF,CLASE B-C,11,7
2223,2,2,DRY,CLASE B-C,10,7
2224,1,2,DRY,CLASE B-C,5,7
2225,1,2,RF,CLASE A,5,7
2226,1,2,RF,CLASE A,7,7
2227,1,2,DRY,CLASE B-C,5,7
2228,1,2,DRY,CLASE B-C,4,7
2229,1,1,DRY,CLASE B-C,5,7
2230,1,1,DRY,CLASE B-C,6,7
2231,1,2,DRY,CLASE B-C,5,7
2232,1,2,DRY,CLASE B-C,5,7
2233,7,2,DRY,CLASE B-C,1,7
2234,7,2,DRY,CLASE B,8,7
2235,7,2,DRY,CLASE B-C,1,7
2236,7,2,DRY,CLASE B-C,8,7
2237,7,2,DRY,CLASE B-C,1,7
2238,7,2,DRY,CLASE B-C,6,7
2239,7,2,DRY,CLASE B-C,8,7
2240,7,2,DRY,CLASE B-C,1,7
2241,7,2,DRY,CLASE B-C,8,7
2242,7,2,DRY,CLASE B-C,8,7
2243,7,2,DRY,CLASE B-C,8,7
2244,7,2,RF,CLASE B-C,3,7
2245,7,2,DRY,CLASE B-C,1,7
2246,7,2,DRY,CLASE B-C,8,7
2247,7,2,DRY,CLASE B-C,8,7
2248,7,2,DRY,CLASE B-C,8,7
2249,7,2,DRY,CLASE B-C,8,7
2250,7,2,DRY,CLASE B-C,8,7
2251,7,2,DRY,CLASE B-C,1,7
2252,7,2,DRY,CLASE B-C,8,7
2253,7,2,DRY,CLASE B-C,1,7
2254,7,2,DRY,CLASE B-C,8,7
2255,7,2,DRY,CLASE B-C,8,7
2256,7,2,DRY,CLASE B-C,6,7
2257,7,2,DRY,CLASE B-C,6,7
2258,7,2,DRY,CLASE B-C,1,7
2259,7,2,DRY,CLASE B-C,6,7
2260,7,2,DRY,CLASE B-C,1,7
2261,7,2,DRY,CLASE B-C,8,7
2262,7,2,DRY,CLASE B-C,1,7
2263,7,2,DRY,CLASE B-C,8,7
2264,7,2,DRY,CLASE B-C,8,7
2265,7,2,DRY,CLASE B-C,8,7
2266,7,2,DRY,CLASE B-C,8,7
2267,7,2,DRY,CLASE B-C,6,7
2268,7,2,DRY,CLASE B-C,8,7
2269,7,2,DRY,CLASE B-C,8,7
2270,7,2,DRY,CLASE B-C,1,7
2271,7,2,DRY,CLASE B-C,1,7
2272,7,2,DRY,CLASE B-C,8,7
2273,7,2,DRY,CLASE B-C,1,7
2274,7,2,DRY,CLASE B-C,8,7
2275,7,2,DRY,CLASE B-C,1,7
2276,7,2,DRY,CLASE B-C,8,7
2277,7,2,RF,CLASE B-C,4,7
2278,7,2,RF,CLASE B-C,4,7
2279,7,2,DRY,CLASE B-C,8,7
2280,7,2,DRY,CLASE B-C,1,7
2281,7,2,DRY,CLASE B-C,8,7
2282,7,2,DRY,CLASE B-C,8,7
2283,7,2,DRY,CLASE B,6,7
2284,7,2,DRY,CLASE B-C,1,7
2285,7,2,DRY,CLASE B-C,6,7
2286,7,2,DRY,CLASE B-C,6,7
2287,7,2,RF,CLASE B-C,4,7
2288,7,2,DRY,CLASE B-C,1,7
2289,7,2,DRY,CLASE B-C,8,7
2290,7,2,RF,CLASE B-C,4,7
2291,7,2,DRY,CLASE B-C,1,7
2292,7,2,DRY,CLASE B-C,1,7
2293,7,2,DRY,CLASE B-C,8,7
2294,7,2,DRY,CLASE B-C,1,7
2295,7,2,DRY,CLASE B-C,1,7
2296,7,2,DRY,CLASE B-C,8,7
2297,7,2,DRY,CLASE B-C,1,7
2298,1,1,DRY,CLASE B-C,6,7
2299,2,2,DRY,CLASE B-C,1,7
2300,2,2,DRY,CLASE B-C,1,7
2301,2,2,DRY,CLASE B-C,1,7
2302,2,2,DRY,CLASE B-C,1,7
2303,2,2,DRY,CLASE B-C,1,7
2304,2,2,DRY,CLASE B-C,1,7
2305,1,2,DRY,CLASE B-C,1,7
2306,1,2,DRY,INSPECTION,231,7
2307,1,2,DRY,INSPECTION,187,7
2308,3,2,DRY,CLASE B-C,97,7
2309,3,2,DRY,CLASE A,90,7
2310,1,2,DRY,INSPECTION,77,7
2311,1,2,DRY,INSPECTION,71,7
2312,2,2,RF,INSPECTION,71,7
2313,3,2,DRY,CLASE B-C,68,7
2314,3,2,DRY,CLASE B-C,71,7
2315,1,2,DRY,INSPECTION,64,7
2316,1,2,DRY,INSPECTION,65,7
2317,7,2,RF,CLASE B-C,69,7
2318,3,2,DRY,CLASE B-C,63,7
2319,3,2,DRY,CLASE B-C,63,7
2320,3,2,DRY,CLASE B-C,63,7
2321,3,2,DRY,CLASE B-C,63,7
2322,3,2,DRY,CLASE B-C,63,7
2323,4,2,DRY,CLASE B-C,56,7
2324,2,2,DRY,INSPECTION,48,7
2325,2,2,DRY,INSPECTION,43,7
2326,2,2,DRY,INSPECTION,53,7
2327,2,2,DRY,INSPECTION,48,7
2328,2,2,DRY,INSPECTION,53,7
2329,2,2,DRY,INSPECTION,48,7
2330,3,2,DRY,CLASE B-C,35,7
2331,3,2,DRY,CLASE B-C,35,7
2332,3,2,DRY,CLASE B-C,35,7
2333,3,2,DRY,CLASE B-C,39,7
2334,3,2,DRY,CLASE B-C,35,7
2335,7,2,DRY,CLASE B-C,39,7
2336,2,2,DRY,INSPECTION,47,7
2337,2,2,DRY,CLASE B-C,47,7
2338,2,2,DRY,INSPECTION,41,7
2339,2,1,DRY,INSPECTION,42,7
2340,2,2,DRY,INSPECTION,40,7
2341,2,2,DRY,CLASE B-C,47,7
2342,2,2,DRY,INSPECTION,38,7
2343,2,2,DRY,INSPECTION,37,7
2344,3,2,DRY,CLASE B-C,40,7
2345,8,2,DRY,CLASE B-C,40,7
2346,8,2,DRY,CLASE B-C,40,7
2347,8,2,DRY,CLASE B-C,40,7
2348,6,2,DRY,CLASE B-C,37,7
2349,6,2,DRY,CLASE B-C,37,7
2350,6,2,DRY,CLASE B-C,37,7
2351,6,2,DRY,CLASE B-C,37,7
2352,7,2,DRY,CLASE B-C,41,7
2353,8,2,DRY,CLASE B-C,40,7
2354,4,2,DRY,CLASE B-C,36,7
2355,4,2,DRY,CLASE B-C,40,7
2356,4,2,DRY,CLASE B-C,40,7
2357,4,2,DRY,CLASE B-C,40,7
2358,2,2,DRY,INSPECTION,34,7
2359,2,2,DRY,INSPECTION,33,7
2360,2,2,DRY,INSPECTION,35,7
2361,2,2,DRY,INSPECTION,34,7
2362,2,2,DRY,INSPECTION,34,7
2363,2,2,DRY,INSPECTION,33,7
2364,2,2,DRY,INSPECTION,35,7
2365,2,2,DRY,INSPECTION,36,7
2366,2,2,DRY,INSPECTION,34,7
2367,2,2,DRY,INSPECTION,34,7
2368,2,2,DRY,INSPECTION,34,7
2369,3,2,DRY,CLASE B-C,35,7
2370,6,2,DRY,CLASE B-C,31,7
2371,6,2,DRY,CLASE B-C,31,7
2372,6,2,DRY,CLASE B-C,35,7
2373,1,2,DRY,INSPECTION,35,7
2374,2,2,DRY,INSPECTION,30,7
2375,6,2,DRY,CLASE B-C,26,7
2376,6,2,DRY,CLASE B-C,26,7
2377,6,2,DRY,CLASE B-C,26,7
2378,6,2,DRY,CLASE B-C,26,7
2379,6,2,DRY,CLASE B-C,26,7
2380,6,2,DRY,CLASE B-C,26,7
2381,6,2,DRY,CLASE B-C,26,7
2382,6,2,DRY,CLASE B-C,26,7
2383,6,2,DRY,CLASE B-C,26,7
2384,6,2,DRY,CLASE B-C,26,7
2385,7,2,DRY,CLASE B-C,27,7
2386,7,2,DRY,CLASE B-C,5,7
2387,2,1,DRY,INSPECTION,14,7
2388,2,1,DRY,INSPECTION,14,7
2389,5,2,DRY,INSPECTION,14,7
2390,1,2,DRY,INSPECTION,5,7
2391,7,2,DRY,CLASE B,2,7
2392,7,2,DRY,CLASE B-C,17,7
2393,7,2,DRY,CLASE B-C,16,7
2394,7,2,DRY,CLASE B-C,17,7
2395,7,2,DRY,CLASE B-C,17,7
2396,7,2,DRY,CLASE B-C,16,7
2397,7,2,DRY,CLASE B-C,16,7
2398,7,2,DRY,CLASE B-C,16,7
2399,7,2,DRY,CLASE B-C,17,7
2400,7,2,DRY,CLASE B-C,17,7
2401,7,2,DRY,CLASE B-C,17,7
2402,7,2,DRY,CLASE B-C,16,7
2403,7,2,DRY,CLASE B-C,16,7
2404,7,2,DRY,CLASE B-C,16,7
2405,7,2,DRY,CLASE B-C,17,7
2406,7,2,DRY,CLASE B-C,16,7
2407,7,2,DRY,CLASE B-C,16,7
2408,7,2,DRY,CLASE B-C,17,7
2409,7,2,DRY,CLASE B-C,17,7
2410,7,2,DRY,CLASE B-C,17,7
2411,7,2,DRY,CLASE B-C,16,7
2412,7,2,DRY,CLASE B-C,1,7
2413,7,2,DRY,CLASE B-C,22,7
2414,7,2,DRY,CLASE B-C,20,7
2415,7,2,DRY,CLASE B-C,17,7
2416,7,2,DRY,CLASE B-C,17,7
2417,7,2,DRY,CLASE B-C,17,7
2418,7,2,DRY,CLASE B-C,17,7
2419,7,2,DRY,CLASE B-C,20,7
2420,7,2,DRY,CLASE B-C,20,7
2421,7,2,DRY,CLASE B-C,20,7
2422,7,2,DRY,CLASE B-C,17,7
2423,7,2,DRY,CLASE B-C,20,7
2424,7,2,DRY,CLASE B-C,17,7
2425,7,2,DRY,CLASE B-C,20,7
2426,7,2,DRY,CLASE B-C,16,7
2427,7,2,DRY,CLASE B-C,19,7
2428,7,2,DRY,CLASE B-C,19,7
2429,7,2,DRY,CLASE B-C,16,7
2430,7,2,DRY,CLASE B-C,19,7
2431,7,2,DRY,CLASE B-C,16,7
2432,7,2,DRY,CLASE B-C,19,7
2433,7,2,DRY,CLASE B-C,19,7
2434,7,2,DRY,CLASE B-C,19,7
2435,7,2,DRY,CLASE B-C,19,7
2436,7,2,DRY,CLASE B-C,17,7
2437,7,2,DRY,CLASE B-C,16,7
2438,7,2,DRY,CLASE B-C,19,7
2439,7,2,DRY,CLASE B-C,19,7
2440,7,2,DRY,CLASE B-C,19,7
2441,7,2,DRY,CLASE B-C,16,7
2442,7,2,DRY,CLASE B-C,16,7
2443,7,2,DRY,CLASE B-C,20,7
2444,7,2,DRY,CLASE B-C,19,7
2445,7,2,DRY,CLASE B-C,20,7
2446,7,2,DRY,CLASE B-C,20,7
2447,7,2,DRY,CLASE B-C,19,7
2448,7,2,DRY,CLASE B-C,19,7
2449,7,2,DRY,CLASE B-C,19,7
2450,7,2,DRY,CLASE B-C,19,7
2451,7,2,DRY,CLASE B-C,19,7
2452,7,2,DRY,CLASE B-C,20,7
2453,7,2,DRY,CLASE B-C,19,7
2454,7,2,DRY,CLASE B-C,19,7
2455,7,2,DRY,CLASE B-C,19,7
2456,7,2,DRY,CLASE B-C,19,7
2457,7,2,DRY,CLASE B-C,19,7
2458,7,2,DRY,CLASE B-C,19,7
2459,7,2,DRY,CLASE B-C,20,7
2460,7,2,DRY,CLASE B-C,19,7
2461,7,2,RF,CLASE B-C,19,7
2462,7,2,DRY,CLASE B-C,19,7
2463,7,2,DRY,CLASE B-C,20,7
2464,7,2,DRY,CLASE B-C,19,7
2465,7,2,DRY,CLASE B-C,19,7
2466,7,2,DRY,CLASE B-C,19,7
2467,3,1,DRY,CLASE B-C,10,7
2468,3,1,DRY,CLASE B-C,10,7
2469,6,2,RF,CLASE B-C,14,7
2470,6,2,DRY,CLASE B-C,13,7
2471,6,2,DRY,CLASE B-C,8,7
2472,6,2,RF,CLASE B-C,15,7
2473,6,2,DRY,CLASE B-C,8,7
2474,7,2,DRY,CLASE B-C,12,7
2475,7,2,DRY,CLASE B-C,12,7
2476,7,2,DRY,CLASE B-C,13,7
2477,7,2,DRY,CLASE B-C,13,7
2478,7,2,DRY,CLASE B-C,13,7
2479,7,2,DRY,CLASE B-C,10,7
2480,7,2,DRY,CLASE B-C,13,7
2481,7,2,DRY,CLASE B-C,13,7
2482,7,2,DRY,CLASE B,13,7
2483,7,2,DRY,CLASE B-C,13,7
2484,7,2,DRY,CLASE B-C,13,7
2485,7,2,DRY,CLASE B-C,13,7
2486,7,2,DRY,CLASE B-C,13,7
2487,7,2,DRY,CLASE B-C,10,7
2488,7,2,DRY,CLASE B-C,10,7
2489,7,2,DRY,CLASE B-C,13,7
2490,7,2,DRY,CLASE B-C,12,7
2491,7,2,DRY,CLASE B-C,13,7
2492,7,2,DRY,CLASE B-C,10,7
2493,7,2,DRY,CLASE B-C,13,7
2494,7,2,DRY,CLASE B-C,15,7
2495,7,2,DRY,CLASE B-C,13,7
2496,7,2,DRY,CLASE B-C,13,7
2497,7,2,DRY,CLASE B-C,13,7
2498,7,2,DRY,CLASE B-C,6,7
2499,7,2,DRY,CLASE B-C,13,7
2500,7,2,DRY,CLASE B-C,10,7
2501,7,2,DRY,CLASE B-C,12,7
2502,7,2,DRY,CLASE B-C,13,7
2503,7,2,DRY,CLASE B-C,13,7
2504,7,2,DRY,CLASE B-C,10,7
2505,7,2,DRY,CLASE D,13,7
2506,7,2,DRY,CLASE B-C,10,7
2507,2,1,DRY,INSPECTION,7,7
2508,2,2,DRY,CLASE B-C,3,7
2509,2,2,RF,CLASE B-C,7,7
2510,2,1,DRY,INSPECTION,8,7
2511,2,1,DRY,INSPECTION,3,7
2512,2,1,DRY,INSPECTION,7,7
2513,2,1,DRY,INSPECTION,7,7
2514,2,1,DRY,INSPECTION,10,7
2515,2,1,DRY,INSPECTION,6,7
2516,2,1,DRY,INSPECTION,3,7
2517,2,1,DRY,INSPECTION,7,7
2518,2,1,DRY,INSPECTION,7,7
2519,2,1,DRY,INSPECTION,7,7
2520,5,2,DRY,INSPECTION,6,7
2521,5,2,DRY,INSPECTION,6,7
2522,5,2,DRY,INSPECTION,6,7
2523,5,2,DRY,INSPECTION,6,7
2524,5,2,DRY,INSPECTION,6,7
2525,5,2,DRY,INSPECTION,6,7
2526,5,2,DRY,INSPECTION,7,7
2527,5,2,DRY,INSPECTION,7,7
2528,5,2,DRY,INSPECTION,8,7
2529,5,2,DRY,INSPECTION,6,7
2530,5,2,DRY,INSPECTION,7,7
2531,5,2,DRY,INSPECTION,7,7
2532,5,1,DRY,INSPECTION,8,7
2533,5,2,DRY,INSPECTION,9,7
2534,5,2,DRY,INSPECTION,6,7
2535,5,2,DRY,INSPECTION,5,7
2536,5,2,DRY,INSPECTION,5,7
2537,5,2,DRY,INSPECTION,9,7
2538,5,2,DRY,INSPECTION,6,7
2539,5,2,DRY,INSPECTION,7,7
2540,5,2,DRY,INSPECTION,6,7
2541,5,2,DRY,INSPECTION,6,7
2542,5,2,DRY,INSPECTION,6,7
2543,5,2,DRY,INSPECTION,6,7
2544,1,2,DRY,INSPECTION,3,7
2545,1,2,DRY,INSPECTION,2,7
2546,1,2,DRY,INSPECTION,8,7
2547,1,1,DRY,CLASE B-C,6,7
2548,1,2,DRY,INSPECTION,3,7
2549,1,2,DRY,INSPECTION,2,7
2550,1,2,DRY,INSPECTION,7,7
2551,1,2,DRY,INSPECTION,6,7
2552,1,2,DRY,INSPECTION,7,7
2553,1,2,DRY,INSPECTION,3,7
2554,1,2,DRY,INSPECTION,7,7
2555,1,2,DRY,INSPECTION,2,7
2556,1,2,DRY,INSPECTION,7,7
2557,1,2,DRY,INSPECTION,7,7
2558,1,2,DRY,INSPECTION,7,7
2559,1,2,DRY,INSPECTION,5,7
2560,1,2,DRY,INSPECTION,8,7
2561,1,2,DRY,INSPECTION,7,7
2562,1,2,DRY,INSPECTION,7,7
2563,1,2,DRY,INSPECTION,8,7
2564,1,2,DRY,INSPECTION,3,7
2565,1,2,DRY,INSPECTION,6,7
2566,1,2,DRY,INSPECTION,8,7
2567,1,2,DRY,INSPECTION,7,7
2568,1,2,DRY,INSPECTION,7,7
2569,1,2,DRY,INSPECTION,8,7
2570,1,2,DRY,INSPECTION,8,7
2571,1,2,DRY,INSPECTION,7,7
2572,1,2,DRY,INSPECTION,8,7
2573,1,2,DRY,INSPECTION,8,7
2574,1,2,DRY,INSPECTION,6,7
2575,1,2,DRY,INSPECTION,8,7
2576,1,2,DRY,INSPECTION,7,7
2577,1,2,DRY,INSPECTION,7,7
2578,1,2,DRY,INSPECTION,8,7
2579,1,2,DRY,INSPECTION,7,7
2580,1,2,DRY,INSPECTION,8,7
2581,1,2,DRY,INSPECTION,7,7
2582,1,2,DRY,INSPECTION,7,7
2583,1,2,DRY,INSPECTION,6,7
2584,1,2,DRY,INSPECTION,2,7
2585,1,2,DRY,INSPECTION,3,7
2586,1,2,DRY,INSPECTION,8,7
2587,1,2,DRY,INSPECTION,7,7
2588,1,2,DRY,INSPECTION,6,7
2589,1,2,DRY,INSPECTION,7,7
2590,1,2,DRY,INSPECTION,5,7
2591,1,2,DRY,INSPECTION,7,7
2592,1,2,DRY,INSPECTION,6,7
2593,1,2,DRY,INSPECTION,6,7
2594,1,2,DRY,INSPECTION,8,7
2595,1,2,DRY,INSPECTION,8,7
2596,1,2,DRY,INSPECTION,8,7
2597,1,2,DRY,INSPECTION,7,7
2598,1,2,DRY,INSPECTION,8,7
2599,1,2,DRY,INSPECTION,7,7
2600,1,2,DRY,INSPECTION,8,7
2601,1,2,DRY,INSPECTION,7,7
2602,1,2,DRY,INSPECTION,7,7
2603,1,2,DRY,INSPECTION,7,7
2604,1,2,DRY,INSPECTION,8,7
2605,1,2,DRY,INSPECTION,6,7
2606,1,2,DRY,INSPECTION,6,7
2607,1,2,DRY,INSPECTION,2,7
2608,1,2,DRY,INSPECTION,6,7
2609,1,2,DRY,INSPECTION,3,7
2610,1,2,DRY,INSPECTION,3,7
2611,1,2,DRY,INSPECTION,7,7
2612,1,2,DRY,INSPECTION,8,7
2613,1,2,DRY,INSPECTION,8,7
2614,1,2,DRY,INSPECTION,7,7
2615,1,2,DRY,INSPECTION,9,7
2616,6,2,DRY,CLASE B-C,2,7
2617,6,2,RF,CLASE B-C,5,7
2618,6,2,RF,CLASE B-C,5,7
2619,7,2,DRY,CLASE B-C,8,7
2620,7,2,DRY,CLASE B-C,2,7
2621,7,2,DRY,CLASE B-C,2,7
2622,7,2,RF,CLASE B-C,6,7
2623,7,2,DRY,CLASE B-C,6,7
2624,7,2,DRY,CLASE B-C,2,7
2625,7,2,DRY,CLASE B-C,2,7
2626,7,2,DRY,CLASE B-C,1,7
2627,7,2,DRY,CLASE B-C,2,7
2628,7,2,DRY,CLASE B-C,8,7
2629,7,2,DRY,CLASE B-C,2,7
2630,7,2,DRY,CLASE B-C,8,7
2631,7,2,DRY,CLASE D,2,7
2632,7,2,DRY,CLASE B-C,8,7
2633,7,2,DRY,CLASE B-C,8,7
2634,7,2,RF,CLASE B-C,5,7
2635,7,2,DRY,CLASE B-C,8,7
2636,7,2,DRY,CLASE B-C,8,7
2637,7,2,DRY,CLASE B-C,2,7
2638,7,2,DRY,CLASE B-C,8,7
2639,7,2,RF,CLASE B-C,6,7
2640,7,2,RF,CLASE B-C,6,7
2641,7,2,RF,CLASE B-C,4,7
2642,7,2,RF,CLASE B-C,4,7
2643,7,2,DRY,CLASE B-C,1,7
2644,7,2,RF,CLASE B-C,7,7
2645,7,2,RF,CLASE B-C,6,7
2646,7,2,DRY,CLASE B-C,2,7
2647,7,2,DRY,CLASE B-C,8,7
2648,7,2,DRY,CLASE B-C,9,7
2649,7,2,DRY,CLASE B-C,2,7
2650,7,2,DRY,CLASE B-C,8,7
2651,7,2,DRY,CLASE B-C,9,7
2652,7,2,DRY,CLASE B-C,8,7
2653,7,2,DRY,CLASE B,2,7
2654,7,2,DRY,CLASE B-C,2,7
2655,7,2,DRY,CLASE B-C,8,7
2656,7,2,DRY,CLASE B-C,2,7
2657,7,2,DRY,CLASE B-C,2,7
2658,7,2,DRY,CLASE B-C,8,7
2659,7,2,DRY,CLASE B-C,2,7
2660,7,2,DRY,CLASE B-C,8,7
2661,7,2,DRY,CLASE B-C,2,7
2662,7,2,DRY,CLASE B-C,2,7
2663,7,2,DRY,CLASE B-C,8,7
2664,7,2,DRY,CLASE B-C,8,7
2665,7,2,DRY,CLASE B-C,2,7
2666,7,2,DRY,CLASE B-C,2,7
2667,7,2,DRY,CLASE B-C,2,7
2668,7,2,DRY,CLASE B-C,8,7
2669,7,2,DRY,CLASE B-C,2,7
2670,7,2,DRY,CLASE B-C,8,7
2671,7,2,DRY,CLASE B-C,8,7
2672,7,2,DRY,CLASE B-C,2,7
2673,7,2,DRY,CLASE B-C,2,7
2674,7,2,DRY,CLASE B-C,9,7
2675,7,2,RF,CLASE B-C,6,7
2676,7,2,DRY,CLASE B-C,2,7
2677,7,2,DRY,CLASE B-C,2,7
2678,7,2,DRY,CLASE B-C,2,7
2679,7,2,DRY,CLASE B,2,7
2680,7,2,DRY,CLASE B,2,7
2681,7,2,DRY,CLASE B-C,8,7
2682,7,2,DRY,CLASE B-C,2,7
2683,7,2,DRY,CLASE B-C,2,7
2684,7,2,DRY,CLASE B-C,2,7
2685,7,2,DRY,CLASE B-C,1,7
2686,7,2,DRY,CLASE B-C,2,7
2687,7,2,DRY,CLASE B-C,6,7
2688,7,2,RF,CLASE B-C,6,7
2689,7,2,RF,CLASE B-C,6,7
2690,7,2,RF,CLASE B-C,6,7
2691,7,2,DRY,CLASE B-C,2,7
2692,7,2,RF,CLASE B-C,6,7
2693,7,2,RF,CLASE B-C,7,7
2694,7,2,DRY,CLASE B-C,2,7
2695,7,2,DRY,CLASE D,2,7
2696,7,2,DRY,CLASE B-C,2,7
2697,7,2,DRY,CLASE B-C,8,7
2698,7,2,DRY,CLASE B-C,8,7
2699,7,2,DRY,CLASE B-C,2,7
2700,7,2,DRY,CLASE B-C,9,7
2701,7,2,DRY,CLASE B-C,1,7
2702,7,2,DRY,CLASE B-C,2,7
2703,7,2,DRY,CLASE B-C,8,7
2704,7,2,DRY,CLASE B-C,8,7
2705,7,2,DRY,CLASE B-C,2,7
2706,7,2,RF,CLASE B-C,7,7
2707,7,2,DRY,CLASE B-C,2,7
2708,7,2,DRY,CLASE B-C,8,7
2709,7,2,DRY,CLASE B-C,8,7
2710,7,2,RF,CLASE B-C,7,7
2711,7,2,DRY,CLASE B-C,2,7
2712,7,2,DRY,CLASE B-C,2,7
2713,7,2,DRY,CLASE B-C,2,7
2714,7,2,DRY,CLASE B-C,8,7
2715,7,2,DRY,CLASE B-C,2,7
2716,7,2,DRY,CLASE B-C,2,7
2717,7,2,DRY,CLASE B-C,2,7
2718,7,2,DRY,CLASE B-C,2,7
2719,7,2,RF,CLASE B-C,7,7
2720,7,2,DRY,CLASE B-C,2,7
2721,7,2,DRY,CLASE B-C,8,7
2722,7,2,DRY,CLASE B-C,2,7
2723,7,2,DRY,CLASE B-C,8,7
2724,7,2,DRY,CLASE B-C,8,7
2725,7,2,DRY,CLASE B-C,9,7
2726,7,2,DRY,CLASE B-C,2,7
2727,7,2,DRY,CLASE B-C,8,7
2728,7,2,DRY,CLASE B-C,8,7
2729,7,2,DRY,CLASE B-C,2,7
2730,7,2,DRY,CLASE B-C,2,7
2731,7,2,DRY,CLASE B-C,2,7
2732,6,2,DRY,CLASE B-C,9,7
2733,6,2,DRY,CLASE B-C,9,7
2734,6,2,DRY,CLASE B-C,9,7
2735,6,2,DRY,CLASE B-C,9,7
2736,6,2,DRY,CLASE B-C,8,7
2737,6,2,DRY,CLASE B-C,8,7
2738,6,2,DRY,CLASE B-C,8,7
2739,6,2,DRY,CLASE B-C,8,7
2740,6,2,DRY,CLASE B-C,8,7
2741,6,2,DRY,CLASE B-C,8,7
2742,6,2,DRY,CLASE B-C,8,7
2743,6,2,DRY,CLASE B-C,8,7
2744,6,2,DRY,CLASE B-C,8,7
2745,6,2,DRY,CLASE B-C,8,7
2746,6,2,DRY,CLASE B-C,8,7
2747,6,2,DRY,CLASE B-C,8,7
2748,6,2,DRY,CLASE B-C,8,7
2749,6,2,DRY,CLASE B-C,8,7
2750,6,2,DRY,CLASE B-C,8,7
2751,6,2,DRY,CLASE B-C,8,7
2752,1,2,DRY,INSPECTION,8,7
2753,1,2,DRY,INSPECTION,8,7
2754,1,2,DRY,INSPECTION,8,7
2755,1,2,DRY,INSPECTION,8,7
2756,1,2,DRY,INSPECTION,8,7
2757,1,2,DRY,INSPECTION,8,7
2758,1,2,DRY,INSPECTION,8,7
2759,1,1,DRY,CLASE B-C,7,7
2760,1,1,DRY,CLASE B-C,7,7
2761,1,1,DRY,CLASE B-C,7,7
2762,1,1,DRY,CLASE B-C,7,7
2763,1,2,DRY,INSPECTION,7,7
2764,1,2,DRY,INSPECTION,7,7
2765,5,2,DRY,INSPECTION,2,7
2766,1,2,DRY,INSPECTION,2,7
2767,1,2,DRY,INSPECTION,6,7
2768,1,2,DRY,INSPECTION,6,7
2769,1,2,DRY,INSPECTION,7,7
2770,1,2,DRY,INSPECTION,6,7
2771,1,2,DRY,INSPECTION,7,7
2772,1,2,DRY,INSPECTION,7,7
2773,1,2,DRY,INSPECTION,7,7
2774,1,2,DRY,INSPECTION,7,7
2775,1,2,DRY,INSPECTION,7,7
2776,1,2,DRY,INSPECTION,7,7
2777,1,2,DRY,INSPECTION,7,7
2778,1,2,DRY,INSPECTION,7,7
2779,1,2,DRY,INSPECTION,7,7
2780,1,2,DRY,INSPECTION,5,7
2781,1,2,DRY,INSPECTION,3,7
2782,1,2,DRY,INSPECTION,3,7
2783,1,2,DRY,INSPECTION,3,7
2784,1,2,DRY,INSPECTION,3,7
2785,1,2,DRY,INSPECTION,3,7
2786,1,2,DRY,INSPECTION,3,7
2787,1,2,DRY,INSPECTION,5,7
2788,1,2,DRY,INSPECTION,3,7
2789,1,2,DRY,INSPECTION,3,7
2790,1,2,DRY,INSPECTION,3,7
2791,1,2,DRY,INSPECTION,3,7
2792,1,2,DRY,INSPECTION,3,7
2793,1,2,DRY,INSPECTION,3,7
2794,1,2,DRY,INSPECTION,3,7
2795,1,2,DRY,INSPECTION,3,7
2796,1,2,DRY,INSPECTION,3,7
2797,1,2,DRY,INSPECTION,3,7
2798,1,2,DRY,INSPECTION,3,7
2799,1,2,DRY,INSPECTION,3,7
2800,1,2,DRY,INSPECTION,3,7
2801,3,2,DRY,CLASE B-C,3,7
2802,1,2,DRY,INSPECTION,3,7
2803,3,2,DRY,CLASE B-C,3,7
2804,3,2,DRY,CLASE B-C,3,7
2805,1,2,DRY,INSPECTION,2,7
2806,5,2,DRY,INSPECTION,2,7
2807,1,2,DRY,INSPECTION,2,7
2808,1,2,DRY,INSPECTION,2,7
2809,1,2,DRY,INSPECTION,2,7
2810,1,2,DRY,INSPECTION,2,7
2811,1,2,DRY,INSPECTION,2,7
2812,3,2,DRY,CLASE B-C,1,7
2813,3,2,DRY,CLASE B-C,1,7
2814,3,2,DRY,CLASE A,1,7
2815,3,2,DRY,CLASE B-C,1,7
2816,3,2,DRY,CLASE B-C,1,7
2817,3,2,DRY,CLASE B-C,1,7
2818,7,2,DRY,CLASE B-C,386,7
2819,7,2,RF,CLASE B-C,99,7
2820,3,2,DRY,CLASE B-C,91,7
2821,3,2,DRY,CLASE B-C,92,7
2822,3,2,DRY,CLASE B-C,90,7
2823,3,2,DRY,CLASE B-C,92,7
2824,3,2,DRY,CLASE B-C,92,7
2825,3,2,DRY,CLASE B-C,93,7
2826,3,2,DRY,CLASE B-C,94,7
2827,3,2,DRY,CLASE B-C,79,7
2828,3,2,DRY,CLASE B-C,79,7
2829,3,2,DRY,CLASE B-C,79,7
2830,3,2,DRY,CLASE B-C,79,7
2831,3,2,DRY,CLASE B-C,79,7
2832,3,2,DRY,CLASE B-C,79,7
2833,3,2,DRY,CLASE B-C,79,7
2834,3,2,DRY,CLASE B-C,79,7
2835,3,2,DRY,CLASE B-C,80,7
2836,3,2,DRY,CLASE B-C,79,7
2837,3,2,DRY,CLASE B-C,79,7
2838,3,2,DRY,CLASE B-C,79,7
2839,3,2,DRY,CLASE B-C,79,7
2840,3,2,DRY,CLASE B-C,80,7
2841,3,2,DRY,CLASE B-C,79,7
2842,3,2,DRY,CLASE B-C,79,7
2843,3,2,DRY,CLASE B-C,79,7
2844,3,2,DRY,CLASE B-C,79,7
2845,3,2,DRY,CLASE B-C,79,7
2846,3,2,DRY,CLASE B-C,79,7
2847,3,2,DRY,CLASE B-C,79,7
2848,3,2,DRY,CLASE B-C,79,7
2849,3,2,DRY,CLASE B-C,79,7
2850,3,2,DRY,CLASE B-C,79,7
2851,7,2,DRY,CLASE B-C,87,7
2852,3,2,DRY,CLASE B-C,73,7
2853,3,2,DRY,CLASE B-C,73,7
2854,3,2,DRY,CLASE B-C,73,7
2855,3,2,DRY,CLASE B-C,72,7
2856,3,2,DRY,CLASE B-C,72,7
2857,3,2,DRY,CLASE B-C,72,7
2858,3,2,DRY,CLASE B-C,65,7
2859,3,2,DRY,CLASE B-C,64,7
2860,3,2,DRY,CLASE B-C,64,7
2861,3,2,DRY,CLASE B-C,64,7
2862,3,2,DRY,CLASE B-C,65,7
2863,3,2,DRY,CLASE B-C,64,7
2864,6,2,DRY,CLASE B-C,60,7
2865,3,2,DRY,CLASE B-C,37,7
2866,3,2,DRY,CLASE B-C,38,7
2867,3,2,DRY,CLASE B-C,38,7
2868,3,2,DRY,CLASE B-C,38,7
2869,3,2,DRY,CLASE A,40,7
2870,3,2,DRY,CLASE B-C,38,7
2871,3,2,DRY,CLASE B-C,36,7
2872,3,2,DRY,CLASE B-C,36,7
2873,3,2,DRY,CLASE B-C,38,7
2874,3,2,DRY,CLASE B-C,37,7
2875,3,2,DRY,CLASE B-C,38,7
2876,3,2,DRY,CLASE B-C,37,7
2877,3,2,DRY,CLASE B-C,38,7
2878,7,2,DRY,CLASE B-C,43,7
2879,7,2,DRY,CLASE B-C,53,7
2880,3,2,DRY,INSPECTION,32,7
2881,3,2,DRY,CLASE B-C,40,7
2882,3,2,DRY,CLASE B-C,34,7
2883,3,2,DRY,CLASE B-C,35,7
2884,3,2,DRY,CLASE B-C,34,7
2885,3,2,DRY,CLASE B-C,34,7
2886,3,2,DRY,CLASE B-C,36,7
2887,3,2,DRY,CLASE B-C,34,7
2888,3,2,DRY,CLASE B-C,34,7
2889,3,2,DRY,CLASE B-C,36,7
2890,3,2,DRY,CLASE B-C,35,7
2891,3,2,DRY,CLASE B-C,1,7
2892,3,2,DRY,CLASE A,40,7
2893,3,2,DRY,CLASE B-C,34,7
2894,3,2,DRY,CLASE B-C,34,7
2895,3,2,DRY,CLASE B-C,34,7
2896,3,2,DRY,CLASE B-C,34,7
2897,3,2,DRY,CLASE B-C,34,7
2898,3,2,DRY,CLASE B-C,24,7
2899,3,2,DRY,CLASE B-C,34,7
2900,3,2,DRY,CLASE B-C,36,7
2901,3,2,DRY,CLASE B-C,34,7
2902,3,2,DRY,CLASE B-C,34,7
2903,3,2,DRY,CLASE B-C,34,7
2904,3,2,DRY,CLASE B-C,34,7
2905,3,2,DRY,CLASE B-C,36,7
2906,3,2,DRY,CLASE B-C,34,7
2907,3,2,DRY,CLASE B-C,34,7
2908,3,2,DRY,CLASE B-C,34,7
2909,3,2,DRY,CLASE B-C,1,7
2910,3,2,DRY,CLASE B-C,34,7
2911,3,2,DRY,CLASE B-C,34,7
2912,3,2,DRY,CLASE B-C,34,7
2913,3,2,DRY,CLASE B-C,36,7
2914,3,2,DRY,CLASE B-C,34,7
2915,3,2,DRY,CLASE B-C,34,7
2916,3,2,DRY,CLASE B-C,36,7
2917,3,2,DRY,CLASE B-C,1,7
2918,3,2,DRY,CLASE B-C,34,7
2919,6,2,DRY,CLASE B-C,39,7
2920,6,2,DRY,CLASE B-C,30,7
2921,6,2,DRY,CLASE D,41,7
2922,7,2,RF,CLASE B-C,46,7
2923,7,2,RF,CLASE B-C,44,7
2924,3,2,DRY,CLASE A,43,7
2925,3,2,DRY,CLASE B-C,34,7
2926,1,2,DRY,INSPECTION,24,7
2927,3,2,DRY,CLASE B-C,36,7
2928,3,2,DRY,CLASE B-C,36,7
2929,3,2,DRY,CLASE B-C,36,7
2930,3,2,DRY,CLASE B-C,34,7
2931,3,2,DRY,CLASE B-C,34,7
2932,6,2,DRY,CLASE D,38,7
2933,6,2,RF,CLASE B-C,37,7
2934,6,2,RF,CLASE B-C,33,7
2935,6,2,DRY,CLASE B-C,28,7
2936,6,2,DRY,CLASE B,28,7
2937,6,2,DRY,CLASE B-C,29,7
2938,7,2,DRY,CLASE B-C,31,7
2939,7,2,DRY,CLASE B-C,28,7
2940,7,2,DRY,CLASE B-C,31,7
2941,7,2,DRY,CLASE B-C,28,7
2942,7,2,DRY,CLASE B-C,30,7
2943,5,1,DRY,INSPECTION,20,7
2944,5,2,DRY,INSPECTION,23,7
2945,1,2,DRY,INSPECTION,23,7
2946,3,2,DRY,CLASE B-C,23,7
2947,6,2,DRY,CLASE B-C,16,7
2948,6,2,DRY,CLASE B-C,16,7
2949,7,2,DRY,CLASE B-C,22,7
2950,7,2,DRY,CLASE B-C,18,7
2951,7,2,DRY,CLASE B-C,18,7
2952,7,2,DRY,CLASE B-C,18,7
2953,7,2,DRY,CLASE B-C,18,7
2954,7,2,DRY,CLASE B-C,18,7
2955,7,2,DRY,CLASE B-C,18,7
2956,7,2,DRY,CLASE B-C,23,7
2957,7,2,DRY,CLASE B-C,18,7
2958,7,2,DRY,CLASE B-C,23,7
2959,7,2,DRY,CLASE B-C,18,7
2960,7,2,DRY,CLASE B-C,18,7
2961,7,2,DRY,CLASE B,23,7
2962,7,2,DRY,CLASE B-C,18,7
2963,7,2,DRY,CLASE B-C,22,7
2964,7,2,DRY,CLASE B-C,18,7
2965,7,2,DRY,CLASE B-C,23,7
2966,7,2,DRY,CLASE B-C,18,7
2967,7,2,DRY,CLASE B-C,23,7
2968,7,2,DRY,CLASE B-C,18,7
2969,7,2,DRY,CLASE B-C,18,7
2970,7,2,DRY,CLASE B-C,18,7
2971,7,2,DRY,CLASE B-C,18,7
2972,7,2,DRY,CLASE A,18,7
2973,7,2,DRY,CLASE B-C,18,7
2974,7,2,DRY,CLASE B-C,21,7
2975,7,2,DRY,CLASE B-C,22,7
2976,7,2,DRY,CLASE B-C,23,7
2977,7,2,DRY,CLASE B-C,17,7
2978,7,2,DRY,CLASE B-C,18,7
2979,7,2,DRY,CLASE B-C,18,7
2980,7,2,DRY,CLASE B-C,23,7
2981,7,2,DRY,CLASE B-C,20,7
2982,7,2,DRY,CLASE B-C,20,7
2983,7,2,DRY,CLASE B-C,23,7
2984,7,2,DRY,CLASE D,23,7
2985,7,2,DRY,CLASE B-C,14,7
2986,7,2,DRY,CLASE B-C,18,7
2987,7,2,DRY,CLASE B-C,18,7
2988,7,2,DRY,CLASE B-C,18,7
2989,7,2,DRY,CLASE B-C,18,7
2990,7,2,DRY,CLASE B-C,18,7
2991,7,2,DRY,CLASE B-C,18,7
2992,1,2,DRY,INSPECTION,23,7
2993,1,2,DRY,INSPECTION,23,7
2994,7,2,DRY,CLASE B,20,7
2995,7,2,DRY,CLASE B-C,21,7
2996,7,2,DRY,CLASE B-C,21,7
2997,7,2,DRY,CLASE B-C,21,7
2998,7,2,DRY,CLASE B-C,21,7
2999,7,2,DRY,CLASE B-C,21,7
3000,7,2,DRY,CLASE B-C,20,7
3001,7,2,DRY,CLASE B-C,20,7
3002,7,2,DRY,CLASE D,21,7
3003,7,2,DRY,CLASE B-C,21,7
3004,7,2,DRY,CLASE B-C,20,7
3005,7,2,DRY,CLASE B-C,20,7
3006,7,2,DRY,CLASE B-C,20,7
3007,7,2,DRY,CLASE B-C,20,7
3008,7,2,DRY,CLASE B,20,7
3009,7,2,DRY,CLASE B-C,20,7
3010,7,2,DRY,CLASE B-C,20,7
3011,7,2,DRY,CLASE B-C,20,7
3012,7,2,DRY,CLASE B-C,21,7
3013,7,2,DRY,CLASE B-C,21,7
3014,7,2,DRY,CLASE B-C,20,7
3015,7,2,DRY,CLASE B-C,20,7
3016,7,2,DRY,CLASE B-C,21,7
3017,7,2,DRY,CLASE B-C,20,7
3018,7,2,DRY,CLASE B-C,20,7
3019,7,2,DRY,CLASE B-C,21,7
3020,7,2,DRY,CLASE B-C,20,7
3021,7,2,DRY,CLASE B-C,21,7
3022,7,2,DRY,CLASE B-C,20,7
3023,7,2,DRY,CLASE B-C,21,7
3024,7,2,DRY,CLASE B-C,20,7
3025,7,2,DRY,CLASE B-C,20,7
3026,7,2,DRY,CLASE B-C,20,7
3027,7,2,DRY,CLASE B-C,21,7
3028,7,2,DRY,CLASE B-C,21,7
3029,7,2,DRY,CLASE B-C,20,7
3030,7,2,DRY,CLASE B-C,20,7
3031,7,2,DRY,CLASE B-C,21,7
3032,7,2,DRY,CLASE B-C,18,7
3033,7,2,DRY,CLASE B-C,21,7
3034,7,2,DRY,CLASE B-C,20,7
3035,7,2,DRY,CLASE B-C,19,7
3036,7,2,DRY,CLASE B-C,20,7
3037,7,2,DRY,CLASE B-C,21,7
3038,7,2,DRY,CLASE B-C,20,7
3039,7,2,DRY,CLASE B-C,21,7
3040,7,2,DRY,CLASE B-C,20,7
3041,7,2,DRY,CLASE B-C,21,7
3042,7,2,DRY,CLASE B-C,20,7
3043,7,2,DRY,CLASE B-C,20,7
3044,7,2,DRY,CLASE D,21,7
3045,7,2,DRY,CLASE B-C,20,7
3046,7,2,DRY,CLASE B-C,20,7
3047,7,2,DRY,CLASE B-C,20,7
3048,7,2,DRY,CLASE B-C,20,7
3049,1,2,DRY,INSPECTION,18,7
3050,1,2,DRY,INSPECTION,18,7
3051,1,2,DRY,INSPECTION,18,7
3052,1,2,DRY,INSPECTION,18,7
3053,1,2,DRY,INSPECTION,18,7
3054,1,2,DRY,INSPECTION,17,7
3055,1,2,DRY,INSPECTION,17,7
3056,6,2,DRY,CLASE B-C,16,7
3057,6,2,DRY,CLASE B-C,15,7
3058,6,2,DRY,CLASE B-C,15,7
3059,6,2,DRY,CLASE B-C,16,7
3060,6,2,DRY,CLASE B-C,15,7
3061,6,2,RF,CLASE B-C,16,7
3062,6,2,DRY,CLASE B-C,11,7
3063,6,2,DRY,CLASE B-C,11,7
3064,6,2,DRY,CLASE B-C,11,7
3065,6,2,DRY,CLASE B-C,11,7
3066,6,2,DRY,CLASE B-C,11,7
3067,6,2,DRY,CLASE B-C,11,7
3068,6,2,DRY,CLASE B-C,11,7
3069,6,2,DRY,CLASE B-C,11,7
3070,6,2,DRY,CLASE B-C,11,7
3071,6,2,DRY,CLASE B-C,11,7
3072,6,2,DRY,CLASE B-C,11,7
3073,6,2,DRY,CLASE B-C,11,7
3074,6,2,DRY,CLASE B-C,11,7
3075,6,2,DRY,CLASE B-C,11,7
3076,6,2,RF,CLASE B-C,7,7
3077,6,2,DRY,CLASE B-C,11,7
3078,6,2,DRY,CLASE B-C,11,7
3079,6,2,DRY,CLASE B-C,15,7
3080,6,2,DRY,CLASE B-C,16,7
3081,7,2,DRY,CLASE B-C,12,7
3082,7,2,DRY,CLASE B-C,15,7
3083,7,2,DRY,CLASE B-C,11,7
3084,7,2,DRY,CLASE B-C,12,7
3085,7,2,DRY,CLASE B-C,15,7
3086,7,2,DRY,CLASE B-C,12,7
3087,7,2,DRY,CLASE B-C,12,7
3088,7,2,DRY,CLASE B-C,14,7
3089,7,2,DRY,CLASE B-C,12,7
3090,7,2,DRY,CLASE B-C,12,7
3091,7,2,DRY,CLASE B-C,12,7
3092,7,2,DRY,CLASE B-C,12,7
3093,7,2,DRY,CLASE B-C,15,7
3094,7,2,DRY,CLASE B-C,15,7
3095,7,2,DRY,CLASE B-C,15,7
3096,7,2,DRY,CLASE B-C,12,7
3097,7,2,DRY,CLASE B-C,15,7
3098,7,2,RF,CLASE B-C,16,7
3099,7,2,DRY,CLASE B-C,15,7
3100,7,2,DRY,CLASE B,12,7
3101,7,2,DRY,CLASE B-C,12,7
3102,7,2,DRY,CLASE B-C,12,7
3103,7,2,DRY,CLASE B-C,12,7
3104,7,2,DRY,CLASE B-C,11,7
3105,7,2,DRY,CLASE B-C,12,7
3106,7,2,DRY,CLASE B-C,15,7
3107,7,2,DRY,CLASE B-C,12,7
3108,7,2,DRY,CLASE B-C,12,7
3109,7,2,DRY,CLASE B-C,15,7
3110,7,2,DRY,CLASE B-C,15,7
3111,7,2,DRY,CLASE B-C,14,7
3112,7,2,DRY,CLASE B-C,12,7
3113,7,2,DRY,CLASE B-C,14,7
3114,7,2,DRY,CLASE B-C,15,7
3115,7,2,DRY,CLASE B-C,12,7
3116,7,2,DRY,CLASE B-C,12,7
3117,7,2,DRY,CLASE B-C,12,7
3118,7,2,DRY,CLASE B-C,12,7
3119,7,2,DRY,CLASE B-C,11,7
3120,7,2,DRY,CLASE B-C,15,7
3121,7,2,DRY,CLASE B-C,12,7
3122,7,2,DRY,CLASE B-C,12,7
3123,7,2,DRY,CLASE B-C,12,7
3124,7,2,DRY,CLASE B-C,12,7
3125,7,2,DRY,CLASE B-C,15,7
3126,7,2,DRY,CLASE B-C,15,7
3127,7,2,DRY,CLASE B-C,12,7
3128,7,2,DRY,CLASE B-C,12,7
3129,7,2,DRY,CLASE B-C,12,7
3130,7,2,DRY,CLASE B-C,12,7
3131,7,2,DRY,CLASE B-C,12,7
3132,7,2,DRY,CLASE B-C,12,7
3133,7,2,DRY,CLASE B-C,12,7
3134,7,2,DRY,CLASE B-C,12,7
3135,7,2,DRY,CLASE B-C,12,7
3136,7,2,DRY,CLASE B-C,12,7
3137,7,2,DRY,CLASE B-C,12,7
3138,7,2,DRY,CLASE B-C,15,7
3139,7,2,DRY,CLASE B-C,12,7
3140,7,2,DRY,CLASE B-C,12,7
3141,7,2,DRY,CLASE B-C,11,7
3142,7,2,DRY,CLASE B-C,16,7
3143,7,2,DRY,CLASE B-C,4,7
3144,7,2,DRY,CLASE B-C,12,7
3145,7,2,DRY,CLASE B-C,17,7
3146,7,2,DRY,CLASE B-C,12,7
3147,7,2,DRY,CLASE B-C,16,7
3148,7,2,DRY,CLASE B-C,17,7
3149,7,2,DRY,CLASE B,12,7
3150,7,2,DRY,CLASE B-C,11,7
3151,7,2,DRY,CLASE B-C,2,7
3152,7,2,DRY,CLASE B-C,15,7
3153,7,2,DRY,CLASE B-C,15,7
3154,7,2,DRY,CLASE B-C,12,7
3155,7,2,DRY,CLASE B-C,12,7
3156,7,2,DRY,CLASE B-C,15,7
3157,7,2,DRY,CLASE B-C,1,7
3158,7,2,DRY,CLASE B,12,7
3159,7,2,DRY,CLASE B-C,12,7
3160,7,2,DRY,CLASE B-C,15,7
3161,7,2,DRY,CLASE B-C,14,7
3162,7,2,DRY,CLASE B-C,12,7
3163,7,2,DRY,CLASE B-C,11,7
3164,7,2,DRY,CLASE D,15,7
3165,7,2,RF,CLASE B-C,17,7
3166,7,2,DRY,CLASE B-C,11,7
3167,7,2,DRY,CLASE B-C,12,7
3168,7,2,DRY,CLASE B-C,15,7
3169,7,2,DRY,CLASE B-C,12,7
3170,7,2,DRY,CLASE B-C,15,7
3171,7,2,DRY,CLASE B-C,15,7
3172,1,2,DRY,INSPECTION,16,7
3173,1,2,DRY,INSPECTION,15,7
3174,1,2,DRY,INSPECTION,15,7
3175,1,2,DRY,INSPECTION,15,7
3176,1,2,DRY,INSPECTION,15,7
3177,6,2,DRY,CLASE B-C,16,7
3178,1,2,DRY,INSPECTION,15,7
3179,6,2,DRY,CLASE B-C,16,7
3180,6,2,DRY,CLASE B-C,16,7
3181,1,2,DRY,INSPECTION,15,7
3182,1,2,DRY,INSPECTION,15,7
3183,6,2,DRY,CLASE B-C,16,7
3184,1,2,DRY,INSPECTION,15,7
3185,1,2,DRY,INSPECTION,15,7
3186,1,2,DRY,INSPECTION,15,7
3187,6,2,DRY,CLASE B-C,16,7
3188,6,2,DRY,CLASE B-C,16,7
3189,2,2,RF,CLASE B-C,13,7
3190,2,2,RF,CLASE B-C,13,7
3191,2,2,RF,CLASE A,13,7
3192,2,2,RF,CLASE B-C,13,7
3193,2,2,RF,CLASE B-C,13,7
3194,2,2,RF,CLASE B-C,13,7
3195,1,2,DRY,INSPECTION,6,7
3196,1,2,DRY,INSPECTION,8,7
3197,1,2,DRY,INSPECTION,8,7
3198,1,2,DRY,INSPECTION,8,7
3199,1,2,DRY,INSPECTION,9,7
3200,1,2,DRY,INSPECTION,8,7
3201,1,2,DRY,INSPECTION,6,7
3202,1,2,DRY,INSPECTION,11,7
3203,1,2,DRY,INSPECTION,6,7
3204,1,2,DRY,INSPECTION,7,7
3205,1,2,DRY,INSPECTION,8,7
3206,1,2,DRY,INSPECTION,8,7
3207,1,2,DRY,INSPECTION,8,7
3208,1,2,DRY,INSPECTION,7,7
3209,1,2,DRY,INSPECTION,9,7
3210,6,2,RF,CLASE B-C,7,7
3211,6,2,DRY,CLASE B-C,3,7
3212,6,2,RF,CLASE B-C,8,7
3213,6,2,DRY,CLASE B-C,3,7
3214,6,2,DRY,CLASE B-C,3,7
3215,6,2,DRY,CLASE B-C,3,7
3216,6,2,DRY,CLASE B-C,6,7
3217,6,2,DRY,CLASE B-C,6,7
3218,6,2,DRY,CLASE B-C,3,7
3219,6,2,DRY,CLASE B-C,3,7
3220,6,2,RF,CLASE B-C,7,7
3221,6,2,RF,CLASE B-C,7,7
3222,6,2,RF,CLASE B-C,7,7
3223,6,2,RF,CLASE B-C,8,7
3224,6,2,RF,CLASE B-C,6,7
3225,6,2,RF,CLASE B-C,6,7
3226,6,2,RF,CLASE B-C,8,7
3227,6,2,DRY,CLASE B-C,6,7
3228,6,2,DRY,CLASE B-C,6,7
3229,6,2,DRY,CLASE B-C,4,7
3230,6,2,DRY,CLASE B-C,6,7
3231,6,2,DRY,CLASE B-C,3,7
3232,6,2,DRY,CLASE B-C,6,7
3233,6,2,RF,CLASE B-C,7,7
3234,6,2,DRY,CLASE B-C,3,7
3235,6,2,DRY,CLASE B-C,4,7
3236,6,2,RF,CLASE B-C,8,7
3237,6,2,RF,CLASE B-C,6,7
3238,6,2,DRY,CLASE B-C,6,7
3239,6,2,RF,CLASE B-C,7,7
3240,6,2,RF,CLASE B-C,8,7
3241,6,2,RF,CLASE B-C,8,7
3242,6,2,RF,CLASE B-C,6,7
3243,7,2,DRY,CLASE B-C,3,7
3244,7,2,DRY,CLASE B-C,3,7
3245,7,2,DRY,CLASE B-C,1,7
3246,7,2,DRY,CLASE B,9,7
3247,7,2,DRY,CLASE B,9,7
3248,7,2,DRY,CLASE B-C,9,7
3249,7,2,DRY,CLASE B-C,3,7
3250,7,2,DRY,CLASE B-C,3,7
3251,7,2,RF,CLASE B-C,10,7
3252,7,2,DRY,CLASE B,9,7
3253,7,2,DRY,CLASE B-C,4,7
3254,7,2,RF,CLASE B-C,7,7
3255,7,2,RF,CLASE B-C,5,7
3256,7,2,RF,CLASE B-C,8,7
3257,7,2,DRY,CLASE B-C,2,7
3258,7,2,DRY,CLASE B-C,4,7
3259,7,2,DRY,CLASE B-C,3,7
3260,7,2,DRY,CLASE B-C,9,7
3261,7,2,DRY,CLASE B-C,3,7
3262,7,2,DRY,CLASE B-C,9,7
3263,7,2,DRY,CLASE B-C,3,7
3264,7,2,DRY,CLASE B-C,4,7
3265,7,2,DRY,CLASE B-C,4,7
3266,7,2,DRY,CLASE B-C,9,7
3267,7,2,DRY,CLASE B-C,3,7
3268,7,2,RF,CLASE B-C,9,7
3269,7,2,RF,CLASE B-C,7,7
3270,7,2,DRY,CLASE B-C,5,7
3271,7,2,DRY,CLASE B-C,3,7
3272,7,2,DRY,CLASE B-C,3,7
3273,7,2,DRY,CLASE B-C,3,7
3274,7,2,DRY,CLASE D,9,7
3275,7,2,DRY,CLASE B-C,2,7
3276,7,2,RF,CLASE B-C,9,7
3277,7,2,DRY,CLASE B-C,8,7
3278,7,2,RF,CLASE B-C,11,7
3279,7,2,RF,CLASE B-C,6,7
3280,7,2,RF,CLASE B-C,9,7
3281,7,2,RF,CLASE B-C,5,7
3282,7,2,DRY,CLASE B-C,3,7
3283,7,2,RF,CLASE B-C,10,7
3284,7,2,RF,CLASE B-C,7,7
3285,7,2,DRY,CLASE B-C,3,7
3286,7,2,DRY,CLASE B-C,10,7
3287,7,2,DRY,CLASE B-C,9,7
3288,7,2,DRY,CLASE B-C,4,7
3289,7,2,DRY,CLASE B-C,9,7
3290,7,2,DRY,CLASE B-C,4,7
3291,7,2,DRY,CLASE B-C,4,7
3292,7,2,DRY,CLASE B-C,3,7
3293,7,2,DRY,CLASE B-C,3,7
3294,7,2,DRY,CLASE B-C,4,7
3295,7,2,DRY,CLASE B-C,4,7
3296,7,2,DRY,CLASE B-C,2,7
3297,7,2,DRY,CLASE B-C,3,7
3298,7,2,RF,CLASE B-C,8,7
3299,7,2,RF,CLASE B-C,9,7
3300,7,2,RF,CLASE B-C,8,7
3301,7,2,RF,CLASE B-C,7,7
3302,7,2,RF,CLASE B-C,9,7
3303,7,2,RF,CLASE B-C,9,7
3304,7,2,RF,CLASE B-C,10,7
3305,7,2,RF,CLASE B-C,9,7
3306,7,2,RF,CLASE B-C,7,7
3307,7,2,RF,CLASE B-C,9,7
3308,7,2,DRY,CLASE B-C,4,7
3309,7,2,RF,CLASE B-C,7,7
3310,7,2,DRY,CLASE B-C,3,7
3311,7,2,RF,CLASE B-C,11,7
3312,7,2,RF,CLASE B-C,7,7
3313,7,2,RF,CLASE B-C,9,7
3314,7,2,DRY,CLASE B-C,4,7
3315,7,2,RF,CLASE B-C,9,7
3316,7,2,RF,CLASE B-C,10,7
3317,7,2,DRY,CLASE B-C,3,7
3318,7,2,DRY,CLASE B-C,4,7
3319,7,2,DRY,CLASE B-C,4,7
3320,7,2,DRY,CLASE B-C,5,7
3321,7,2,DRY,CLASE B-C,3,7
3322,7,2,DRY,CLASE B,9,7
3323,7,2,DRY,CLASE B-C,3,7
3324,7,2,DRY,CLASE B-C,2,7
3325,7,2,DRY,CLASE B-C,4,7
3326,7,2,DRY,CLASE B,9,7
3327,7,2,DRY,CLASE B-C,4,7
3328,7,2,DRY,CLASE B-C,2,7
3329,7,2,DRY,CLASE B-C,3,7
3330,7,2,DRY,CLASE B-C,9,7
3331,7,2,DRY,CLASE B-C,3,7
3332,7,2,DRY,CLASE B-C,4,7
3333,7,2,DRY,CLASE B-C,4,7
3334,7,2,DRY,CLASE B-C,4,7
3335,7,2,DRY,CLASE B-C,4,7
3336,7,2,DRY,CLASE B-C,3,7
3337,7,2,DRY,CLASE B-C,3,7
3338,7,2,DRY,CLASE B-C,9,7
3339,7,2,DRY,CLASE B-C,5,7
3340,7,2,DRY,CLASE B-C,4,7
3341,7,2,DRY,CLASE B-C,5,7
3342,7,2,DRY,CLASE B-C,3,7
3343,7,2,DRY,CLASE B-C,3,7
3344,7,2,DRY,CLASE B-C,9,7
3345,7,2,DRY,CLASE B-C,9,7
3346,7,2,DRY,CLASE B-C,6,7
3347,7,2,DRY,CLASE B-C,3,7
3348,7,2,DRY,CLASE B-C,3,7
3349,7,2,DRY,CLASE B-C,4,7
3350,7,2,DRY,CLASE B-C,3,7
3351,7,2,DRY,CLASE B-C,9,7
3352,7,2,DRY,CLASE B-C,3,7
3353,7,2,DRY,CLASE B-C,3,7
3354,7,2,DRY,CLASE B-C,9,7
3355,7,2,DRY,CLASE B-C,9,7
3356,7,2,DRY,CLASE B-C,9,7
3357,7,2,DRY,CLASE B-C,4,7
3358,7,2,DRY,CLASE B-C,4,7
3359,7,2,DRY,CLASE B-C,2,7
3360,7,2,DRY,CLASE B-C,3,7
3361,7,2,DRY,CLASE B-C,9,7
3362,7,2,DRY,CLASE B-C,3,7
3363,7,2,DRY,CLASE B-C,4,7
3364,7,2,RF,CLASE B-C,10,7
3365,7,2,DRY,CLASE B-C,4,7
3366,7,2,DRY,CLASE B-C,3,7
3367,7,2,DRY,CLASE B-C,4,7
3368,7,2,DRY,CLASE B-C,4,7
3369,7,2,DRY,CLASE B-C,2,7
3370,7,2,DRY,CLASE B-C,2,7
3371,7,2,DRY,CLASE B-C,5,7
3372,7,2,DRY,CLASE B-C,9,7
3373,7,2,DRY,CLASE B-C,4,7
3374,7,2,DRY,CLASE B-C,9,7
3375,7,2,DRY,CLASE B-C,5,7
3376,7,2,DRY,CLASE B-C,9,7
3377,7,2,DRY,CLASE B-C,4,7
3378,7,2,DRY,CLASE B-C,2,7
3379,7,2,DRY,CLASE B-C,3,7
3380,7,2,DRY,CLASE B-C,9,7
3381,7,2,DRY,CLASE B-C,9,7
3382,7,2,DRY,CLASE B-C,3,7
3383,7,2,DRY,CLASE B-C,3,7
3384,7,2,DRY,CLASE B-C,2,7
3385,7,2,DRY,CLASE B-C,9,7
3386,7,2,DRY,CLASE B-C,4,7
3387,7,2,DRY,CLASE B-C,9,7
3388,7,2,DRY,CLASE B-C,3,7
3389,7,2,DRY,CLASE B-C,9,7
3390,7,2,RF,CLASE B-C,8,7
3391,7,2,DRY,CLASE B-C,1,7
3392,7,2,DRY,CLASE B-C,3,7
3393,7,2,DRY,CLASE B-C,4,7
3394,7,2,DRY,CLASE B-C,9,7
3395,7,2,DRY,CLASE B-C,3,7
3396,7,2,DRY,CLASE B,9,7
3397,7,2,DRY,CLASE B-C,9,7
3398,7,2,RF,CLASE B-C,8,7
3399,7,2,RF,CLASE B-C,9,7
3400,7,2,RF,CLASE B-C,8,7
3401,7,2,RF,CLASE B-C,10,7
3402,7,2,RF,CLASE B-C,10,7
3403,7,2,DRY,CLASE B-C,3,7
3404,7,2,RF,CLASE B-C,10,7
3405,7,2,DRY,CLASE B-C,4,7
3406,7,2,DRY,CLASE B-C,10,7
3407,7,2,RF,CLASE B-C,10,7
3408,7,2,DRY,CLASE B-C,9,7
3409,7,2,DRY,CLASE B-C,2,7
3410,7,2,DRY,CLASE B-C,3,7
3411,7,2,DRY,CLASE B-C,3,7
3412,7,2,DRY,CLASE B-C,3,7
3413,7,2,DRY,CLASE B-C,3,7
3414,7,2,DRY,CLASE D,3,7
3415,7,2,DRY,CLASE B-C,3,7
3416,7,2,DRY,CLASE B-C,5,7
3417,7,2,DRY,CLASE B-C,2,7
3418,7,2,DRY,CLASE B-C,9,7
3419,7,2,DRY,CLASE B-C,3,7
3420,7,2,DRY,CLASE B-C,4,7
3421,7,2,DRY,CLASE B-C,4,7
3422,7,2,DRY,CLASE B-C,4,7
3423,7,2,DRY,CLASE B,9,7
3424,7,2,DRY,CLASE B-C,1,7
3425,7,2,DRY,CLASE B-C,4,7
3426,7,2,DRY,CLASE B-C,3,7
3427,7,2,DRY,CLASE B-C,4,7
3428,7,2,DRY,CLASE B-C,11,7
3429,7,2,DRY,CLASE B-C,9,7
3430,7,2,DRY,CLASE B-C,9,7
3431,7,2,DRY,CLASE B-C,3,7
3432,7,2,DRY,CLASE B-C,3,7
3433,7,2,DRY,CLASE B-C,1,7
3434,7,2,DRY,CLASE B-C,4,7
3435,7,2,DRY,CLASE B-C,7,7
3436,7,2,DRY,CLASE B-C,4,7
3437,7,2,DRY,CLASE B-C,3,7
3438,7,2,DRY,CLASE B-C,9,7
3439,7,2,DRY,CLASE B-C,4,7
3440,7,2,DRY,CLASE B-C,6,7
3441,7,2,DRY,CLASE B-C,9,7
3442,7,2,DRY,CLASE B-C,3,7
3443,7,2,DRY,CLASE B-C,3,7
3444,7,2,DRY,CLASE B-C,3,7
3445,7,2,DRY,CLASE B-C,3,7
3446,7,2,DRY,CLASE B-C,3,7
3447,7,2,DRY,CLASE B-C,3,7
3448,7,2,DRY,CLASE B-C,2,7
3449,7,2,DRY,CLASE B-C,4,7
3450,7,2,DRY,CLASE B-C,3,7
3451,7,2,DRY,CLASE B-C,3,7
3452,7,2,DRY,CLASE B-C,3,7
3453,7,2,DRY,CLASE B-C,9,7
3454,7,2,DRY,CLASE B-C,3,7
3455,7,2,RF,CLASE B-C,11,7
3456,7,2,RF,CLASE B-C,11,7
3457,7,2,DRY,CLASE B-C,9,7
3458,7,2,RF,CLASE B-C,8,7
3459,7,2,DRY,CLASE B-C,3,7
3460,7,2,DRY,CLASE B-C,9,7
3461,7,2,DRY,CLASE B-C,9,7
3462,7,2,DRY,CLASE B-C,9,7
3463,7,2,DRY,CLASE B-C,9,7
3464,7,2,DRY,CLASE B-C,9,7
3465,7,2,DRY,CLASE B-C,3,7
3466,7,2,DRY,CLASE B-C,3,7
3467,7,2,DRY,CLASE B-C,3,7
3468,7,2,DRY,CLASE B-C,9,7
3469,7,2,DRY,CLASE B,9,7
3470,7,2,DRY,CLASE B,8,7
3471,7,2,DRY,CLASE B-C,9,7
3472,7,2,DRY,CLASE B-C,9,7
3473,7,2,DRY,CLASE B-C,10,7
3474,7,2,DRY,CLASE B-C,4,7
3475,7,2,DRY,CLASE B-C,8,7
3476,7,2,DRY,CLASE B-C,3,7
3477,7,2,DRY,CLASE B-C,3,7
3478,6,2,DRY,CLASE B-C,11,7
3479,6,2,DRY,CLASE B-C,11,7
3480,6,2,DRY,CLASE B-C,11,7
3481,6,2,DRY,CLASE B-C,11,7
3482,6,2,DRY,CLASE B-C,11,7
3483,6,2,DRY,CLASE B-C,11,7
3484,6,2,DRY,CLASE A,11,7
3485,6,2,DRY,CLASE B-C,11,7
3486,1,2,DRY,INSPECTION,8,7
3487,6,2,DRY,CLASE B-C,10,7
3488,6,2,DRY,CLASE B-C,8,7
3489,6,2,DRY,CLASE B-C,8,7
3490,1,2,DRY,INSPECTION,7,7
3491,3,2,DRY,CLASE B-C,4,7
3492,1,2,DRY,INSPECTION,4,7
3493,3,2,DRY,CLASE B-C,3,7
3494,3,2,DRY,CLASE B-C,3,7
3495,3,2,DRY,CLASE B-C,3,7
3496,3,2,DRY,CLASE B-C,3,7
3497,3,2,DRY,CLASE B-C,3,7
3498,3,2,DRY,CLASE B-C,3,7
3499,3,2,DRY,CLASE B-C,3,7
3500,3,2,DRY,CLASE B-C,3,7
3501,3,2,DRY,CLASE B-C,3,7
3502,3,2,DRY,CLASE B-C,3,7
3503,3,2,DRY,CLASE B-C,2,7
3504,7,2,DRY,CLASE B-C,2,7
3505,7,2,DRY,CLASE B-C,2,7
3506,7,2,DRY,CLASE B,2,7
3507,7,2,DRY,CLASE B-C,2,7
3508,7,2,DRY,CLASE B-C,1,7
3509,7,2,DRY,CLASE B-C,1,7
3510,7,2,DRY,CLASE B-C,1,7
3511,7,2,DRY,CLASE B-C,1,7
3512,7,2,DRY,CLASE B-C,1,7
3513,7,2,DRY,CLASE B-C,1,7
3514,7,2,DRY,CLASE B-C,2,7
3515,7,2,DRY,CLASE B-C,1,7
3516,7,2,DRY,CLASE B-C,2,7
3517,7,2,DRY,CLASE B-C,2,7
3518,7,2,DRY,CLASE B-C,1,7
3519,7,2,DRY,CLASE B-C,2,7
3520,7,2,DRY,CLASE B-C,1,7
3521,7,2,DRY,CLASE B-C,2,7
3522,7,2,DRY,CLASE B-C,2,7
3523,7,2,DRY,CLASE B-C,1,7
3524,7,2,DRY,CLASE B-C,1,7
3525,7,2,DRY,CLASE B-C,2,7
3526,7,2,DRY,CLASE B,1,7
3527,7,2,DRY,CLASE B-C,1,7
3528,7,2,DRY,CLASE B-C,1,7
3529,7,2,DRY,CLASE B,2,7
3530,7,2,DRY,CLASE B-C,2,7
3531,7,2,DRY,CLASE B,2,7
3532,7,2,DRY,CLASE B-C,2,7
3533,7,2,DRY,CLASE B-C,2,7
3534,7,2,DRY,CLASE B-C,1,7
3535,7,2,DRY,CLASE B-C,1,7
3536,7,2,DRY,CLASE B-C,1,7
3537,7,2,DRY,CLASE B-C,2,7
3538,7,2,DRY,CLASE B-C,2,7
3539,7,2,DRY,CLASE B-C,1,7
3540,7,2,DRY,CLASE B-C,2,7
3541,7,2,DRY,CLASE B-C,1,7
3542,7,2,DRY,CLASE B-C,1,7
3543,7,2,DRY,CLASE B-C,2,7
3544,7,2,DRY,CLASE B-C,1,7
3545,7,2,DRY,CLASE B-C,2,7
3546,7,2,DRY,CLASE B-C,2,7
3547,7,2,DRY,CLASE B-C,2,7
3548,7,2,DRY,CLASE B-C,2,7
3549,7,2,DRY,CLASE B-C,1,7
3550,7,2,DRY,CLASE B-C,1,7
3551,7,2,DRY,CLASE B-C,2,7
3552,7,2,DRY,CLASE B-C,2,7
3553,7,2,DRY,CLASE B-C,1,7
3554,7,2,DRY,CLASE B-C,2,7
3555,7,2,DRY,CLASE B-C,1,7
3556,7,2,DRY,CLASE B-C,2,7
3557,7,2,DRY,CLASE B-C,1,7
3558,7,2,DRY,CLASE B-C,2,7
3559,7,2,DRY,CLASE B,1,7
3560,7,2,DRY,CLASE B-C,2,7
3561,7,2,DRY,CLASE B-C,2,7
3562,7,2,DRY,CLASE B-C,2,7
3563,7,2,DRY,CLASE B-C,1,7
3564,7,2,DRY,CLASE B-C,1,7
3565,7,2,DRY,CLASE B-C,1,7
3566,7,2,DRY,CLASE B-C,1,7
3567,7,2,DRY,CLASE B-C,1,7
3568,7,2,DRY,CLASE B-C,2,7
3569,7,2,DRY,CLASE B-C,2,7
3570,7,2,DRY,CLASE B-C,1,7
3571,7,2,DRY,CLASE B-C,1,7
3572,7,2,DRY,CLASE B-C,1,7
3573,7,2,DRY,CLASE B-C,1,7
3574,7,2,DRY,CLASE B-C,2,7
3575,7,2,DRY,CLASE B-C,1,7
3576,7,2,DRY,CLASE B-C,2,7
3577,7,2,DRY,CLASE B-C,1,7
3578,7,2,DRY,CLASE B-C,2,7
3579,7,2,DRY,CLASE B,2,7
3580,7,2,DRY,CLASE B-C,1,7
3581,7,2,DRY,CLASE B-C,2,7
3582,7,2,DRY,CLASE B-C,2,7
3583,7,2,DRY,CLASE B-C,2,7
3584,7,2,DRY,CLASE B-C,2,7
3585,7,2,DRY,CLASE B-C,1,7
3586,7,2,DRY,CLASE B-C,2,7
3587,7,2,DRY,CLASE B-C,2,7
3588,7,2,DRY,CLASE B-C,1,7
3589,7,2,DRY,CLASE B-C,2,7
3590,7,2,DRY,CLASE B-C,1,7
3591,7,2,DRY,CLASE B-C,1,7
3592,7,2,DRY,CLASE B-C,1,7
3593,7,2,DRY,CLASE B-C,1,7
3594,7,2,DRY,CLASE B-C,2,7
3595,7,2,DRY,CLASE B-C,1,7
3596,7,2,DRY,CLASE B-C,2,7
3597,7,2,DRY,CLASE B-C,2,7
3598,7,2,DRY,CLASE B-C,1,7
3599,7,2,DRY,CLASE B-C,3,8
3600,7,2,DRY,CLASE B-C,19,8
3601,2,2,DRY,CLASE B-C,52,8
3602,7,2,DRY,CLASE B-C,22,8
3603,7,2,DRY,CLASE B-C,21,8
3604,7,2,DRY,CLASE B-C,3,8
3605,2,2,DRY,CLASE B-C,52,8
3606,2,2,DRY,CLASE B-C,52,8
3607,2,2,DRY,CLASE B-C,52,8
3608,6,2,DRY,CLASE A,30,8
3609,7,2,DRY,CLASE B-C,18,8
3610,7,2,DRY,CLASE B-C,7,8
3611,7,2,DRY,CLASE B-C,7,8
3612,7,2,DRY,CLASE B-C,7,8
3613,3,2,DRY,CLASE B-C,94,8
3614,3,2,DRY,CLASE B-C,95,8
3615,3,2,DRY,CLASE B-C,81,8
3616,3,2,DRY,CLASE B-C,82,8
3617,3,2,DRY,CLASE B-C,81,8
3618,6,2,DRY,CLASE B-C,85,8
3619,3,2,DRY,CLASE B-C,40,8
3620,3,2,DRY,CLASE B-C,40,8
3621,3,2,DRY,CLASE B-C,40,8
3622,2,2,DRY,CLASE B-C,49,8
3623,6,2,DRY,CLASE B-C,33,8
3624,7,2,DRY,CLASE B-C,21,8
3625,7,2,DRY,CLASE B-C,8,8
3626,7,2,DRY,CLASE B-C,8,8
3627,7,2,DRY,CLASE B-C,8,8
3628,7,2,DRY,CLASE B-C,8,8
3629,3,2,DRY,CLASE B-C,93,8
3630,3,2,DRY,CLASE B-C,95,8
3631,3,2,DRY,CLASE B-C,93,8
3632,3,2,DRY,CLASE B-C,95,8
3633,3,2,DRY,CLASE B-C,96,8
3634,3,2,DRY,CLASE B-C,93,8
3635,3,2,DRY,CLASE B-C,93,8
3636,3,2,DRY,CLASE B-C,96,8
3637,6,2,DRY,CLASE B-C,91,8
3638,3,2,DRY,CLASE B-C,81,8
3639,3,2,DRY,CLASE B-C,82,8
3640,3,2,DRY,CLASE B-C,82,8
3641,3,2,DRY,CLASE B-C,82,8
3642,3,2,DRY,CLASE B-C,82,8
3643,3,2,DRY,CLASE B-C,82,8
3644,3,2,DRY,CLASE B-C,73,8
3645,3,2,DRY,CLASE B-C,73,8
3646,3,2,DRY,CLASE B-C,73,8
3647,3,2,DRY,CLASE B-C,73,8
3648,2,2,DRY,CLASE B-C,52,8
3649,6,2,RF,CLASE B-C,40,8
3650,7,2,DRY,CLASE B-C,22,8
3651,7,2,DRY,CLASE B-C,22,8
3652,6,2,RF,CLASE B-C,10,8
3653,6,2,RF,CLASE B-C,10,8
3654,7,2,DRY,CLASE B-C,8,8
3655,7,2,DRY,CLASE B-C,8,8
3656,7,2,DRY,CLASE B-C,8,8
3657,7,2,DRY,CLASE B-C,1,8
3658,7,2,DRY,CLASE B-C,1,8
3659,7,2,DRY,CLASE B-C,1,8
3660,7,2,DRY,CLASE B,1,8
3661,3,2,DRY,CLASE B-C,40,8
3662,3,2,DRY,CLASE B-C,40,8
3663,6,2,DRY,CLASE B-C,42,8
3664,6,2,DRY,CLASE B-C,42,8
3665,3,2,DRY,CLASE B-C,37,8
3666,6,2,DRY,CLASE B-C,41,8
3667,6,2,DRY,CLASE B-C,39,8
3668,6,2,RF,CLASE B-C,39,8
3669,7,2,DRY,CLASE B-C,25,8
3670,7,2,DRY,CLASE B-C,22,8
3671,7,2,DRY,CLASE B-C,24,8
3672,7,2,DRY,CLASE B-C,22,8
3673,7,2,DRY,CLASE B-C,15,8
3674,7,2,DRY,CLASE B-C,19,8
3675,2,2,DRY,CLASE B-C,17,8
3676,6,2,RF,CLASE B-C,10,8
3677,7,2,DRY,CLASE B-C,8,8
3678,7,2,DRY,CLASE B-C,7,8
3679,7,2,RF,CLASE B-C,13,8
3680,7,2,DRY,CLASE B-C,12,8
3681,7,2,DRY,CLASE B-C,8,8
3682,7,2,DRY,CLASE B-C,7,8
3683,7,2,DRY,CLASE B-C,8,8
3684,7,2,DRY,CLASE B-C,7,8
3685,7,2,DRY,CLASE B-C,7,8
3686,7,2,RF,CLASE B-C,10,8
3687,7,2,DRY,CLASE B-C,7,8
3688,4,2,DRY,CLASE B-C,12,8
3689,4,2,DRY,CLASE B-C,6,8
3690,4,2,DRY,CLASE B-C,6,8
3691,4,2,DRY,CLASE B-C,6,8
3692,2,2,DRY,CLASE B-C,6,8
3693,6,2,DRY,CLASE B-C,11,8
3694,7,2,DRY,CLASE B-C,1,8
3695,7,2,DRY,CLASE B-C,1,8
3696,7,2,DRY,CLASE B-C,1,8
3697,7,2,DRY,CLASE B-C,5,8
3698,7,2,DRY,CLASE B-C,1,8
3699,7,2,DRY,CLASE B-C,1,8
3700,7,2,DRY,CLASE B-C,1,8
3701,7,2,DRY,CLASE B-C,1,8
3702,7,2,DRY,CLASE B-C,1,8
3703,7,2,DRY,CLASE B,1,8
3704,7,2,DRY,CLASE B-C,1,8
3705,7,2,DRY,CLASE B-C,1,8
3706,7,2,DRY,CLASE B-C,5,8
3707,7,2,DRY,CLASE B-C,1,8
3708,7,2,DRY,CLASE B-C,1,8
3709,7,2,DRY,CLASE B-C,1,8
3710,7,2,DRY,CLASE B-C,1,8
3711,7,2,DRY,CLASE B-C,5,8
3712,7,2,DRY,CLASE B-C,1,8
3713,7,2,DRY,CLASE B-C,1,8
3714,7,2,DRY,CLASE B-C,1,8
3715,7,2,DRY,CLASE B-C,1,8
3716,7,2,DRY,CLASE B-C,1,8
3717,7,2,DRY,CLASE B-C,1,8
3718,7,2,DRY,CLASE B-C,5,8
3719,7,2,DRY,CLASE B-C,5,8
3720,7,2,DRY,CLASE B-C,5,8
3721,7,2,DRY,CLASE B-C,5,8
3722,7,2,DRY,CLASE B-C,1,8
3723,7,2,DRY,CLASE B-C,1,8
3724,7,2,DRY,CLASE B-C,1,8
3725,7,2,DRY,CLASE B-C,204,8
3726,3,2,DRY,CLASE B-C,82,8
3727,3,2,DRY,CLASE A,40,8
3728,3,2,DRY,CLASE A,40,8
3729,3,2,DRY,CLASE A,40,8
3730,3,2,DRY,CLASE A,40,8
3731,3,2,DRY,CLASE A,40,8
3732,2,2,DRY,CLASE B-C,52,8
3733,2,2,DRY,CLASE B-C,52,8
3734,2,2,DRY,CLASE B-C,52,8
3735,2,2,DRY,CLASE B-C,52,8
3736,2,2,DRY,CLASE B-C,52,8
3737,2,2,DRY,CLASE B-C,52,8
3738,2,2,DRY,CLASE B-C,52,8
3739,6,2,DRY,CLASE B-C,40,8
3740,6,2,DRY,CLASE B-C,40,8
3741,6,2,DRY,CLASE B-C,33,8
3742,4,2,DRY,CLASE B-C,41,8
3743,3,2,DRY,CLASE B,38,8
3744,7,2,DRY,CLASE B-C,22,8
3745,7,2,DRY,CLASE B-C,15,8
3746,7,2,DRY,CLASE B-C,15,8
3747,7,2,DRY,CLASE B-C,15,8
3748,7,2,DRY,CLASE B-C,24,8
3749,7,2,DRY,CLASE B-C,22,8
3750,7,2,DRY,CLASE B-C,22,8
3751,7,2,DRY,CLASE B-C,24,8
3752,6,2,RF,CLASE B-C,8,8
3753,7,2,DRY,CLASE B-C,19,8
3754,7,2,DRY,CLASE B-C,19,8
3755,7,2,DRY,CLASE B-C,19,8
3756,7,2,DRY,CLASE B-C,15,8
3757,7,2,DRY,CLASE B-C,15,8
3758,7,2,DRY,CLASE B-C,14,8
3759,7,2,DRY,CLASE B-C,15,8
3760,7,2,DRY,CLASE B-C,19,8
3761,7,2,DRY,CLASE B-C,19,8
3762,7,2,DRY,CLASE B-C,19,8
3763,7,2,DRY,CLASE B-C,15,8
3764,6,2,RF,CLASE B-C,10,8
3765,6,2,RF,CLASE B-C,10,8
3766,6,2,DRY,CLASE B-C,8,8
3767,6,2,RF,CLASE B-C,10,8
3768,6,2,RF,CLASE B-C,10,8
3769,7,2,DRY,CLASE B-C,1,8
3770,7,2,DRY,CLASE B-C,1,8
3771,7,2,DRY,CLASE B-C,1,8
3772,7,2,DRY,CLASE B-C,1,8
3773,7,2,DRY,CLASE B,1,8
3774,7,2,DRY,CLASE B-C,1,8
3775,7,2,DRY,CLASE D,1,8
3776,7,2,DRY,CLASE B-C,1,8
3777,7,2,DRY,CLASE B-C,1,8
3778,7,2,DRY,CLASE B-C,1,8
3779,7,2,DRY,CLASE B-C,1,8
3780,7,2,DRY,CLASE B-C,1,8
3781,7,2,RF,CLASE B-C,11,8
3782,7,2,DRY,CLASE B,1,8
3783,7,2,DRY,CLASE B,1,8
3784,7,2,DRY,CLASE B,1,8
3785,7,2,DRY,CLASE B,1,8
3786,7,2,DRY,CLASE B-C,1,8
3787,7,2,DRY,CLASE B-C,1,8
3788,7,2,DRY,CLASE B-C,1,8
3789,7,2,DRY,CLASE B-C,1,8
3790,7,2,DRY,CLASE B-C,1,8
3791,7,2,DRY,CLASE B-C,1,8
3792,7,2,DRY,CLASE B-C,1,8
3793,7,2,DRY,CLASE B-C,1,8
3794,7,2,DRY,CLASE B-C,1,8
3795,7,2,DRY,CLASE B-C,1,8
3796,7,2,DRY,CLASE B-C,1,8
3797,7,2,DRY,CLASE B,1,8
3798,7,2,DRY,CLASE B-C,1,8
3799,7,2,DRY,CLASE B-C,1,8
3800,7,2,RF,CLASE B-C,14,8
3801,7,2,RF,CLASE B-C,10,8
3802,7,2,DRY,CLASE B-C,1,8
3803,7,2,DRY,CLASE B-C,1,8
3804,7,2,DRY,CLASE B-C,1,8
3805,7,2,DRY,CLASE B-C,1,8
3806,7,2,DRY,CLASE B-C,1,8
3807,7,2,DRY,CLASE B-C,1,8
3808,7,2,DRY,CLASE B,1,8
3809,7,2,DRY,CLASE B-C,1,8
3810,7,2,DRY,CLASE B-C,1,8
3811,7,2,DRY,CLASE B-C,1,8
3812,7,2,RF,CLASE B-C,11,8
3813,7,2,DRY,CLASE B-C,1,8
3814,7,2,DRY,CLASE B,1,8
3815,7,2,DRY,CLASE B,1,8
3816,4,2,DRY,CLASE B-C,12,8
3817,4,2,DRY,CLASE B-C,12,8
3818,4,2,DRY,CLASE B-C,12,8
3819,6,2,DRY,CLASE B-C,11,8
3820,6,2,DRY,CLASE B-C,11,8
3821,6,2,DRY,CLASE B-C,11,8
3822,7,2,DRY,CLASE B-C,1,8
3823,7,2,DRY,CLASE B-C,5,8
3824,7,2,DRY,CLASE B-C,5,8
3825,7,2,DRY,CLASE B-C,1,8
3826,7,2,RF,CLASE B-C,3,8
3827,7,2,RF,CLASE B-C,3,8
3828,7,2,DRY,CLASE B-C,5,8
3829,7,2,DRY,CLASE B-C,5,8
3830,7,2,DRY,CLASE B-C,5,8
3831,7,2,DRY,CLASE B-C,5,8
3832,7,2,DRY,CLASE B-C,5,8
3833,7,2,DRY,CLASE B-C,5,8
3834,7,2,DRY,CLASE B-C,1,8
3835,7,2,DRY,CLASE B-C,1,8
3836,7,2,RF,CLASE B-C,3,8
3837,7,2,RF,CLASE B-C,3,8
3838,7,2,RF,CLASE B-C,3,8
3839,7,2,DRY,CLASE B-C,5,8
3840,7,2,DRY,CLASE B-C,5,8
3841,7,2,DRY,CLASE B-C,3,8
3842,7,2,DRY,CLASE B-C,5,8
3843,7,2,DRY,CLASE B-C,1,8
3844,7,2,DRY,CLASE B-C,1,8
3845,7,2,DRY,CLASE B-C,5,8
3846,7,2,DRY,CLASE B-C,5,8
3847,7,2,DRY,CLASE B-C,5,8
3848,7,2,DRY,CLASE B-C,5,8
3849,7,2,DRY,CLASE B-C,5,8
3850,7,2,DRY,CLASE B-C,5,8
3851,7,2,DRY,CLASE B,1,8
3852,7,2,DRY,CLASE B-C,1,8
3853,3,2,DRY,CLASE B-C,96,8
3854,3,2,DRY,CLASE B-C,96,8
3855,3,2,DRY,CLASE B-C,96,8
3856,3,2,DRY,CLASE B-C,97,8
3857,3,2,DRY,CLASE B-C,83,8
3858,6,2,DRY,CLASE B-C,63,8
3859,3,2,DRY,CLASE B-C,77,8
3860,3,2,DRY,CLASE B-C,77,8
3861,3,2,DRY,CLASE B-C,77,8
3862,6,2,DRY,CLASE B-C,43,8
3863,2,2,DRY,CLASE B-C,44,8
3864,2,2,DRY,CLASE B-C,44,8
3865,2,2,DRY,CLASE B-C,50,8
3866,3,2,DRY,CLASE B-C,40,8
3867,6,2,DRY,CLASE B-C,41,8
3868,6,2,DRY,CLASE B-C,34,8
3869,6,2,DRY,CLASE B-C,34,8
3870,2,2,DRY,CLASE B-C,40,8
3871,6,2,RF,CLASE B-C,41,8
3872,6,2,DRY,CLASE B-C,32,8
3873,6,2,DRY,CLASE B-C,33,8
3874,6,2,DRY,CLASE B-C,32,8
3875,7,2,DRY,CLASE B-C,23,8
3876,7,2,DRY,CLASE B-C,23,8
3877,7,2,DRY,CLASE B-C,23,8
3878,7,2,DRY,CLASE B-C,16,8
3879,7,2,DRY,CLASE B-C,23,8
3880,7,2,DRY,CLASE B-C,27,8
3881,7,2,DRY,CLASE B-C,27,8
3882,7,2,DRY,CLASE B-C,23,8
3883,7,2,DRY,CLASE B-C,23,8
3884,7,2,DRY,CLASE B-C,23,8
3885,7,2,DRY,CLASE B-C,23,8
3886,7,2,DRY,CLASE B-C,23,8
3887,7,2,DRY,CLASE B-C,23,8
3888,7,2,DRY,CLASE B-C,23,8
3889,7,2,DRY,CLASE B-C,23,8
3890,7,2,DRY,CLASE B-C,27,8
3891,7,2,DRY,CLASE B-C,23,8
3892,7,2,DRY,CLASE B-C,23,8
3893,7,2,DRY,CLASE B-C,23,8
3894,7,2,DRY,CLASE B-C,26,8
3895,7,2,DRY,CLASE B-C,23,8
3896,7,2,DRY,CLASE D,27,8
3897,7,2,DRY,CLASE B-C,23,8
3898,7,2,DRY,CLASE B-C,23,8
3899,7,2,DRY,CLASE B-C,23,8
3900,7,2,DRY,CLASE B-C,23,8
3901,7,2,DRY,CLASE B-C,27,8
3902,7,2,DRY,CLASE B-C,23,8
3903,7,2,DRY,CLASE B-C,24,8
3904,7,2,DRY,CLASE B-C,24,8
3905,7,2,DRY,CLASE B-C,24,8
3906,7,2,DRY,CLASE B-C,24,8
3907,7,2,DRY,CLASE B-C,24,8
3908,7,2,DRY,CLASE B-C,24,8
3909,7,2,DRY,CLASE B-C,24,8
3910,7,2,DRY,CLASE B-C,24,8
3911,7,2,DRY,CLASE B,24,8
3912,7,2,DRY,CLASE B-C,24,8
3913,7,2,DRY,CLASE B,24,8
3914,7,2,DRY,CLASE B-C,24,8
3915,7,2,DRY,CLASE B-C,24,8
3916,7,2,DRY,CLASE B-C,24,8
3917,7,2,DRY,CLASE B-C,24,8
3918,7,2,DRY,CLASE B-C,24,8
3919,7,2,DRY,CLASE B-C,24,8
3920,7,2,DRY,CLASE B-C,24,8
3921,7,2,DRY,CLASE B-C,24,8
3922,7,2,DRY,CLASE B-C,24,8
3923,7,2,DRY,CLASE B-C,24,8
3924,7,2,DRY,CLASE B-C,24,8
3925,7,2,DRY,CLASE B-C,24,8
3926,7,2,DRY,CLASE B-C,24,8
3927,7,2,DRY,CLASE B-C,1,8
3928,7,2,DRY,CLASE B-C,24,8
3929,7,2,DRY,CLASE B-C,24,8
3930,7,2,DRY,CLASE B-C,24,8
3931,7,2,DRY,CLASE B-C,24,8
3932,7,2,DRY,CLASE B-C,24,8
3933,7,2,DRY,CLASE B-C,24,8
3934,7,2,DRY,CLASE B-C,24,8
3935,7,2,DRY,CLASE B-C,24,8
3936,7,2,DRY,CLASE B-C,24,8
3937,7,2,DRY,CLASE B-C,24,8
3938,7,2,DRY,CLASE B-C,24,8
3939,7,2,DRY,CLASE B-C,24,8
3940,7,2,DRY,CLASE B-C,1,8
3941,7,2,DRY,CLASE B-C,1,8
3942,7,2,DRY,CLASE B-C,24,8
3943,7,2,DRY,CLASE B-C,24,8
3944,7,2,DRY,CLASE B-C,24,8
3945,7,2,DRY,CLASE B-C,24,8
3946,6,2,DRY,CLASE B-C,26,8
3947,7,2,DRY,CLASE B-C,5,8
3948,2,2,DRY,CLASE B-C,18,8
3949,2,2,DRY,CLASE B-C,18,8
3950,2,2,DRY,CLASE B-C,18,8
3951,2,2,DRY,CLASE B-C,18,8
3952,7,2,DRY,CLASE B-C,3,8
3953,7,2,DRY,CLASE B-C,3,8
3954,7,2,DRY,CLASE B-C,3,8
3955,7,2,DRY,CLASE B-C,3,8
3956,7,2,DRY,CLASE B-C,1,8
3957,7,2,DRY,CLASE B-C,3,8
3958,7,2,DRY,CLASE B-C,3,8
3959,7,2,DRY,CLASE B-C,5,8
3960,7,2,DRY,CLASE D,1,8
3961,7,2,DRY,CLASE B-C,2,8
3962,7,2,DRY,CLASE B-C,3,8
3963,7,2,RF,CLASE B-C,12,8
3964,7,2,RF,CLASE B-C,12,8
3965,7,2,RF,CLASE B-C,12,8
3966,7,2,RF,CLASE B-C,10,8
3967,7,2,RF,CLASE B-C,12,8
3968,7,2,DRY,CLASE B-C,1,8
3969,7,2,DRY,CLASE B-C,3,8
3970,7,2,DRY,CLASE B-C,1,8
3971,7,2,DRY,CLASE B,1,8
3972,7,2,DRY,CLASE B-C,3,8
3973,7,2,DRY,CLASE B-C,1,8
3974,7,2,DRY,CLASE B-C,3,8
3975,7,2,DRY,CLASE B-C,3,8
3976,7,2,DRY,CLASE B,1,8
3977,7,2,DRY,CLASE B-C,3,8
3978,7,2,DRY,CLASE B-C,3,8
3979,7,2,DRY,CLASE B-C,1,8
3980,7,2,DRY,CLASE B-C,14,8
3981,7,2,DRY,CLASE B-C,1,8
3982,7,2,DRY,CLASE B-C,3,8
3983,7,2,DRY,CLASE B-C,3,8
3984,7,2,DRY,CLASE B-C,1,8
3985,7,2,DRY,CLASE B-C,3,8
3986,7,2,DRY,CLASE B-C,1,8
3987,7,2,DRY,CLASE B-C,1,8
3988,7,2,DRY,CLASE B-C,3,8
3989,7,2,DRY,CLASE B-C,3,8
3990,7,2,DRY,CLASE B-C,3,8
3991,7,2,DRY,CLASE B-C,3,8
3992,7,2,DRY,CLASE B-C,2,8
3993,7,2,DRY,CLASE B-C,3,8
3994,7,2,DRY,CLASE B-C,3,8
3995,7,2,DRY,CLASE B-C,1,8
3996,7,2,DRY,CLASE B-C,1,8
3997,7,2,DRY,CLASE B-C,1,8
3998,7,2,DRY,CLASE B-C,3,8
3999,7,2,DRY,CLASE B-C,1,8
4000,7,2,DRY,CLASE B-C,3,8
4001,7,2,DRY,CLASE B-C,3,8
4002,7,2,DRY,CLASE B-C,3,8
4003,7,2,DRY,CLASE B-C,3,8
4004,7,2,DRY,CLASE B,5,8
4005,7,2,DRY,CLASE B,1,8
4006,7,2,DRY,CLASE B-C,3,8
4007,7,2,DRY,CLASE B-C,3,8
4008,7,2,DRY,CLASE B-C,2,8
4009,7,2,DRY,CLASE B-C,1,8
4010,7,2,DRY,CLASE B-C,2,8
4011,7,2,DRY,CLASE B-C,3,8
4012,7,2,DRY,CLASE B-C,1,8
4013,7,2,DRY,CLASE B-C,1,8
4014,7,2,DRY,CLASE B-C,2,8
4015,7,2,DRY,CLASE B-C,1,8
4016,7,2,DRY,CLASE B-C,3,8
4017,7,2,DRY,CLASE B-C,2,8
4018,7,2,DRY,CLASE B-C,15,8
4019,7,2,DRY,CLASE B-C,3,8
4020,7,2,DRY,CLASE B-C,3,8
4021,3,2,DRY,CLASE B-C,13,8
4022,2,2,DRY,CLASE B-C,7,8
4023,2,2,DRY,CLASE B-C,5,8
4024,6,2,DRY,CLASE B-C,9,8
4025,3,2,DRY,CLASE A,7,8
4026,7,2,DRY,CLASE D,2,8
4027,7,2,DRY,CLASE B-C,2,8
4028,7,2,DRY,CLASE B-C,2,8
4029,7,2,DRY,CLASE B-C,2,8
4030,7,2,DRY,CLASE B-C,2,8
4031,7,2,DRY,CLASE B-C,6,8
4032,7,2,DRY,CLASE B-C,1,8
4033,7,2,DRY,CLASE B-C,1,8
4034,7,2,DRY,CLASE B-C,6,8
4035,7,2,DRY,CLASE B-C,1,8
4036,7,2,DRY,CLASE B-C,1,8
4037,7,2,DRY,CLASE B-C,6,8
4038,7,2,DRY,CLASE B-C,1,8
4039,7,2,DRY,CLASE B-C,6,8
4040,7,2,DRY,CLASE B-C,6,8
4041,7,2,DRY,CLASE B-C,6,8
4042,7,2,DRY,CLASE B-C,1,8
4043,7,2,DRY,CLASE B-C,6,8
4044,7,2,DRY,CLASE B-C,1,8
4045,7,2,DRY,CLASE B-C,6,8
4046,7,2,DRY,CLASE B-C,6,8
4047,7,2,DRY,CLASE B-C,1,8
4048,7,2,DRY,CLASE B-C,4,8
4049,7,2,DRY,CLASE B-C,4,8
4050,7,2,DRY,CLASE B-C,1,8
4051,7,2,DRY,CLASE B-C,1,8
4052,7,2,DRY,CLASE B-C,1,8
4053,7,2,DRY,CLASE B-C,1,8
4054,7,2,DRY,CLASE B-C,1,8
4055,7,2,DRY,CLASE B-C,1,8
4056,7,2,DRY,CLASE B-C,6,8
4057,7,2,DRY,CLASE B-C,1,8
4058,7,2,DRY,CLASE B-C,6,8
4059,7,2,DRY,CLASE B-C,6,8
4060,7,2,DRY,CLASE B-C,1,8
4061,7,2,DRY,CLASE B-C,1,8
4062,7,2,DRY,CLASE B-C,6,8
4063,7,2,DRY,CLASE B-C,4,8
4064,7,2,DRY,CLASE B-C,6,8
4065,7,2,DRY,CLASE B-C,1,8
4066,7,2,DRY,CLASE B-C,1,8
4067,7,2,DRY,CLASE B-C,4,8
4068,7,2,DRY,CLASE B-C,6,8
4069,7,2,DRY,CLASE B-C,1,8
4070,7,2,DRY,CLASE B-C,6,8
4071,7,2,DRY,CLASE B-C,6,8
4072,7,2,DRY,CLASE B-C,6,8
4073,7,2,DRY,CLASE B-C,6,8
4074,7,2,DRY,CLASE B-C,6,8
4075,7,2,DRY,CLASE B-C,1,8
4076,7,2,DRY,CLASE B-C,1,8
4077,7,2,DRY,CLASE B-C,1,8
4078,7,2,DRY,CLASE B-C,6,8
4079,7,2,DRY,CLASE B-C,1,8
4080,7,2,DRY,CLASE B-C,6,8
4081,7,2,DRY,CLASE B-C,6,8
4082,7,2,DRY,CLASE B-C,1,8
4083,7,2,DRY,CLASE B-C,4,8
4084,7,2,DRY,CLASE B-C,1,8
4085,7,2,DRY,CLASE B-C,6,8
4086,7,2,DRY,CLASE B-C,6,8
4087,7,2,DRY,CLASE B-C,4,8
4088,7,2,DRY,CLASE B-C,1,8
4089,7,2,DRY,CLASE B-C,6,8
4090,7,2,DRY,CLASE B-C,6,8
4091,7,2,DRY,CLASE B-C,6,8
4092,7,2,DRY,CLASE B-C,6,8
4093,7,2,DRY,CLASE B-C,6,8
4094,7,2,DRY,CLASE B-C,6,8
4095,7,2,DRY,CLASE B-C,6,8
4096,7,2,DRY,CLASE B-C,6,8
4097,7,2,DRY,CLASE B-C,6,8
4098,7,2,DRY,CLASE B-C,6,8
4099,7,2,DRY,CLASE B-C,1,8
4100,7,2,DRY,CLASE B-C,2,8
4101,7,2,DRY,CLASE B-C,2,8
4102,7,2,DRY,CLASE B-C,2,8
4103,7,2,DRY,CLASE B-C,2,8
4104,7,2,DRY,CLASE D,2,8
4105,7,2,DRY,CLASE B-C,2,8
4106,7,2,DRY,CLASE B-C,2,8
4107,7,2,DRY,CLASE B-C,2,8
4108,7,2,DRY,CLASE B-C,2,8
4109,3,2,DRY,CLASE B-C,97,8
4110,3,2,DRY,CLASE B-C,84,8
4111,3,2,DRY,CLASE B-C,84,8
4112,3,2,DRY,CLASE B-C,83,8
4113,3,2,DRY,CLASE B-C,84,8
4114,3,2,DRY,CLASE B-C,84,8
4115,3,2,DRY,CLASE B-C,84,8
4116,3,2,DRY,CLASE B-C,84,8
4117,3,2,DRY,CLASE A,84,8
4118,3,2,DRY,CLASE B-C,83,8
4119,3,2,DRY,CLASE B-C,85,8
4120,3,2,DRY,CLASE B-C,84,8
4121,3,2,DRY,CLASE B-C,90,8
4122,3,2,DRY,CLASE B-C,77,8
4123,3,2,DRY,CLASE A,46,8
4124,7,2,DRY,CLASE B-C,48,8
4125,6,2,RF,CLASE B-C,51,8
4126,2,2,DRY,CLASE B-C,47,8
4127,3,2,DRY,CLASE B-C,48,8
4128,3,2,DRY,CLASE B-C,28,8
4129,8,2,RF,CLASE B-C,44,8
4130,6,2,DRY,CLASE B-C,37,8
4131,6,2,RF,CLASE B-C,42,8
4132,6,2,RF,CLASE B-C,37,8
4133,6,2,RF,CLASE B-C,42,8
4134,6,2,DRY,CLASE B-C,41,8
4135,7,2,DRY,CLASE B-C,33,8
4136,7,2,DRY,CLASE B-C,33,8
4137,7,2,DRY,CLASE B-C,29,8
4138,3,2,DRY,CLASE A,21,8
4139,7,2,DRY,CLASE B-C,27,8
4140,7,2,DRY,CLASE B-C,27,8
4141,7,2,DRY,CLASE B-C,28,8
4142,7,2,DRY,CLASE B-C,28,8
4143,7,2,DRY,CLASE B-C,27,8
4144,7,2,DRY,CLASE B-C,28,8
4145,7,2,DRY,CLASE B-C,28,8
4146,7,2,DRY,CLASE B-C,27,8
4147,7,2,DRY,CLASE B-C,28,8
4148,7,2,DRY,CLASE B-C,28,8
4149,7,2,DRY,CLASE B-C,27,8
4150,7,2,DRY,CLASE B-C,28,8
4151,7,2,DRY,CLASE B-C,1,8
4152,7,2,DRY,CLASE B-C,28,8
4153,7,2,DRY,CLASE B-C,29,8
4154,7,2,DRY,CLASE D,27,8
4155,7,2,DRY,CLASE B-C,24,8
4156,7,2,DRY,CLASE B-C,27,8
4157,7,2,DRY,CLASE B-C,28,8
4158,7,2,DRY,CLASE B-C,26,8
4159,7,2,DRY,CLASE B-C,28,8
4160,7,2,RF,CLASE B-C,26,8
4161,7,2,DRY,CLASE B-C,26,8
4162,6,2,RF,CLASE B-C,21,8
4163,6,2,RF,CLASE B-C,21,8
4164,6,2,RF,CLASE B-C,22,8
4165,6,2,RF,CLASE B-C,21,8
4166,6,2,RF,CLASE B-C,22,8
4167,6,2,RF,CLASE B-C,21,8
4168,6,2,RF,CLASE B-C,20,8
4169,6,2,RF,CLASE B-C,20,8
4170,6,2,RF,CLASE B-C,20,8
4171,6,2,RF,CLASE B-C,22,8
4172,6,2,RF,CLASE B-C,21,8
4173,6,2,RF,CLASE B-C,21,8
4174,6,2,RF,CLASE B-C,12,8
4175,6,2,RF,CLASE B-C,20,8
4176,6,2,RF,CLASE B-C,20,8
4177,6,2,RF,CLASE B-C,21,8
4178,7,2,DRY,CLASE D,21,8
4179,7,2,DRY,CLASE B-C,21,8
4180,7,2,DRY,CLASE B-C,21,8
4181,7,2,DRY,CLASE B-C,21,8
4182,7,2,DRY,CLASE B,20,8
4183,7,2,DRY,CLASE B-C,20,8
4184,7,2,DRY,CLASE B-C,13,8
4185,7,2,DRY,CLASE B-C,21,8
4186,7,2,DRY,CLASE B-C,21,8
4187,7,2,DRY,CLASE B-C,21,8
4188,7,2,DRY,CLASE B-C,20,8
4189,7,2,DRY,CLASE B,20,8
4190,7,2,DRY,CLASE B-C,20,8
4191,7,2,DRY,CLASE B-C,6,8
4192,7,2,DRY,CLASE B-C,20,8
4193,7,2,DRY,CLASE B-C,20,8
4194,7,2,DRY,CLASE B-C,20,8
4195,7,2,DRY,CLASE B-C,20,8
4196,7,2,DRY,CLASE B-C,21,8
4197,7,2,DRY,CLASE B-C,20,8
4198,7,2,DRY,CLASE B-C,20,8
4199,7,2,DRY,CLASE B-C,6,8
4200,7,2,DRY,CLASE B-C,20,8
4201,7,2,DRY,CLASE B-C,20,8
4202,7,2,DRY,CLASE B-C,20,8
4203,7,2,DRY,CLASE D,20,8
4204,7,2,DRY,CLASE B-C,20,8
4205,7,2,DRY,CLASE B-C,21,8
4206,7,2,DRY,CLASE B-C,20,8
4207,7,2,DRY,CLASE B-C,21,8
4208,7,2,DRY,CLASE B-C,20,8
4209,7,2,DRY,CLASE B-C,21,8
4210,7,2,DRY,CLASE B-C,6,8
4211,7,2,DRY,CLASE B-C,21,8
4212,7,2,DRY,CLASE B-C,6,8
4213,7,2,DRY,CLASE B-C,20,8
4214,7,2,DRY,CLASE B-C,21,8
4215,7,2,DRY,CLASE B-C,21,8
4216,7,2,DRY,CLASE B,20,8
4217,7,2,DRY,CLASE B,20,8
4218,7,2,DRY,CLASE B-C,20,8
4219,7,2,DRY,CLASE B-C,20,8
4220,7,2,DRY,CLASE B-C,20,8
4221,7,2,DRY,CLASE B-C,20,8
4222,7,2,DRY,CLASE B-C,20,8
4223,7,2,DRY,CLASE B-C,6,8
4224,7,2,DRY,CLASE B-C,6,8
4225,7,2,DRY,CLASE B-C,20,8
4226,7,2,DRY,CLASE B-C,20,8
4227,7,2,DRY,CLASE B-C,20,8
4228,7,2,DRY,CLASE B-C,20,8
4229,7,2,DRY,CLASE B-C,5,8
4230,7,2,DRY,CLASE B-C,20,8
4231,7,2,DRY,CLASE B-C,20,8
4232,7,2,DRY,CLASE B-C,20,8
4233,7,2,DRY,CLASE B-C,21,8
4234,7,2,DRY,CLASE B-C,6,8
4235,7,2,DRY,CLASE B-C,20,8
4236,7,2,DRY,CLASE B-C,20,8
4237,7,2,DRY,CLASE B-C,20,8
4238,7,2,DRY,CLASE B-C,20,8
4239,7,2,DRY,CLASE B-C,5,8
4240,7,2,DRY,CLASE B-C,21,8
4241,7,2,DRY,CLASE B-C,21,8
4242,7,2,DRY,CLASE B-C,20,8
4243,7,2,DRY,CLASE B-C,5,8
4244,7,2,DRY,CLASE B-C,20,8
4245,7,2,DRY,CLASE B-C,21,8
4246,7,2,DRY,CLASE B-C,20,8
4247,7,2,DRY,CLASE B-C,21,8
4248,7,2,DRY,CLASE B-C,13,8
4249,7,2,DRY,CLASE B-C,21,8
4250,7,2,DRY,CLASE B-C,20,8
4251,7,2,DRY,CLASE B-C,21,8
4252,7,2,DRY,CLASE B-C,20,8
4253,7,2,DRY,CLASE B-C,6,8
4254,7,2,DRY,CLASE B-C,20,8
4255,7,2,DRY,CLASE B-C,20,8
4256,7,2,DRY,CLASE B-C,20,8
4257,7,2,DRY,CLASE B-C,20,8
4258,7,2,DRY,CLASE B-C,20,8
4259,7,2,DRY,CLASE B-C,20,8
4260,7,2,DRY,CLASE B-C,20,8
4261,7,2,DRY,CLASE B-C,20,8
4262,7,2,DRY,CLASE B-C,20,8
4263,7,2,DRY,CLASE B-C,6,8
4264,7,2,DRY,CLASE B-C,6,8
4265,7,2,DRY,CLASE B-C,20,8
4266,7,2,DRY,CLASE B-C,20,8
4267,7,2,DRY,CLASE B-C,20,8
4268,7,2,DRY,CLASE B-C,21,8
4269,7,2,DRY,CLASE B-C,20,8
4270,7,2,DRY,CLASE B-C,21,8
4271,7,2,DRY,CLASE B-C,21,8
4272,7,2,DRY,CLASE B-C,6,8
4273,7,2,DRY,CLASE B-C,20,8
4274,7,2,DRY,CLASE B-C,20,8
4275,7,2,DRY,CLASE B-C,20,8
4276,7,2,DRY,CLASE B-C,20,8
4277,7,2,DRY,CLASE B-C,20,8
4278,7,2,DRY,CLASE B-C,20,8
4279,7,2,DRY,CLASE B-C,20,8
4280,7,2,DRY,CLASE B-C,13,8
4281,7,2,DRY,CLASE B-C,6,8
4282,7,2,DRY,CLASE B-C,20,8
4283,7,2,DRY,CLASE B-C,20,8
4284,7,2,DRY,CLASE B-C,20,8
4285,7,2,DRY,CLASE B,6,8
4286,7,2,DRY,CLASE B-C,21,8
4287,7,2,DRY,CLASE A,20,8
4288,7,2,DRY,CLASE D,6,8
4289,7,2,DRY,CLASE B-C,21,8
4290,7,2,DRY,CLASE B-C,21,8
4291,7,2,DRY,CLASE B-C,21,8
4292,7,2,DRY,CLASE B-C,21,8
4293,7,2,DRY,CLASE B-C,21,8
4294,7,2,DRY,CLASE B-C,21,8
4295,6,2,DRY,CLASE B-C,21,8
4296,6,2,DRY,CLASE B-C,21,8
4297,6,2,DRY,CLASE B-C,21,8
4298,6,2,DRY,CLASE B-C,21,8
4299,6,2,DRY,CLASE B-C,21,8
4300,6,2,DRY,CLASE B-C,21,8
4301,6,2,DRY,CLASE B-C,21,8
4302,6,2,DRY,CLASE B-C,21,8
4303,6,2,DRY,CLASE B-C,20,8
4304,6,2,DRY,CLASE B-C,20,8
4305,6,2,DRY,CLASE B-C,20,8
4306,6,2,DRY,CLASE B-C,20,8
4307,6,2,DRY,CLASE B-C,20,8
4308,6,2,RF,CLASE B-C,19,8
4309,6,2,DRY,CLASE B-C,5,8
4310,6,2,DRY,CLASE B-C,10,8
4311,6,2,DRY,CLASE B-C,9,8
4312,6,2,DRY,CLASE B-C,9,8
4313,6,2,DRY,CLASE B-C,9,8
4314,7,2,DRY,CLASE B-C,6,8
4315,7,2,DRY,CLASE B-C,11,8
4316,7,2,RF,CLASE B-C,15,8
4317,7,2,DRY,CLASE B-C,11,8
4318,7,2,DRY,CLASE B-C,14,8
4319,7,2,DRY,CLASE B-C,8,8
4320,7,2,DRY,CLASE B-C,6,8
4321,7,2,DRY,CLASE B-C,6,8
4322,7,2,DRY,CLASE B-C,8,8
4323,7,2,DRY,CLASE B-C,6,8
4324,7,2,DRY,CLASE B-C,6,8
4325,7,2,DRY,CLASE B-C,10,8
4326,7,2,DRY,CLASE B-C,11,8
4327,7,2,DRY,CLASE B-C,5,8
4328,7,2,DRY,CLASE B-C,6,8
4329,7,2,DRY,CLASE B-C,11,8
4330,7,2,DRY,CLASE B-C,14,8
4331,7,2,RF,CLASE B-C,16,8
4332,7,2,RF,CLASE B-C,11,8
4333,7,2,RF,CLASE B-C,16,8
4334,7,2,RF,CLASE B-C,12,8
4335,7,2,RF,CLASE B-C,16,8
4336,7,2,DRY,CLASE B-C,6,8
4337,7,2,DRY,CLASE B-C,6,8
4338,7,2,DRY,CLASE B-C,11,8
4339,7,2,DRY,CLASE B-C,6,8
4340,7,2,DRY,CLASE B-C,6,8
4341,7,2,DRY,CLASE B-C,6,8
4342,7,2,DRY,CLASE B-C,5,8
4343,7,2,DRY,CLASE B-C,14,8
4344,7,2,DRY,CLASE B-C,14,8
4345,7,2,DRY,CLASE B-C,14,8
4346,7,2,DRY,CLASE B-C,6,8
4347,7,2,RF,CLASE B-C,14,8
4348,7,2,RF,CLASE B-C,12,8
4349,7,2,RF,CLASE B-C,16,8
4350,7,2,RF,CLASE B-C,13,8
4351,7,2,RF,CLASE B-C,14,8
4352,7,2,RF,CLASE B-C,14,8
4353,7,2,RF,CLASE B-C,12,8
4354,7,2,RF,CLASE B-C,12,8
4355,7,2,RF,CLASE B-C,12,8
4356,7,2,RF,CLASE B-C,14,8
4357,7,2,DRY,CLASE B,5,8
4358,7,2,RF,CLASE B-C,15,8
4359,7,2,DRY,CLASE B-C,14,8
4360,7,2,DRY,CLASE B-C,6,8
4361,7,2,DRY,CLASE B,5,8
4362,7,2,DRY,CLASE B-C,11,8
4363,7,2,DRY,CLASE B-C,5,8
4364,7,2,DRY,CLASE B-C,5,8
4365,7,2,DRY,CLASE B-C,16,8
4366,7,2,DRY,CLASE B-C,5,8
4367,7,2,DRY,CLASE B-C,2,8
4368,7,2,DRY,CLASE B-C,3,8
4369,7,2,DRY,CLASE B-C,15,8
4370,7,2,DRY,CLASE B,6,8
4371,7,2,DRY,CLASE B-C,5,8
4372,7,2,DRY,CLASE B-C,6,8
4373,7,2,DRY,CLASE B-C,2,8
4374,7,2,DRY,CLASE D,14,8
4375,7,2,DRY,CLASE B-C,5,8
4376,7,2,DRY,CLASE B-C,6,8
4377,7,2,DRY,CLASE B-C,9,8
4378,7,2,DRY,CLASE B-C,5,8
4379,7,2,DRY,CLASE B-C,6,8
4380,7,2,DRY,CLASE B-C,16,8
4381,7,2,DRY,CLASE B-C,6,8
4382,7,2,DRY,CLASE B-C,2,8
4383,7,2,DRY,CLASE B-C,5,8
4384,7,2,DRY,CLASE B-C,6,8
4385,7,2,DRY,CLASE B-C,6,8
4386,7,2,DRY,CLASE B-C,5,8
4387,7,2,DRY,CLASE B-C,5,8
4388,7,2,DRY,CLASE B-C,11,8
4389,7,2,DRY,CLASE B,5,8
4390,7,2,DRY,CLASE B,5,8
4391,7,2,DRY,CLASE B-C,2,8
4392,7,2,DRY,CLASE B-C,11,8
4393,7,2,DRY,CLASE B-C,5,8
4394,7,2,DRY,CLASE B-C,14,8
4395,7,2,DRY,CLASE B-C,11,8
4396,7,2,DRY,CLASE B-C,14,8
4397,7,2,DRY,CLASE B-C,5,8
4398,7,2,DRY,CLASE B-C,16,8
4399,7,2,RF,CLASE B-C,13,8
4400,7,2,DRY,CLASE B-C,11,8
4401,7,2,DRY,CLASE B,5,8
4402,7,2,DRY,CLASE B-C,5,8
4403,7,2,RF,CLASE B-C,16,8
4404,7,2,RF,CLASE B-C,15,8
4405,7,2,DRY,CLASE B-C,6,8
4406,7,2,DRY,CLASE B-C,6,8
4407,7,2,DRY,CLASE B-C,5,8
4408,7,2,DRY,CLASE B-C,14,8
4409,7,2,DRY,CLASE B-C,1,8
4410,7,2,DRY,CLASE B-C,11,8
4411,7,2,DRY,CLASE B-C,4,8
4412,7,2,DRY,CLASE B-C,5,8
4413,7,2,DRY,CLASE B-C,6,8
4414,7,2,DRY,CLASE B-C,11,8
4415,7,2,RF,CLASE B-C,16,8
4416,7,2,DRY,CLASE B-C,6,8
4417,7,2,DRY,CLASE B-C,14,8
4418,7,2,DRY,CLASE B-C,6,8
4419,7,2,DRY,CLASE B-C,5,8
4420,7,2,DRY,CLASE B-C,8,8
4421,7,2,DRY,CLASE B-C,6,8
4422,7,2,DRY,CLASE B-C,6,8
4423,7,2,DRY,CLASE B-C,2,8
4424,7,2,DRY,CLASE B-C,6,8
4425,7,2,DRY,CLASE B-C,6,8
4426,7,2,DRY,CLASE B-C,5,8
4427,7,2,DRY,CLASE B-C,11,8
4428,7,2,RF,CLASE B-C,11,8
4429,7,2,DRY,CLASE B-C,6,8
4430,7,2,DRY,CLASE B-C,13,8
4431,7,2,DRY,CLASE B,6,8
4432,7,2,DRY,CLASE B-C,14,8
4433,7,2,DRY,CLASE B-C,8,8
4434,7,2,DRY,CLASE B-C,14,8
4435,7,2,DRY,CLASE B-C,4,8
4436,6,2,DRY,CLASE B-C,14,8
4437,6,2,DRY,CLASE B-C,14,8
4438,6,2,DRY,CLASE B-C,14,8
4439,3,2,DRY,CLASE B-C,14,8
4440,3,2,DRY,CLASE B-C,14,8
4441,3,2,DRY,CLASE B-C,14,8
4442,3,2,DRY,CLASE B-C,14,8
4443,3,2,DRY,CLASE B-C,14,8
4444,3,2,DRY,CLASE B-C,14,8
4445,3,2,DRY,CLASE B-C,14,8
4446,6,2,DRY,CLASE B-C,7,8
4447,6,2,DRY,CLASE B-C,7,8
4448,7,2,DRY,CLASE B-C,1,8
4449,7,2,DRY,CLASE B-C,5,8
4450,7,2,DRY,CLASE B,5,8
4451,7,2,DRY,CLASE B-C,5,8
4452,7,2,DRY,CLASE B-C,1,8
4453,7,2,RF,CLASE B-C,4,8
4454,7,2,DRY,CLASE B-C,4,8
4455,7,2,DRY,CLASE B-C,1,8
4456,7,2,DRY,CLASE B-C,5,8
4457,7,2,DRY,CLASE B-C,5,8
4458,7,2,DRY,CLASE B-C,2,8
4459,7,2,DRY,CLASE B-C,6,8
4460,7,2,DRY,CLASE B-C,5,8
4461,7,2,DRY,CLASE B-C,5,8
4462,7,2,DRY,CLASE B-C,1,8
4463,7,2,DRY,CLASE B-C,6,8
4464,7,2,DRY,CLASE B-C,1,8
4465,7,2,DRY,CLASE B-C,4,8
4466,7,2,DRY,CLASE B-C,5,8
4467,7,2,DRY,CLASE B-C,5,8
4468,7,2,DRY,CLASE B-C,5,8
4469,7,2,DRY,CLASE D,5,8
4470,7,2,DRY,CLASE B-C,5,8
4471,7,2,DRY,CLASE B-C,5,8
4472,7,2,DRY,CLASE B-C,5,8
4473,7,2,DRY,CLASE B-C,1,8
4474,7,2,DRY,CLASE B-C,4,8
4475,7,2,DRY,CLASE B-C,4,8
4476,7,2,DRY,CLASE B-C,6,8
4477,7,2,DRY,CLASE B-C,2,8
4478,7,2,DRY,CLASE B-C,5,8
4479,7,2,DRY,CLASE B-C,5,8
4480,7,2,DRY,CLASE B-C,5,8
4481,7,2,DRY,CLASE B-C,4,8
4482,7,2,DRY,CLASE B-C,1,8
4483,7,2,DRY,CLASE B-C,1,8
4484,7,2,DRY,CLASE B-C,4,8
4485,7,2,DRY,CLASE B-C,4,8
4486,7,2,DRY,CLASE B-C,1,8
4487,7,2,DRY,CLASE B-C,5,8
4488,7,2,DRY,CLASE B-C,2,8
4489,7,2,DRY,CLASE B-C,5,8
4490,7,2,DRY,CLASE B-C,2,8
4491,7,2,DRY,CLASE B-C,5,8
4492,7,2,DRY,CLASE B-C,6,8
4493,7,2,DRY,CLASE B-C,1,8
4494,7,2,DRY,CLASE B-C,5,8
4495,7,2,RF,CLASE B-C,5,8
4496,7,2,DRY,CLASE B-C,1,8
4497,7,2,DRY,CLASE B-C,4,8
4498,7,2,DRY,CLASE B-C,5,8
4499,7,2,DRY,CLASE B-C,5,8
4500,7,2,DRY,CLASE B-C,5,8
4501,7,2,DRY,CLASE B-C,5,8
4502,7,2,DRY,CLASE B-C,1,8
4503,7,2,DRY,CLASE B-C,5,8
4504,7,2,DRY,CLASE B-C,5,8
4505,7,2,DRY,CLASE B-C,5,8
4506,7,2,DRY,CLASE B-C,2,8
4507,7,2,DRY,CLASE B-C,5,8
4508,7,2,DRY,CLASE B,6,8
4509,7,2,DRY,CLASE B-C,5,8
4510,7,2,DRY,CLASE B-C,5,8
4511,7,2,DRY,CLASE B-C,5,8
4512,7,2,DRY,CLASE B-C,5,8
4513,7,2,DRY,CLASE B-C,5,8
4514,7,2,DRY,CLASE B-C,4,8
4515,7,2,DRY,CLASE B-C,4,8
4516,7,2,DRY,CLASE B-C,5,8
4517,7,2,DRY,CLASE B-C,4,8
4518,7,2,DRY,CLASE B-C,4,8
4519,7,2,DRY,CLASE B-C,4,8
4520,7,2,DRY,CLASE B-C,5,8
4521,7,2,DRY,CLASE B-C,6,8
4522,7,2,DRY,CLASE B-C,5,8
4523,7,2,DRY,CLASE B-C,4,8
4524,7,2,DRY,CLASE B-C,4,8
4525,7,2,DRY,CLASE B-C,3,8
4526,7,2,DRY,CLASE B-C,1,8
4527,7,2,DRY,CLASE B-C,5,8
4528,7,2,DRY,CLASE B-C,5,8
4529,7,2,DRY,CLASE B-C,1,8
4530,7,2,DRY,CLASE B-C,6,8
4531,7,2,DRY,CLASE B-C,5,8
4532,7,2,DRY,CLASE B-C,5,8
4533,7,2,DRY,CLASE B-C,6,8
4534,7,2,DRY,CLASE B-C,6,8
4535,7,2,RF,CLASE B-C,4,8
4536,7,2,DRY,CLASE B-C,5,8
4537,7,2,DRY,CLASE B-C,4,8
4538,7,2,DRY,CLASE B-C,5,8
4539,7,2,DRY,CLASE B-C,5,8
4540,7,2,DRY,CLASE B-C,5,8
4541,7,2,DRY,CLASE B-C,5,8
4542,7,2,DRY,CLASE B-C,5,8
4543,7,2,DRY,CLASE B-C,6,8
4544,7,2,DRY,CLASE B-C,5,8
4545,7,2,DRY,CLASE B-C,5,8
4546,7,2,DRY,CLASE B-C,1,8
4547,7,2,DRY,CLASE B-C,7,8
4548,7,2,DRY,CLASE B-C,4,8
4549,7,2,DRY,CLASE B-C,2,8
4550,7,2,DRY,CLASE B-C,5,8
4551,7,2,DRY,CLASE B-C,5,8
4552,7,2,DRY,CLASE B-C,3,8
4553,7,2,DRY,CLASE B-C,5,8
4554,7,2,DRY,CLASE B-C,5,8
4555,7,2,DRY,CLASE B-C,4,8
4556,7,2,DRY,CLASE B-C,6,8
4557,7,2,DRY,CLASE B-C,4,8
4558,7,2,DRY,CLASE B-C,1,8
4559,7,2,DRY,CLASE B-C,5,8
4560,7,2,DRY,CLASE B-C,1,8
4561,7,2,DRY,CLASE B-C,1,8
4562,7,2,DRY,CLASE B-C,5,8
4563,7,2,DRY,CLASE B-C,5,8
4564,7,2,DRY,CLASE B-C,5,8
4565,7,2,DRY,CLASE B-C,5,8
4566,7,2,DRY,CLASE B-C,4,8
4567,7,2,DRY,CLASE B-C,5,8
4568,7,2,DRY,CLASE B-C,5,8
4569,7,2,DRY,CLASE B-C,1,8
4570,7,2,DRY,CLASE B-C,5,8
4571,7,2,DRY,CLASE B-C,5,8
4572,7,2,DRY,CLASE B-C,1,8
4573,7,2,DRY,CLASE B-C,5,8
4574,7,2,DRY,CLASE B-C,4,8
4575,7,2,DRY,CLASE B-C,5,8
4576,7,2,DRY,CLASE B-C,1,8
4577,7,2,DRY,CLASE B-C,5,8
4578,7,2,DRY,CLASE B-C,4,8
4579,7,2,DRY,CLASE B-C,5,8
4580,7,2,DRY,CLASE B-C,5,8
4581,7,2,DRY,CLASE B-C,5,8
4582,7,2,DRY,CLASE B-C,5,8
4583,7,2,DRY,CLASE B-C,1,8
4584,7,2,DRY,CLASE B-C,5,8
4585,7,2,DRY,CLASE B-C,1,8
4586,7,2,DRY,CLASE B-C,6,8
4587,7,2,DRY,CLASE B-C,4,8
4588,7,2,DRY,CLASE B-C,4,8
4589,7,2,DRY,CLASE B-C,4,8
4590,7,2,DRY,CLASE B-C,4,8
4591,7,2,DRY,CLASE B-C,4,8
4592,7,2,DRY,CLASE B-C,6,8
4593,7,2,DRY,CLASE B-C,4,8
4594,7,2,DRY,CLASE B-C,5,8
4595,7,2,DRY,CLASE B-C,5,8
4596,7,2,DRY,CLASE B-C,4,8
4597,7,2,DRY,CLASE B-C,6,8
4598,7,2,DRY,CLASE D,5,8
4599,7,2,DRY,CLASE B-C,5,8
4600,7,2,DRY,CLASE B-C,5,8
4601,7,2,DRY,CLASE B-C,5,8
4602,7,2,DRY,CLASE B-C,5,8
4603,7,2,DRY,CLASE B-C,5,8
4604,7,2,DRY,CLASE B-C,3,8
4605,7,2,DRY,CLASE B,5,8
4606,7,2,DRY,CLASE B-C,4,8
4607,2,2,RF,CLASE B-C,3,8
4608,1,2,RF,CLASE A,4,8
4609,7,2,DRY,CLASE B-C,1,8
4610,7,2,DRY,CLASE B-C,1,8
4611,7,2,DRY,CLASE B-C,1,8
4612,7,2,DRY,CLASE B-C,1,8
4613,7,2,DRY,CLASE B-C,1,8
4614,7,2,DRY,CLASE B-C,1,8
4615,7,2,DRY,CLASE B-C,1,8
4616,7,2,DRY,CLASE B-C,1,8
4617,7,2,DRY,CLASE B-C,1,8
4618,7,2,DRY,CLASE B-C,1,8
4619,7,2,DRY,CLASE B-C,1,8
4620,7,2,DRY,CLASE B-C,1,8
4621,1,2,RF,CLASE B-C,241,8
4622,3,2,DRY,CLASE B-C,97,8
4623,3,2,DRY,CLASE B-C,97,8
4624,3,2,DRY,CLASE B-C,98,8
4625,3,2,DRY,CLASE B-C,98,8
4626,3,2,DRY,CLASE B-C,96,8
4627,3,2,DRY,CLASE B-C,96,8
4628,3,2,DRY,CLASE B-C,100,8
4629,3,2,DRY,CLASE B-C,99,8
4630,3,2,DRY,CLASE B-C,99,8
4631,3,2,DRY,CLASE B-C,97,8
4632,3,2,DRY,CLASE B-C,98,8
4633,3,2,DRY,CLASE B-C,99,8
4634,3,2,DRY,CLASE B-C,96,8
4635,3,2,DRY,CLASE B-C,96,8
4636,3,2,DRY,CLASE B-C,96,8
4637,3,2,DRY,CLASE B-C,96,8
4638,3,2,DRY,CLASE B-C,96,8
4639,3,2,DRY,CLASE B-C,86,8
4640,3,2,DRY,CLASE B-C,85,8
4641,3,2,DRY,CLASE B-C,85,8
4642,3,2,DRY,CLASE B-C,86,8
4643,3,2,DRY,CLASE B-C,86,8
4644,3,2,DRY,CLASE B-C,85,8
4645,3,2,DRY,CLASE B-C,85,8
4646,3,2,DRY,CLASE B-C,84,8
4647,3,2,DRY,CLASE B-C,85,8
4648,3,2,DRY,CLASE B-C,85,8
4649,3,2,DRY,CLASE B-C,85,8
4650,3,2,DRY,CLASE B-C,85,8
4651,3,2,DRY,CLASE B-C,85,8
4652,3,2,DRY,CLASE B-C,85,8
4653,3,2,DRY,CLASE B-C,86,8
4654,3,2,DRY,CLASE B-C,85,8
4655,3,2,DRY,CLASE B-C,85,8
4656,3,2,DRY,CLASE B-C,87,8
4657,3,2,DRY,CLASE B-C,87,8
4658,3,2,DRY,CLASE B-C,86,8
4659,3,2,DRY,CLASE B-C,87,8
4660,3,2,DRY,CLASE B-C,95,8
4661,3,2,DRY,CLASE B-C,95,8
4662,3,2,DRY,CLASE B-C,95,8
4663,3,2,DRY,CLASE A,92,8
4664,3,2,DRY,CLASE B-C,93,8
4665,3,2,DRY,CLASE B-C,92,8
4666,3,2,DRY,CLASE B-C,92,8
4667,3,2,DRY,CLASE B-C,92,8
4668,3,2,DRY,CLASE B-C,86,8
4669,3,2,DRY,CLASE B-C,86,8
4670,3,2,DRY,CLASE B-C,86,8
4671,3,2,DRY,CLASE B-C,83,8
4672,3,2,DRY,CLASE B-C,82,8
4673,3,2,DRY,CLASE B-C,80,8
4674,3,2,DRY,CLASE B-C,80,8
4675,3,2,DRY,CLASE B-C,80,8
4676,3,2,DRY,CLASE B-C,80,8
4677,3,2,DRY,CLASE B-C,81,8
4678,3,2,DRY,CLASE B-C,81,8
4679,3,2,DRY,CLASE B-C,80,8
4680,3,2,DRY,CLASE B-C,80,8
4681,3,2,DRY,CLASE B-C,80,8
4682,3,2,DRY,CLASE B-C,79,8
4683,3,2,DRY,CLASE B-C,80,8
4684,3,2,DRY,CLASE B-C,78,8
4685,3,2,DRY,CLASE B-C,79,8
4686,3,2,DRY,CLASE B-C,79,8
4687,3,2,DRY,CLASE B-C,80,8
4688,3,2,DRY,CLASE B-C,79,8
4689,3,2,DRY,CLASE B-C,78,8
4690,3,2,DRY,CLASE B-C,73,8
4691,3,2,DRY,CLASE B-C,73,8
4692,3,2,DRY,CLASE B-C,73,8
4693,3,2,DRY,CLASE B-C,73,8
4694,3,1,DRY,CLASE B-C,53,8
4695,3,2,DRY,CLASE B-C,49,8
4696,3,2,DRY,CLASE B-C,58,8
4697,3,2,DRY,CLASE B-C,51,8
4698,3,2,DRY,CLASE B-C,51,8
4699,3,2,DRY,CLASE B-C,51,8
4700,3,2,DRY,CLASE B-C,51,8
4701,3,2,DRY,CLASE B-C,41,8
4702,3,2,DRY,CLASE B-C,43,8
4703,3,2,DRY,CLASE B-C,41,8
4704,3,2,DRY,CLASE B-C,49,8
4705,3,2,DRY,CLASE B-C,49,8
4706,3,2,DRY,CLASE B-C,49,8
4707,3,1,DRY,CLASE B-C,44,8
4708,3,2,DRY,CLASE B-C,51,8
4709,6,2,DRY,CLASE B-C,44,8
4710,6,2,RF,CLASE B-C,43,8
4711,6,2,DRY,CLASE B-C,36,8
4712,3,2,DRY,CLASE B-C,44,8
4713,3,2,DRY,CLASE B-C,44,8
4714,3,2,DRY,CLASE B-C,44,8
4715,3,2,DRY,CLASE B-C,45,8
4716,3,2,DRY,CLASE B-C,1,8
4717,6,2,DRY,CLASE B-C,40,8
4718,6,2,DRY,CLASE B-C,40,8
4719,6,2,DRY,CLASE B-C,43,8
4720,6,2,DRY,CLASE B-C,40,8
4721,6,2,DRY,CLASE B-C,40,8
4722,6,2,DRY,CLASE B-C,40,8
4723,6,2,DRY,CLASE B-C,40,8
4724,6,2,DRY,CLASE B-C,40,8
4725,6,2,DRY,CLASE B-C,40,8
4726,3,1,DRY,CLASE B-C,34,8
4727,8,1,DRY,CLASE B-C,31,8
4728,6,2,DRY,CLASE B-C,34,8
4729,7,2,DRY,CLASE B-C,38,8
4730,7,2,DRY,CLASE B-C,31,8
4731,3,1,DRY,CLASE B-C,22,8
4732,3,2,DRY,CLASE B-C,25,8
4733,3,2,DRY,CLASE B-C,29,8
4734,7,2,DRY,CLASE B-C,30,8
4735,7,2,DRY,CLASE B,29,8
4736,7,2,DRY,CLASE B-C,29,8
4737,7,2,DRY,CLASE B-C,30,8
4738,7,2,DRY,CLASE B-C,29,8
4739,7,2,DRY,CLASE B-C,29,8
4740,7,2,DRY,CLASE B-C,29,8
4741,7,2,DRY,CLASE B-C,30,8
4742,7,2,DRY,CLASE B-C,29,8
4743,7,2,DRY,CLASE B-C,30,8
4744,7,2,DRY,CLASE B-C,30,8
4745,7,2,DRY,CLASE B-C,29,8
4746,7,2,DRY,CLASE B-C,30,8
4747,7,2,DRY,CLASE B-C,30,8
4748,7,2,DRY,CLASE B-C,30,8
4749,7,2,DRY,CLASE B-C,29,8
4750,7,2,DRY,CLASE B-C,30,8
4751,7,2,DRY,CLASE B-C,30,8
4752,7,2,DRY,CLASE B-C,30,8
4753,7,2,DRY,CLASE B-C,30,8
4754,7,2,DRY,CLASE B-C,30,8
4755,7,2,DRY,CLASE B-C,29,8
4756,7,2,DRY,CLASE B-C,29,8
4757,7,2,DRY,CLASE B,30,8
4758,7,2,DRY,CLASE B-C,29,8
4759,7,2,DRY,CLASE B-C,29,8
4760,7,2,DRY,CLASE B-C,30,8
4761,7,2,DRY,CLASE B-C,29,8
4762,7,2,DRY,CLASE B-C,30,8
4763,7,2,DRY,CLASE B-C,29,8
4764,7,2,DRY,CLASE B-C,30,8
4765,7,2,DRY,CLASE B-C,29,8
4766,7,2,DRY,CLASE B-C,29,8
4767,7,2,DRY,CLASE B-C,29,8
4768,7,2,DRY,CLASE B-C,30,8
4769,7,2,DRY,CLASE B-C,30,8
4770,7,2,DRY,CLASE B-C,30,8
4771,7,2,DRY,CLASE B-C,30,8
4772,7,2,DRY,CLASE B-C,29,8
4773,7,2,DRY,CLASE B-C,30,8
4774,7,2,DRY,CLASE B-C,30,8
4775,7,2,DRY,CLASE B-C,30,8
4776,7,2,DRY,CLASE B-C,29,8
4777,7,2,DRY,CLASE B-C,29,8
4778,7,2,DRY,CLASE B-C,30,8
4779,7,2,DRY,CLASE B-C,29,8
4780,7,2,DRY,CLASE B-C,29,8
4781,7,2,DRY,CLASE B-C,30,8
4782,7,2,DRY,CLASE B-C,30,8
4783,7,2,DRY,CLASE B-C,30,8
4784,7,2,DRY,CLASE B-C,29,8
4785,7,2,DRY,CLASE B-C,29,8
4786,7,2,DRY,CLASE B-C,29,8
4787,7,2,DRY,CLASE B-C,30,8
4788,7,2,DRY,CLASE B-C,30,8
4789,7,2,DRY,CLASE B-C,31,8
4790,7,2,DRY,CLASE B-C,29,8
4791,7,2,DRY,CLASE B-C,29,8
4792,7,2,DRY,CLASE B-C,28,8
4793,7,2,DRY,CLASE B-C,29,8
4794,7,2,DRY,CLASE B-C,30,8
4795,7,2,DRY,CLASE B-C,30,8
4796,7,2,DRY,CLASE B-C,29,8
4797,7,2,DRY,CLASE B-C,29,8
4798,7,2,DRY,CLASE B-C,26,8
4799,7,2,DRY,CLASE B,30,8
4800,7,2,DRY,CLASE B-C,30,8
4801,3,2,DRY,CLASE B-C,29,8
4802,7,2,DRY,CLASE B-C,26,8
4803,7,2,DRY,CLASE B-C,29,8
4804,7,2,DRY,CLASE B-C,26,8
4805,7,2,DRY,CLASE B-C,29,8
4806,7,2,DRY,CLASE B-C,25,8
4807,7,2,DRY,CLASE B-C,29,8
4808,7,2,DRY,INSPECTION,28,8
4809,7,2,DRY,CLASE B-C,26,8
4810,6,2,DRY,CLASE B-C,25,8
4811,3,1,DRY,CLASE B-C,13,8
4812,3,1,DRY,CLASE B-C,20,8
4813,3,1,DRY,CLASE B-C,18,8
4814,3,1,DRY,CLASE B-C,18,8
4815,3,1,DRY,CLASE B-C,20,8
4816,6,2,RF,CLASE B-C,23,8
4817,6,2,RF,CLASE B-C,12,8
4818,6,2,RF,CLASE B-C,14,8
4819,6,2,RF,CLASE B-C,12,8
4820,6,2,RF,CLASE B-C,23,8
4821,6,2,RF,INSPECTION,12,8
4822,6,2,RF,CLASE B-C,12,8
4823,6,2,DRY,CLASE B-C,14,8
4824,7,2,DRY,CLASE B-C,23,8
4825,7,2,DRY,CLASE B-C,22,8
4826,7,2,DRY,CLASE B-C,21,8
4827,7,2,DRY,CLASE B-C,20,8
4828,7,2,DRY,CLASE B-C,18,8
4829,7,2,DRY,CLASE B-C,18,8
4830,7,2,DRY,CLASE B-C,22,8
4831,7,2,DRY,CLASE B-C,17,8
4832,7,2,DRY,CLASE B-C,21,8
4833,7,2,DRY,CLASE B-C,22,8
4834,7,2,DRY,CLASE B-C,17,8
4835,7,2,DRY,CLASE B-C,21,8
4836,7,2,DRY,CLASE B-C,21,8
4837,7,2,DRY,CLASE B-C,11,8
4838,7,2,DRY,CLASE B-C,18,8
4839,7,2,DRY,CLASE B-C,22,8
4840,7,2,DRY,CLASE B-C,18,8
4841,7,2,DRY,CLASE B-C,21,8
4842,7,2,DRY,CLASE B-C,17,8
4843,7,2,DRY,CLASE B-C,18,8
4844,7,2,DRY,CLASE B-C,22,8
4845,7,2,DRY,CLASE B-C,22,8
4846,7,2,DRY,CLASE B-C,22,8
4847,7,2,DRY,CLASE B-C,18,8
4848,7,2,DRY,CLASE B-C,22,8
4849,7,2,DRY,CLASE B-C,22,8
4850,7,2,DRY,CLASE B-C,21,8
4851,7,2,DRY,CLASE B-C,18,8
4852,7,2,DRY,CLASE B-C,18,8
4853,7,2,DRY,CLASE B-C,22,8
4854,7,2,DRY,CLASE B-C,18,8
4855,7,2,DRY,CLASE B-C,21,8
4856,7,2,DRY,CLASE B-C,22,8
4857,7,2,DRY,CLASE B-C,23,8
4858,7,2,DRY,CLASE B-C,20,8
4859,7,2,DRY,CLASE B-C,18,8
4860,7,2,DRY,CLASE D,21,8
4861,7,2,DRY,CLASE B-C,22,8
4862,7,2,DRY,CLASE B-C,21,8
4863,7,2,DRY,CLASE B-C,21,8
4864,7,2,DRY,CLASE B-C,21,8
4865,7,2,DRY,CLASE B-C,18,8
4866,7,2,DRY,CLASE B,18,8
4867,7,2,DRY,CLASE B,18,8
4868,7,2,DRY,CLASE B-C,18,8
4869,7,2,DRY,CLASE B-C,18,8
4870,7,2,DRY,CLASE B-C,23,8
4871,7,2,DRY,CLASE B-C,21,8
4872,7,2,DRY,CLASE B-C,21,8
4873,7,2,DRY,CLASE B-C,21,8
4874,7,2,DRY,CLASE B-C,22,8
4875,7,2,DRY,CLASE B-C,21,8
4876,7,2,DRY,CLASE B-C,21,8
4877,7,2,DRY,CLASE B-C,21,8
4878,7,2,DRY,CLASE B-C,21,8
4879,7,2,DRY,CLASE B-C,21,8
4880,7,2,DRY,CLASE B-C,18,8
4881,7,2,DRY,CLASE B-C,23,8
4882,7,2,DRY,CLASE B-C,23,8
4883,7,2,DRY,CLASE B-C,18,8
4884,7,2,DRY,CLASE B-C,18,8
4885,7,2,DRY,CLASE B-C,20,8
4886,7,2,DRY,CLASE B-C,18,8
4887,7,2,DRY,CLASE B-C,18,8
4888,7,2,DRY,CLASE B-C,22,8
4889,7,2,DRY,CLASE B-C,18,8
4890,7,2,DRY,CLASE B-C,22,8
4891,7,2,DRY,CLASE B-C,18,8
4892,7,2,DRY,CLASE B-C,18,8
4893,7,2,DRY,CLASE B-C,22,8
4894,7,2,DRY,CLASE B-C,22,8
4895,7,2,DRY,CLASE B-C,21,8
4896,7,2,DRY,CLASE B-C,21,8
4897,7,2,DRY,CLASE B-C,21,8
4898,7,2,DRY,CLASE B-C,22,8
4899,7,2,DRY,CLASE B-C,18,8
4900,7,2,DRY,CLASE B-C,18,8
4901,7,2,DRY,CLASE B-C,20,8
4902,7,2,DRY,CLASE B-C,18,8
4903,7,2,DRY,CLASE B-C,18,8
4904,7,2,DRY,CLASE B-C,21,8
4905,7,2,DRY,CLASE B-C,18,8
4906,7,2,DRY,CLASE B-C,18,8
4907,7,2,DRY,CLASE B-C,22,8
4908,7,2,DRY,CLASE B-C,21,8
4909,7,2,DRY,CLASE B-C,21,8
4910,7,2,DRY,CLASE B-C,22,8
4911,7,2,DRY,CLASE B-C,23,8
4912,7,2,DRY,CLASE B-C,21,8
4913,7,2,DRY,CLASE B-C,18,8
4914,7,2,DRY,CLASE B-C,22,8
4915,7,2,DRY,CLASE B-C,18,8
4916,7,2,DRY,CLASE B-C,21,8
4917,7,2,DRY,CLASE B-C,20,8
4918,7,2,DRY,CLASE B-C,18,8
4919,7,2,DRY,CLASE B-C,22,8
4920,7,2,DRY,CLASE B-C,22,8
4921,7,2,DRY,CLASE B-C,22,8
4922,7,2,DRY,CLASE B-C,23,8
4923,7,2,DRY,CLASE B-C,22,8
4924,7,2,DRY,CLASE B-C,18,8
4925,7,2,DRY,CLASE B-C,18,8
4926,7,2,DRY,CLASE B-C,18,8
4927,7,2,DRY,CLASE B-C,21,8
4928,7,2,DRY,CLASE B-C,22,8
4929,7,2,DRY,CLASE B-C,18,8
4930,7,2,DRY,CLASE B-C,21,8
4931,7,2,DRY,CLASE B-C,21,8
4932,7,2,DRY,CLASE B-C,22,8
4933,7,2,DRY,CLASE B,18,8
4934,7,2,DRY,CLASE B-C,21,8
4935,7,2,DRY,CLASE B-C,17,8
4936,7,2,DRY,CLASE B-C,22,8
4937,7,2,DRY,CLASE B-C,18,8
4938,7,2,DRY,CLASE B-C,18,8
4939,7,2,DRY,CLASE B-C,20,8
4940,7,2,DRY,CLASE B-C,21,8
4941,7,2,DRY,CLASE B-C,18,8
4942,7,2,DRY,CLASE B-C,18,8
4943,7,2,DRY,CLASE B-C,18,8
4944,7,2,DRY,CLASE B-C,22,8
4945,7,2,DRY,CLASE B-C,18,8
4946,7,2,DRY,CLASE B-C,22,8
4947,7,2,DRY,CLASE B-C,21,8
4948,7,2,DRY,CLASE B-C,18,8
4949,7,2,DRY,CLASE B-C,19,8
4950,7,2,DRY,CLASE B-C,18,8
4951,7,2,DRY,CLASE B-C,18,8
4952,7,2,DRY,CLASE B-C,22,8
4953,7,2,DRY,CLASE B-C,21,8
4954,7,2,DRY,CLASE B-C,21,8
4955,7,2,DRY,CLASE B-C,21,8
4956,7,2,DRY,CLASE B-C,20,8
4957,7,2,DRY,CLASE B-C,18,8
4958,7,2,DRY,CLASE B-C,18,8
4959,7,2,DRY,CLASE B-C,21,8
4960,7,2,DRY,CLASE B-C,22,8
4961,7,2,DRY,CLASE B-C,21,8
4962,7,2,DRY,CLASE B-C,19,8
4963,7,2,DRY,CLASE B-C,18,8
4964,7,2,DRY,CLASE B-C,18,8
4965,7,2,DRY,CLASE B-C,21,8
4966,7,2,DRY,CLASE B-C,18,8
4967,7,2,DRY,CLASE B-C,23,8
4968,7,2,DRY,CLASE B-C,18,8
4969,7,2,DRY,CLASE B-C,18,8
4970,7,2,DRY,CLASE B-C,20,8
4971,7,2,DRY,CLASE B-C,13,8
4972,7,2,DRY,CLASE B-C,21,8
4973,7,2,DRY,CLASE B-C,18,8
4974,7,2,DRY,CLASE B-C,22,8
4975,7,2,DRY,CLASE B-C,18,8
4976,7,2,DRY,CLASE B-C,21,8
4977,7,2,DRY,CLASE B-C,22,8
4978,7,2,DRY,CLASE B-C,22,8
4979,7,2,DRY,CLASE B-C,22,8
4980,7,2,DRY,CLASE B-C,22,8
4981,7,2,DRY,CLASE B-C,22,8
4982,2,2,RF,CLASE B-C,20,8
4983,2,2,RF,CLASE B-C,8,8
4984,2,2,RF,CLASE B-C,8,8
4985,2,2,RF,CLASE B-C,8,8
4986,2,2,DRY,CLASE B-C,21,8
4987,1,2,DRY,INSPECTION,12,8
4988,1,2,DRY,INSPECTION,17,8
4989,6,2,RF,CLASE B-C,21,8
4990,6,2,RF,CLASE B-C,21,8
4991,8,2,RF,CLASE B-C,5,8
4992,6,2,RF,CLASE B-C,13,8
4993,6,2,DRY,CLASE B-C,10,8
4994,6,2,RF,CLASE B-C,13,8
4995,6,2,DRY,CLASE B-C,10,8
4996,6,2,DRY,CLASE B-C,10,8
4997,6,2,DRY,CLASE B-C,10,8
4998,6,2,DRY,CLASE B-C,10,8
4999,6,2,DRY,CLASE B-C,10,8
5000,6,2,DRY,CLASE B-C,10,8
5001,6,2,RF,CLASE B-C,14,8
5002,6,2,RF,CLASE B-C,14,8
5003,6,2,RF,CLASE B-C,13,8
5004,6,2,DRY,CLASE B-C,10,8
5005,6,2,DRY,CLASE B-C,10,8
5006,6,2,DRY,CLASE B-C,10,8
5007,6,2,DRY,CLASE B-C,10,8
5008,6,2,RF,CLASE B-C,15,8
5009,6,2,RF,INSPECTION,14,8
5010,6,2,DRY,CLASE B-C,10,8
5011,7,2,DRY,CLASE B-C,17,8
5012,7,2,DRY,CLASE B-C,17,8
5013,7,2,DRY,CLASE B-C,4,8
5014,7,2,RF,CLASE B-C,13,8
5015,7,2,RF,CLASE B-C,14,8
5016,7,2,RF,CLASE B-C,17,8
5017,7,2,RF,CLASE B-C,15,8
5018,7,2,RF,CLASE B-C,17,8
5019,7,2,RF,CLASE B-C,15,8
5020,7,2,RF,CLASE B-C,13,8
5021,7,2,DRY,CLASE B-C,17,8
5022,7,2,DRY,CLASE B-C,5,8
5023,7,2,DRY,CLASE B-C,6,8
5024,7,2,DRY,CLASE B-C,6,8
5025,7,2,DRY,CLASE B-C,17,8
5026,7,2,DRY,CLASE B-C,11,8
5027,7,2,DRY,CLASE B-C,17,8
5028,7,2,DRY,CLASE B-C,17,8
5029,7,2,RF,CLASE B-C,13,8
5030,7,2,RF,CLASE B-C,12,8
5031,7,2,RF,CLASE B-C,18,8
5032,7,2,DRY,CLASE B-C,17,8
5033,7,2,DRY,CLASE B-C,17,8
5034,7,2,DRY,CLASE B-C,16,8
5035,7,2,DRY,CLASE B-C,17,8
5036,7,2,DRY,CLASE B-C,6,8
5037,7,2,RF,CLASE B-C,15,8
5038,7,2,RF,CLASE B-C,12,8
5039,7,2,RF,CLASE B-C,12,8
5040,7,2,RF,CLASE B-C,13,8
5041,7,2,RF,CLASE B-C,12,8
5042,7,2,RF,CLASE B-C,12,8
5043,7,2,RF,CLASE B-C,11,8
5044,7,2,RF,CLASE B-C,12,8
5045,7,2,RF,CLASE B-C,15,8
5046,7,2,RF,CLASE B-C,13,8
5047,7,2,RF,CLASE B-C,12,8
5048,7,2,RF,CLASE B-C,12,8
5049,7,2,RF,CLASE B-C,12,8
5050,7,2,RF,CLASE B-C,12,8
5051,7,2,RF,CLASE B-C,12,8
5052,7,2,RF,CLASE B-C,15,8
5053,7,2,RF,CLASE B-C,12,8
5054,7,2,RF,CLASE B-C,13,8
5055,7,2,RF,CLASE B-C,12,8
5056,7,2,RF,CLASE B-C,12,8
5057,7,2,RF,CLASE B-C,12,8
5058,7,2,RF,CLASE B-C,13,8
5059,7,2,RF,CLASE B-C,15,8
5060,7,2,RF,CLASE B-C,12,8
5061,7,2,DRY,CLASE B-C,14,8
5062,7,2,DRY,CLASE B-C,6,8
5063,7,2,DRY,CLASE B-C,6,8
5064,7,2,DRY,CLASE B-C,12,8
5065,7,2,DRY,CLASE B-C,17,8
5066,7,2,DRY,CLASE B-C,17,8
5067,7,2,DRY,CLASE B-C,17,8
5068,7,2,DRY,CLASE B-C,6,8
5069,7,2,DRY,CLASE B-C,4,8
5070,7,2,DRY,CLASE B-C,17,8
5071,7,2,DRY,CLASE B-C,17,8
5072,7,2,DRY,CLASE B-C,17,8
5073,7,2,DRY,CLASE B-C,16,8
5074,7,2,DRY,CLASE B-C,11,8
5075,7,2,DRY,CLASE B-C,17,8
5076,7,2,DRY,CLASE B-C,17,8
5077,7,2,DRY,CLASE B-C,7,8
5078,7,2,DRY,CLASE B-C,17,8
5079,7,2,RF,CLASE B-C,12,8
5080,7,2,RF,CLASE B-C,15,8
5081,7,2,DRY,CLASE B-C,17,8
5082,7,2,DRY,CLASE B-C,4,8
5083,7,2,DRY,CLASE B-C,6,8
5084,7,2,DRY,CLASE B-C,17,8
5085,7,2,DRY,CLASE B-C,17,8
5086,7,2,DRY,CLASE B-C,17,8
5087,7,2,DRY,CLASE B-C,16,8
5088,7,2,DRY,CLASE B-C,17,8
5089,7,2,DRY,CLASE B-C,17,8
5090,7,2,DRY,CLASE B-C,17,8
5091,7,2,DRY,CLASE B-C,17,8
5092,7,2,DRY,CLASE B-C,17,8
5093,7,2,DRY,CLASE B-C,6,8
5094,7,2,DRY,CLASE B-C,6,8
5095,7,2,RF,CLASE B-C,13,8
5096,7,2,RF,CLASE B-C,16,8
5097,7,2,RF,CLASE B-C,16,8
5098,7,2,DRY,CLASE B-C,17,8
5099,7,2,RF,CLASE B-C,15,8
5100,7,2,RF,CLASE B-C,12,8
5101,7,2,DRY,CLASE B-C,6,8
5102,7,2,RF,CLASE B-C,13,8
5103,7,2,RF,CLASE B-C,15,8
5104,7,2,RF,CLASE B-C,12,8
5105,7,2,RF,CLASE B-C,16,8
5106,7,2,DRY,CLASE B-C,10,8
5107,7,2,DRY,CLASE B-C,17,8
5108,7,2,DRY,CLASE B-C,6,8
5109,7,2,RF,CLASE B-C,15,8
5110,7,2,DRY,CLASE B-C,17,8
5111,7,2,DRY,CLASE B-C,18,8
5112,7,2,RF,CLASE B-C,12,8
5113,7,2,DRY,CLASE B-C,10,8
5114,7,2,DRY,CLASE B-C,10,8
5115,7,2,DRY,CLASE B-C,16,8
5116,7,2,RF,CLASE B-C,15,8
5117,7,2,RF,CLASE B-C,13,8
5118,7,2,RF,CLASE B-C,12,8
5119,7,2,RF,CLASE B-C,14,8
5120,7,2,DRY,CLASE B-C,14,8
5121,7,2,DRY,CLASE B-C,17,8
5122,7,2,DRY,CLASE B-C,6,8
5123,7,2,DRY,CLASE B-C,17,8
5124,7,2,DRY,CLASE B-C,14,8
5125,7,2,DRY,CLASE B-C,15,8
5126,9,2,DRY,CLASE B-C,4,8
5127,7,2,DRY,CLASE B-C,4,8
5128,7,2,DRY,CLASE B-C,8,8
5129,7,2,DRY,CLASE B-C,6,8
5130,7,2,DRY,CLASE B-C,7,8
5131,7,2,DRY,CLASE B-C,6,8
5132,7,2,DRY,CLASE B-C,6,8
5133,7,2,DRY,CLASE B-C,5,8
5134,7,2,DRY,CLASE B-C,6,8
5135,7,2,DRY,CLASE B-C,6,8
5136,7,2,DRY,CLASE B-C,6,8
5137,7,2,DRY,CLASE B-C,8,8
5138,7,2,DRY,CLASE B-C,4,8
5139,7,2,DRY,CLASE B-C,8,8
5140,7,2,DRY,CLASE B-C,5,8
5141,7,2,DRY,CLASE B-C,5,8
5142,7,2,DRY,CLASE B-C,2,8
5143,7,2,DRY,CLASE B-C,2,8
5144,7,2,DRY,CLASE B-C,8,8
5145,7,2,DRY,CLASE B-C,2,8
5146,7,2,DRY,CLASE B-C,6,8
5147,7,2,DRY,CLASE B-C,2,8
5148,7,2,DRY,CLASE B-C,7,8
5149,7,2,DRY,CLASE B-C,7,8
5150,7,2,DRY,CLASE B-C,6,8
5151,7,2,DRY,CLASE B-C,7,8
5152,7,2,DRY,CLASE B-C,4,8
5153,7,2,DRY,CLASE B-C,5,8
5154,7,2,DRY,CLASE B-C,6,8
5155,7,2,DRY,CLASE B-C,7,8
5156,7,2,DRY,CLASE B-C,7,8
5157,7,2,DRY,CLASE B-C,2,8
5158,7,2,DRY,CLASE B-C,8,8
5159,7,2,DRY,CLASE B-C,6,8
5160,7,2,DRY,CLASE B-C,8,8
5161,7,2,DRY,CLASE B-C,2,8
5162,7,2,DRY,CLASE B-C,8,8
5163,7,2,DRY,CLASE B-C,2,8
5164,7,2,DRY,CLASE B-C,8,8
5165,7,2,DRY,CLASE B-C,8,8
5166,7,2,DRY,CLASE B-C,2,8
5167,7,2,DRY,CLASE B-C,6,8
5168,7,2,DRY,CLASE B-C,8,8
5169,7,2,DRY,CLASE B-C,4,8
5170,7,2,DRY,CLASE B-C,7,8
5171,7,2,DRY,CLASE D,4,8
5172,7,2,DRY,CLASE B-C,7,8
5173,7,2,DRY,CLASE B-C,6,8
5174,7,2,DRY,CLASE B-C,2,8
5175,7,2,DRY,CLASE B-C,8,8
5176,7,2,DRY,CLASE B-C,8,8
5177,7,2,DRY,CLASE B-C,8,8
5178,7,2,DRY,CLASE B-C,5,8
5179,7,2,DRY,CLASE B-C,10,8
5180,7,2,DRY,CLASE B-C,2,8
5181,7,2,DRY,CLASE B-C,6,8
5182,7,2,DRY,CLASE B-C,2,8
5183,7,2,DRY,CLASE B-C,8,8
5184,7,2,DRY,CLASE B-C,8,8
5185,7,2,DRY,CLASE B-C,2,8
5186,7,2,DRY,CLASE B-C,6,8
5187,7,2,DRY,CLASE B-C,6,8
5188,7,2,DRY,CLASE B-C,7,8
5189,7,2,DRY,CLASE B-C,2,8
5190,7,2,DRY,CLASE B-C,6,8
5191,7,2,DRY,CLASE B-C,6,8
5192,7,2,DRY,CLASE B-C,7,8
5193,7,2,DRY,CLASE B-C,7,8
5194,7,2,DRY,CLASE D,8,8
5195,7,2,DRY,CLASE B-C,2,8
5196,7,2,DRY,CLASE B,5,8
5197,7,2,DRY,CLASE B-C,8,8
5198,7,2,DRY,CLASE B-C,7,8
5199,7,2,DRY,CLASE B-C,8,8
5200,7,2,DRY,CLASE B-C,2,8
5201,7,2,DRY,CLASE B-C,6,8
5202,7,2,DRY,CLASE B-C,6,8
5203,7,2,DRY,CLASE B-C,5,8
5204,7,2,DRY,CLASE B-C,7,8
5205,7,2,DRY,CLASE B-C,6,8
5206,7,2,DRY,CLASE B-C,8,8
5207,7,2,DRY,CLASE B-C,4,8
5208,7,2,DRY,CLASE B-C,6,8
5209,7,2,DRY,CLASE B-C,8,8
5210,7,2,DRY,CLASE B-C,7,8
5211,7,2,DRY,CLASE B-C,2,8
5212,7,2,DRY,CLASE B-C,8,8
5213,7,2,DRY,CLASE B-C,8,8
5214,7,2,DRY,CLASE B-C,2,8
5215,7,2,DRY,CLASE B-C,7,8
5216,7,2,DRY,CLASE B-C,5,8
5217,7,2,DRY,CLASE B-C,8,8
5218,7,2,DRY,CLASE B-C,5,8
5219,7,2,DRY,CLASE B-C,5,8
5220,7,2,DRY,CLASE B-C,8,8
5221,7,2,DRY,CLASE B-C,6,8
5222,7,2,DRY,CLASE B,2,8
5223,7,2,DRY,CLASE B-C,8,8
5224,7,2,DRY,CLASE B-C,4,8
5225,7,2,DRY,CLASE B-C,4,8
5226,7,2,DRY,CLASE B-C,6,8
5227,7,2,DRY,CLASE B-C,7,8
5228,7,2,DRY,CLASE B-C,4,8
5229,7,2,DRY,CLASE B-C,5,8
5230,7,2,DRY,CLASE B-C,5,8
5231,7,2,DRY,CLASE B-C,7,8
5232,7,2,DRY,CLASE B-C,7,8
5233,7,2,DRY,CLASE B-C,6,8
5234,7,2,DRY,CLASE B-C,6,8
5235,7,2,DRY,CLASE B-C,5,8
5236,7,2,DRY,CLASE B-C,5,8
5237,7,2,DRY,CLASE B-C,6,8
5238,7,2,DRY,CLASE B-C,6,8
5239,7,2,DRY,CLASE B-C,8,8
5240,7,2,DRY,CLASE B-C,6,8
5241,7,2,DRY,CLASE B-C,8,8
5242,7,2,DRY,CLASE B-C,6,8
5243,7,2,DRY,CLASE B-C,8,8
5244,7,2,DRY,CLASE B-C,6,8
5245,7,2,DRY,CLASE B-C,6,8
5246,7,2,DRY,CLASE B-C,2,8
5247,7,2,DRY,CLASE B-C,7,8
5248,7,2,DRY,CLASE B-C,2,8
5249,7,2,DRY,CLASE B-C,5,8
5250,7,2,DRY,CLASE B-C,10,8
5251,7,2,DRY,CLASE B-C,8,8
5252,7,2,DRY,CLASE B-C,7,8
5253,7,2,DRY,CLASE B-C,6,8
5254,7,2,DRY,CLASE B-C,7,8
5255,7,2,DRY,CLASE B-C,2,8
5256,7,2,DRY,CLASE B-C,2,8
5257,7,2,DRY,CLASE B-C,7,8
5258,7,2,DRY,CLASE B-C,5,8
5259,7,2,DRY,CLASE B-C,7,8
5260,7,2,DRY,CLASE B-C,7,8
5261,7,2,DRY,CLASE B-C,8,8
5262,7,2,DRY,CLASE B-C,2,8
5263,7,2,DRY,CLASE B-C,8,8
5264,7,2,DRY,CLASE B-C,2,8
5265,7,2,DRY,CLASE B-C,7,8
5266,7,2,DRY,CLASE B-C,2,8
5267,7,2,DRY,CLASE B-C,8,8
5268,7,2,DRY,CLASE B-C,5,8
5269,7,2,DRY,CLASE B-C,5,8
5270,7,2,DRY,CLASE B-C,2,8
5271,7,2,DRY,CLASE B-C,2,8
5272,7,2,DRY,CLASE B-C,6,8
5273,7,2,DRY,CLASE B-C,6,8
5274,7,2,DRY,CLASE B-C,6,8
5275,7,2,DRY,CLASE B-C,5,8
5276,7,2,DRY,CLASE B-C,5,8
5277,7,2,DRY,CLASE B-C,4,8
5278,7,2,DRY,CLASE B-C,6,8
5279,7,2,DRY,CLASE B-C,6,8
5280,7,2,DRY,CLASE B-C,5,8
5281,7,2,DRY,CLASE B-C,2,8
5282,7,2,DRY,CLASE B-C,8,8
5283,7,2,DRY,CLASE B-C,6,8
5284,7,2,DRY,CLASE B-C,6,8
5285,7,2,DRY,CLASE B-C,8,8
5286,7,2,DRY,CLASE B-C,5,8
5287,7,2,DRY,CLASE B-C,8,8
5288,7,2,DRY,CLASE B-C,8,8
5289,7,2,DRY,CLASE B-C,6,8
5290,7,2,DRY,CLASE B-C,7,8
5291,7,2,DRY,CLASE B-C,7,8
5292,7,2,DRY,CLASE B-C,5,8
5293,7,2,DRY,CLASE B-C,5,8
5294,7,2,DRY,CLASE B-C,2,8
5295,7,2,DRY,CLASE B-C,7,8
5296,7,2,DRY,CLASE B-C,7,8
5297,7,2,DRY,CLASE B-C,8,8
5298,7,2,DRY,CLASE B-C,5,8
5299,7,2,DRY,CLASE B-C,6,8
5300,7,2,DRY,CLASE B-C,2,8
5301,7,2,DRY,CLASE B-C,8,8
5302,7,2,DRY,CLASE B-C,2,8
5303,7,2,DRY,CLASE B-C,7,8
5304,7,2,DRY,CLASE B-C,6,8
5305,7,2,DRY,CLASE B-C,6,8
5306,7,2,DRY,CLASE B-C,2,8
5307,7,2,DRY,CLASE B-C,8,8
5308,7,2,DRY,CLASE B-C,4,8
5309,7,2,DRY,CLASE B-C,6,8
5310,7,2,DRY,CLASE B-C,2,8
5311,7,2,DRY,CLASE B-C,7,8
5312,7,2,DRY,CLASE B-C,8,8
5313,7,2,DRY,CLASE B-C,4,8
5314,7,2,DRY,CLASE B-C,8,8
5315,7,2,DRY,CLASE B-C,8,8
5316,7,2,DRY,CLASE B-C,7,8
5317,7,2,DRY,CLASE B-C,6,8
5318,7,2,DRY,CLASE B-C,6,8
5319,7,2,DRY,CLASE B-C,7,8
5320,7,2,DRY,CLASE B-C,2,8
5321,7,2,DRY,CLASE B-C,2,8
5322,7,2,DRY,CLASE B-C,6,8
5323,7,2,DRY,CLASE B-C,7,8
5324,7,2,DRY,CLASE B-C,2,8
5325,7,2,DRY,CLASE B-C,6,8
5326,7,2,DRY,CLASE B-C,7,8
5327,7,2,DRY,CLASE B,6,8
5328,7,2,DRY,CLASE B-C,8,8
5329,7,2,DRY,CLASE B-C,5,8
5330,7,2,DRY,CLASE B,5,8
5331,7,2,DRY,CLASE B-C,6,8
5332,7,2,DRY,CLASE B-C,6,8
5333,7,2,DRY,CLASE B-C,7,8
5334,7,2,DRY,CLASE B-C,5,8
5335,7,2,DRY,CLASE B-C,5,8
5336,7,2,DRY,CLASE B-C,2,8
5337,7,2,DRY,CLASE B-C,2,8
5338,7,2,DRY,CLASE B-C,7,8
5339,7,2,DRY,CLASE B-C,7,8
5340,7,2,DRY,CLASE B-C,2,8
5341,7,2,DRY,CLASE B-C,8,8
5342,7,2,DRY,CLASE B-C,6,8
5343,7,2,DRY,CLASE B-C,2,8
5344,7,2,DRY,CLASE B-C,6,8
5345,7,2,DRY,CLASE B-C,8,8
5346,7,2,DRY,CLASE D,7,8
5347,7,2,DRY,CLASE B-C,6,8
5348,7,2,DRY,INSPECTION,1,8
5349,7,2,DRY,CLASE B-C,8,8
5350,7,2,DRY,CLASE B-C,5,8
5351,7,2,DRY,CLASE B-C,5,8
5352,7,2,DRY,CLASE B-C,5,8
5353,7,2,DRY,CLASE B-C,6,8
5354,7,2,DRY,CLASE B-C,7,8
5355,7,2,DRY,CLASE B-C,7,8
5356,7,2,DRY,CLASE B-C,7,8
5357,7,2,DRY,CLASE B-C,5,8
5358,7,2,DRY,CLASE B-C,2,8
5359,7,2,DRY,CLASE B-C,9,8
5360,7,2,DRY,CLASE B-C,2,8
5361,7,2,DRY,CLASE D,5,8
5362,7,2,DRY,CLASE B-C,2,8
5363,7,2,DRY,CLASE B-C,6,8
5364,7,2,DRY,CLASE B-C,6,8
5365,7,2,DRY,CLASE B-C,8,8
5366,7,2,DRY,CLASE B-C,2,8
5367,7,2,DRY,CLASE B-C,7,8
5368,7,2,DRY,CLASE D,7,8
5369,7,2,DRY,CLASE B-C,5,8
5370,7,2,DRY,CLASE B-C,6,8
5371,7,2,DRY,CLASE B-C,6,8
5372,7,2,DRY,CLASE B-C,8,8
5373,7,2,DRY,CLASE B-C,5,8
5374,7,2,DRY,CLASE B-C,2,8
5375,7,2,DRY,CLASE B-C,8,8
5376,7,2,DRY,CLASE B-C,7,8
5377,7,2,DRY,CLASE B-C,2,8
5378,7,2,DRY,CLASE B-C,6,8
5379,7,2,DRY,CLASE B-C,7,8
5380,7,2,DRY,CLASE B-C,5,8
5381,7,2,DRY,CLASE B-C,6,8
5382,7,2,DRY,CLASE B,5,8
5383,7,2,DRY,CLASE B,5,8
5384,7,2,DRY,CLASE B-C,8,8
5385,7,2,DRY,CLASE B-C,6,8
5386,7,2,DRY,CLASE B-C,6,8
5387,7,2,DRY,CLASE B-C,6,8
5388,7,2,DRY,CLASE B-C,5,8
5389,7,2,DRY,CLASE B-C,2,8
5390,7,2,DRY,CLASE B-C,8,8
5391,7,2,DRY,CLASE B-C,4,8
5392,7,2,DRY,CLASE B-C,4,8
5393,7,2,DRY,CLASE B-C,4,8
5394,7,2,DRY,CLASE B-C,4,8
5395,7,2,DRY,CLASE B-C,4,8
5396,7,2,DRY,CLASE B-C,4,8
5397,7,2,DRY,CLASE B-C,4,8
5398,6,2,DRY,CLASE B-C,1,8
5399,6,2,DRY,CLASE B-C,1,8
5400,7,2,DRY,CLASE B-C,2,8
5401,7,2,DRY,CLASE B-C,1,8
5402,7,2,DRY,CLASE B-C,1,8
5403,7,2,DRY,CLASE B-C,2,8
5404,7,2,DRY,CLASE B-C,1,8
5405,7,2,DRY,CLASE B-C,1,8
5406,7,2,DRY,CLASE B-C,1,8
5407,7,2,DRY,CLASE B-C,1,8
5408,7,2,DRY,CLASE B-C,2,8
5409,7,2,DRY,CLASE B-C,1,8
5410,7,2,DRY,CLASE B-C,2,8
5411,7,2,DRY,CLASE B-C,1,8
5412,7,2,DRY,CLASE B-C,1,8
5413,7,2,DRY,CLASE B-C,2,8
5414,7,2,DRY,CLASE B-C,1,8
5415,7,2,DRY,CLASE B-C,1,8
5416,7,2,DRY,CLASE B-C,1,8
5417,7,2,DRY,CLASE B-C,1,8
5418,7,2,DRY,CLASE B-C,2,8
5419,7,2,DRY,CLASE B-C,1,8
5420,7,2,DRY,CLASE B-C,1,8
5421,7,2,DRY,CLASE B-C,2,8
5422,7,2,RF,CLASE B-C,2,8
5423,7,2,DRY,CLASE B-C,2,8
5424,7,2,DRY,CLASE B-C,1,8
5425,7,2,DRY,CLASE B,1,8
5426,7,2,DRY,CLASE B,1,8
5427,7,2,DRY,CLASE B-C,1,8
5428,7,2,DRY,CLASE B,1,8
5429,7,2,DRY,CLASE B-C,2,8
5430,7,2,DRY,CLASE B,2,8
5431,7,2,DRY,CLASE B-C,2,8
5432,7,2,DRY,CLASE B-C,1,8
5433,7,2,DRY,CLASE B,1,8
5434,7,2,DRY,CLASE B-C,1,8
5435,7,2,DRY,CLASE B-C,2,8
5436,7,2,DRY,CLASE B-C,1,8
5437,7,2,DRY,CLASE B-C,1,8
5438,7,2,DRY,CLASE B-C,1,8
5439,7,2,DRY,CLASE B-C,1,8
5440,7,2,DRY,CLASE A,1,8
5441,7,2,DRY,CLASE B,1,8
5442,7,2,DRY,CLASE B-C,1,8
5443,7,2,DRY,CLASE B-C,2,8
5444,7,2,DRY,CLASE B-C,1,8
5445,7,2,DRY,CLASE B-C,2,8
5446,7,2,DRY,CLASE B-C,1,8
5447,7,2,DRY,CLASE B-C,1,8
5448,7,2,DRY,CLASE B-C,2,8
5449,7,2,DRY,CLASE B,1,8
5450,7,2,DRY,CLASE B-C,2,8
5451,7,2,DRY,CLASE B-C,1,8
5452,7,2,DRY,CLASE B,2,8
5453,7,2,DRY,CLASE B-C,1,8
5454,7,2,DRY,CLASE B-C,1,8
5455,7,2,DRY,CLASE B-C,1,8
5456,7,2,DRY,CLASE B-C,1,8
5457,7,2,DRY,CLASE B-C,2,8
5458,7,2,DRY,CLASE B-C,1,8
5459,7,2,DRY,CLASE B-C,2,8
5460,7,2,DRY,CLASE B-C,1,8
5461,7,2,DRY,CLASE B-C,1,8
5462,7,2,DRY,CLASE B-C,2,8
5463,7,2,DRY,CLASE B-C,1,8
5464,7,2,DRY,CLASE B-C,2,8
5465,7,2,DRY,CLASE B-C,1,8
5466,7,2,DRY,CLASE B-C,2,8
5467,7,2,DRY,CLASE B-C,1,8
5468,7,2,DRY,CLASE B-C,1,8
5469,7,2,DRY,CLASE B-C,1,8
5470,7,2,DRY,CLASE B-C,1,8
5471,7,2,DRY,CLASE B-C,1,8
5472,7,2,DRY,CLASE B-C,1,8
5473,7,2,DRY,CLASE B-C,1,8
5474,7,2,DRY,CLASE B-C,2,8
5475,7,2,DRY,CLASE B-C,1,8
5476,7,2,DRY,CLASE B-C,1,8
5477,7,2,DRY,CLASE B-C,1,8
5478,7,2,DRY,CLASE B-C,2,8
5479,7,2,DRY,CLASE B-C,2,8
5480,7,2,DRY,CLASE B-C,1,8
5481,7,2,DRY,CLASE B-C,2,8
5482,7,2,DRY,CLASE B-C,1,8
5483,7,2,DRY,CLASE B-C,1,8
5484,7,2,DRY,CLASE B-C,2,8
5485,7,2,DRY,CLASE B-C,2,8
5486,7,2,DRY,INSPECTION,1,8
5487,7,2,DRY,CLASE B-C,1,8
5488,7,2,DRY,CLASE B-C,1,8
5489,7,2,DRY,CLASE B-C,2,8
5490,7,2,DRY,CLASE B-C,1,8
5491,7,2,DRY,CLASE B-C,1,8
5492,7,2,DRY,CLASE B-C,1,8
5493,7,2,DRY,CLASE B-C,1,8
5494,7,2,DRY,CLASE B-C,1,8
5495,7,2,DRY,CLASE B-C,2,8
5496,7,2,DRY,CLASE B-C,2,8
5497,7,2,DRY,CLASE B-C,2,8
5498,7,2,DRY,CLASE B-C,1,8
5499,7,2,DRY,CLASE B-C,1,8
5500,7,2,DRY,CLASE B-C,1,8
5501,7,2,DRY,CLASE B-C,1,8
5502,7,2,DRY,CLASE B-C,2,8
5503,7,2,DRY,CLASE B-C,1,8
5504,7,2,DRY,CLASE B,1,8
5505,7,2,DRY,CLASE B-C,2,8
5506,7,2,DRY,CLASE B-C,1,8
5507,7,2,DRY,CLASE B,2,8
5508,7,2,DRY,CLASE B-C,1,8
5509,7,2,DRY,CLASE B-C,1,8
5510,7,2,DRY,CLASE B-C,1,8
5511,7,2,DRY,CLASE B-C,1,8
5512,7,2,DRY,CLASE B-C,1,8
5513,7,2,DRY,CLASE B-C,1,8
5514,7,2,DRY,CLASE B-C,2,8
5515,7,2,DRY,CLASE B-C,1,8
5516,7,2,DRY,CLASE B-C,2,8
5517,7,2,DRY,CLASE B-C,1,8
5518,7,2,DRY,CLASE B-C,2,8
5519,7,2,DRY,CLASE B-C,1,8
5520,7,2,DRY,CLASE B-C,1,8
5521,7,2,DRY,CLASE B-C,1,8
5522,7,2,DRY,CLASE B-C,2,8
5523,7,2,DRY,CLASE B-C,2,8
5524,7,2,DRY,CLASE B-C,1,8
5525,7,2,DRY,CLASE B-C,2,8
5526,7,2,DRY,CLASE B,1,8
5527,7,2,DRY,CLASE B,1,8
5528,7,2,DRY,CLASE B-C,2,8
5529,7,2,DRY,CLASE B-C,1,8
5530,7,2,DRY,CLASE B-C,2,8
5531,7,2,DRY,CLASE B-C,1,8
5532,7,2,DRY,CLASE B-C,1,8
5533,7,2,DRY,CLASE B-C,2,8
5534,7,2,DRY,CLASE B-C,1,8
5535,7,2,DRY,CLASE B-C,1,8
5536,7,2,DRY,CLASE B-C,1,8
5537,7,2,DRY,CLASE B-C,1,8
5538,7,2,DRY,CLASE B-C,1,8
5539,7,2,DRY,CLASE B-C,2,8
5540,7,2,DRY,CLASE B-C,1,8
5541,7,2,DRY,CLASE B-C,1,8
5542,7,2,DRY,CLASE B-C,1,8
5543,7,2,DRY,CLASE B-C,1,8
5544,7,2,DRY,CLASE B-C,2,8
5545,7,2,DRY,CLASE B-C,3,8
5546,7,2,DRY,CLASE B-C,1,8
5547,7,2,DRY,CLASE B-C,2,8
5548,7,2,DRY,CLASE B-C,2,8
5549,7,2,DRY,CLASE B-C,1,8
5550,7,2,DRY,CLASE B-C,1,8
5551,7,2,DRY,CLASE B-C,1,8
5552,7,2,DRY,CLASE B-C,1,8
5553,7,2,DRY,CLASE B-C,1,8
5554,7,2,DRY,CLASE B-C,1,8
5555,7,2,DRY,CLASE B-C,1,8
5556,7,2,DRY,CLASE B-C,1,8
5557,7,2,DRY,CLASE B-C,2,8
5558,7,2,DRY,CLASE B-C,2,8
5559,7,2,DRY,CLASE B-C,1,8
5560,7,2,DRY,CLASE B-C,1,8
5561,7,2,DRY,CLASE B-C,1,8
5562,7,2,DRY,CLASE B-C,1,8
5563,7,2,DRY,CLASE B-C,1,8
5564,7,2,DRY,CLASE B-C,1,8
5565,7,2,DRY,CLASE B-C,1,8
5566,7,2,DRY,CLASE B-C,2,8
5567,7,2,DRY,CLASE B,1,8
5568,7,2,DRY,CLASE B-C,1,8
5569,7,2,DRY,CLASE B,1,8
5570,7,2,DRY,CLASE B-C,1,8
5571,7,2,DRY,CLASE B-C,2,8
5572,7,2,DRY,CLASE B-C,2,8
5573,7,2,DRY,CLASE B-C,1,8
5574,7,2,DRY,CLASE B-C,1,8
5575,7,2,DRY,CLASE B-C,2,8
5576,7,2,DRY,CLASE B-C,2,8
5577,7,2,DRY,CLASE B-C,1,8
5578,7,2,DRY,CLASE B-C,2,8
5579,7,2,DRY,CLASE B-C,2,8
5580,7,2,DRY,CLASE B-C,2,8
5581,7,2,DRY,CLASE B-C,1,8
5582,7,2,DRY,CLASE B-C,1,8
5583,7,2,DRY,CLASE B-C,2,8
5584,7,2,DRY,CLASE B-C,2,8
5585,7,2,DRY,CLASE B-C,1,8
5586,7,2,DRY,CLASE B-C,1,8
5587,7,2,DRY,CLASE B-C,1,8
5588,7,2,DRY,CLASE B-C,1,8
5589,7,2,DRY,CLASE B-C,2,8
5590,7,2,DRY,CLASE B-C,1,8
5591,7,2,DRY,CLASE B-C,2,8
5592,7,2,DRY,CLASE B-C,2,8
5593,7,2,DRY,CLASE B-C,1,8
5594,7,2,DRY,CLASE B-C,2,8
5595,7,2,DRY,CLASE B-C,1,8
5596,7,2,DRY,CLASE B-C,2,8
5597,7,2,DRY,CLASE B-C,2,8
5598,7,2,DRY,CLASE B-C,1,8
5599,7,2,DRY,CLASE B-C,1,8
5600,7,2,DRY,CLASE B-C,2,8
5601,7,2,DRY,CLASE B-C,1,8
5602,7,2,DRY,CLASE B-C,2,8
5603,7,2,DRY,CLASE B-C,1,8
5604,7,2,DRY,CLASE B-C,2,8
5605,7,2,DRY,CLASE B-C,2,8
5606,7,2,DRY,CLASE B-C,1,8
5607,7,2,DRY,CLASE B-C,2,8
5608,7,2,DRY,CLASE B-C,1,8
5609,7,2,DRY,CLASE B-C,1,8
5610,7,2,DRY,CLASE B-C,2,8
5611,7,2,DRY,CLASE B-C,1,8
5612,7,2,DRY,CLASE B-C,1,8
5613,7,2,DRY,CLASE B-C,1,8
5614,7,2,DRY,CLASE B-C,1,8
5615,7,2,DRY,CLASE B-C,1,8
5616,7,2,DRY,CLASE B-C,2,8
5617,7,2,DRY,CLASE B-C,1,8
5618,7,2,DRY,CLASE B-C,2,8
5619,7,2,DRY,CLASE B-C,2,8
5620,7,2,DRY,CLASE B-C,1,8
5621,7,2,DRY,CLASE B-C,1,8
5622,7,2,DRY,CLASE B-C,3,8
5623,7,2,DRY,CLASE B-C,2,8
5624,7,2,DRY,CLASE B-C,2,8
5625,7,2,DRY,CLASE B-C,2,8
5626,7,2,DRY,CLASE B-C,3,8
5627,7,2,DRY,CLASE B-C,2,8
5628,7,2,DRY,CLASE B-C,1,8
5629,7,2,DRY,CLASE B-C,2,8
5630,7,2,DRY,CLASE B-C,1,8
5631,7,2,DRY,CLASE B,1,8
5632,7,2,DRY,CLASE B,1,8
5633,7,2,DRY,CLASE B-C,1,8
5634,7,2,DRY,CLASE B-C,1,8
5635,7,2,DRY,CLASE B-C,1,8
5636,7,2,DRY,CLASE B-C,1,8
5637,6,2,DRY,CLASE B-C,3,8
5638,2,2,DRY,CLASE B-C,1,8
5639,2,2,DRY,CLASE B-C,1,8
5640,2,2,DRY,CLASE B-C,1,8
5641,2,2,DRY,CLASE B-C,1,8
5642,2,2,DRY,CLASE B-C,1,8
5643,2,2,DRY,CLASE B-C,1,8
5644,2,2,DRY,CLASE B-C,1,8
5645,7,2,DRY,CLASE B-C,134,8
5646,7,2,DRY,CLASE B-C,79,8
5647,7,2,RF,CLASE B-C,79,8
5648,7,2,DRY,CLASE B,33,8
5649,7,2,DRY,CLASE B-C,31,8
5650,7,2,DRY,CLASE B-C,33,8
5651,7,2,DRY,CLASE B-C,33,8
5652,7,2,DRY,CLASE B-C,32,8
5653,7,2,DRY,CLASE B-C,33,8
5654,7,2,DRY,CLASE B-C,33,8
5655,7,2,DRY,CLASE B-C,32,8
5656,7,2,DRY,CLASE B-C,32,8
5657,7,2,DRY,CLASE B-C,32,8
5658,7,2,DRY,CLASE B-C,33,8
5659,7,2,DRY,CLASE B-C,32,8
5660,7,2,DRY,CLASE B-C,33,8
5661,7,2,DRY,CLASE B-C,33,8
5662,7,2,DRY,CLASE B-C,33,8
5663,7,2,DRY,CLASE B-C,33,8
5664,7,2,DRY,CLASE B-C,32,8
5665,7,2,RF,CLASE B-C,29,8
5666,7,2,DRY,CLASE B-C,28,8
5667,6,2,RF,CLASE B-C,25,8
5668,6,2,RF,CLASE B-C,24,8
5669,6,2,RF,CLASE B-C,25,8
5670,6,2,RF,CLASE B-C,24,8
5671,7,2,DRY,CLASE B-C,24,8
5672,6,2,DRY,CLASE B-C,20,8
5673,6,2,RF,INSPECTION,15,8
5674,6,2,RF,INSPECTION,15,8
5675,6,2,RF,INSPECTION,15,8
5676,7,2,RF,CLASE B-C,16,8
5677,7,2,RF,CLASE B-C,17,8
5678,7,2,RF,CLASE B-C,16,8
5679,7,2,DRY,CLASE B-C,3,8
5680,7,2,DRY,CLASE B-C,5,8
5681,7,2,DRY,CLASE B-C,3,8
5682,7,2,RF,CLASE B-C,15,8
5683,7,2,RF,CLASE B-C,16,8
5684,7,2,DRY,CLASE B-C,3,8
5685,7,2,DRY,CLASE B-C,6,8
5686,7,2,DRY,CLASE B-C,3,8
5687,7,2,RF,CLASE B-C,14,8
5688,7,2,DRY,CLASE B-C,3,8
5689,7,2,DRY,CLASE B-C,3,8
5690,7,2,DRY,CLASE B-C,3,8
5691,7,2,DRY,CLASE B-C,3,8
5692,7,2,DRY,CLASE B-C,3,8
5693,7,2,DRY,CLASE B-C,3,8
5694,7,2,RF,CLASE B-C,15,8
5695,7,2,DRY,CLASE B-C,8,8
5696,7,2,DRY,CLASE B-C,3,8
5697,7,2,DRY,CLASE B-C,3,8
5698,7,2,DRY,CLASE B-C,6,8
5699,7,2,DRY,CLASE B-C,6,8
5700,7,2,DRY,CLASE B-C,6,8
5701,7,2,RF,CLASE B-C,8,8
5702,7,2,RF,CLASE B-C,6,8
5703,7,2,DRY,CLASE B-C,7,8
5704,7,2,DRY,CLASE B-C,9,8
5705,7,2,DRY,CLASE B-C,5,8
5706,7,2,RF,CLASE B-C,6,8
5707,7,2,DRY,CLASE B-C,6,8
5708,7,2,DRY,CLASE B-C,6,8
5709,7,2,DRY,CLASE B-C,7,8
5710,7,2,DRY,CLASE B-C,6,8
5711,7,2,DRY,CLASE B-C,6,8
5712,7,2,DRY,CLASE B-C,7,8
5713,7,2,DRY,CLASE B-C,1,8
5714,7,2,DRY,CLASE B-C,2,8
5715,7,2,DRY,CLASE B-C,2,8
5716,7,2,DRY,CLASE B-C,1,8
5717,7,2,DRY,CLASE B-C,1,8
5718,7,2,DRY,CLASE B-C,1,8
5719,7,2,DRY,CLASE B-C,2,8
5720,7,2,DRY,CLASE D,2,8
5721,7,2,DRY,CLASE B-C,2,8
5722,7,2,DRY,CLASE B-C,1,8
5723,7,2,DRY,CLASE B-C,1,8
5724,7,2,DRY,CLASE B-C,1,8
5725,7,2,DRY,CLASE B-C,2,8
5726,7,2,DRY,CLASE B-C,2,8
5727,7,2,DRY,CLASE B-C,1,8
5728,7,2,DRY,CLASE B-C,2,8
5729,7,2,DRY,CLASE B-C,1,8
5730,7,2,DRY,CLASE B-C,1,8
5731,7,2,DRY,CLASE B-C,1,8
5732,7,2,DRY,CLASE B-C,1,8
5733,7,2,DRY,CLASE B-C,1,8
5734,7,2,DRY,CLASE B-C,2,8
5735,7,2,DRY,CLASE B-C,4,8
5736,7,2,DRY,CLASE B-C,2,8
5737,7,2,DRY,CLASE B-C,2,8
5738,7,2,DRY,CLASE B-C,2,8
5739,7,2,DRY,CLASE B-C,1,8
5740,7,2,DRY,CLASE B-C,2,8
5741,7,2,DRY,CLASE B-C,3,8
5742,7,2,DRY,CLASE B-C,2,8
5743,7,2,DRY,CLASE B-C,2,8
5744,7,2,DRY,CLASE B-C,3,8
5745,7,2,DRY,CLASE B-C,2,8
5746,7,2,DRY,CLASE B-C,1,8
5747,7,2,DRY,CLASE B-C,2,8
5748,7,2,DRY,CLASE B-C,1,8
5749,7,2,DRY,CLASE B-C,1,8
5750,7,2,DRY,CLASE B-C,2,8
5751,7,2,DRY,CLASE B-C,1,8
5752,7,2,DRY,CLASE B-C,2,8
5753,7,2,RF,CLASE B-C,4,8
5754,7,2,DRY,CLASE B-C,2,8
5755,7,2,DRY,CLASE B-C,2,8
5756,7,2,DRY,CLASE B-C,3,8
5757,7,2,DRY,CLASE B-C,2,8
5758,7,2,DRY,CLASE A,1,8
5759,7,2,DRY,CLASE B-C,1,8
5760,7,2,DRY,CLASE B-C,1,8
5761,7,2,DRY,CLASE B-C,2,8
5762,7,2,DRY,CLASE B-C,1,8
5763,7,2,DRY,CLASE B-C,2,8
5764,7,2,DRY,CLASE B-C,2,8
5765,7,2,DRY,CLASE B,3,8
5766,7,2,DRY,CLASE B-C,1,8
5767,7,2,DRY,CLASE B-C,1,8
5768,7,2,DRY,CLASE B-C,3,8
5769,7,2,DRY,CLASE B-C,2,8
5770,7,2,DRY,CLASE B-C,3,8
5771,7,2,DRY,CLASE B-C,2,8
5772,7,2,DRY,CLASE B,1,8
5773,7,2,DRY,CLASE B-C,2,8
5774,7,2,DRY,CLASE B-C,2,8
5775,7,2,DRY,CLASE B-C,1,8
5776,7,2,DRY,CLASE B-C,1,8
5777,7,2,DRY,CLASE A,1,8
5778,7,2,DRY,CLASE B,1,8
5779,7,2,DRY,CLASE B-C,2,8
5780,7,2,DRY,CLASE B-C,2,8
5781,7,2,DRY,CLASE B-C,1,8
5782,7,2,DRY,CLASE B-C,2,8
5783,7,2,DRY,CLASE B-C,2,8
5784,7,2,DRY,CLASE B-C,2,8
5785,7,2,DRY,CLASE B-C,2,8
5786,7,2,DRY,CLASE B-C,2,8
5787,7,2,DRY,CLASE B-C,2,8
5788,7,2,DRY,CLASE B-C,1,8
5789,7,2,DRY,CLASE B-C,3,8
5790,7,2,DRY,CLASE B-C,2,8
5791,7,2,DRY,CLASE B-C,2,8
5792,7,2,DRY,CLASE B-C,3,8
5793,7,2,DRY,CLASE B-C,1,8
5794,7,2,DRY,CLASE B-C,1,8
5795,7,2,DRY,CLASE B-C,2,8
5796,7,2,DRY,CLASE B-C,1,8
5797,7,2,DRY,CLASE B-C,2,8
5798,7,2,DRY,CLASE B-C,2,8
5799,7,2,DRY,CLASE B-C,1,8
5800,7,2,DRY,CLASE B-C,2,8
5801,7,2,DRY,CLASE B-C,1,8
5802,7,2,DRY,CLASE B-C,2,8
5803,7,2,DRY,CLASE B-C,1,8
5804,7,2,DRY,CLASE B-C,1,8
5805,7,2,DRY,CLASE B-C,2,8
5806,7,2,DRY,CLASE B-C,1,8
5807,7,2,DRY,CLASE B-C,1,8
5808,7,2,DRY,CLASE B-C,2,8
5809,7,2,DRY,CLASE B-C,2,8
5810,7,2,DRY,CLASE B-C,2,8
5811,7,2,DRY,CLASE B-C,1,8
5812,7,2,DRY,CLASE B-C,2,8
5813,7,2,DRY,CLASE B-C,2,8
5814,7,2,DRY,CLASE B-C,1,8
5815,7,2,DRY,CLASE B-C,3,8
5816,7,2,DRY,CLASE B-C,1,8
5817,7,2,DRY,CLASE B-C,3,8
5818,7,2,DRY,CLASE B-C,1,8
5819,7,2,DRY,CLASE B-C,1,8
5820,7,2,DRY,CLASE B-C,1,8
5821,7,2,DRY,CLASE B-C,1,8
5822,7,2,DRY,CLASE B-C,1,8
5823,7,2,DRY,CLASE B-C,1,8
5824,7,2,DRY,CLASE B-C,1,8
5825,7,2,DRY,CLASE B-C,1,8
5826,7,2,DRY,CLASE B-C,2,8
5827,7,2,DRY,CLASE B-C,2,8
5828,7,2,DRY,CLASE B-C,1,8
5829,7,2,DRY,CLASE B-C,1,8
5830,7,2,DRY,CLASE B-C,1,8
5831,7,2,DRY,CLASE B-C,1,8
5832,7,2,DRY,CLASE B-C,1,8
5833,7,2,DRY,CLASE A,1,8
5834,7,2,DRY,CLASE B-C,2,8
5835,7,2,DRY,CLASE B-C,1,8
5836,7,2,DRY,CLASE B-C,1,8
5837,7,2,RF,CLASE B-C,4,8
5838,7,2,DRY,CLASE B-C,1,8
5839,7,2,DRY,CLASE B-C,4,8
5840,7,2,DRY,CLASE B-C,1,8
5841,7,2,DRY,CLASE B-C,3,8
5842,7,2,DRY,CLASE B-C,1,8
5843,7,2,DRY,CLASE B-C,3,8
5844,7,2,DRY,CLASE B-C,1,8
5845,7,2,DRY,CLASE B-C,2,8
5846,7,2,DRY,CLASE B-C,1,8
5847,7,2,DRY,CLASE B-C,2,8
5848,7,2,DRY,CLASE B-C,1,8
5849,7,2,DRY,CLASE B-C,1,8
5850,7,2,DRY,CLASE B-C,1,8
5851,7,2,DRY,CLASE B-C,1,8
5852,7,2,DRY,CLASE B-C,2,8
5853,7,2,DRY,CLASE B-C,1,8
5854,7,2,DRY,CLASE B,2,8
5855,7,2,DRY,CLASE A,3,8
5856,7,2,DRY,CLASE B-C,4,8
5857,7,2,DRY,CLASE B-C,2,8
5858,7,2,DRY,CLASE B-C,2,8
5859,7,2,DRY,CLASE B-C,1,8
5860,7,2,DRY,CLASE B-C,1,8
5861,7,2,DRY,CLASE B-C,2,8
5862,7,2,DRY,CLASE B-C,2,8
5863,7,2,DRY,CLASE B-C,1,8
5864,7,2,DRY,CLASE B-C,1,8
5865,7,2,DRY,CLASE B-C,2,8
5866,7,2,DRY,CLASE B-C,1,8
5867,7,2,DRY,CLASE B-C,3,8
5868,7,2,DRY,CLASE B-C,1,8
5869,7,2,DRY,CLASE B-C,3,8
5870,7,2,DRY,CLASE B-C,1,8
5871,7,2,DRY,CLASE B-C,3,8
5872,7,2,DRY,CLASE B-C,2,8
5873,7,2,DRY,CLASE B-C,3,8
5874,7,2,DRY,CLASE B-C,1,8
5875,7,2,DRY,CLASE B-C,2,8
5876,7,2,DRY,CLASE B-C,1,8
5877,7,2,DRY,CLASE B-C,1,8
5878,7,2,DRY,CLASE B-C,2,8
5879,7,2,DRY,CLASE B-C,1,8
5880,7,2,DRY,CLASE B-C,2,8
5881,7,2,DRY,CLASE B-C,2,8
5882,7,2,DRY,CLASE B-C,1,8
5883,7,2,DRY,CLASE B-C,1,8
5884,7,2,DRY,CLASE B-C,4,8
5885,7,2,DRY,CLASE B-C,1,8
5886,7,2,DRY,CLASE B-C,1,8
5887,7,2,DRY,CLASE B-C,2,8
5888,7,2,DRY,CLASE B-C,1,8
5889,7,2,DRY,CLASE B-C,1,8
5890,7,2,DRY,CLASE B-C,3,8
5891,7,2,DRY,CLASE B-C,1,8
5892,7,2,DRY,CLASE B-C,2,8
5893,7,2,DRY,CLASE B-C,2,8
5894,7,2,DRY,CLASE B-C,1,8
5895,7,2,DRY,CLASE B-C,1,8
5896,7,2,DRY,CLASE B-C,1,8
5897,7,2,DRY,CLASE B-C,1,8
5898,7,2,DRY,CLASE B-C,2,8
5899,7,2,DRY,CLASE B-C,1,8
5900,7,2,DRY,CLASE B-C,2,8
5901,7,2,DRY,CLASE B-C,1,8
5902,7,2,DRY,CLASE B-C,1,8
5903,7,2,DRY,CLASE B-C,2,8
5904,7,2,DRY,CLASE B-C,2,8
5905,7,2,DRY,CLASE B-C,2,8
5906,7,2,DRY,CLASE B-C,1,8
5907,7,2,DRY,CLASE B-C,2,8
5908,7,2,DRY,CLASE B-C,2,8
5909,7,2,DRY,CLASE B-C,2,8
5910,7,2,DRY,CLASE B-C,2,8
5911,7,2,DRY,CLASE B-C,1,8
5912,7,2,DRY,CLASE B-C,1,8
5913,7,2,DRY,CLASE B-C,2,8
5914,7,2,DRY,CLASE B-C,3,8
5915,7,2,DRY,CLASE B-C,2,8
5916,7,2,DRY,CLASE B-C,2,8
5917,7,2,DRY,CLASE B-C,1,8
5918,7,2,DRY,CLASE B-C,3,8
5919,7,2,DRY,CLASE B-C,1,8
5920,7,2,DRY,CLASE B-C,2,8
5921,7,2,DRY,CLASE B-C,2,8
5922,7,2,DRY,CLASE B-C,2,8
5923,7,2,DRY,CLASE B-C,1,8
5924,7,2,DRY,CLASE B-C,2,8
5925,7,2,DRY,CLASE B-C,2,8
5926,7,2,DRY,CLASE B-C,2,8
5927,7,2,DRY,CLASE B-C,2,8
5928,7,2,DRY,CLASE B-C,1,8
5929,7,2,DRY,CLASE B-C,2,8
5930,7,2,DRY,CLASE B-C,2,8
5931,7,2,DRY,CLASE B-C,2,8
5932,7,2,DRY,CLASE B-C,2,8
5933,7,2,DRY,CLASE B-C,1,8
5934,7,2,DRY,CLASE B-C,1,8
5935,7,2,DRY,CLASE B-C,2,8
5936,7,2,DRY,CLASE B-C,3,8
5937,7,2,DRY,CLASE B-C,2,8
5938,7,2,DRY,CLASE A,1,8
5939,7,2,DRY,CLASE B-C,2,8
5940,7,2,DRY,CLASE B-C,1,8
5941,7,2,DRY,CLASE B-C,1,8
5942,7,2,DRY,CLASE B-C,3,8
5943,7,2,DRY,CLASE B-C,2,8
5944,7,2,DRY,CLASE B-C,2,8
5945,7,2,DRY,CLASE B-C,2,8
5946,7,2,DRY,CLASE B-C,2,8
5947,7,2,DRY,CLASE B-C,1,8
5948,7,2,DRY,CLASE B-C,3,8
5949,7,2,DRY,CLASE B-C,2,8
5950,7,2,DRY,CLASE B-C,2,8
5951,7,2,DRY,CLASE B-C,2,8
5952,7,2,DRY,CLASE B-C,2,8
5953,7,2,DRY,CLASE B-C,2,8
5954,7,2,DRY,CLASE B-C,1,8
5955,7,2,DRY,CLASE D,2,8
5956,7,2,DRY,CLASE B-C,1,8
5957,7,2,DRY,CLASE B-C,3,8
5958,7,2,DRY,CLASE B-C,2,8
5959,7,2,DRY,CLASE B-C,1,8
5960,7,2,DRY,CLASE B-C,2,8
5961,7,2,RF,CLASE B-C,4,8
5962,7,2,RF,CLASE B-C,4,8
5963,7,2,DRY,CLASE B-C,1,8
5964,7,2,RF,CLASE B-C,4,8
5965,7,2,DRY,CLASE B-C,2,8
5966,7,2,DRY,CLASE B-C,1,8
5967,7,2,DRY,CLASE B-C,1,8
5968,7,2,DRY,CLASE B-C,4,8
5969,7,2,DRY,CLASE B-C,1,8
5970,7,2,DRY,CLASE B-C,2,8
5971,7,2,DRY,CLASE B-C,1,8
5972,7,2,DRY,CLASE B-C,2,8
5973,7,2,DRY,CLASE B-C,2,8
5974,7,2,DRY,CLASE B-C,2,8
5975,7,2,DRY,CLASE B-C,2,8
5976,7,2,DRY,CLASE B,2,8
5977,7,2,DRY,CLASE B-C,2,8
5978,7,2,DRY,CLASE B,2,8
5979,7,2,DRY,CLASE B-C,2,8
5980,7,2,DRY,CLASE B-C,1,8
5981,7,2,DRY,CLASE B-C,2,8
5982,7,2,DRY,CLASE B-C,1,8
5983,7,2,DRY,CLASE B-C,2,8
5984,7,2,DRY,CLASE B-C,2,8
5985,7,2,DRY,CLASE B-C,1,8
5986,7,2,DRY,CLASE B-C,3,8
5987,7,2,DRY,CLASE B-C,1,8
5988,7,2,DRY,CLASE B-C,1,8
5989,7,2,DRY,CLASE B-C,1,8
5990,7,2,DRY,CLASE B-C,2,8
5991,7,2,DRY,CLASE B-C,2,8
5992,7,2,DRY,CLASE B-C,3,8
5993,7,2,DRY,CLASE B-C,1,8
5994,7,2,DRY,CLASE B-C,1,8
5995,7,2,DRY,CLASE B-C,1,8
5996,7,2,DRY,CLASE B-C,1,8
5997,7,2,DRY,CLASE B-C,1,8
5998,7,2,DRY,CLASE B-C,1,8
5999,7,2,DRY,CLASE B-C,1,8
6000,2,2,DRY,CLASE B-C,3,9
6001,1,2,DRY,CLASE B-C,12,9
6002,1,2,DRY,CLASE B-C,12,9
6003,1,2,DRY,CLASE B-C,12,9
6004,9,2,DRY,CLASE B-C,6,9
6005,2,2,DRY,CLASE B-C,3,9
6006,1,2,DRY,CLASE B-C,12,9
6007,7,2,DRY,CLASE B-C,2,9
6008,7,2,DRY,CLASE B-C,2,9
6009,7,2,DRY,CLASE B-C,2,9
6010,7,2,DRY,CLASE B-C,2,9
6011,7,2,DRY,CLASE B-C,2,9
6012,2,2,DRY,CLASE B-C,3,9
6013,2,2,DRY,CLASE B-C,3,9
6014,2,2,DRY,CLASE B-C,51,9
6015,7,2,DRY,CLASE B-C,2,9
6016,7,2,DRY,CLASE B,2,9
6017,7,2,DRY,CLASE B-C,2,9
6018,7,2,DRY,CLASE B-C,2,9
6019,7,2,DRY,CLASE B-C,2,9
6020,7,2,DRY,CLASE B-C,2,9
6021,7,2,DRY,CLASE B-C,2,9
6022,7,2,DRY,CLASE B-C,2,9
6023,7,2,DRY,CLASE B-C,2,9
6024,7,2,DRY,CLASE B-C,2,9
6025,7,2,DRY,CLASE B-C,2,9
6026,7,2,DRY,CLASE B-C,2,9
6027,7,2,DRY,CLASE B-C,2,9
6028,7,2,DRY,CLASE B-C,2,9
6029,9,2,DRY,CLASE B-C,4,9
6030,2,2,DRY,CLASE B-C,74,9
6031,2,2,DRY,CLASE B-C,74,9
6032,2,2,DRY,CLASE B-C,74,9
6033,2,2,DRY,CLASE B-C,74,9
6034,2,2,DRY,CLASE B-C,74,9
6035,2,2,DRY,CLASE B-C,74,9
6036,2,2,DRY,CLASE B-C,74,9
6037,2,2,DRY,CLASE B-C,74,9
6038,2,2,DRY,CLASE B-C,74,9
6039,2,2,DRY,CLASE B-C,74,9
6040,2,2,DRY,CLASE B-C,51,9
6041,2,2,DRY,CLASE B-C,51,9
6042,3,1,DRY,CLASE B-C,22,9
6043,3,1,DRY,CLASE B-C,22,9
6044,3,1,DRY,CLASE B-C,22,9
6045,3,1,DRY,CLASE B-C,22,9
6046,6,2,RF,CLASE B-C,26,9
6047,4,2,DRY,CLASE B-C,19,9
6048,7,2,DRY,CLASE B-C,14,9
6049,1,2,DRY,CLASE B-C,13,9
6050,1,2,DRY,CLASE B-C,13,9
6051,7,2,DRY,CLASE B-C,11,9
6052,9,2,DRY,CLASE B-C,1,9
6053,7,2,DRY,CLASE B-C,1,9
6054,7,2,DRY,CLASE B-C,3,9
6055,7,2,DRY,CLASE B-C,2,9
6056,2,2,DRY,CLASE B-C,3,9
6057,2,2,DRY,CLASE B-C,3,9
6058,2,2,DRY,CLASE B-C,3,9
6059,2,2,DRY,CLASE B-C,3,9
6060,2,2,DRY,CLASE B-C,3,9
6061,2,2,DRY,CLASE B-C,3,9
6062,2,2,DRY,CLASE B-C,74,9
6063,2,2,DRY,CLASE B-C,74,9
6064,2,2,DRY,CLASE B-C,74,9
6065,2,2,DRY,CLASE B-C,74,9
6066,2,2,DRY,CLASE B-C,74,9
6067,2,2,DRY,CLASE B-C,74,9
6068,2,2,DRY,CLASE B-C,74,9
6069,7,2,DRY,CLASE B-C,54,9
6070,3,1,DRY,CLASE B-C,22,9
6071,3,1,DRY,CLASE B-C,22,9
6072,1,2,DRY,INSPECTION,26,9
6073,1,2,DRY,CLASE B-C,20,9
6074,1,2,DRY,CLASE B-C,18,9
6075,6,2,RF,CLASE B-C,17,9
6076,6,2,RF,CLASE B-C,17,9
6077,6,2,RF,CLASE B-C,17,9
6078,4,2,DRY,CLASE B-C,5,9
6079,2,2,RF,CLASE B-C,13,9
6080,1,2,DRY,CLASE B-C,13,9
6081,1,2,DRY,CLASE B-C,13,9
6082,9,2,DRY,CLASE B-C,4,9
6083,2,2,DRY,CLASE B-C,10,9
6084,2,2,DRY,CLASE B-C,8,9
6085,2,2,DRY,CLASE B-C,10,9
6086,2,2,DRY,CLASE B,8,9
6087,2,2,DRY,CLASE B-C,10,9
6088,2,2,DRY,CLASE B-C,10,9
6089,2,2,DRY,CLASE B-C,10,9
6090,2,2,DRY,CLASE B-C,10,9
6091,2,2,DRY,CLASE B-C,10,9
6092,2,2,DRY,CLASE B-C,8,9
6093,2,2,DRY,CLASE B-C,10,9
6094,2,2,DRY,CLASE B-C,10,9
6095,2,2,DRY,CLASE B-C,10,9
6096,2,2,DRY,CLASE B-C,10,9
6097,2,2,DRY,CLASE B-C,10,9
6098,2,2,DRY,CLASE B-C,10,9
6099,2,2,DRY,CLASE B-C,10,9
6100,2,2,RF,CLASE B-C,5,9
6101,2,2,DRY,CLASE B-C,10,9
6102,2,2,DRY,CLASE B-C,10,9
6103,2,2,DRY,CLASE B-C,8,9
6104,2,2,DRY,CLASE A,10,9
6105,6,2,DRY,CLASE B-C,1,9
6106,7,2,DRY,CLASE B-C,2,9
6107,7,2,DRY,CLASE B-C,2,9
6108,7,2,DRY,CLASE B-C,3,9
6109,7,2,DRY,CLASE B-C,2,9
6110,7,2,DRY,CLASE B-C,2,9
6111,7,2,RF,CLASE B-C,3,9
6112,7,2,DRY,CLASE B-C,3,9
6113,7,2,DRY,CLASE B-C,2,9
6114,7,2,DRY,CLASE B-C,2,9
6115,7,2,DRY,CLASE B-C,1,9
6116,7,2,DRY,CLASE B-C,2,9
6117,7,2,DRY,CLASE B-C,3,9
6118,7,2,DRY,CLASE B-C,1,9
6119,7,2,DRY,CLASE B-C,2,9
6120,2,2,DRY,CLASE B-C,3,9
6121,2,2,DRY,CLASE B-C,3,9
6122,2,2,DRY,CLASE B-C,3,9
6123,2,2,DRY,CLASE B-C,3,9
6124,2,2,DRY,CLASE B-C,3,9
6125,2,2,DRY,CLASE B-C,3,9
6126,7,1,DRY,INSPECTION,104,9
6127,3,2,DRY,CLASE A,89,9
6128,7,1,DRY,INSPECTION,81,9
6129,3,2,DRY,CLASE B-C,83,9
6130,7,1,DRY,INSPECTION,68,9
6131,7,1,DRY,INSPECTION,68,9
6132,3,2,DRY,CLASE B-C,70,9
6133,7,1,DRY,INSPECTION,46,9
6134,7,1,DRY,INSPECTION,47,9
6135,7,1,DRY,INSPECTION,47,9
6136,7,1,DRY,INSPECTION,46,9
6137,7,1,DRY,INSPECTION,47,9
6138,7,1,DRY,INSPECTION,53,9
6139,7,1,DRY,INSPECTION,36,9
6140,7,1,DRY,INSPECTION,33,9
6141,7,1,DRY,INSPECTION,46,9
6142,7,1,DRY,INSPECTION,33,9
6143,3,2,DRY,CLASE B-C,51,9
6144,3,2,DRY,CLASE B-C,51,9
6145,3,2,DRY,CLASE B-C,51,9
6146,3,2,DRY,CLASE B-C,51,9
6147,3,2,DRY,CLASE B-C,51,9
6148,3,2,DRY,CLASE B-C,51,9
6149,3,2,DRY,CLASE B-C,51,9
6150,3,2,DRY,CLASE B-C,51,9
6151,7,1,DRY,INSPECTION,56,9
6152,7,1,DRY,INSPECTION,57,9
6153,2,2,DRY,CLASE B-C,59,9
6154,2,2,DRY,CLASE B-C,59,9
6155,3,2,DRY,CLASE A,52,9
6156,2,2,DRY,CLASE B,46,9
6157,2,2,DRY,CLASE B-C,47,9
6158,2,2,DRY,CLASE B-C,46,9
6159,2,2,DRY,CLASE B-C,46,9
6160,2,2,DRY,CLASE B-C,46,9
6161,2,2,DRY,CLASE B-C,47,9
6162,2,2,DRY,CLASE B-C,47,9
6163,2,2,DRY,CLASE B-C,46,9
6164,2,2,DRY,CLASE B-C,47,9
6165,7,2,DRY,CLASE B-C,33,9
6166,7,1,DRY,INSPECTION,15,9
6167,7,1,DRY,INSPECTION,17,9
6168,7,1,DRY,INSPECTION,22,9
6169,7,1,DRY,INSPECTION,22,9
6170,7,1,DRY,INSPECTION,17,9
6171,2,2,RF,CLASE B-C,22,9
6172,2,2,RF,CLASE B-C,18,9
6173,2,2,RF,CLASE B-C,18,9
6174,2,2,RF,CLASE B-C,24,9
6175,2,2,RF,CLASE B-C,12,9
6176,2,2,RF,CLASE B-C,22,9
6177,2,2,RF,CLASE B-C,22,9
6178,2,2,RF,CLASE B-C,22,9
6179,6,2,RF,CLASE B-C,17,9
6180,7,1,DRY,INSPECTION,14,9
6181,2,2,DRY,CLASE B-C,14,9
6182,2,2,DRY,CLASE B-C,14,9
6183,2,2,DRY,CLASE B-C,14,9
6184,2,2,DRY,CLASE B-C,1,9
6185,2,2,DRY,CLASE B-C,14,9
6186,2,2,DRY,CLASE B-C,14,9
6187,2,2,DRY,CLASE B-C,12,9
6188,2,2,DRY,CLASE B-C,14,9
6189,2,2,DRY,CLASE B-C,14,9
6190,2,2,DRY,CLASE B-C,14,9
6191,2,2,DRY,CLASE B-C,14,9
6192,2,2,DRY,CLASE B-C,14,9
6193,2,2,DRY,CLASE B-C,14,9
6194,2,2,DRY,CLASE B-C,14,9
6195,7,2,DRY,CLASE B-C,8,9
6196,7,2,DRY,CLASE B-C,6,9
6197,7,2,DRY,CLASE B-C,6,9
6198,7,2,DRY,CLASE B-C,11,9
6199,9,2,DRY,CLASE B-C,1,9
6200,9,2,DRY,CLASE B-C,1,9
6201,2,2,DRY,CLASE B-C,7,9
6202,2,2,DRY,CLASE B-C,7,9
6203,2,2,RF,CLASE B-C,7,9
6204,2,2,DRY,CLASE B-C,7,9
6205,2,2,DRY,CLASE B-C,7,9
6206,3,2,DRY,CLASE A,4,9
6207,3,2,DRY,CLASE A,1,9
6208,3,2,DRY,CLASE A,4,9
6209,6,2,DRY,CLASE B-C,1,9
6210,7,2,DRY,CLASE B-C,3,9
6211,7,2,RF,CLASE B-C,3,9
6212,7,2,RF,CLASE B-C,3,9
6213,7,2,DRY,CLASE B-C,1,9
6214,7,2,DRY,CLASE B-C,1,9
6215,7,2,DRY,CLASE B-C,1,9
6216,7,2,DRY,CLASE B-C,3,9
6217,7,2,DRY,CLASE B-C,1,9
6218,7,2,DRY,CLASE B-C,1,9
6219,7,2,DRY,CLASE B-C,3,9
6220,7,2,DRY,CLASE B-C,3,9
6221,7,2,DRY,CLASE B-C,1,9
6222,7,2,DRY,CLASE B-C,3,9
6223,7,2,DRY,CLASE B-C,1,9
6224,7,2,RF,CLASE B-C,1,9
6225,7,2,DRY,CLASE B-C,1,9
6226,7,2,DRY,CLASE B-C,3,9
6227,7,2,DRY,CLASE B-C,2,9
6228,7,2,RF,CLASE B-C,1,9
6229,7,2,RF,CLASE B-C,3,9
6230,7,2,RF,CLASE B-C,3,9
6231,7,2,DRY,CLASE B-C,1,9
6232,7,2,DRY,CLASE B-C,1,9
6233,7,2,DRY,CLASE B-C,3,9
6234,7,2,DRY,CLASE B-C,1,9
6235,7,2,DRY,CLASE B-C,1,9
6236,7,2,DRY,CLASE B-C,3,9
6237,7,2,RF,CLASE B-C,3,9
6238,7,2,RF,CLASE B-C,3,9
6239,7,2,RF,CLASE B-C,3,9
6240,7,2,RF,CLASE B-C,3,9
6241,7,2,DRY,CLASE B-C,1,9
6242,7,2,DRY,CLASE B-C,3,9
6243,7,2,DRY,CLASE B-C,1,9
6244,7,2,DRY,CLASE B-C,1,9
6245,7,2,DRY,CLASE B-C,1,9
6246,7,2,DRY,CLASE B-C,3,9
6247,7,2,RF,CLASE B-C,3,9
6248,7,2,RF,CLASE B-C,3,9
6249,7,2,DRY,CLASE B-C,1,9
6250,2,2,DRY,CLASE B-C,3,9
6251,2,2,DRY,CLASE B-C,3,9
6252,2,2,DRY,CLASE B-C,3,9
6253,2,2,DRY,CLASE B-C,3,9
6254,6,2,DRY,CLASE B-C,72,9
6255,2,2,DRY,CLASE B-C,65,9
6256,2,2,DRY,CLASE B-C,51,9
6257,2,2,DRY,CLASE B-C,51,9
6258,2,2,DRY,CLASE B-C,51,9
6259,2,2,DRY,CLASE B-C,51,9
6260,2,2,DRY,CLASE B-C,51,9
6261,2,2,DRY,CLASE B-C,51,9
6262,2,2,DRY,CLASE B-C,51,9
6263,2,2,DRY,CLASE B-C,51,9
6264,2,2,DRY,CLASE B-C,51,9
6265,2,2,DRY,CLASE B-C,50,9
6266,2,2,DRY,CLASE B-C,51,9
6267,2,2,DRY,CLASE B-C,51,9
6268,2,2,DRY,CLASE B-C,51,9
6269,2,2,DRY,CLASE B-C,51,9
6270,2,2,DRY,CLASE B-C,51,9
6271,2,2,DRY,CLASE B-C,51,9
6272,2,2,DRY,CLASE B-C,51,9
6273,2,2,DRY,CLASE B-C,51,9
6274,2,2,DRY,CLASE B-C,51,9
6275,2,2,DRY,CLASE B-C,50,9
6276,2,2,DRY,CLASE B-C,50,9
6277,2,2,DRY,CLASE B-C,51,9
6278,2,2,DRY,CLASE B-C,51,9
6279,2,2,DRY,CLASE B-C,51,9
6280,2,2,DRY,CLASE B-C,51,9
6281,2,2,DRY,CLASE B-C,51,9
6282,2,2,DRY,CLASE B-C,51,9
6283,2,2,DRY,CLASE B-C,50,9
6284,2,2,DRY,CLASE B-C,51,9
6285,2,2,DRY,CLASE B-C,51,9
6286,2,2,DRY,CLASE B-C,51,9
6287,2,2,DRY,CLASE B-C,51,9
6288,2,2,DRY,CLASE B-C,51,9
6289,2,2,DRY,CLASE B-C,51,9
6290,2,2,DRY,CLASE B-C,51,9
6291,2,2,DRY,CLASE B-C,51,9
6292,2,2,DRY,CLASE B-C,51,9
6293,2,2,DRY,CLASE B-C,50,9
6294,2,2,DRY,CLASE B-C,51,9
6295,2,2,DRY,CLASE B-C,51,9
6296,2,2,DRY,CLASE B-C,51,9
6297,2,2,DRY,CLASE B-C,50,9
6298,2,2,DRY,CLASE B-C,51,9
6299,2,2,DRY,CLASE B-C,50,9
6300,2,2,DRY,CLASE B-C,50,9
6301,2,2,DRY,CLASE B-C,51,9
6302,2,2,DRY,CLASE B-C,51,9
6303,2,2,DRY,CLASE B-C,51,9
6304,2,2,DRY,CLASE B-C,51,9
6305,2,2,DRY,CLASE B-C,51,9
6306,2,2,DRY,CLASE B-C,48,9
6307,2,2,DRY,CLASE B-C,46,9
6308,2,2,DRY,CLASE B-C,50,9
6309,2,2,DRY,CLASE B-C,47,9
6310,2,2,DRY,CLASE B-C,46,9
6311,2,2,DRY,INSPECTION,49,9
6312,2,2,DRY,CLASE B-C,51,9
6313,2,2,DRY,CLASE B-C,51,9
6314,2,2,DRY,CLASE B-C,51,9
6315,2,2,DRY,CLASE B-C,47,9
6316,2,2,DRY,CLASE B-C,50,9
6317,2,2,DRY,CLASE B-C,51,9
6318,2,2,DRY,CLASE B-C,46,9
6319,2,2,DRY,CLASE B-C,47,9
6320,2,2,DRY,CLASE B-C,47,9
6321,2,2,DRY,CLASE B-C,46,9
6322,2,2,DRY,CLASE B-C,45,9
6323,2,2,DRY,CLASE B-C,46,9
6324,2,2,DRY,CLASE B-C,46,9
6325,2,2,DRY,CLASE B-C,51,9
6326,2,2,DRY,CLASE B-C,46,9
6327,2,2,DRY,CLASE B-C,51,9
6328,2,2,DRY,CLASE B,46,9
6329,2,2,DRY,CLASE B-C,47,9
6330,2,2,DRY,CLASE B-C,47,9
6331,2,2,DRY,CLASE B-C,51,9
6332,2,2,DRY,CLASE B-C,46,9
6333,2,2,DRY,CLASE B-C,47,9
6334,2,2,DRY,CLASE B-C,51,9
6335,2,2,DRY,CLASE B-C,47,9
6336,2,2,DRY,CLASE B-C,49,9
6337,2,2,DRY,CLASE B-C,47,9
6338,2,2,DRY,CLASE B-C,46,9
6339,2,2,DRY,CLASE B-C,46,9
6340,2,2,DRY,CLASE B-C,50,9
6341,2,2,DRY,CLASE B-C,50,9
6342,2,2,DRY,CLASE B-C,46,9
6343,2,2,DRY,CLASE B,50,9
6344,2,2,DRY,CLASE B-C,50,9
6345,2,2,DRY,CLASE B-C,50,9
6346,3,1,DRY,CLASE B-C,23,9
6347,3,1,DRY,CLASE B-C,23,9
6348,6,2,RF,CLASE B-C,26,9
6349,2,2,DRY,CLASE B-C,24,9
6350,2,2,DRY,CLASE B-C,24,9
6351,2,2,DRY,CLASE B-C,24,9
6352,2,2,DRY,CLASE B-C,24,9
6353,2,2,DRY,CLASE B-C,24,9
6354,2,2,DRY,CLASE B-C,24,9
6355,2,2,DRY,CLASE B-C,24,9
6356,2,2,DRY,CLASE B-C,24,9
6357,2,2,DRY,CLASE B-C,24,9
6358,2,2,RF,CLASE B-C,24,9
6359,2,2,RF,CLASE B-C,24,9
6360,2,2,DRY,CLASE B-C,24,9
6361,2,2,DRY,CLASE B-C,24,9
6362,2,2,DRY,CLASE B-C,24,9
6363,2,2,DRY,CLASE B-C,24,9
6364,2,2,RF,CLASE B-C,24,9
6365,2,2,DRY,CLASE B-C,24,9
6366,2,2,DRY,CLASE B-C,24,9
6367,2,2,DRY,CLASE B-C,24,9
6368,2,2,DRY,CLASE B-C,24,9
6369,1,2,DRY,CLASE B-C,19,9
6370,6,2,DRY,CLASE B-C,23,9
6371,6,2,DRY,CLASE B-C,23,9
6372,6,2,DRY,CLASE B-C,15,9
6373,6,2,RF,CLASE B-C,17,9
6374,4,2,DRY,CLASE B-C,7,9
6375,2,2,DRY,CLASE B-C,15,9
6376,2,2,DRY,CLASE B-C,15,9
6377,2,2,DRY,CLASE B-C,15,9
6378,2,2,DRY,CLASE B-C,15,9
6379,2,2,DRY,CLASE B-C,15,9
6380,2,2,DRY,CLASE B-C,15,9
6381,2,2,DRY,CLASE B-C,13,9
6382,2,2,DRY,CLASE B-C,14,9
6383,2,2,DRY,CLASE B-C,15,9
6384,2,2,DRY,CLASE B-C,1,9
6385,2,2,DRY,CLASE B-C,1,9
6386,2,2,DRY,CLASE B-C,15,9
6387,2,2,DRY,CLASE B-C,15,9
6388,2,2,DRY,CLASE B-C,15,9
6389,2,2,DRY,CLASE B-C,15,9
6390,2,2,DRY,CLASE B-C,15,9
6391,2,2,DRY,CLASE B-C,15,9
6392,2,2,DRY,CLASE B-C,15,9
6393,2,2,DRY,CLASE B-C,15,9
6394,2,2,DRY,CLASE B-C,15,9
6395,2,2,DRY,CLASE B-C,15,9
6396,2,2,DRY,CLASE B-C,15,9
6397,2,2,DRY,CLASE B-C,15,9
6398,2,2,DRY,CLASE B-C,15,9
6399,2,2,DRY,CLASE B-C,15,9
6400,2,2,DRY,CLASE B-C,15,9
6401,2,2,DRY,CLASE B-C,15,9
6402,2,2,DRY,CLASE B-C,14,9
6403,7,2,DRY,CLASE B,9,9
6404,7,2,DRY,CLASE B,9,9
6405,7,2,DRY,CLASE A,9,9
6406,4,2,DRY,CLASE B-C,1,9
6407,9,2,DRY,CLASE B-C,5,9
6408,2,2,DRY,CLASE B-C,8,9
6409,2,2,DRY,CLASE B-C,7,9
6410,2,2,DRY,CLASE B-C,8,9
6411,2,2,DRY,CLASE B-C,8,9
6412,2,2,DRY,CLASE B,6,9
6413,2,2,DRY,CLASE B-C,7,9
6414,2,2,DRY,CLASE B-C,8,9
6415,2,2,DRY,CLASE B-C,8,9
6416,2,2,DRY,CLASE B-C,7,9
6417,2,2,DRY,CLASE B-C,7,9
6418,2,2,DRY,CLASE B-C,7,9
6419,2,2,DRY,CLASE B-C,7,9
6420,2,2,DRY,CLASE B-C,7,9
6421,2,2,DRY,CLASE B-C,7,9
6422,2,2,DRY,CLASE B-C,8,9
6423,2,2,DRY,CLASE B-C,8,9
6424,2,2,DRY,CLASE B-C,8,9
6425,2,2,DRY,CLASE B-C,7,9
6426,2,2,DRY,CLASE B-C,7,9
6427,2,2,DRY,CLASE B-C,8,9
6428,2,2,DRY,CLASE B-C,8,9
6429,2,2,DRY,CLASE B-C,8,9
6430,2,2,DRY,CLASE B-C,7,9
6431,2,2,DRY,CLASE B-C,7,9
6432,2,2,DRY,CLASE B-C,7,9
6433,2,2,DRY,CLASE B-C,8,9
6434,2,2,DRY,CLASE B-C,8,9
6435,2,2,DRY,CLASE B-C,7,9
6436,2,2,DRY,CLASE B-C,8,9
6437,2,2,DRY,CLASE B-C,9,9
6438,2,2,DRY,CLASE B-C,7,9
6439,2,2,DRY,CLASE B-C,7,9
6440,2,2,DRY,CLASE B-C,8,9
6441,2,2,DRY,CLASE B-C,7,9
6442,2,2,DRY,CLASE B-C,7,9
6443,2,2,DRY,CLASE B-C,8,9
6444,2,2,DRY,CLASE B-C,8,9
6445,2,2,DRY,CLASE B-C,8,9
6446,2,2,DRY,CLASE B-C,7,9
6447,2,2,DRY,CLASE B-C,7,9
6448,2,2,DRY,CLASE B-C,7,9
6449,7,2,DRY,CLASE B-C,1,9
6450,7,2,DRY,CLASE B-C,1,9
6451,7,2,RF,CLASE B-C,3,9
6452,7,2,DRY,CLASE B-C,3,9
6453,7,2,DRY,CLASE B-C,3,9
6454,7,2,DRY,CLASE B-C,1,9
6455,7,2,DRY,CLASE A,1,9
6456,7,2,RF,CLASE B-C,3,9
6457,7,2,DRY,CLASE B-C,1,9
6458,7,2,RF,CLASE B-C,3,9
6459,7,2,RF,CLASE B-C,2,9
6460,7,2,DRY,CLASE B-C,2,9
6461,7,2,DRY,CLASE B-C,3,9
6462,7,2,DRY,CLASE B-C,3,9
6463,7,2,DRY,CLASE B-C,1,9
6464,7,2,DRY,CLASE B-C,3,9
6465,7,2,DRY,CLASE B-C,3,9
6466,7,2,DRY,CLASE B-C,4,9
6467,7,2,DRY,CLASE B-C,4,9
6468,7,2,DRY,CLASE B-C,1,9
6469,7,2,DRY,CLASE A,7,9
6470,7,2,DRY,CLASE B-C,2,9
6471,7,2,DRY,CLASE B-C,1,9
6472,7,2,DRY,CLASE B-C,1,9
6473,7,2,DRY,CLASE B-C,3,9
6474,7,2,DRY,CLASE B-C,1,9
6475,7,2,DRY,CLASE B-C,3,9
6476,7,2,DRY,CLASE B-C,3,9
6477,7,2,DRY,CLASE B-C,3,9
6478,7,2,DRY,CLASE B-C,1,9
6479,7,2,DRY,CLASE B-C,3,9
6480,7,2,RF,CLASE B-C,3,9
6481,7,2,DRY,CLASE B-C,1,9
6482,7,2,RF,CLASE B-C,2,9
6483,7,2,DRY,CLASE B-C,1,9
6484,7,2,DRY,CLASE B-C,1,9
6485,7,2,DRY,CLASE B-C,1,9
6486,7,2,DRY,CLASE B-C,1,9
6487,7,2,DRY,CLASE B-C,1,9
6488,7,2,DRY,CLASE B-C,1,9
6489,7,2,RF,CLASE B-C,3,9
6490,7,2,DRY,CLASE B-C,2,9
6491,7,2,DRY,CLASE B-C,3,9
6492,7,2,DRY,CLASE B-C,1,9
6493,7,2,DRY,CLASE B-C,2,9
6494,7,2,DRY,CLASE B-C,1,9
6495,7,2,DRY,CLASE B-C,2,9
6496,7,2,DRY,CLASE B-C,3,9
6497,7,2,DRY,CLASE B-C,4,9
6498,7,2,DRY,CLASE B-C,4,9
6499,7,2,DRY,CLASE B-C,1,9
6500,7,2,DRY,CLASE B-C,1,9
6501,7,2,DRY,CLASE B-C,1,9
6502,7,2,RF,CLASE B-C,3,9
6503,7,2,DRY,CLASE B-C,2,9
6504,7,2,DRY,CLASE B-C,3,9
6505,7,2,DRY,CLASE B-C,1,9
6506,7,2,DRY,CLASE B-C,3,9
6507,7,2,DRY,CLASE A,2,9
6508,7,2,DRY,CLASE B-C,3,9
6509,2,2,DRY,CLASE B-C,4,9
6510,7,2,DRY,CLASE B-C,138,9
6511,3,2,DRY,CLASE B-C,91,9
6512,3,2,DRY,CLASE B-C,91,9
6513,3,2,DRY,CLASE B-C,90,9
6514,3,2,DRY,CLASE B-C,91,9
6515,3,2,DRY,CLASE B-C,90,9
6516,3,2,DRY,CLASE B-C,90,9
6517,3,2,DRY,CLASE B-C,91,9
6518,3,2,DRY,CLASE B-C,90,9
6519,3,2,DRY,CLASE B-C,90,9
6520,3,2,DRY,CLASE B-C,90,9
6521,3,2,DRY,CLASE B-C,90,9
6522,3,2,DRY,CLASE B-C,91,9
6523,3,2,DRY,CLASE B-C,90,9
6524,3,2,DRY,CLASE D,90,9
6525,3,2,DRY,CLASE B-C,91,9
6526,3,2,DRY,CLASE B-C,90,9
6527,3,2,DRY,CLASE B-C,90,9
6528,3,2,DRY,CLASE B-C,91,9
6529,3,2,DRY,CLASE B-C,90,9
6530,3,2,DRY,CLASE B-C,90,9
6531,3,2,DRY,CLASE B-C,90,9
6532,3,2,DRY,CLASE B-C,91,9
6533,3,2,DRY,CLASE D,90,9
6534,3,2,DRY,CLASE B-C,90,9
6535,3,2,DRY,CLASE B-C,90,9
6536,3,2,DRY,CLASE B-C,100,9
6537,3,2,DRY,CLASE B-C,100,9
6538,3,2,DRY,CLASE B-C,100,9
6539,3,2,DRY,CLASE B-C,84,9
6540,3,2,DRY,INSPECTION,83,9
6541,1,1,DRY,INSPECTION,77,9
6542,3,2,DRY,CLASE B-C,83,9
6543,3,2,DRY,CLASE B-C,83,9
6544,2,2,DRY,CLASE B-C,66,9
6545,3,2,DRY,CLASE B-C,53,9
6546,3,2,DRY,CLASE D,53,9
6547,3,2,DRY,CLASE B-C,53,9
6548,3,2,DRY,CLASE B-C,53,9
6549,3,2,DRY,CLASE B-C,49,9
6550,3,1,DRY,CLASE B-C,61,9
6551,3,2,DRY,CLASE B-C,53,9
6552,2,2,DRY,CLASE B-C,51,9
6553,3,2,DRY,CLASE B-C,53,9
6554,3,2,DRY,CLASE D,53,9
6555,3,2,DRY,CLASE B-C,53,9
6556,2,2,DRY,CLASE B-C,49,9
6557,1,2,DRY,INSPECTION,49,9
6558,1,1,DRY,INSPECTION,42,9
6559,7,2,DRY,CLASE B-C,42,9
6560,7,2,DRY,CLASE B-C,42,9
6561,3,1,DRY,CLASE B-C,33,9
6562,7,2,DRY,CLASE B-C,36,9
6563,7,2,RF,CLASE B-C,33,9
6564,7,2,DRY,CLASE B-C,34,9
6565,7,2,DRY,CLASE B-C,34,9
6566,6,2,DRY,CLASE B-C,27,9
6567,6,2,DRY,CLASE B-C,27,9
6568,6,2,DRY,CLASE B-C,27,9
6569,6,2,DRY,CLASE B-C,27,9
6570,6,2,DRY,CLASE B-C,27,9
6571,6,2,DRY,CLASE B-C,27,9
6572,6,2,DRY,CLASE B-C,27,9
6573,6,2,DRY,CLASE B-C,27,9
6574,6,2,DRY,CLASE B-C,27,9
6575,6,2,DRY,CLASE B-C,27,9
6576,6,2,DRY,CLASE B-C,27,9
6577,6,2,DRY,CLASE B-C,27,9
6578,6,2,DRY,CLASE B-C,27,9
6579,6,2,DRY,CLASE B-C,27,9
6580,6,2,DRY,CLASE B-C,27,9
6581,6,2,DRY,CLASE B-C,28,9
6582,6,2,DRY,CLASE B-C,27,9
6583,6,2,DRY,CLASE B-C,27,9
6584,6,2,DRY,CLASE B-C,23,9
6585,6,2,DRY,CLASE B-C,27,9
6586,6,2,DRY,CLASE B-C,27,9
6587,6,2,DRY,CLASE B-C,26,9
6588,6,2,DRY,CLASE B-C,27,9
6589,6,2,DRY,CLASE B-C,28,9
6590,6,2,DRY,CLASE B-C,27,9
6591,6,2,DRY,CLASE B-C,27,9
6592,6,2,DRY,CLASE B-C,27,9
6593,6,2,DRY,CLASE B-C,27,9
6594,6,2,DRY,CLASE B-C,27,9
6595,7,2,DRY,CLASE D,29,9
6596,7,2,DRY,CLASE B-C,29,9
6597,6,2,DRY,CLASE B-C,29,9
6598,2,2,RF,CLASE B-C,26,9
6599,2,2,RF,CLASE B-C,14,9
6600,2,2,RF,CLASE B-C,20,9
6601,2,2,RF,CLASE B-C,20,9
6602,2,2,RF,CLASE B-C,20,9
6603,2,2,RF,CLASE B-C,26,9
6604,2,2,RF,CLASE B-C,26,9
6605,2,2,RF,CLASE B-C,26,9
6606,2,2,RF,CLASE B-C,25,9
6607,2,2,RF,CLASE B-C,26,9
6608,2,2,RF,CLASE B-C,14,9
6609,2,1,DRY,CLASE B-C,15,9
6610,2,1,DRY,CLASE B-C,16,9
6611,2,2,RF,CLASE B-C,14,9
6612,2,2,RF,CLASE B-C,25,9
6613,2,2,RF,CLASE B-C,14,9
6614,2,2,RF,CLASE B-C,26,9
6615,2,2,RF,CLASE B-C,26,9
6616,2,2,RF,CLASE B-C,25,9
6617,2,2,RF,CLASE B-C,21,9
6618,2,2,RF,CLASE B-C,14,9
6619,2,2,RF,CLASE B-C,26,9
6620,2,2,RF,CLASE B-C,26,9
6621,2,2,RF,CLASE B-C,26,9
6622,2,2,RF,CLASE B-C,26,9
6623,2,2,RF,CLASE B-C,26,9
6624,2,2,RF,CLASE B-C,26,9
6625,2,2,RF,CLASE B-C,14,9
6626,6,2,DRY,CLASE B-C,15,9
6627,6,2,DRY,CLASE B-C,15,9
6628,6,2,DRY,CLASE B-C,15,9
6629,6,2,DRY,CLASE B-C,15,9
6630,6,2,DRY,CLASE B-C,15,9
6631,6,2,DRY,CLASE B-C,15,9
6632,6,2,DRY,CLASE B-C,15,9
6633,6,2,DRY,CLASE B-C,15,9
6634,6,2,DRY,CLASE B-C,15,9
6635,6,2,DRY,CLASE B-C,15,9
6636,6,2,DRY,CLASE B-C,15,9
6637,6,2,DRY,CLASE B-C,15,9
6638,6,2,DRY,CLASE B-C,15,9
6639,6,2,DRY,CLASE B-C,15,9
6640,6,2,DRY,CLASE B-C,15,9
6641,6,2,DRY,CLASE B-C,15,9
6642,6,2,DRY,CLASE B-C,15,9
6643,6,2,DRY,CLASE B-C,15,9
6644,7,2,DRY,CLASE B-C,18,9
6645,7,2,RF,CLASE B-C,19,9
6646,7,2,DRY,CLASE B-C,2,9
6647,7,2,DRY,CLASE B-C,21,9
6648,7,2,DRY,CLASE B-C,10,9
6649,7,2,DRY,CLASE B-C,2,9
6650,7,2,DRY,CLASE B-C,2,9
6651,7,2,DRY,CLASE B-C,18,9
6652,7,2,DRY,CLASE B-C,19,9
6653,7,2,RF,CLASE B-C,20,9
6654,7,2,RF,CLASE B-C,20,9
6655,7,2,RF,CLASE B-C,20,9
6656,7,2,RF,CLASE B-C,20,9
6657,7,2,DRY,CLASE B-C,2,9
6658,7,2,DRY,CLASE B-C,21,9
6659,7,2,DRY,CLASE B-C,10,9
6660,7,2,DRY,CLASE B-C,21,9
6661,7,2,DRY,CLASE B-C,2,9
6662,7,2,DRY,CLASE B-C,10,9
6663,7,2,RF,CLASE B-C,19,9
6664,7,2,DRY,CLASE B-C,2,9
6665,7,2,DRY,CLASE B-C,11,9
6666,7,2,DRY,CLASE B-C,2,9
6667,7,2,DRY,CLASE B-C,21,9
6668,7,2,DRY,CLASE B-C,19,9
6669,7,2,DRY,CLASE B-C,18,9
6670,7,2,DRY,CLASE B-C,18,9
6671,7,2,DRY,CLASE B-C,19,9
6672,7,2,DRY,CLASE B-C,18,9
6673,7,2,DRY,CLASE B-C,18,9
6674,7,2,DRY,CLASE B-C,18,9
6675,7,2,DRY,CLASE B-C,18,9
6676,7,2,DRY,CLASE B-C,18,9
6677,7,2,DRY,CLASE B-C,19,9
6678,7,2,DRY,CLASE B-C,19,9
6679,7,2,DRY,CLASE B-C,19,9
6680,7,2,DRY,CLASE B-C,18,9
6681,7,2,DRY,CLASE B-C,19,9
6682,7,2,DRY,CLASE B-C,18,9
6683,7,2,DRY,CLASE B-C,18,9
6684,7,2,DRY,CLASE B-C,18,9
6685,7,2,DRY,CLASE B-C,21,9
6686,7,2,DRY,CLASE B-C,21,9
6687,7,2,DRY,CLASE B-C,2,9
6688,7,2,DRY,CLASE B-C,19,9
6689,7,2,DRY,CLASE B-C,19,9
6690,7,2,DRY,CLASE B-C,18,9
6691,7,2,DRY,CLASE B-C,18,9
6692,7,2,DRY,CLASE B-C,2,9
6693,7,2,DRY,CLASE B-C,19,9
6694,7,2,DRY,CLASE B-C,2,9
6695,7,2,RF,CLASE B-C,20,9
6696,7,2,RF,CLASE B-C,20,9
6697,7,2,RF,CLASE B-C,20,9
6698,7,2,DRY,CLASE B-C,2,9
6699,7,2,DRY,CLASE B-C,21,9
6700,7,2,DRY,CLASE B-C,2,9
6701,7,2,DRY,CLASE B-C,8,9
6702,6,2,DRY,CLASE B-C,21,9
6703,6,2,DRY,CLASE B-C,21,9
6704,6,2,DRY,CLASE B-C,21,9
6705,6,2,DRY,CLASE B-C,21,9
6706,2,2,DRY,CLASE B-C,19,9
6707,2,2,DRY,CLASE B-C,15,9
6708,2,2,DRY,CLASE B-C,15,9
6709,2,1,DRY,CLASE B-C,10,9
6710,2,2,RF,CLASE B-C,15,9
6711,2,2,DRY,CLASE B-C,19,9
6712,2,2,DRY,CLASE B-C,15,9
6713,2,2,DRY,CLASE B-C,19,9
6714,2,1,DRY,CLASE B-C,14,9
6715,1,2,RF,CLASE B-C,10,9
6716,1,2,RF,CLASE B-C,9,9
6717,1,2,RF,CLASE B-C,10,9
6718,3,2,DRY,CLASE B-C,20,9
6719,3,2,DRY,CLASE B-C,20,9
6720,3,2,DRY,CLASE B-C,20,9
6721,3,2,DRY,CLASE B-C,16,9
6722,7,2,DRY,CLASE B-C,9,9
6723,7,2,DRY,CLASE B-C,12,9
6724,7,2,RF,CLASE B-C,12,9
6725,7,2,DRY,CLASE B-C,13,9
6726,7,2,DRY,CLASE B-C,14,9
6727,7,2,DRY,CLASE B-C,7,9
6728,7,2,RF,CLASE B-C,11,9
6729,7,2,DRY,CLASE B-C,13,9
6730,7,2,DRY,CLASE B-C,13,9
6731,7,2,DRY,CLASE B-C,13,9
6732,7,2,DRY,CLASE B-C,13,9
6733,7,2,DRY,CLASE B-C,10,9
6734,7,2,DRY,CLASE B-C,10,9
6735,7,2,DRY,CLASE B-C,13,9
6736,7,2,DRY,CLASE B-C,12,9
6737,7,2,DRY,CLASE B-C,12,9
6738,7,2,DRY,CLASE B-C,13,9
6739,7,2,DRY,CLASE B-C,12,9
6740,7,2,RF,CLASE B-C,12,9
6741,7,2,DRY,CLASE B-C,10,9
6742,7,2,DRY,CLASE B-C,12,9
6743,7,2,DRY,CLASE B-C,13,9
6744,7,2,DRY,CLASE B-C,8,9
6745,7,2,DRY,CLASE B-C,8,9
6746,7,2,DRY,CLASE B-C,8,9
6747,7,2,DRY,CLASE B-C,8,9
6748,7,2,RF,CLASE B-C,11,9
6749,4,2,DRY,CLASE B-C,1,9
6750,2,2,RF,CLASE B-C,7,9
6751,2,2,DRY,CLASE B-C,9,9
6752,2,2,DRY,CLASE B-C,10,9
6753,2,2,DRY,CLASE B-C,9,9
6754,2,2,DRY,CLASE B-C,9,9
6755,2,1,DRY,CLASE B-C,9,9
6756,2,2,DRY,CLASE B-C,9,9
6757,2,1,DRY,CLASE B-C,7,9
6758,2,2,DRY,CLASE B-C,9,9
6759,1,2,RF,CLASE B-C,10,9
6760,1,2,RF,CLASE B-C,12,9
6761,1,2,RF,CLASE B-C,11,9
6762,1,2,RF,CLASE B-C,12,9
6763,1,2,RF,CLASE B-C,11,9
6764,2,2,RF,CLASE B-C,13,9
6765,3,2,DRY,CLASE B-C,3,9
6766,3,2,DRY,CLASE B-C,6,9
6767,3,2,DRY,CLASE B-C,6,9
6768,8,2,DRY,CLASE B-C,2,9
6769,6,2,DRY,CLASE B-C,2,9
6770,6,2,DRY,CLASE B-C,2,9
6771,6,2,DRY,CLASE B-C,2,9
6772,6,2,RF,CLASE B-C,3,9
6773,6,2,DRY,CLASE B-C,1,9
6774,6,2,DRY,CLASE B-C,2,9
6775,6,2,DRY,CLASE B-C,1,9
6776,6,2,DRY,CLASE B-C,6,9
6777,6,2,RF,CLASE B-C,3,9
6778,7,2,DRY,CLASE B-C,3,9
6779,7,2,DRY,CLASE B-C,9,9
6780,7,2,DRY,CLASE B-C,4,9
6781,7,2,DRY,CLASE B-C,3,9
6782,7,2,DRY,CLASE B-C,3,9
6783,7,2,DRY,CLASE B-C,3,9
6784,7,2,DRY,CLASE B-C,3,9
6785,7,2,DRY,CLASE B-C,6,9
6786,7,2,DRY,CLASE B-C,1,9
6787,7,2,DRY,CLASE B-C,3,9
6788,7,2,RF,CLASE B-C,5,9
6789,7,2,DRY,CLASE B-C,6,9
6790,7,2,DRY,CLASE B-C,6,9
6791,7,2,DRY,CLASE B-C,4,9
6792,7,2,DRY,CLASE B-C,3,9
6793,7,2,DRY,CLASE B-C,4,9
6794,7,2,DRY,CLASE B-C,3,9
6795,7,2,DRY,CLASE B-C,4,9
6796,7,2,DRY,CLASE B-C,8,9
6797,7,2,DRY,CLASE B-C,3,9
6798,7,2,DRY,CLASE B-C,6,9
6799,7,2,DRY,CLASE B-C,4,9
6800,7,2,RF,CLASE B-C,8,9
6801,7,2,RF,CLASE B-C,5,9
6802,7,2,RF,CLASE B-C,7,9
6803,7,2,RF,CLASE B-C,5,9
6804,7,2,RF,CLASE B-C,3,9
6805,7,2,RF,CLASE B-C,3,9
6806,7,2,RF,CLASE B-C,7,9
6807,7,2,RF,CLASE B-C,7,9
6808,7,2,RF,CLASE B-C,8,9
6809,7,2,RF,CLASE B-C,3,9
6810,7,2,RF,CLASE B-C,5,9
6811,7,2,RF,CLASE B-C,5,9
6812,7,2,RF,CLASE B-C,5,9
6813,7,2,RF,CLASE B-C,5,9
6814,7,2,RF,CLASE B-C,2,9
6815,7,2,RF,CLASE B-C,3,9
6816,7,2,DRY,CLASE B-C,3,9
6817,7,2,DRY,CLASE B-C,4,9
6818,7,2,DRY,CLASE B-C,3,9
6819,7,2,DRY,CLASE B-C,2,9
6820,7,2,DRY,CLASE B-C,3,9
6821,7,2,DRY,CLASE B-C,7,9
6822,7,2,DRY,CLASE B-C,1,9
6823,7,2,DRY,CLASE B-C,1,9
6824,7,2,DRY,CLASE B-C,3,9
6825,7,2,DRY,CLASE B-C,3,9
6826,7,2,DRY,CLASE B-C,7,9
6827,7,2,DRY,CLASE B-C,3,9
6828,7,2,DRY,CLASE B-C,3,9
6829,7,2,DRY,CLASE B-C,6,9
6830,7,2,DRY,CLASE B-C,1,9
6831,7,2,DRY,CLASE B-C,3,9
6832,7,2,DRY,CLASE B-C,9,9
6833,7,2,DRY,CLASE B-C,3,9
6834,7,2,DRY,CLASE B-C,1,9
6835,7,2,DRY,CLASE B-C,9,9
6836,7,2,DRY,CLASE B-C,1,9
6837,7,2,DRY,CLASE B-C,7,9
6838,7,2,DRY,CLASE B-C,4,9
6839,7,2,DRY,CLASE B-C,1,9
6840,7,2,DRY,CLASE B-C,4,9
6841,7,2,DRY,CLASE B-C,3,9
6842,7,2,DRY,CLASE B-C,4,9
6843,7,2,DRY,CLASE B-C,1,9
6844,7,2,DRY,CLASE B-C,4,9
6845,7,2,DRY,CLASE B-C,4,9
6846,7,2,DRY,CLASE B-C,3,9
6847,7,2,DRY,CLASE B-C,3,9
6848,7,2,DRY,CLASE B-C,6,9
6849,7,2,DRY,CLASE B-C,3,9
6850,7,2,DRY,CLASE B-C,1,9
6851,7,2,DRY,CLASE B-C,3,9
6852,7,2,DRY,CLASE B-C,4,9
6853,7,2,DRY,CLASE B-C,6,9
6854,7,2,DRY,CLASE B-C,4,9
6855,7,2,DRY,CLASE B-C,1,9
6856,7,2,DRY,CLASE B-C,6,9
6857,7,2,DRY,CLASE B-C,3,9
6858,7,2,DRY,CLASE B-C,1,9
6859,7,2,DRY,CLASE B-C,1,9
6860,7,2,DRY,CLASE B-C,1,9
6861,7,2,DRY,CLASE B-C,1,9
6862,7,2,DRY,CLASE B-C,4,9
6863,7,2,DRY,CLASE B-C,6,9
6864,7,2,RF,CLASE B-C,5,9
6865,7,2,RF,CLASE B-C,5,9
6866,7,2,DRY,CLASE B-C,3,9
6867,7,2,DRY,CLASE B-C,1,9
6868,7,2,DRY,CLASE A,7,9
6869,7,2,DRY,CLASE B-C,7,9
6870,7,2,DRY,CLASE B-C,3,9
6871,7,2,RF,CLASE B-C,5,9
6872,7,2,RF,CLASE B-C,4,9
6873,7,2,RF,CLASE B-C,5,9
6874,7,2,RF,CLASE B-C,8,9
6875,7,2,RF,CLASE B-C,5,9
6876,7,2,RF,CLASE B-C,8,9
6877,7,2,RF,CLASE B-C,2,9
6878,7,2,DRY,CLASE B-C,3,9
6879,7,2,DRY,CLASE B-C,3,9
6880,7,2,DRY,CLASE B-C,6,9
6881,7,2,DRY,CLASE B-C,1,9
6882,7,2,DRY,CLASE B-C,3,9
6883,7,2,DRY,CLASE B-C,4,9
6884,7,2,DRY,CLASE B-C,4,9
6885,7,2,DRY,CLASE B-C,3,9
6886,7,2,DRY,CLASE B-C,9,9
6887,7,2,DRY,CLASE B-C,3,9
6888,7,2,DRY,CLASE B-C,3,9
6889,7,2,DRY,CLASE B-C,3,9
6890,7,2,DRY,CLASE B-C,1,9
6891,7,2,DRY,CLASE B-C,1,9
6892,7,2,DRY,CLASE B-C,1,9
6893,7,2,DRY,CLASE B-C,3,9
6894,7,2,DRY,CLASE B-C,3,9
6895,7,2,DRY,CLASE B-C,7,9
6896,7,2,DRY,CLASE B-C,4,9
6897,7,2,DRY,CLASE B-C,1,9
6898,7,2,DRY,CLASE B-C,3,9
6899,7,2,DRY,CLASE B-C,6,9
6900,7,2,DRY,CLASE B,7,9
6901,7,2,DRY,CLASE B-C,7,9
6902,7,2,RF,CLASE B-C,5,9
6903,7,2,RF,CLASE B-C,3,9
6904,7,2,RF,CLASE B-C,5,9
6905,7,2,RF,CLASE B-C,8,9
6906,7,2,RF,CLASE B-C,8,9
6907,7,2,DRY,CLASE B-C,1,9
6908,7,2,DRY,CLASE B-C,6,9
6909,7,2,DRY,CLASE B-C,1,9
6910,7,2,DRY,CLASE B-C,3,9
6911,7,2,DRY,CLASE B-C,3,9
6912,7,2,DRY,CLASE B-C,3,9
6913,7,2,DRY,CLASE B-C,1,9
6914,7,2,DRY,CLASE B-C,3,9
6915,7,2,DRY,CLASE B-C,1,9
6916,7,2,DRY,CLASE B-C,3,9
6917,7,2,DRY,CLASE B-C,3,9
6918,7,2,DRY,CLASE B-C,1,9
6919,7,2,DRY,CLASE B-C,3,9
6920,7,2,DRY,CLASE B-C,7,9
6921,7,2,DRY,CLASE B-C,6,9
6922,7,2,DRY,CLASE B-C,3,9
6923,7,2,DRY,CLASE B-C,3,9
6924,7,2,DRY,CLASE B-C,4,9
6925,7,2,RF,CLASE B-C,5,9
6926,7,2,RF,CLASE B-C,5,9
6927,7,2,DRY,CLASE B,5,9
6928,7,2,DRY,CLASE B-C,6,9
6929,7,2,DRY,CLASE B-C,9,9
6930,7,2,DRY,CLASE B-C,1,9
6931,7,2,DRY,CLASE B-C,4,9
6932,7,2,DRY,CLASE B-C,1,9
6933,7,2,DRY,CLASE B-C,3,9
6934,7,2,DRY,CLASE B-C,7,9
6935,7,2,DRY,CLASE B-C,1,9
6936,7,2,DRY,CLASE B-C,6,9
6937,7,2,DRY,CLASE B-C,1,9
6938,7,2,DRY,CLASE B-C,3,9
6939,7,2,DRY,CLASE B-C,3,9
6940,7,2,DRY,CLASE B-C,1,9
6941,7,2,DRY,CLASE B-C,1,9
6942,7,2,DRY,CLASE B-C,3,9
6943,7,2,DRY,CLASE B-C,3,9
6944,7,2,RF,CLASE B-C,8,9
6945,7,2,DRY,CLASE B-C,3,9
6946,7,2,DRY,CLASE B-C,7,9
6947,7,2,DRY,CLASE B-C,6,9
6948,7,2,DRY,CLASE B-C,4,9
6949,7,2,DRY,CLASE B-C,1,9
6950,7,2,DRY,CLASE D,4,9
6951,7,2,RF,CLASE B-C,7,9
6952,7,2,DRY,CLASE B-C,4,9
6953,7,2,DRY,CLASE B-C,1,9
6954,7,2,DRY,CLASE B,3,9
6955,7,2,DRY,CLASE B-C,3,9
6956,7,2,DRY,CLASE B-C,6,9
6957,7,2,DRY,CLASE B-C,3,9
6958,7,2,DRY,CLASE B-C,6,9
6959,7,2,DRY,CLASE B-C,3,9
6960,7,2,DRY,CLASE B-C,1,9
6961,7,2,DRY,CLASE B-C,3,9
6962,7,2,DRY,CLASE B-C,3,9
6963,7,2,DRY,CLASE B-C,7,9
6964,2,1,DRY,CLASE B-C,9,9
6965,2,2,DRY,CLASE B-C,5,9
6966,2,2,DRY,CLASE B-C,5,9
6967,2,2,DRY,CLASE B-C,3,9
6968,2,2,DRY,CLASE B,1,9
6969,2,2,DRY,CLASE B-C,5,9
6970,2,2,DRY,CLASE B-C,3,9
6971,2,2,DRY,CLASE B-C,5,9
6972,2,2,DRY,CLASE B-C,1,9
6973,2,2,DRY,CLASE B-C,4,9
6974,2,2,DRY,CLASE B-C,3,9
6975,2,2,DRY,CLASE B-C,5,9
6976,2,2,DRY,CLASE B-C,4,9
6977,2,2,DRY,CLASE B-C,4,9
6978,2,2,DRY,CLASE B-C,1,9
6979,2,2,DRY,CLASE B-C,3,9
6980,2,2,DRY,CLASE B-C,1,9
6981,2,2,DRY,CLASE B-C,5,9
6982,2,2,DRY,CLASE B-C,4,9
6983,2,2,DRY,CLASE B-C,3,9
6984,2,2,DRY,CLASE B-C,5,9
6985,2,2,DRY,CLASE B-C,5,9
6986,2,2,DRY,CLASE B-C,5,9
6987,2,2,DRY,CLASE B-C,1,9
6988,4,2,DRY,CLASE B-C,1,9
6989,2,2,DRY,CLASE B-C,1,9
6990,7,2,DRY,CLASE B-C,1,9
6991,7,2,DRY,CLASE B-C,1,9
6992,7,2,DRY,CLASE B-C,1,9
6993,7,2,DRY,CLASE B-C,1,9
6994,7,2,DRY,CLASE B-C,1,9
6995,7,2,DRY,CLASE B-C,1,9
6996,7,2,DRY,CLASE B-C,1,9
6997,7,2,DRY,CLASE B-C,1,9
6998,7,2,DRY,CLASE B-C,1,9
6999,7,2,DRY,CLASE B-C,1,9
7000,7,2,DRY,CLASE B-C,1,9
7001,7,2,DRY,CLASE B-C,1,9
7002,7,2,DRY,CLASE D,1,9
7003,7,2,DRY,CLASE B-C,1,9
7004,7,2,DRY,CLASE B-C,1,9
7005,7,2,DRY,CLASE B-C,1,9
7006,7,2,DRY,CLASE B-C,1,9
7007,7,2,DRY,CLASE B-C,1,9
7008,7,2,DRY,CLASE B-C,1,9
7009,7,2,DRY,CLASE B-C,1,9
7010,7,2,DRY,CLASE B-C,1,9
7011,7,2,DRY,CLASE B-C,1,9
7012,7,2,DRY,CLASE B-C,1,9
7013,7,2,DRY,CLASE B-C,1,9
7014,7,2,DRY,CLASE B-C,1,9
7015,7,2,DRY,CLASE B-C,1,9
7016,7,2,DRY,CLASE B-C,1,9
7017,7,2,DRY,CLASE B-C,1,9
7018,7,2,DRY,CLASE B-C,1,9
7019,7,2,DRY,CLASE B-C,1,9
7020,4,2,DRY,CLASE B-C,1,9
7021,2,2,DRY,CLASE B-C,1,9
7022,2,2,DRY,CLASE B-C,95,9
7023,3,2,DRY,CLASE B-C,84,9
7024,1,2,DRY,CLASE B-C,38,9
7025,2,2,DRY,CLASE B-C,72,9
7026,2,2,DRY,CLASE B-C,79,9
7027,2,2,DRY,CLASE B-C,79,9
7028,1,2,DRY,CLASE B-C,1,9
7029,6,2,DRY,CLASE B-C,72,9
7030,2,2,DRY,CLASE B-C,69,9
7031,2,2,DRY,CLASE B-C,70,9
7032,2,2,DRY,CLASE B-C,69,9
7033,2,2,DRY,CLASE B-C,69,9
7034,1,1,DRY,INSPECTION,52,9
7035,3,2,DRY,CLASE B-C,55,9
7036,3,2,DRY,CLASE B-C,56,9
7037,3,2,DRY,CLASE B-C,55,9
7038,3,2,DRY,CLASE B-C,56,9
7039,3,2,DRY,CLASE B-C,56,9
7040,3,2,DRY,CLASE B-C,55,9
7041,3,2,DRY,CLASE B-C,55,9
7042,3,2,DRY,CLASE B-C,56,9
7043,3,2,DRY,CLASE B-C,56,9
7044,3,2,DRY,CLASE B-C,52,9
7045,2,2,DRY,CLASE B-C,59,9
7046,2,2,DRY,CLASE B-C,55,9
7047,2,2,DRY,INSPECTION,57,9
7048,2,2,DRY,INSPECTION,57,9
7049,2,2,DRY,CLASE B-C,54,9
7050,2,2,DRY,CLASE B-C,56,9
7051,2,2,DRY,CLASE B-C,56,9
7052,2,2,DRY,CLASE B-C,56,9
7053,2,2,DRY,CLASE B-C,55,9
7054,1,2,DRY,CLASE B-C,63,9
7055,3,2,DRY,CLASE B-C,54,9
7056,3,2,DRY,CLASE B-C,54,9
7057,3,2,DRY,CLASE B-C,55,9
7058,3,2,DRY,CLASE B-C,56,9
7059,7,2,RF,CLASE B-C,61,9
7060,7,2,DRY,CLASE B-C,49,9
7061,7,2,DRY,CLASE B-C,49,9
7062,7,2,DRY,CLASE B-C,49,9
7063,2,2,DRY,CLASE B-C,50,9
7064,2,2,DRY,CLASE B-C,46,9
7065,2,2,DRY,CLASE B-C,52,9
7066,2,2,DRY,CLASE B-C,51,9
7067,7,2,RF,CLASE B-C,50,9
7068,6,2,DRY,CLASE B-C,41,9
7069,7,2,DRY,CLASE B-C,35,9
7070,7,2,DRY,CLASE B,38,9
7071,7,2,DRY,CLASE B-C,35,9
7072,7,2,DRY,CLASE A,38,9
7073,7,2,DRY,CLASE B-C,38,9
7074,7,2,DRY,CLASE B-C,38,9
7075,7,2,DRY,CLASE B-C,36,9
7076,7,2,DRY,CLASE B-C,38,9
7077,7,2,DRY,CLASE B-C,38,9
7078,7,2,DRY,CLASE B-C,38,9
7079,7,2,DRY,CLASE B-C,38,9
7080,7,2,DRY,CLASE B-C,38,9
7081,7,2,DRY,CLASE B-C,38,9
7082,7,2,DRY,CLASE B-C,38,9
7083,7,2,DRY,CLASE B-C,38,9
7084,7,2,DRY,CLASE B-C,38,9
7085,7,2,DRY,CLASE B-C,38,9
7086,7,2,DRY,CLASE B-C,38,9
7087,7,2,DRY,CLASE B-C,38,9
7088,7,2,DRY,CLASE B-C,38,9
7089,7,2,DRY,CLASE B-C,38,9
7090,7,2,DRY,INSPECTION,35,9
7091,7,2,DRY,CLASE B-C,38,9
7092,7,2,DRY,CLASE B-C,38,9
7093,7,2,DRY,CLASE B-C,38,9
7094,7,2,DRY,CLASE B-C,38,9
7095,7,2,DRY,CLASE B-C,34,9
7096,6,2,DRY,CLASE B-C,5,9
7097,6,2,DRY,CLASE B-C,5,9
7098,6,2,DRY,CLASE B-C,5,9
7099,6,2,DRY,CLASE B-C,5,9
7100,6,2,DRY,CLASE B-C,5,9
7101,6,2,DRY,CLASE B-C,5,9
7102,6,2,DRY,CLASE B-C,5,9
7103,6,2,DRY,CLASE B-C,4,9
7104,6,2,DRY,CLASE B-C,5,9
7105,6,2,DRY,CLASE B-C,5,9
7106,6,2,DRY,CLASE B-C,5,9
7107,6,2,DRY,CLASE B-C,29,9
7108,6,2,DRY,CLASE B-C,5,9
7109,6,2,DRY,CLASE B-C,5,9
7110,6,2,DRY,CLASE B-C,5,9
7111,6,2,DRY,CLASE B-C,5,9
7112,6,2,DRY,CLASE B-C,5,9
7113,6,2,DRY,CLASE B-C,5,9
7114,6,2,DRY,CLASE B-C,5,9
7115,6,2,DRY,CLASE B-C,5,9
7116,6,2,DRY,CLASE B-C,5,9
7117,6,2,DRY,CLASE B-C,5,9
7118,6,2,DRY,CLASE B-C,5,9
7119,6,2,DRY,CLASE B-C,5,9
7120,6,2,DRY,CLASE B-C,5,9
7121,7,2,DRY,CLASE B,31,9
7122,7,2,DRY,CLASE A,30,9
7123,7,2,DRY,CLASE B-C,31,9
7124,7,2,DRY,CLASE B-C,31,9
7125,7,2,DRY,CLASE B-C,31,9
7126,7,2,DRY,CLASE B-C,31,9
7127,7,2,DRY,CLASE B-C,30,9
7128,7,2,DRY,CLASE B-C,31,9
7129,7,2,DRY,CLASE B-C,31,9
7130,7,2,DRY,CLASE B-C,31,9
7131,7,2,DRY,CLASE B-C,31,9
7132,7,2,DRY,CLASE B-C,30,9
7133,7,2,DRY,CLASE B-C,30,9
7134,7,2,DRY,CLASE B-C,30,9
7135,7,2,DRY,CLASE B-C,31,9
7136,7,2,DRY,CLASE B-C,31,9
7137,7,2,DRY,CLASE B-C,31,9
7138,7,2,DRY,CLASE B-C,31,9
7139,7,2,DRY,CLASE B-C,30,9
7140,7,2,DRY,CLASE B-C,31,9
7141,7,2,DRY,CLASE B-C,31,9
7142,7,2,DRY,CLASE B-C,31,9
7143,7,2,DRY,CLASE B-C,31,9
7144,7,2,DRY,CLASE B-C,31,9
7145,7,2,DRY,CLASE B-C,1,9
7146,7,2,DRY,CLASE B-C,31,9
7147,7,2,DRY,CLASE B-C,31,9
7148,7,2,DRY,CLASE B-C,30,9
7149,7,2,DRY,CLASE B-C,31,9
7150,7,2,DRY,CLASE B-C,31,9
7151,7,2,DRY,CLASE B-C,31,9
7152,7,2,DRY,CLASE B-C,31,9
7153,7,2,DRY,CLASE B-C,31,9
7154,7,2,DRY,CLASE B-C,31,9
7155,7,2,DRY,CLASE B-C,31,9
7156,7,2,DRY,CLASE B-C,32,9
7157,7,2,DRY,CLASE B-C,31,9
7158,7,2,DRY,CLASE B-C,31,9
7159,7,2,DRY,CLASE B-C,31,9
7160,7,2,DRY,CLASE B-C,31,9
7161,7,2,DRY,CLASE B-C,31,9
7162,7,2,DRY,CLASE B-C,31,9
7163,7,2,DRY,CLASE B-C,31,9
7164,7,2,DRY,CLASE B-C,28,9
7165,7,2,DRY,CLASE B-C,31,9
7166,7,2,DRY,CLASE B,31,9
7167,7,2,DRY,CLASE B-C,31,9
7168,7,2,DRY,CLASE B-C,31,9
7169,7,2,DRY,CLASE A,31,9
7170,7,2,DRY,CLASE B-C,30,9
7171,7,2,DRY,CLASE B-C,31,9
7172,7,2,DRY,CLASE B-C,31,9
7173,7,2,DRY,CLASE B-C,31,9
7174,7,2,DRY,CLASE B-C,32,9
7175,7,2,DRY,CLASE B-C,30,9
7176,7,2,DRY,CLASE B-C,31,9
7177,7,2,DRY,CLASE B-C,31,9
7178,7,2,DRY,CLASE B-C,31,9
7179,7,2,DRY,CLASE B,31,9
7180,7,2,DRY,CLASE B,30,9
7181,7,2,DRY,CLASE B,30,9
7182,7,2,DRY,CLASE B-C,30,9
7183,7,2,DRY,CLASE B,31,9
7184,7,2,DRY,CLASE B-C,31,9
7185,7,2,DRY,CLASE B-C,31,9
7186,7,2,DRY,CLASE B-C,31,9
7187,7,2,DRY,CLASE B,31,9
7188,7,2,DRY,CLASE B-C,30,9
7189,7,2,DRY,CLASE B,29,9
7190,7,2,DRY,CLASE B-C,29,9
7191,7,2,DRY,CLASE B-C,31,9
7192,7,2,DRY,CLASE B-C,31,9
7193,7,2,DRY,CLASE B-C,31,9
7194,7,2,DRY,CLASE B-C,31,9
7195,7,2,DRY,CLASE B-C,31,9
7196,7,2,DRY,CLASE B-C,31,9
7197,7,2,DRY,CLASE B-C,31,9
7198,7,2,DRY,CLASE B-C,31,9
7199,7,2,DRY,CLASE B-C,32,9
7200,7,2,DRY,CLASE B-C,31,9
7201,7,2,DRY,CLASE B-C,31,9
7202,7,2,DRY,CLASE B-C,31,9
7203,7,2,DRY,CLASE B-C,30,9
7204,7,2,DRY,CLASE B-C,31,9
7205,7,2,DRY,CLASE B-C,31,9
7206,7,2,DRY,CLASE B-C,31,9
7207,7,2,DRY,CLASE B-C,30,9
7208,7,2,DRY,CLASE B-C,31,9
7209,7,2,DRY,CLASE B-C,31,9
7210,7,2,DRY,CLASE B-C,31,9
7211,7,2,DRY,CLASE B-C,31,9
7212,7,2,DRY,CLASE B-C,31,9
7213,7,2,DRY,CLASE B-C,31,9
7214,7,2,DRY,CLASE B-C,31,9
7215,7,2,DRY,CLASE B-C,31,9
7216,7,2,DRY,CLASE B-C,31,9
7217,7,2,DRY,CLASE B-C,31,9
7218,7,2,DRY,CLASE B-C,30,9
7219,7,2,DRY,CLASE B-C,31,9
7220,7,2,DRY,CLASE B-C,31,9
7221,7,2,DRY,CLASE B-C,29,9
7222,7,2,DRY,CLASE B-C,31,9
7223,7,2,DRY,CLASE B-C,31,9
7224,7,2,DRY,CLASE B-C,31,9
7225,7,2,DRY,CLASE B-C,31,9
7226,7,2,DRY,CLASE B-C,31,9
7227,7,2,DRY,CLASE B-C,25,9
7228,7,2,DRY,CLASE B-C,31,9
7229,7,2,DRY,CLASE B-C,31,9
7230,7,2,DRY,CLASE B-C,31,9
7231,7,2,DRY,CLASE B-C,30,9
7232,7,2,DRY,CLASE B-C,30,9
7233,7,2,DRY,CLASE B-C,31,9
7234,7,2,DRY,CLASE B-C,31,9
7235,7,2,DRY,CLASE B-C,31,9
7236,7,2,DRY,CLASE B-C,31,9
7237,7,2,DRY,CLASE B-C,32,9
7238,7,2,DRY,CLASE B,31,9
7239,7,2,DRY,CLASE B-C,31,9
7240,7,2,DRY,CLASE B-C,31,9
7241,7,2,DRY,CLASE B,31,9
7242,7,2,DRY,CLASE B,31,9
7243,7,2,DRY,CLASE B,31,9
7244,7,2,DRY,CLASE B-C,31,9
7245,7,2,DRY,CLASE B-C,30,9
7246,7,2,DRY,CLASE B-C,30,9
7247,7,2,DRY,CLASE B-C,31,9
7248,7,2,DRY,CLASE B-C,31,9
7249,7,2,DRY,CLASE B-C,1,9
7250,7,2,DRY,CLASE B-C,31,9
7251,7,2,DRY,CLASE B-C,31,9
7252,7,2,DRY,CLASE B-C,18,9
7253,7,2,DRY,CLASE B-C,31,9
7254,7,2,DRY,CLASE B,31,9
7255,7,2,DRY,CLASE B-C,31,9
7256,7,2,DRY,CLASE B-C,31,9
7257,7,2,DRY,CLASE A,31,9
7258,7,2,DRY,CLASE B,31,9
7259,7,2,DRY,CLASE B-C,31,9
7260,7,2,DRY,CLASE B-C,31,9
7261,7,2,DRY,CLASE B-C,31,9
7262,7,2,DRY,CLASE B-C,31,9
7263,7,2,DRY,CLASE B-C,31,9
7264,7,2,DRY,CLASE B-C,31,9
7265,7,2,DRY,CLASE B-C,31,9
7266,7,2,DRY,CLASE B-C,31,9
7267,7,2,DRY,CLASE B-C,31,9
7268,7,2,DRY,CLASE B-C,31,9
7269,7,2,DRY,CLASE B-C,31,9
7270,7,2,DRY,CLASE B-C,31,9
7271,7,2,DRY,CLASE B-C,31,9
7272,7,2,DRY,CLASE B-C,31,9
7273,7,2,DRY,CLASE B,30,9
7274,7,2,DRY,CLASE B,31,9
7275,7,2,DRY,CLASE B,31,9
7276,7,2,DRY,CLASE B,31,9
7277,7,2,DRY,CLASE B-C,31,9
7278,7,2,DRY,CLASE B-C,31,9
7279,7,2,DRY,CLASE B-C,31,9
7280,7,2,DRY,CLASE B,30,9
7281,7,2,DRY,CLASE B-C,30,9
7282,7,2,DRY,CLASE B-C,30,9
7283,7,2,DRY,CLASE B-C,31,9
7284,7,2,DRY,CLASE B-C,30,9
7285,7,2,DRY,CLASE B-C,31,9
7286,7,2,DRY,CLASE B-C,30,9
7287,7,2,DRY,CLASE B-C,31,9
7288,7,2,DRY,CLASE B-C,31,9
7289,7,2,DRY,CLASE B-C,31,9
7290,7,2,DRY,CLASE B-C,31,9
7291,7,2,DRY,CLASE B-C,31,9
7292,7,2,DRY,CLASE B-C,30,9
7293,7,2,DRY,CLASE B-C,31,9
7294,7,2,DRY,CLASE B-C,31,9
7295,7,2,DRY,CLASE B-C,26,9
7296,7,2,DRY,CLASE B-C,31,9
7297,7,2,DRY,CLASE B-C,30,9
7298,7,2,DRY,CLASE B-C,31,9
7299,7,2,DRY,CLASE B-C,31,9
7300,7,2,DRY,CLASE B-C,31,9
7301,7,2,DRY,CLASE B-C,31,9
7302,7,2,DRY,CLASE B-C,31,9
7303,7,2,DRY,CLASE B-C,31,9
7304,7,2,DRY,CLASE B-C,31,9
7305,7,2,DRY,CLASE B-C,30,9
7306,7,2,DRY,CLASE B-C,27,9
7307,7,2,DRY,CLASE B-C,30,9
7308,7,2,DRY,CLASE B-C,31,9
7309,7,2,DRY,CLASE B-C,30,9
7310,7,2,DRY,CLASE B-C,31,9
7311,7,2,DRY,CLASE B-C,30,9
7312,7,2,DRY,CLASE B-C,31,9
7313,7,2,DRY,CLASE B-C,31,9
7314,6,2,DRY,CLASE B-C,29,9
7315,2,2,RF,CLASE B-C,27,9
7316,2,2,RF,CLASE B-C,29,9
7317,2,2,RF,CLASE B-C,28,9
7318,2,2,RF,CLASE B-C,27,9
7319,2,2,RF,CLASE B-C,29,9
7320,2,2,RF,CLASE B-C,29,9
7321,2,2,RF,CLASE B-C,26,9
7322,2,2,RF,CLASE B-C,29,9
7323,2,2,RF,CLASE B-C,26,9
7324,6,2,DRY,CLASE B-C,5,9
7325,6,2,DRY,CLASE B-C,5,9
7326,6,2,DRY,CLASE B-C,4,9
7327,6,2,DRY,CLASE B-C,5,9
7328,6,2,DRY,CLASE B-C,4,9
7329,6,2,DRY,CLASE B-C,5,9
7330,6,2,DRY,CLASE B-C,5,9
7331,6,2,DRY,CLASE B-C,5,9
7332,6,2,DRY,CLASE B-C,4,9
7333,6,2,DRY,CLASE B-C,5,9
7334,6,2,DRY,CLASE B-C,4,9
7335,6,2,DRY,CLASE B-C,5,9
7336,6,2,DRY,CLASE B-C,5,9
7337,6,2,DRY,CLASE B-C,17,9
7338,6,2,DRY,CLASE B-C,1,9
7339,6,2,DRY,CLASE B-C,17,9
7340,6,2,DRY,CLASE B-C,5,9
7341,6,2,DRY,CLASE B-C,5,9
7342,6,2,DRY,CLASE B-C,4,9
7343,6,2,DRY,CLASE B-C,4,9
7344,7,2,DRY,CLASE B-C,25,9
7345,7,2,DRY,CLASE B-C,25,9
7346,7,2,DRY,CLASE B-C,5,9
7347,7,2,RF,CLASE B-C,21,9
7348,7,2,RF,CLASE B-C,25,9
7349,7,2,RF,CLASE B-C,21,9
7350,7,2,DRY,CLASE B-C,25,9
7351,7,2,DRY,CLASE B-C,4,9
7352,7,2,DRY,CLASE B-C,26,9
7353,7,2,DRY,CLASE B-C,25,9
7354,7,2,DRY,CLASE B-C,26,9
7355,7,2,RF,CLASE B-C,23,9
7356,7,2,DRY,CLASE B-C,13,9
7357,7,2,DRY,CLASE B-C,8,9
7358,7,2,DRY,CLASE B-C,4,9
7359,7,2,DRY,CLASE B-C,5,9
7360,7,2,DRY,CLASE B-C,25,9
7361,7,2,RF,CLASE B-C,19,9
7362,7,2,RF,CLASE B-C,20,9
7363,7,2,RF,CLASE B-C,20,9
7364,7,2,RF,CLASE B-C,19,9
7365,7,2,RF,CLASE B-C,20,9
7366,7,2,RF,CLASE B-C,20,9
7367,7,2,RF,CLASE B-C,20,9
7368,7,2,RF,CLASE B-C,20,9
7369,7,2,RF,CLASE B-C,20,9
7370,7,2,RF,CLASE B-C,20,9
7371,7,2,RF,CLASE B-C,20,9
7372,7,2,RF,CLASE B-C,21,9
7373,7,2,RF,CLASE B-C,22,9
7374,7,2,RF,CLASE B-C,20,9
7375,7,2,DRY,CLASE B-C,26,9
7376,7,2,DRY,CLASE B-C,12,9
7377,7,2,DRY,CLASE B-C,3,9
7378,7,2,DRY,CLASE B-C,25,9
7379,7,2,DRY,CLASE B-C,25,9
7380,7,2,DRY,CLASE B,23,9
7381,7,2,DRY,CLASE B-C,25,9
7382,7,2,DRY,CLASE B-C,25,9
7383,7,2,DRY,CLASE B-C,25,9
7384,7,2,DRY,CLASE B-C,25,9
7385,7,2,DRY,CLASE B-C,5,9
7386,7,2,DRY,CLASE B-C,25,9
7387,7,2,DRY,CLASE B-C,25,9
7388,7,2,DRY,CLASE B-C,26,9
7389,7,2,DRY,CLASE B-C,25,9
7390,7,2,DRY,CLASE B-C,25,9
7391,7,2,DRY,CLASE B-C,25,9
7392,7,2,DRY,CLASE B-C,26,9
7393,7,2,DRY,CLASE B-C,26,9
7394,7,2,DRY,CLASE B-C,25,9
7395,7,2,DRY,CLASE B-C,26,9
7396,7,2,DRY,CLASE B-C,5,9
7397,7,2,DRY,CLASE B-C,4,9
7398,7,2,DRY,CLASE B-C,25,9
7399,7,2,DRY,CLASE B-C,25,9
7400,7,2,DRY,CLASE B-C,23,9
7401,7,2,RF,CLASE B-C,20,9
7402,7,2,DRY,CLASE B-C,5,9
7403,7,2,DRY,CLASE B-C,25,9
7404,7,2,DRY,CLASE B-C,25,9
7405,7,2,DRY,CLASE B-C,25,9
7406,7,2,DRY,CLASE B-C,26,9
7407,7,2,DRY,CLASE B-C,25,9
7408,7,2,DRY,CLASE B-C,26,9
7409,7,2,DRY,CLASE B-C,25,9
7410,7,2,DRY,CLASE B-C,25,9
7411,7,2,DRY,CLASE B-C,25,9
7412,7,2,DRY,CLASE B-C,25,9
7413,7,2,DRY,CLASE B-C,23,9
7414,7,2,DRY,CLASE B-C,5,9
7415,7,2,DRY,CLASE B-C,5,9
7416,7,2,DRY,CLASE B-C,1,9
7417,7,2,DRY,CLASE B-C,19,9
7418,7,2,DRY,CLASE B-C,19,9
7419,7,2,DRY,CLASE B-C,25,9
7420,7,2,DRY,CLASE B-C,25,9
7421,7,2,DRY,CLASE B-C,19,9
7422,7,2,RF,CLASE B-C,23,9
7423,7,2,RF,CLASE B-C,19,9
7424,7,2,DRY,CLASE B-C,25,9
7425,7,2,DRY,CLASE B-C,25,9
7426,7,2,DRY,CLASE B-C,4,9
7427,7,2,DRY,CLASE B-C,5,9
7428,7,2,DRY,CLASE B-C,5,9
7429,7,2,DRY,CLASE B-C,19,9
7430,7,2,DRY,CLASE B-C,23,9
7431,7,2,DRY,CLASE B-C,19,9
7432,7,2,DRY,CLASE B-C,26,9
7433,7,2,DRY,CLASE B-C,25,9
7434,7,2,DRY,CLASE B-C,4,9
7435,7,2,DRY,CLASE B-C,25,9
7436,7,2,DRY,CLASE D,5,9
7437,7,2,DRY,CLASE B-C,25,9
7438,7,2,DRY,CLASE B-C,24,9
7439,7,2,DRY,CLASE B-C,26,9
7440,7,2,DRY,CLASE B-C,5,9
7441,2,2,RF,CLASE B-C,18,9
7442,1,2,RF,CLASE B-C,16,9
7443,3,2,DRY,CLASE B-C,21,9
7444,3,2,DRY,CLASE B-C,17,9
7445,3,2,DRY,CLASE B-C,17,9
7446,3,2,DRY,CLASE B-C,17,9
7447,7,2,DRY,CLASE B-C,1,9
7448,7,2,DRY,CLASE B-C,1,9
7449,7,2,DRY,CLASE B-C,3,9
7450,7,2,DRY,CLASE B-C,2,9
7451,7,2,DRY,CLASE B-C,1,9
7452,7,2,DRY,CLASE B-C,1,9
7453,7,2,DRY,CLASE B-C,14,9
7454,7,2,DRY,CLASE B-C,13,9
7455,7,2,DRY,CLASE B-C,1,9
7456,7,2,DRY,CLASE B-C,2,9
7457,7,2,DRY,CLASE B-C,1,9
7458,7,2,DRY,CLASE B-C,1,9
7459,7,2,DRY,CLASE B-C,1,9
7460,7,2,RF,CLASE B-C,13,9
7461,7,2,DRY,CLASE B-C,1,9
7462,7,2,DRY,CLASE B-C,10,9
7463,7,2,DRY,CLASE B-C,9,9
7464,7,2,DRY,CLASE B-C,1,9
7465,7,2,DRY,CLASE B-C,1,9
7466,7,2,DRY,CLASE B-C,1,9
7467,7,2,DRY,CLASE B-C,1,9
7468,7,2,RF,CLASE B-C,13,9
7469,7,2,RF,CLASE B-C,13,9
7470,7,2,DRY,CLASE B-C,1,9
7471,7,2,DRY,CLASE B-C,2,9
7472,7,2,DRY,CLASE B-C,1,9
7473,7,2,DRY,CLASE B-C,1,9
7474,7,2,DRY,CLASE B-C,1,9
7475,7,2,DRY,CLASE B-C,1,9
7476,7,2,DRY,CLASE B-C,1,9
7477,7,2,DRY,CLASE A,1,9
7478,7,2,DRY,CLASE B-C,3,9
7479,7,2,DRY,CLASE B-C,1,9
7480,7,2,DRY,CLASE B-C,1,9
7481,7,2,DRY,CLASE B-C,1,9
7482,7,2,DRY,CLASE B-C,1,9
7483,7,2,DRY,CLASE B-C,15,9
7484,7,2,DRY,CLASE B-C,1,9
7485,7,2,DRY,CLASE B-C,1,9
7486,7,2,DRY,CLASE B-C,1,9
7487,7,2,DRY,CLASE B-C,1,9
7488,7,2,DRY,CLASE B-C,1,9
7489,7,2,DRY,CLASE B-C,3,9
7490,7,2,DRY,CLASE B-C,1,9
7491,7,2,DRY,CLASE B-C,2,9
7492,7,2,DRY,CLASE B-C,2,9
7493,7,2,DRY,CLASE B-C,1,9
7494,7,2,DRY,CLASE B-C,2,9
7495,7,2,DRY,CLASE B-C,2,9
7496,7,2,DRY,CLASE B-C,2,9
7497,7,2,DRY,CLASE B-C,1,9
7498,7,2,DRY,CLASE B-C,1,9
7499,7,2,DRY,CLASE B-C,1,9
7500,7,2,DRY,CLASE B-C,1,9
7501,7,2,DRY,CLASE B-C,1,9
7502,7,2,DRY,CLASE B-C,1,9
7503,7,2,DRY,CLASE B-C,1,9
7504,7,2,DRY,CLASE B,3,9
7505,7,2,RF,CLASE B-C,13,9
7506,7,2,DRY,CLASE B-C,1,9
7507,7,2,DRY,CLASE B-C,9,9
7508,7,2,DRY,CLASE B-C,2,9
7509,7,2,DRY,CLASE B-C,1,9
7510,7,2,DRY,CLASE B-C,1,9
7511,7,2,DRY,CLASE B-C,12,9
7512,7,2,DRY,CLASE B-C,2,9
7513,7,2,DRY,CLASE B-C,1,9
7514,7,2,RF,CLASE B-C,13,9
7515,7,2,DRY,CLASE B,3,9
7516,7,2,DRY,CLASE B-C,1,9
7517,7,2,DRY,CLASE B-C,1,9
7518,7,2,DRY,CLASE B-C,2,9
7519,7,2,DRY,CLASE B-C,11,9
7520,7,2,DRY,CLASE B-C,1,9
7521,7,2,DRY,CLASE B-C,3,9
7522,7,2,DRY,CLASE B-C,2,9
7523,7,2,DRY,CLASE B-C,1,9
7524,7,2,DRY,CLASE B-C,2,9
7525,7,2,DRY,CLASE B-C,1,9
7526,7,2,DRY,CLASE B-C,2,9
7527,7,2,DRY,CLASE B-C,1,9
7528,7,2,DRY,CLASE B-C,2,9
7529,7,2,DRY,CLASE B-C,2,9
7530,7,2,DRY,CLASE B-C,1,9
7531,7,2,DRY,CLASE B-C,2,9
7532,7,2,DRY,CLASE B-C,2,9
7533,7,2,DRY,CLASE B-C,1,9
7534,7,2,DRY,CLASE A,1,9
7535,7,2,DRY,CLASE B,2,9
7536,7,2,DRY,CLASE B-C,1,9
7537,9,2,DRY,CLASE B-C,2,9
7538,2,2,DRY,CLASE B-C,13,9
7539,2,2,RF,CLASE B-C,9,9
7540,2,2,DRY,CLASE B-C,8,9
7541,2,2,DRY,CLASE D,15,9
7542,2,2,DRY,CLASE B-C,10,9
7543,1,2,DRY,CLASE B-C,10,9
7544,1,1,DRY,CLASE B-C,10,9
7545,1,1,DRY,CLASE B-C,9,9
7546,1,1,DRY,CLASE B-C,7,9
7547,1,1,DRY,CLASE B-C,8,9
7548,1,2,RF,CLASE B-C,14,9
7549,1,1,DRY,CLASE B-C,8,9
7550,1,1,DRY,CLASE B-C,9,9
7551,1,1,DRY,CLASE B-C,9,9
7552,1,1,DRY,CLASE B-C,7,9
7553,1,1,DRY,CLASE B-C,9,9
7554,1,2,RF,CLASE B-C,15,9
7555,1,2,RF,CLASE B-C,14,9
7556,3,2,DRY,CLASE B-C,7,9
7557,3,2,DRY,CLASE B-C,7,9
7558,3,2,DRY,CLASE B-C,8,9
7559,3,2,DRY,CLASE B-C,1,9
7560,8,2,DRY,CLASE B-C,7,9
7561,6,2,DRY,CLASE B-C,1,9
7562,7,2,DRY,CLASE B-C,1,9
7563,7,2,DRY,CLASE B-C,2,9
7564,7,2,DRY,CLASE B-C,5,9
7565,7,2,DRY,CLASE B-C,2,9
7566,7,2,DRY,CLASE B-C,1,9
7567,7,2,DRY,CLASE B-C,2,9
7568,7,2,DRY,CLASE B-C,5,9
7569,7,2,DRY,CLASE B-C,1,9
7570,7,2,DRY,CLASE B-C,4,9
7571,7,2,DRY,CLASE B-C,3,9
7572,7,2,DRY,CLASE B-C,2,9
7573,7,2,DRY,CLASE B-C,3,9
7574,7,2,DRY,CLASE B-C,9,9
7575,7,2,DRY,CLASE B-C,2,9
7576,7,2,DRY,CLASE B-C,2,9
7577,7,2,DRY,CLASE B-C,8,9
7578,7,2,DRY,CLASE B-C,2,9
7579,7,2,DRY,CLASE B-C,2,9
7580,7,2,DRY,CLASE B-C,5,9
7581,7,2,DRY,CLASE B-C,2,9
7582,7,2,DRY,CLASE B-C,2,9
7583,7,2,DRY,CLASE B-C,2,9
7584,7,2,DRY,CLASE B-C,2,9
7585,7,2,DRY,CLASE B-C,2,9
7586,7,2,DRY,CLASE B-C,2,9
7587,7,2,DRY,CLASE B-C,2,9
7588,7,2,RF,CLASE B-C,3,9
7589,7,2,RF,CLASE B-C,2,9
7590,7,2,RF,CLASE B-C,2,9
7591,7,2,RF,CLASE B-C,4,9
7592,7,2,RF,CLASE B-C,3,9
7593,7,2,RF,CLASE B-C,4,9
7594,7,2,DRY,CLASE B-C,2,9
7595,7,2,RF,CLASE B-C,2,9
7596,7,2,DRY,CLASE B-C,7,9
7597,7,2,DRY,CLASE B-C,2,9
7598,7,2,DRY,CLASE B-C,3,9
7599,7,2,DRY,CLASE B-C,2,9
7600,7,2,DRY,CLASE B-C,2,9
7601,7,2,RF,CLASE B-C,2,9
7602,7,2,RF,CLASE B-C,3,9
7603,7,2,RF,CLASE B-C,6,9
7604,7,2,RF,CLASE B-C,5,9
7605,7,2,DRY,CLASE B-C,1,9
7606,7,2,DRY,CLASE B-C,2,9
7607,7,2,DRY,CLASE B-C,5,9
7608,7,2,DRY,CLASE B-C,7,9
7609,7,2,DRY,CLASE B-C,2,9
7610,7,2,DRY,CLASE B-C,5,9
7611,7,2,DRY,CLASE B-C,2,9
7612,7,2,DRY,CLASE B-C,2,9
7613,7,2,DRY,CLASE B-C,6,9
7614,7,2,DRY,CLASE B-C,7,9
7615,7,2,DRY,CLASE B-C,2,9
7616,7,2,DRY,CLASE B-C,2,9
7617,7,2,DRY,CLASE B-C,6,9
7618,7,2,DRY,CLASE B-C,2,9
7619,7,2,DRY,CLASE B,5,9
7620,7,2,DRY,CLASE B,1,9
7621,7,2,DRY,CLASE B-C,7,9
7622,7,2,DRY,CLASE B-C,3,9
7623,7,2,DRY,CLASE B,7,9
7624,7,2,DRY,CLASE B-C,2,9
7625,7,2,DRY,CLASE B-C,2,9
7626,7,2,DRY,CLASE B-C,2,9
7627,7,2,DRY,CLASE B-C,9,9
7628,7,2,DRY,CLASE B-C,1,9
7629,7,2,DRY,CLASE B-C,3,9
7630,7,2,DRY,CLASE B-C,2,9
7631,7,2,DRY,CLASE B-C,2,9
7632,7,2,DRY,CLASE B-C,2,9
7633,7,2,DRY,CLASE B-C,1,9
7634,7,2,DRY,CLASE B-C,1,9
7635,7,2,DRY,CLASE B-C,5,9
7636,7,2,DRY,CLASE B-C,2,9
7637,7,2,DRY,CLASE B-C,5,9
7638,7,2,DRY,CLASE B-C,5,9
7639,7,2,DRY,CLASE B-C,1,9
7640,7,2,DRY,CLASE B-C,7,9
7641,7,2,DRY,CLASE B-C,8,9
7642,7,2,DRY,CLASE B-C,2,9
7643,7,2,DRY,CLASE B-C,2,9
7644,7,2,DRY,CLASE B-C,2,9
7645,7,2,DRY,CLASE B-C,3,9
7646,7,2,DRY,CLASE B-C,5,9
7647,7,2,DRY,CLASE B-C,1,9
7648,7,2,DRY,CLASE B-C,2,9
7649,7,2,DRY,CLASE B-C,8,9
7650,7,2,DRY,CLASE B-C,8,9
7651,7,2,RF,CLASE B,3,9
7652,7,2,RF,CLASE B-C,3,9
7653,7,2,DRY,CLASE B-C,5,9
7654,7,2,DRY,CLASE B-C,2,9
7655,7,2,DRY,CLASE B-C,3,9
7656,7,2,DRY,CLASE B-C,5,9
7657,7,2,DRY,CLASE B-C,3,9
7658,7,2,DRY,CLASE B-C,2,9
7659,7,2,RF,CLASE B-C,3,9
7660,7,2,RF,CLASE B-C,2,9
7661,7,2,RF,CLASE B-C,7,9
7662,7,2,RF,CLASE B-C,4,9
7663,7,2,RF,CLASE B-C,3,9
7664,7,2,RF,CLASE B-C,5,9
7665,7,2,DRY,CLASE B-C,2,9
7666,7,2,DRY,CLASE B-C,2,9
7667,7,2,DRY,CLASE B-C,3,9
7668,7,2,DRY,CLASE B-C,2,9
7669,7,2,DRY,CLASE B-C,5,9
7670,7,2,DRY,CLASE B-C,5,9
7671,7,2,DRY,CLASE B-C,2,9
7672,7,2,DRY,CLASE B-C,4,9
7673,7,2,DRY,CLASE B-C,2,9
7674,7,2,DRY,CLASE B-C,3,9
7675,7,2,DRY,CLASE B-C,2,9
7676,7,2,DRY,CLASE B-C,2,9
7677,7,2,DRY,CLASE B-C,8,9
7678,7,2,DRY,CLASE B-C,1,9
7679,7,2,DRY,CLASE B-C,8,9
7680,7,2,DRY,CLASE B-C,5,9
7681,7,2,DRY,CLASE B-C,2,9
7682,7,2,DRY,CLASE B-C,2,9
7683,7,2,DRY,CLASE B-C,1,9
7684,7,2,DRY,CLASE B-C,5,9
7685,7,2,RF,CLASE B-C,5,9
7686,7,2,DRY,CLASE B-C,2,9
7687,7,2,DRY,CLASE B-C,2,9
7688,7,2,DRY,CLASE B-C,2,9
7689,7,2,DRY,CLASE B-C,3,9
7690,7,2,DRY,CLASE B-C,5,9
7691,7,2,DRY,CLASE B-C,2,9
7692,7,2,DRY,CLASE B-C,2,9
7693,7,2,DRY,CLASE B-C,5,9
7694,7,2,DRY,CLASE B-C,1,9
7695,7,2,DRY,CLASE B-C,2,9
7696,7,2,DRY,CLASE B-C,7,9
7697,7,2,DRY,CLASE B-C,2,9
7698,7,2,RF,CLASE B-C,4,9
7699,7,2,RF,CLASE B-C,3,9
7700,7,2,RF,CLASE B-C,4,9
7701,7,2,RF,CLASE B-C,4,9
7702,7,2,RF,CLASE B-C,4,9
7703,7,2,RF,CLASE B-C,3,9
7704,7,2,DRY,CLASE B-C,6,9
7705,7,2,DRY,CLASE B-C,5,9
7706,7,2,DRY,CLASE B-C,2,9
7707,7,2,DRY,CLASE B-C,2,9
7708,7,2,DRY,CLASE B-C,2,9
7709,7,2,DRY,INSPECTION,8,9
7710,7,2,DRY,CLASE B-C,5,9
7711,7,2,DRY,CLASE B-C,2,9
7712,7,2,DRY,CLASE B-C,2,9
7713,7,2,DRY,CLASE B-C,2,9
7714,7,2,DRY,CLASE B-C,5,9
7715,7,2,DRY,CLASE D,6,9
7716,7,2,DRY,CLASE B-C,2,9
7717,7,2,DRY,CLASE B-C,2,9
7718,7,2,DRY,CLASE B-C,2,9
7719,7,2,DRY,CLASE B-C,2,9
7720,7,2,DRY,CLASE B-C,6,9
7721,7,2,DRY,CLASE B-C,8,9
7722,7,2,DRY,CLASE B-C,2,9
7723,7,2,DRY,CLASE B-C,5,9
7724,7,2,DRY,CLASE B-C,7,9
7725,7,2,DRY,CLASE B-C,2,9
7726,7,2,DRY,CLASE B-C,1,9
7727,7,2,DRY,CLASE B-C,2,9
7728,7,2,DRY,CLASE B-C,2,9
7729,7,2,DRY,CLASE B-C,2,9
7730,7,2,DRY,CLASE B-C,2,9
7731,7,2,DRY,CLASE B-C,2,9
7732,7,2,DRY,CLASE B-C,2,9
7733,7,2,DRY,CLASE B-C,5,9
7734,7,2,DRY,CLASE D,2,9
7735,7,2,DRY,CLASE B-C,2,9
7736,7,2,RF,CLASE B-C,2,9
7737,7,2,RF,CLASE B-C,2,9
7738,7,2,DRY,CLASE B-C,2,9
7739,7,2,RF,CLASE B-C,5,9
7740,7,2,DRY,CLASE B-C,1,9
7741,7,2,DRY,CLASE B-C,2,9
7742,7,2,DRY,CLASE B-C,6,9
7743,7,2,DRY,CLASE B-C,2,9
7744,7,2,DRY,CLASE B-C,2,9
7745,7,2,DRY,CLASE B-C,2,9
7746,7,2,DRY,CLASE B-C,8,9
7747,7,2,DRY,CLASE B-C,2,9
7748,7,2,DRY,CLASE B-C,2,9
7749,7,2,DRY,CLASE B-C,1,9
7750,7,2,DRY,CLASE B-C,2,9
7751,7,2,DRY,CLASE B-C,2,9
7752,7,2,DRY,CLASE B-C,1,9
7753,7,2,DRY,CLASE B-C,8,9
7754,7,2,DRY,CLASE B-C,7,9
7755,7,2,DRY,CLASE B-C,7,9
7756,7,2,DRY,CLASE B-C,2,9
7757,7,2,DRY,CLASE B-C,2,9
7758,7,2,DRY,CLASE B-C,3,9
7759,7,2,DRY,CLASE B-C,8,9
7760,7,2,DRY,CLASE B-C,3,9
7761,7,2,DRY,CLASE B-C,2,9
7762,7,2,DRY,CLASE B-C,2,9
7763,7,2,DRY,CLASE B-C,5,9
7764,7,2,DRY,CLASE B-C,2,9
7765,7,2,DRY,CLASE B-C,6,9
7766,2,2,DRY,CLASE B-C,3,9
7767,2,2,DRY,CLASE B-C,3,9
7768,2,2,DRY,INSPECTION,3,9
7769,2,2,DRY,CLASE B-C,3,9
7770,2,2,DRY,CLASE B-C,3,9
7771,2,2,DRY,CLASE B-C,3,9
7772,2,2,DRY,CLASE B-C,3,9
7773,2,2,DRY,CLASE B-C,3,9
7774,2,2,DRY,CLASE B-C,3,9
7775,2,2,DRY,CLASE B-C,3,9
7776,2,2,DRY,CLASE B-C,3,9
7777,2,2,DRY,CLASE B-C,3,9
7778,2,2,DRY,CLASE B-C,3,9
7779,2,2,DRY,CLASE B-C,4,9
7780,2,2,DRY,CLASE B-C,9,9
7781,2,2,DRY,CLASE B-C,4,9
7782,2,2,DRY,CLASE B-C,3,9
7783,2,2,DRY,CLASE B-C,7,9
7784,2,2,DRY,CLASE B-C,3,9
7785,2,2,DRY,CLASE B-C,3,9
7786,2,2,DRY,CLASE B-C,4,9
7787,2,2,DRY,CLASE B-C,3,9
7788,2,2,DRY,CLASE B-C,3,9
7789,2,2,DRY,CLASE B-C,3,9
7790,2,2,DRY,CLASE B-C,3,9
7791,2,2,DRY,CLASE B-C,7,9
7792,2,2,DRY,CLASE B-C,6,9
7793,2,2,DRY,CLASE B-C,3,9
7794,2,2,DRY,CLASE B-C,3,9
7795,2,2,DRY,CLASE B-C,4,9
7796,2,2,DRY,CLASE B-C,3,9
7797,2,2,DRY,CLASE B-C,4,9
7798,2,2,DRY,INSPECTION,3,9
7799,2,2,DRY,CLASE B-C,3,9
7800,2,2,DRY,CLASE B-C,7,9
7801,2,2,DRY,CLASE B-C,7,9
7802,2,2,DRY,CLASE B-C,3,9
7803,2,2,DRY,INSPECTION,3,9
7804,2,2,DRY,CLASE B-C,3,9
7805,2,2,DRY,CLASE B-C,3,9
7806,2,2,DRY,CLASE B-C,3,9
7807,2,2,DRY,CLASE B-C,3,9
7808,2,2,DRY,CLASE B-C,3,9
7809,2,2,DRY,CLASE B-C,3,9
7810,2,2,DRY,CLASE B-C,3,9
7811,2,2,DRY,CLASE B-C,2,9
7812,2,2,DRY,CLASE B-C,3,9
7813,2,2,DRY,CLASE B-C,6,9
7814,2,2,DRY,CLASE B-C,3,9
7815,2,2,DRY,INSPECTION,3,9
7816,2,2,DRY,CLASE B-C,3,9
7817,2,2,DRY,CLASE B-C,3,9
7818,2,2,DRY,CLASE B-C,3,9
7819,2,2,DRY,CLASE B-C,3,9
7820,2,2,DRY,CLASE B-C,3,9
7821,2,2,DRY,CLASE B-C,3,9
7822,1,2,RF,CLASE B-C,4,9
7823,7,2,DRY,CLASE B-C,1,9
7824,7,2,DRY,CLASE B-C,1,9
7825,7,2,DRY,CLASE B,2,9
7826,7,2,DRY,CLASE B-C,1,9
7827,7,2,DRY,CLASE B-C,1,9
7828,7,2,DRY,CLASE B-C,1,9
7829,7,2,DRY,CLASE B-C,1,9
7830,7,2,DRY,CLASE B-C,1,9
7831,7,2,DRY,CLASE B-C,1,9
7832,7,2,DRY,CLASE B-C,1,9
7833,7,2,DRY,CLASE D,1,9
7834,7,2,DRY,CLASE B-C,2,9
7835,7,2,DRY,CLASE B-C,2,9
7836,7,2,DRY,CLASE B-C,1,9
7837,7,2,DRY,CLASE B-C,1,9
7838,7,2,DRY,CLASE B-C,2,9
7839,7,2,DRY,CLASE B-C,2,9
7840,7,2,DRY,CLASE B-C,1,9
7841,7,2,DRY,CLASE B-C,1,9
7842,7,2,DRY,CLASE B-C,1,9
7843,7,2,DRY,CLASE B-C,1,9
7844,7,2,DRY,CLASE B-C,1,9
7845,7,2,DRY,CLASE B-C,1,9
7846,7,2,DRY,CLASE B-C,2,9
7847,7,2,DRY,CLASE B-C,1,9
7848,7,2,DRY,CLASE B-C,2,9
7849,7,2,DRY,CLASE B-C,1,9
7850,7,2,DRY,CLASE B-C,2,9
7851,7,2,DRY,CLASE B-C,2,9
7852,7,2,DRY,CLASE B-C,2,9
7853,7,2,DRY,CLASE B-C,1,9
7854,7,2,DRY,CLASE B-C,2,9
7855,7,2,DRY,CLASE B-C,1,9
7856,7,2,DRY,CLASE D,2,9
7857,7,2,DRY,CLASE B-C,1,9
7858,7,2,DRY,CLASE B-C,2,9
7859,7,2,DRY,CLASE B-C,1,9
7860,7,2,DRY,INSPECTION,1,9
7861,7,2,DRY,CLASE B-C,2,9
7862,7,2,DRY,CLASE B-C,1,9
7863,7,2,DRY,CLASE B-C,2,9
7864,7,2,DRY,CLASE B-C,1,9
7865,7,2,DRY,CLASE B-C,2,9
7866,7,2,DRY,CLASE B,2,9
7867,7,2,DRY,CLASE B-C,1,9
7868,7,2,DRY,CLASE B-C,2,9
7869,7,2,DRY,CLASE B-C,2,9
7870,7,2,DRY,CLASE B-C,2,9
7871,7,2,DRY,CLASE B-C,1,9
7872,7,2,DRY,CLASE B-C,1,9
7873,7,2,DRY,CLASE B,2,9
7874,7,2,DRY,CLASE B-C,1,9
7875,7,2,DRY,CLASE B-C,1,9
7876,7,2,DRY,CLASE B-C,1,9
7877,7,2,DRY,CLASE B-C,1,9
7878,7,2,DRY,CLASE B-C,2,9
7879,7,2,DRY,CLASE B-C,2,9
7880,7,2,DRY,CLASE B,1,9
7881,7,2,DRY,CLASE A,1,9
7882,7,2,DRY,CLASE B-C,2,9
7883,7,2,DRY,CLASE B-C,2,9
7884,7,2,DRY,CLASE B-C,1,9
7885,7,2,DRY,CLASE B,1,9
7886,7,2,DRY,CLASE B-C,1,9
7887,7,2,DRY,CLASE B,2,9
7888,7,2,DRY,CLASE B-C,2,9
7889,7,2,DRY,CLASE B-C,2,9
7890,7,2,DRY,CLASE B-C,1,9
7891,7,2,DRY,CLASE B-C,1,9
7892,7,2,DRY,CLASE B-C,2,9
7893,7,2,DRY,CLASE A,1,9
7894,7,2,DRY,CLASE B-C,2,9
7895,7,2,DRY,CLASE B-C,1,9
7896,7,2,DRY,CLASE B-C,1,9
7897,7,2,DRY,CLASE B-C,1,9
7898,7,2,DRY,CLASE B-C,2,9
7899,7,2,DRY,CLASE B-C,1,9
7900,7,2,DRY,CLASE B-C,1,9
7901,7,2,DRY,CLASE B-C,2,9
7902,7,2,DRY,CLASE B-C,1,9
7903,7,2,DRY,CLASE B-C,1,9
7904,7,2,DRY,CLASE B-C,1,9
7905,7,2,DRY,CLASE B-C,1,9
7906,7,2,DRY,CLASE B-C,2,9
7907,7,2,DRY,CLASE B-C,2,9
7908,7,2,DRY,CLASE B-C,1,9
7909,7,2,DRY,CLASE B-C,1,9
7910,7,2,DRY,CLASE B-C,2,9
7911,7,2,DRY,CLASE B-C,1,9
7912,7,2,DRY,CLASE B-C,1,9
7913,7,2,DRY,CLASE B-C,1,9
7914,7,2,DRY,CLASE B-C,1,9
7915,7,2,DRY,CLASE B-C,2,9
7916,7,2,DRY,CLASE B-C,1,9
7917,7,2,DRY,CLASE B-C,2,9
7918,7,2,DRY,CLASE B-C,2,9
7919,7,2,DRY,CLASE B-C,1,9
7920,7,2,DRY,CLASE B-C,1,9
7921,7,2,DRY,CLASE B-C,1,9
7922,7,2,DRY,CLASE B-C,2,9
7923,7,2,DRY,CLASE B-C,1,9
7924,7,2,DRY,CLASE B-C,1,9
7925,7,2,DRY,CLASE B-C,1,9
7926,7,2,DRY,CLASE B-C,2,9
7927,7,2,DRY,CLASE B-C,1,9
7928,7,2,DRY,CLASE B-C,1,9
7929,7,2,DRY,CLASE B-C,1,9
7930,7,2,DRY,CLASE B-C,1,9
7931,7,2,DRY,CLASE B-C,2,9
7932,7,2,DRY,CLASE B-C,1,9
7933,7,2,DRY,CLASE B-C,2,9
7934,7,2,DRY,CLASE B-C,1,9
7935,7,2,DRY,CLASE B-C,1,9
7936,7,2,DRY,CLASE B-C,2,9
7937,7,2,DRY,CLASE B-C,2,9
7938,7,2,DRY,CLASE B-C,1,9
7939,7,2,DRY,CLASE B-C,2,9
7940,7,2,DRY,CLASE B-C,1,9
7941,7,2,DRY,CLASE B-C,1,9
7942,7,2,DRY,CLASE B-C,2,9
7943,7,2,DRY,CLASE B-C,1,9
7944,7,2,DRY,CLASE B-C,1,9
7945,7,2,DRY,CLASE B-C,1,9
7946,7,2,DRY,CLASE B-C,2,9
7947,7,2,DRY,CLASE B-C,1,9
7948,7,2,DRY,CLASE B-C,1,9
7949,7,2,DRY,CLASE B-C,1,9
7950,7,2,DRY,CLASE B-C,2,9
7951,7,2,DRY,CLASE B-C,1,9
7952,7,2,DRY,CLASE B-C,1,9
7953,7,2,DRY,CLASE B-C,1,9
7954,7,2,DRY,CLASE B-C,1,9
7955,7,2,DRY,CLASE B-C,1,9
7956,7,2,DRY,CLASE B-C,2,9
7957,7,2,DRY,CLASE B-C,1,9
7958,7,2,DRY,CLASE B-C,2,9
7959,7,2,DRY,CLASE B-C,1,9
7960,7,2,DRY,CLASE B-C,1,9
7961,7,2,DRY,CLASE B-C,1,9
7962,7,2,DRY,CLASE B-C,2,9
7963,7,2,DRY,CLASE B-C,2,9
7964,7,2,DRY,CLASE B-C,2,9
7965,7,2,DRY,CLASE B-C,1,9
7966,7,2,DRY,CLASE B-C,1,9
7967,7,2,DRY,CLASE B-C,1,9
7968,7,2,DRY,CLASE B-C,2,9
7969,7,2,DRY,CLASE A,1,9
7970,7,2,DRY,CLASE B-C,2,9
7971,7,2,DRY,CLASE B-C,1,9
7972,7,2,DRY,CLASE B-C,2,9
7973,7,2,RF,CLASE B-C,2,9
7974,7,2,DRY,CLASE B-C,2,9
7975,7,2,DRY,CLASE B-C,1,9
7976,7,2,DRY,CLASE B-C,1,9
7977,7,2,DRY,CLASE B-C,1,9
7978,7,2,DRY,CLASE B-C,1,9
7979,7,2,DRY,CLASE B-C,2,9
7980,7,2,DRY,CLASE B-C,1,9
7981,7,2,DRY,CLASE B-C,1,9
7982,7,2,DRY,CLASE B-C,1,9
7983,7,2,DRY,CLASE B-C,1,9
7984,7,2,DRY,CLASE B-C,1,9
7985,7,2,DRY,CLASE B-C,2,9
7986,7,2,DRY,CLASE B-C,1,9
7987,7,2,DRY,CLASE B-C,2,9
7988,7,2,DRY,CLASE B-C,1,9
7989,7,2,DRY,CLASE B-C,2,9
7990,7,2,DRY,CLASE B-C,1,9
7991,7,2,DRY,CLASE B-C,2,9
7992,7,2,DRY,CLASE B-C,1,9
7993,7,2,DRY,CLASE B-C,1,9
7994,7,2,DRY,CLASE B-C,2,9
7995,7,2,DRY,CLASE B-C,1,9
7996,7,2,DRY,CLASE B-C,2,9
7997,7,2,DRY,CLASE B-C,2,9
7998,7,2,DRY,CLASE B-C,1,9
7999,7,2,DRY,CLASE B-C,1,9
8000,7,2,DRY,CLASE B,1,9
8001,7,2,DRY,CLASE B-C,1,9
8002,7,2,DRY,CLASE B-C,2,9
8003,7,2,DRY,CLASE B-C,1,9
8004,7,2,DRY,CLASE B-C,1,9
8005,7,2,DRY,CLASE B,1,9
8006,7,2,DRY,CLASE B-C,2,9
8007,7,2,DRY,CLASE B-C,2,9
8008,7,2,DRY,CLASE B-C,2,9
8009,7,2,DRY,CLASE B-C,1,9
8010,7,2,DRY,CLASE B-C,1,9
8011,7,2,DRY,CLASE B-C,2,9
8012,7,2,DRY,CLASE B-C,1,9
8013,7,2,DRY,CLASE B-C,2,9
8014,7,2,DRY,CLASE B-C,1,9
8015,7,2,DRY,CLASE B-C,1,9
8016,7,2,DRY,CLASE B-C,1,9
8017,7,2,DRY,CLASE B-C,2,9
8018,7,2,DRY,CLASE B-C,2,9
8019,7,2,DRY,CLASE B-C,2,9
8020,7,2,DRY,CLASE B-C,2,9
8021,7,2,DRY,CLASE B-C,1,9
8022,7,2,DRY,CLASE B-C,1,9
8023,7,2,DRY,CLASE B-C,2,9
8024,7,2,DRY,CLASE B-C,1,9
8025,7,2,DRY,CLASE B-C,2,9
8026,7,2,DRY,CLASE B-C,1,9
8027,7,2,DRY,CLASE B-C,1,9
8028,7,2,DRY,CLASE B-C,2,9
8029,7,2,DRY,CLASE B,2,9
8030,7,2,DRY,CLASE B-C,1,9
8031,7,2,DRY,CLASE B-C,2,9
8032,7,2,DRY,CLASE B,2,9
8033,7,2,DRY,CLASE B-C,1,9
8034,7,2,DRY,CLASE B-C,2,9
8035,7,2,DRY,CLASE B-C,1,9
8036,7,2,DRY,CLASE B-C,1,9
8037,7,2,DRY,CLASE B-C,2,9
8038,7,2,DRY,CLASE B-C,1,9
8039,7,2,DRY,CLASE B-C,2,9
8040,7,2,DRY,CLASE B-C,1,9
8041,7,2,DRY,CLASE B-C,2,9
8042,1,2,DRY,CLASE B-C,3,9
8043,9,2,DRY,CLASE B-C,3,9
8044,9,2,DRY,CLASE B-C,3,9
8045,4,2,DRY,CLASE B-C,1,9
8046,7,2,DRY,CLASE B-C,53,9
8047,7,2,DRY,CLASE B-C,37,9
8048,7,2,DRY,CLASE B-C,34,9
8049,7,2,DRY,CLASE B-C,37,9
8050,7,2,DRY,CLASE B-C,14,9
8051,7,2,DRY,CLASE B-C,13,9
8052,7,2,DRY,CLASE B-C,1,9
8053,7,2,DRY,CLASE B-C,2,9
8054,7,2,DRY,CLASE B-C,2,9
8055,7,2,DRY,CLASE B-C,1,9
8056,7,2,DRY,CLASE D,1,9
8057,7,2,DRY,CLASE B-C,1,9
8058,7,2,DRY,CLASE B-C,1,9
8059,7,2,DRY,CLASE B-C,1,9
8060,7,2,DRY,CLASE B,2,9
8061,7,2,DRY,CLASE B-C,1,9
8062,7,2,DRY,CLASE B-C,2,9
8063,7,2,DRY,CLASE B-C,2,9
8064,7,2,DRY,CLASE B-C,1,9
8065,7,2,DRY,CLASE B-C,1,9
8066,7,2,DRY,CLASE B-C,2,9
8067,7,2,DRY,CLASE B-C,1,9
8068,7,2,DRY,CLASE B-C,1,9
8069,7,2,DRY,CLASE B-C,6,9
8070,7,2,DRY,CLASE B-C,1,9
8071,7,2,DRY,CLASE B-C,1,9
8072,7,2,DRY,CLASE B-C,2,9
8073,7,2,DRY,CLASE B-C,1,9
8074,7,2,DRY,CLASE B-C,2,9
8075,7,2,DRY,CLASE B-C,1,9
8076,7,2,DRY,CLASE B-C,1,9
8077,7,2,DRY,CLASE B-C,2,9
8078,7,2,DRY,CLASE B-C,1,9
8079,7,2,DRY,CLASE B-C,1,9
8080,7,2,DRY,CLASE B-C,2,9
8081,7,2,DRY,CLASE B-C,1,9
8082,7,2,DRY,CLASE B-C,1,9
8083,7,2,DRY,CLASE B-C,1,9
8084,7,2,DRY,CLASE B-C,6,9
8085,7,2,DRY,CLASE B-C,1,9
8086,7,2,DRY,CLASE B-C,1,9
8087,7,2,DRY,CLASE B-C,2,9
8088,7,2,DRY,CLASE B-C,1,9
8089,7,2,DRY,CLASE B-C,2,9
8090,7,2,DRY,CLASE B-C,1,9
8091,7,2,DRY,CLASE B-C,1,9
8092,7,2,DRY,CLASE B-C,1,9
8093,7,2,DRY,CLASE B-C,2,9
8094,2,2,DRY,CLASE B-C,10,9
8095,2,2,DRY,CLASE B-C,10,9
8096,2,2,DRY,CLASE B-C,10,9
8097,2,2,DRY,CLASE B-C,10,9
8098,2,2,DRY,CLASE B-C,10,9
8099,2,2,DRY,CLASE B-C,10,9
8100,2,2,DRY,CLASE B-C,10,9
8101,2,2,DRY,CLASE B-C,10,9
8102,2,2,DRY,CLASE B-C,10,9
8103,2,2,DRY,CLASE B-C,10,9
8104,2,2,DRY,CLASE B-C,10,9
8105,2,2,DRY,CLASE B-C,10,9
8106,2,2,DRY,CLASE B-C,10,9
8107,2,2,DRY,CLASE B-C,10,9
8108,2,2,DRY,CLASE B-C,10,9
8109,2,2,DRY,CLASE B-C,10,9
8110,2,2,DRY,CLASE B,10,9
8111,7,2,DRY,CLASE B-C,1,9
8112,7,2,DRY,CLASE B-C,1,9
8113,7,2,DRY,CLASE B-C,1,9
8114,7,2,DRY,CLASE B-C,2,9
8115,7,2,DRY,CLASE B-C,1,9
8116,7,2,DRY,CLASE B-C,2,9
8117,7,2,DRY,CLASE B-C,1,9
8118,7,2,DRY,CLASE B-C,1,9
8119,7,2,DRY,CLASE B,1,9
8120,7,2,DRY,CLASE B-C,1,9
8121,7,2,DRY,CLASE B-C,1,9
8122,7,2,DRY,CLASE B-C,2,9
8123,7,2,DRY,CLASE B-C,1,9
8124,7,2,DRY,CLASE B-C,1,9
8125,7,2,DRY,CLASE B-C,1,9
8126,7,2,DRY,CLASE B-C,1,9
8127,7,2,DRY,CLASE B-C,2,9
8128,7,2,DRY,CLASE B-C,1,9
8129,7,2,DRY,CLASE B-C,1,9
8130,7,2,DRY,CLASE B-C,1,9
8131,7,2,DRY,CLASE B-C,1,9
8132,7,2,DRY,CLASE B,1,9
8133,7,2,DRY,CLASE B-C,1,9
8134,7,2,DRY,CLASE B,1,9
8135,7,2,DRY,CLASE B-C,1,9
8136,7,2,DRY,CLASE B,2,9
8137,7,2,DRY,CLASE B-C,1,9
8138,7,2,DRY,CLASE B-C,1,9
8139,7,2,DRY,CLASE B-C,2,9
8140,7,2,DRY,CLASE B-C,1,9
8141,7,2,DRY,CLASE B-C,1,9
8142,7,2,DRY,CLASE B-C,1,9
8143,7,2,DRY,CLASE B-C,1,9
8144,7,2,DRY,CLASE B-C,1,9
8145,7,2,DRY,CLASE B-C,1,9
8146,7,2,DRY,CLASE B-C,1,9
8147,7,2,DRY,CLASE B-C,2,9
8148,7,2,DRY,CLASE B-C,2,9
8149,7,2,DRY,CLASE B-C,2,9
8150,7,2,DRY,CLASE B-C,1,9
8151,7,2,DRY,CLASE B-C,1,9
8152,7,2,DRY,CLASE B-C,1,9
8153,7,2,DRY,CLASE B-C,1,9
8154,7,2,DRY,CLASE B-C,1,9
8155,7,2,DRY,CLASE B,1,9
8156,7,2,DRY,CLASE B-C,1,9
8157,7,2,DRY,CLASE B-C,1,9
8158,7,2,DRY,CLASE B-C,1,9
8159,7,2,DRY,CLASE B-C,1,9
8160,7,2,DRY,CLASE B-C,1,9
8161,7,2,DRY,CLASE B-C,1,9
8162,7,2,DRY,CLASE B-C,1,9
8163,7,2,DRY,CLASE B-C,1,9
8164,7,2,DRY,CLASE B-C,1,9
8165,7,2,DRY,CLASE B-C,1,9
8166,7,2,DRY,CLASE B-C,2,9
8167,7,2,DRY,CLASE B-C,2,9
8168,7,2,DRY,CLASE B-C,1,9
8169,7,2,DRY,CLASE B-C,1,9
8170,7,2,DRY,CLASE B-C,1,9
8171,7,2,DRY,CLASE B-C,1,9
8172,7,2,DRY,CLASE B-C,1,9
8173,7,2,DRY,CLASE B-C,1,9
8174,7,2,DRY,CLASE B-C,1,9
8175,7,2,DRY,CLASE B-C,1,9
8176,7,2,DRY,CLASE B-C,1,9
8177,7,2,DRY,CLASE B-C,1,9
8178,7,2,DRY,CLASE B-C,6,10
8179,7,2,DRY,CLASE B-C,27,10
8180,7,2,DRY,CLASE B-C,33,10
8181,7,2,DRY,CLASE B-C,28,10
8182,7,2,DRY,CLASE B-C,3,10
8183,7,2,DRY,CLASE B-C,4,10
8184,7,2,DRY,CLASE B-C,4,10
8185,7,2,DRY,CLASE B-C,3,10
8186,7,2,DRY,CLASE B-C,5,10
8187,7,2,DRY,CLASE B-C,5,10
8188,7,2,DRY,CLASE B-C,5,10
8189,7,2,DRY,CLASE B-C,5,10
8190,7,2,DRY,CLASE B-C,4,10
8191,7,2,DRY,CLASE B-C,5,10
8192,2,2,DRY,CLASE B-C,55,10
8193,2,2,DRY,CLASE B-C,55,10
8194,2,2,DRY,CLASE B-C,55,10
8195,2,2,DRY,CLASE B-C,55,10
8196,2,2,DRY,CLASE B-C,55,10
8197,2,2,DRY,CLASE B-C,55,10
8198,2,2,DRY,CLASE B-C,55,10
8199,6,2,DRY,CLASE B-C,33,10
8200,2,2,DRY,CLASE B-C,30,10
8201,2,2,DRY,CLASE B-C,30,10
8202,7,2,DRY,CLASE B-C,27,10
8203,7,2,DRY,CLASE B-C,4,10
8204,7,2,DRY,CLASE B-C,4,10
8205,7,2,DRY,CLASE D,5,10
8206,7,2,DRY,CLASE B-C,5,10
8207,7,2,DRY,CLASE B-C,5,10
8208,2,2,DRY,CLASE B-C,62,10
8209,2,2,DRY,CLASE B-C,62,10
8210,2,2,DRY,CLASE B-C,62,10
8211,2,2,DRY,CLASE B-C,62,10
8212,2,2,DRY,CLASE A,57,10
8213,2,2,DRY,CLASE B-C,62,10
8214,2,2,DRY,CLASE B-C,55,10
8215,2,2,DRY,CLASE B-C,55,10
8216,2,2,DRY,CLASE B-C,55,10
8217,2,2,DRY,CLASE B-C,55,10
8218,2,2,DRY,CLASE B-C,55,10
8219,2,2,DRY,CLASE B-C,55,10
8220,2,2,DRY,CLASE B-C,55,10
8221,2,2,DRY,CLASE B-C,55,10
8222,2,2,DRY,CLASE B-C,55,10
8223,2,2,DRY,CLASE B-C,55,10
8224,2,2,DRY,CLASE B-C,55,10
8225,2,2,DRY,CLASE B-C,55,10
8226,2,2,DRY,CLASE B-C,55,10
8227,2,2,DRY,CLASE B-C,55,10
8228,2,2,DRY,CLASE B-C,55,10
8229,6,2,DRY,CLASE B-C,33,10
8230,6,2,DRY,CLASE B-C,33,10
8231,6,2,DRY,CLASE B-C,33,10
8232,7,2,DRY,CLASE B-C,27,10
8233,7,2,DRY,CLASE B-C,9,10
8234,7,2,DRY,CLASE B-C,7,10
8235,7,2,DRY,CLASE B-C,7,10
8236,7,2,DRY,CLASE B-C,12,10
8237,7,2,DRY,CLASE B-C,10,10
8238,7,2,DRY,CLASE B-C,8,10
8239,7,2,DRY,CLASE B-C,5,10
8240,1,2,RF,CLASE B-C,143,10
8241,2,2,DRY,CLASE B-C,73,10
8242,2,2,DRY,CLASE B-C,74,10
8243,2,2,DRY,CLASE B-C,74,10
8244,2,2,DRY,CLASE B-C,73,10
8245,2,2,DRY,CLASE B-C,74,10
8246,2,2,DRY,CLASE B-C,73,10
8247,2,2,DRY,CLASE B-C,74,10
8248,2,2,DRY,CLASE B-C,74,10
8249,2,2,DRY,CLASE B-C,74,10
8250,2,2,DRY,CLASE B-C,73,10
8251,2,2,DRY,CLASE B-C,62,10
8252,2,2,DRY,CLASE B-C,74,10
8253,2,2,DRY,CLASE B-C,74,10
8254,2,2,DRY,CLASE B-C,74,10
8255,2,2,DRY,CLASE A,73,10
8256,2,2,DRY,CLASE B-C,74,10
8257,2,2,DRY,CLASE B-C,74,10
8258,2,2,DRY,CLASE B-C,74,10
8259,2,2,DRY,CLASE B-C,74,10
8260,2,2,DRY,CLASE B-C,74,10
8261,2,2,DRY,CLASE B-C,74,10
8262,2,2,DRY,CLASE B-C,74,10
8263,2,2,DRY,CLASE B-C,74,10
8264,2,2,DRY,CLASE B-C,74,10
8265,2,2,DRY,CLASE B-C,74,10
8266,2,2,DRY,CLASE B-C,74,10
8267,2,2,DRY,CLASE B-C,74,10
8268,2,2,DRY,CLASE B-C,62,10
8269,7,2,DRY,CLASE B-C,52,10
8270,6,2,DRY,CLASE B-C,33,10
8271,6,2,DRY,CLASE B-C,33,10
8272,6,2,DRY,CLASE B-C,33,10
8273,2,2,RF,CLASE B-C,31,10
8274,7,2,DRY,CLASE B-C,22,10
8275,7,2,DRY,CLASE B-C,4,10
8276,8,2,DRY,CLASE B-C,11,10
8277,8,2,DRY,CLASE B-C,11,10
8278,8,2,DRY,CLASE B-C,11,10
8279,8,2,DRY,CLASE B-C,11,10
8280,7,2,DRY,CLASE B-C,5,10
8281,7,2,DRY,CLASE B-C,5,10
8282,7,2,RF,CLASE B-C,5,10
8283,7,2,DRY,CLASE B-C,5,10
8284,7,2,DRY,CLASE B-C,5,10
8285,7,2,DRY,CLASE B-C,5,10
8286,7,2,DRY,CLASE B-C,5,10
8287,7,2,RF,CLASE B-C,5,10
8288,7,2,DRY,CLASE B-C,5,10
8289,7,2,DRY,CLASE B-C,5,10
8290,7,2,DRY,CLASE B-C,5,10
8291,7,2,DRY,CLASE B-C,5,10
8292,7,2,DRY,CLASE B-C,5,10
8293,7,2,DRY,CLASE B-C,5,10
8294,2,2,DRY,CLASE B-C,3,10
8295,2,2,DRY,CLASE B-C,3,10
8296,2,2,DRY,CLASE B-C,3,10
8297,2,2,DRY,CLASE B-C,3,10
8298,2,2,DRY,CLASE B-C,3,10
8299,2,2,DRY,CLASE B-C,3,10
8300,2,2,DRY,CLASE B-C,3,10
8301,2,2,DRY,CLASE B-C,3,10
8302,2,2,DRY,CLASE B-C,1,10
8303,7,2,DRY,CLASE B-C,1,10
8304,2,2,DRY,CLASE B-C,81,10
8305,2,2,DRY,CLASE B-C,81,10
8306,2,2,DRY,CLASE B-C,81,10
8307,2,2,DRY,CLASE B-C,81,10
8308,2,2,DRY,CLASE B-C,81,10
8309,2,2,DRY,CLASE B-C,81,10
8310,2,2,DRY,CLASE B-C,81,10
8311,2,2,DRY,CLASE B-C,81,10
8312,2,2,DRY,CLASE B-C,81,10
8313,2,2,DRY,CLASE B-C,74,10
8314,2,2,DRY,CLASE B-C,74,10
8315,2,2,DRY,CLASE B-C,74,10
8316,2,2,DRY,CLASE B-C,74,10
8317,2,2,DRY,CLASE B-C,74,10
8318,2,2,DRY,CLASE B-C,74,10
8319,2,2,DRY,CLASE B-C,74,10
8320,2,2,DRY,CLASE B-C,73,10
8321,2,2,DRY,CLASE B-C,50,10
8322,6,2,DRY,CLASE B-C,32,10
8323,2,2,RF,CLASE B-C,31,10
8324,2,2,RF,CLASE B-C,31,10
8325,2,2,RF,CLASE B-C,31,10
8326,2,2,RF,CLASE B-C,31,10
8327,2,2,RF,CLASE B-C,31,10
8328,2,2,RF,CLASE B-C,31,10
8329,2,2,RF,CLASE B-C,31,10
8330,2,2,RF,CLASE B-C,31,10
8331,2,2,DRY,CLASE B-C,24,10
8332,2,2,DRY,CLASE B-C,24,10
8333,7,2,DRY,CLASE A,4,10
8334,7,2,DRY,CLASE B-C,15,10
8335,2,2,RF,CLASE B-C,14,10
8336,1,2,RF,CLASE B-C,17,10
8337,6,2,DRY,CLASE B-C,7,10
8338,6,2,DRY,CLASE B-C,7,10
8339,6,2,DRY,CLASE B-C,7,10
8340,6,2,DRY,CLASE B-C,7,10
8341,6,2,DRY,CLASE B-C,7,10
8342,6,2,DRY,CLASE B-C,7,10
8343,6,2,DRY,CLASE B-C,7,10
8344,6,2,DRY,CLASE B-C,7,10
8345,6,2,DRY,CLASE B-C,7,10
8346,6,2,DRY,CLASE B-C,7,10
8347,7,2,DRY,CLASE B-C,9,10
8348,7,2,DRY,CLASE B-C,5,10
8349,7,2,DRY,CLASE B-C,5,10
8350,7,2,RF,CLASE B-C,4,10
8351,7,2,DRY,CLASE B-C,5,10
8352,7,2,DRY,CLASE B-C,9,10
8353,7,2,DRY,CLASE B-C,1,10
8354,7,2,DRY,CLASE B-C,8,10
8355,7,2,DRY,CLASE B-C,8,10
8356,7,2,RF,CLASE B-C,6,10
8357,7,2,RF,CLASE B-C,8,10
8358,7,2,RF,CLASE B-C,6,10
8359,7,2,RF,CLASE B-C,6,10
8360,7,2,RF,CLASE B-C,4,10
8361,7,2,DRY,CLASE B-C,5,10
8362,7,2,DRY,CLASE B-C,5,10
8363,7,2,DRY,CLASE B-C,5,10
8364,7,2,DRY,CLASE B-C,5,10
8365,7,2,DRY,CLASE B-C,5,10
8366,7,2,DRY,CLASE B-C,5,10
8367,7,2,RF,CLASE B-C,5,10
8368,7,2,DRY,CLASE B-C,5,10
8369,7,2,DRY,CLASE B-C,5,10
8370,7,2,RF,CLASE B-C,6,10
8371,7,2,RF,CLASE B-C,6,10
8372,7,2,RF,CLASE B-C,6,10
8373,7,2,DRY,CLASE B-C,9,10
8374,7,2,DRY,CLASE B-C,5,10
8375,7,2,DRY,CLASE B-C,5,10
8376,7,2,DRY,CLASE B-C,8,10
8377,7,2,DRY,CLASE B-C,5,10
8378,7,2,DRY,CLASE B-C,5,10
8379,7,2,DRY,CLASE B-C,5,10
8380,7,2,DRY,CLASE B-C,5,10
8381,7,2,DRY,CLASE B-C,5,10
8382,7,2,DRY,CLASE B-C,5,10
8383,7,2,RF,CLASE B-C,4,10
8384,7,2,DRY,CLASE B-C,10,10
8385,7,2,DRY,CLASE B-C,10,10
8386,7,2,DRY,CLASE B-C,5,10
8387,7,2,DRY,CLASE B-C,9,10
8388,7,2,DRY,CLASE B-C,5,10
8389,7,2,DRY,CLASE B-C,5,10
8390,7,2,DRY,CLASE B-C,5,10
8391,7,2,DRY,CLASE B-C,5,10
8392,7,2,DRY,CLASE B-C,6,10
8393,7,2,RF,CLASE B-C,8,10
8394,7,2,DRY,CLASE B-C,11,10
8395,7,2,DRY,CLASE B-C,5,10
8396,7,2,DRY,CLASE B-C,5,10
8397,7,2,RF,CLASE B-C,8,10
8398,7,2,DRY,CLASE B-C,5,10
8399,7,2,DRY,CLASE B-C,5,10
8400,7,2,DRY,CLASE B-C,9,10
8401,7,2,DRY,CLASE B-C,6,10
8402,7,2,DRY,CLASE B-C,9,10
8403,2,2,DRY,CLASE B-C,3,10
8404,2,2,DRY,CLASE B-C,3,10
8405,2,2,DRY,CLASE B-C,3,10
8406,2,2,DRY,CLASE B-C,11,10
8407,2,2,DRY,CLASE B-C,3,10
8408,2,2,DRY,CLASE B-C,3,10
8409,2,2,DRY,CLASE B-C,3,10
8410,2,2,DRY,CLASE B-C,3,10
8411,2,2,DRY,CLASE B-C,3,10
8412,7,2,DRY,CLASE B-C,4,10
8413,7,2,DRY,CLASE B-C,4,10
8414,7,2,RF,CLASE B-C,4,10
8415,7,2,DRY,CLASE B-C,5,10
8416,7,2,RF,CLASE B-C,4,10
8417,7,2,RF,CLASE B-C,4,10
8418,7,2,DRY,CLASE B-C,1,10
8419,7,2,DRY,CLASE B-C,5,10
8420,7,2,DRY,CLASE B-C,5,10
8421,7,2,DRY,CLASE B-C,4,10
8422,7,2,DRY,CLASE B-C,4,10
8423,7,2,DRY,CLASE B-C,4,10
8424,7,2,DRY,CLASE B-C,4,10
8425,7,2,DRY,CLASE B-C,5,10
8426,7,2,DRY,CLASE B-C,5,10
8427,7,2,DRY,CLASE B-C,5,10
8428,1,2,RF,CLASE B-C,6,10
8429,8,2,DRY,CLASE B-C,1,10
8430,7,2,DRY,CLASE B-C,1,10
8431,7,2,DRY,CLASE B-C,1,10
8432,1,2,DRY,CLASE B-C,106,10
8433,3,2,DRY,CLASE A,96,10
8434,1,2,DRY,CLASE D,98,10
8435,1,2,DRY,CLASE D,98,10
8436,1,2,DRY,CLASE D,98,10
8437,1,2,DRY,CLASE B-C,100,10
8438,2,2,DRY,CLASE B-C,93,10
8439,1,2,DRY,CLASE B-C,82,10
8440,1,2,DRY,CLASE B-C,78,10
8441,2,2,DRY,CLASE B-C,88,10
8442,2,2,DRY,CLASE B,89,10
8443,2,2,DRY,CLASE B-C,86,10
8444,2,2,DRY,CLASE B-C,86,10
8445,2,2,DRY,CLASE B-C,88,10
8446,2,2,DRY,CLASE B-C,89,10
8447,2,2,DRY,CLASE B-C,88,10
8448,2,2,DRY,CLASE B-C,89,10
8449,2,2,DRY,CLASE B-C,86,10
8450,2,2,DRY,CLASE B-C,86,10
8451,2,2,DRY,CLASE B-C,88,10
8452,2,2,DRY,CLASE B-C,88,10
8453,2,2,DRY,CLASE B-C,88,10
8454,2,2,DRY,CLASE B-C,88,10
8455,2,2,DRY,CLASE B-C,86,10
8456,2,2,DRY,CLASE B-C,88,10
8457,2,2,DRY,CLASE B-C,88,10
8458,2,2,DRY,CLASE B-C,88,10
8459,2,2,DRY,CLASE B-C,88,10
8460,2,2,DRY,CLASE B-C,78,10
8461,2,2,DRY,CLASE B-C,89,10
8462,2,2,DRY,CLASE B-C,88,10
8463,2,2,DRY,CLASE B-C,86,10
8464,2,2,DRY,CLASE B-C,88,10
8465,2,2,DRY,CLASE B-C,75,10
8466,2,2,DRY,CLASE B-C,89,10
8467,2,2,DRY,CLASE B-C,86,10
8468,2,2,DRY,CLASE B-C,88,10
8469,2,2,DRY,CLASE B-C,86,10
8470,2,2,DRY,CLASE B-C,88,10
8471,2,2,DRY,CLASE B-C,88,10
8472,2,2,DRY,CLASE B-C,88,10
8473,2,2,DRY,CLASE B-C,86,10
8474,2,2,DRY,CLASE B-C,88,10
8475,2,2,DRY,CLASE B-C,88,10
8476,2,2,DRY,CLASE B-C,89,10
8477,2,2,DRY,CLASE B-C,78,10
8478,2,2,DRY,CLASE B-C,78,10
8479,2,2,DRY,CLASE B-C,86,10
8480,2,2,DRY,CLASE B-C,88,10
8481,2,2,DRY,CLASE B-C,89,10
8482,2,2,DRY,CLASE B-C,88,10
8483,2,2,DRY,CLASE B-C,88,10
8484,2,2,DRY,CLASE B-C,78,10
8485,2,2,DRY,CLASE B-C,86,10
8486,2,2,DRY,CLASE B-C,86,10
8487,2,2,DRY,CLASE B-C,86,10
8488,2,2,DRY,CLASE B-C,88,10
8489,2,2,DRY,CLASE B-C,88,10
8490,2,2,DRY,CLASE B-C,88,10
8491,2,2,DRY,CLASE B-C,89,10
8492,2,2,DRY,CLASE B-C,88,10
8493,2,2,DRY,CLASE B-C,88,10
8494,2,2,DRY,CLASE B-C,81,10
8495,2,2,DRY,CLASE B-C,82,10
8496,2,2,DRY,CLASE B-C,82,10
8497,2,2,DRY,CLASE B-C,78,10
8498,2,2,DRY,CLASE B-C,82,10
8499,2,2,DRY,CLASE B-C,82,10
8500,2,2,DRY,CLASE B-C,82,10
8501,1,2,DRY,CLASE B-C,78,10
8502,1,2,DRY,CLASE B-C,78,10
8503,1,2,DRY,CLASE B-C,78,10
8504,2,2,DRY,CLASE B-C,67,10
8505,2,2,DRY,CLASE B-C,75,10
8506,2,2,DRY,CLASE B-C,67,10
8507,3,2,DRY,CLASE A,59,10
8508,3,2,DRY,CLASE A,59,10
8509,1,2,DRY,CLASE B-C,53,10
8510,2,2,DRY,CLASE B-C,61,10
8511,2,2,DRY,CLASE B-C,61,10
8512,2,2,DRY,CLASE B-C,61,10
8513,2,2,DRY,CLASE B-C,60,10
8514,1,2,DRY,CLASE B-C,67,10
8515,1,2,DRY,CLASE B-C,67,10
8516,1,2,DRY,CLASE B-C,67,10
8517,1,2,DRY,CLASE B-C,67,10
8518,1,2,DRY,CLASE B-C,67,10
8519,1,2,DRY,CLASE B-C,67,10
8520,1,2,DRY,CLASE B-C,67,10
8521,1,2,DRY,CLASE B-C,67,10
8522,1,2,DRY,CLASE B-C,67,10
8523,1,2,DRY,CLASE B-C,67,10
8524,1,2,DRY,CLASE B-C,67,10
8525,1,2,DRY,CLASE B-C,65,10
8526,8,2,DRY,CLASE B-C,60,10
8527,1,2,DRY,CLASE B-C,65,10
8528,1,2,DRY,CLASE B-C,65,10
8529,1,2,DRY,CLASE B-C,1,10
8530,1,2,DRY,CLASE B-C,65,10
8531,2,2,DRY,CLASE B-C,54,10
8532,2,2,DRY,CLASE B-C,54,10
8533,1,2,DRY,CLASE B-C,50,10
8534,1,2,DRY,CLASE B-C,50,10
8535,1,2,DRY,CLASE B-C,51,10
8536,1,2,DRY,CLASE B-C,39,10
8537,1,2,DRY,CLASE B-C,53,10
8538,1,2,DRY,CLASE B-C,51,10
8539,1,2,DRY,CLASE B-C,51,10
8540,1,2,DRY,CLASE B-C,50,10
8541,1,2,DRY,CLASE B-C,50,10
8542,1,2,DRY,CLASE B-C,50,10
8543,1,2,DRY,CLASE B-C,50,10
8544,1,2,DRY,CLASE B-C,50,10
8545,1,2,DRY,CLASE B-C,50,10
8546,1,2,DRY,CLASE B-C,50,10
8547,1,2,DRY,CLASE B-C,50,10
8548,1,2,DRY,CLASE B-C,50,10
8549,1,2,DRY,CLASE B-C,50,10
8550,2,2,DRY,CLASE B-C,46,10
8551,1,2,DRY,CLASE B-C,42,10
8552,1,2,DRY,CLASE D,44,10
8553,1,2,DRY,CLASE D,44,10
8554,7,2,DRY,CLASE B-C,22,10
8555,7,2,DRY,CLASE B-C,22,10
8556,7,2,DRY,CLASE B-C,22,10
8557,2,2,DRY,CLASE B-C,27,10
8558,2,2,DRY,CLASE B-C,32,10
8559,2,2,DRY,CLASE B-C,32,10
8560,1,2,DRY,CLASE B-C,28,10
8561,1,2,DRY,CLASE B-C,27,10
8562,1,2,DRY,CLASE B-C,23,10
8563,1,2,DRY,CLASE B-C,27,10
8564,1,2,DRY,CLASE B-C,27,10
8565,1,2,DRY,CLASE B-C,27,10
8566,6,2,DRY,CLASE B-C,23,10
8567,7,2,DRY,CLASE B-C,8,10
8568,7,2,DRY,CLASE B-C,28,10
8569,3,2,DRY,CLASE A,27,10
8570,4,2,DRY,CLASE B-C,13,10
8571,2,2,DRY,CLASE B-C,25,10
8572,2,2,DRY,CLASE B-C,25,10
8573,2,2,DRY,CLASE B-C,25,10
8574,2,2,DRY,CLASE B-C,25,10
8575,2,2,DRY,CLASE B-C,25,10
8576,2,2,DRY,CLASE B-C,25,10
8577,2,2,DRY,CLASE B-C,25,10
8578,2,2,DRY,CLASE B-C,25,10
8579,2,2,DRY,CLASE B-C,25,10
8580,2,2,DRY,CLASE B-C,25,10
8581,2,2,DRY,CLASE B-C,25,10
8582,2,2,DRY,CLASE B-C,25,10
8583,2,2,DRY,CLASE B,25,10
8584,2,2,DRY,CLASE B-C,25,10
8585,2,2,DRY,CLASE B-C,25,10
8586,2,2,DRY,CLASE B-C,25,10
8587,2,2,DRY,CLASE B-C,25,10
8588,2,2,DRY,CLASE B-C,25,10
8589,2,2,DRY,CLASE B-C,25,10
8590,2,2,DRY,CLASE B-C,25,10
8591,2,2,DRY,CLASE B-C,25,10
8592,2,2,DRY,CLASE B-C,25,10
8593,2,2,DRY,CLASE B-C,25,10
8594,2,2,DRY,CLASE B-C,25,10
8595,2,2,DRY,CLASE B-C,21,10
8596,2,2,DRY,CLASE B-C,25,10
8597,2,2,DRY,CLASE B-C,25,10
8598,2,2,DRY,CLASE B-C,25,10
8599,2,2,DRY,CLASE B-C,25,10
8600,2,2,DRY,CLASE B-C,25,10
8601,2,2,DRY,CLASE B-C,25,10
8602,2,2,DRY,CLASE B-C,25,10
8603,2,2,DRY,CLASE B-C,25,10
8604,2,2,DRY,CLASE B-C,25,10
8605,2,2,DRY,CLASE B-C,25,10
8606,2,2,DRY,CLASE B-C,25,10
8607,2,2,DRY,CLASE B-C,25,10
8608,2,2,DRY,CLASE B-C,25,10
8609,2,2,DRY,CLASE B-C,25,10
8610,2,2,DRY,CLASE B-C,25,10
8611,2,2,DRY,CLASE B-C,25,10
8612,2,2,DRY,CLASE B-C,25,10
8613,2,2,DRY,CLASE B-C,25,10
8614,2,2,DRY,CLASE B-C,25,10
8615,2,2,DRY,CLASE B-C,25,10
8616,2,2,DRY,CLASE B-C,25,10
8617,2,2,DRY,CLASE B-C,25,10
8618,2,2,DRY,CLASE B-C,25,10
8619,2,2,DRY,CLASE B-C,25,10
8620,2,2,DRY,CLASE B-C,25,10
8621,2,2,DRY,CLASE B-C,25,10
8622,2,2,DRY,CLASE B-C,21,10
8623,1,2,DRY,CLASE B-C,22,10
8624,1,2,DRY,CLASE B-C,16,10
8625,1,2,DRY,CLASE B-C,22,10
8626,2,2,RF,CLASE B-C,20,10
8627,2,2,RF,CLASE B-C,20,10
8628,1,2,DRY,CLASE B-C,25,10
8629,1,2,DRY,CLASE B-C,26,10
8630,4,2,DRY,CLASE B-C,13,10
8631,2,2,DRY,CLASE B-C,1,10
8632,2,2,DRY,CLASE B-C,13,10
8633,2,2,DRY,CLASE B-C,15,10
8634,2,2,DRY,CLASE B-C,14,10
8635,2,2,DRY,CLASE B-C,13,10
8636,2,2,DRY,CLASE B-C,14,10
8637,2,2,DRY,CLASE B-C,13,10
8638,2,2,DRY,CLASE B-C,14,10
8639,2,2,DRY,CLASE B-C,14,10
8640,2,2,DRY,CLASE B-C,13,10
8641,2,2,DRY,CLASE B-C,13,10
8642,2,2,DRY,CLASE B-C,12,10
8643,2,2,DRY,CLASE B-C,14,10
8644,2,2,DRY,CLASE B-C,15,10
8645,2,2,DRY,CLASE B-C,13,10
8646,2,2,DRY,CLASE B-C,14,10
8647,2,2,DRY,CLASE B-C,18,10
8648,2,2,DRY,CLASE B-C,12,10
8649,2,2,DRY,CLASE B-C,14,10
8650,1,2,DRY,CLASE B-C,4,10
8651,1,2,RF,CLASE B-C,18,10
8652,6,2,DRY,CLASE B-C,11,10
8653,6,2,DRY,CLASE B-C,11,10
8654,6,2,DRY,CLASE B-C,11,10
8655,6,2,DRY,CLASE B-C,12,10
8656,6,2,DRY,CLASE B-C,8,10
8657,6,2,DRY,CLASE B-C,12,10
8658,6,2,DRY,CLASE B-C,12,10
8659,6,2,DRY,CLASE B-C,11,10
8660,6,2,DRY,CLASE B-C,11,10
8661,7,2,DRY,CLASE B-C,1,10
8662,7,2,DRY,CLASE B-C,9,10
8663,7,2,DRY,CLASE B-C,5,10
8664,7,2,RF,CLASE B-C,11,10
8665,7,2,DRY,CLASE B-C,6,10
8666,7,2,DRY,CLASE B-C,1,10
8667,7,2,DRY,CLASE B-C,1,10
8668,7,2,DRY,CLASE B-C,6,10
8669,7,2,DRY,CLASE B-C,6,10
8670,7,2,DRY,CLASE B-C,6,10
8671,7,2,DRY,CLASE B-C,6,10
8672,7,2,RF,CLASE B-C,11,10
8673,7,2,DRY,CLASE B-C,1,10
8674,7,2,DRY,CLASE B-C,1,10
8675,7,2,RF,CLASE B-C,7,10
8676,7,2,DRY,CLASE B-C,1,10
8677,7,2,DRY,CLASE B-C,6,10
8678,7,2,DRY,CLASE B-C,6,10
8679,2,2,DRY,CLASE B-C,4,10
8680,2,2,DRY,CLASE B-C,4,10
8681,2,2,DRY,CLASE B-C,11,10
8682,7,2,DRY,CLASE B-C,2,10
8683,1,2,DRY,CLASE B-C,6,10
8684,1,2,DRY,CLASE B-C,4,10
8685,1,2,DRY,CLASE B-C,4,10
8686,4,2,DRY,CLASE B-C,2,10
8687,7,2,DRY,CLASE B-C,1,10
8688,1,2,DRY,CLASE B-C,107,10
8689,1,2,DRY,CLASE D,108,10
8690,1,2,DRY,CLASE D,111,10
8691,1,2,DRY,CLASE B-C,97,10
8692,1,2,DRY,CLASE B-C,99,10
8693,1,2,DRY,CLASE D,98,10
8694,2,2,DRY,CLASE B-C,102,10
8695,2,2,DRY,CLASE B-C,102,10
8696,2,2,DRY,CLASE B-C,102,10
8697,2,2,DRY,CLASE B-C,102,10
8698,2,2,DRY,CLASE B-C,102,10
8699,2,2,DRY,CLASE B-C,101,10
8700,2,2,DRY,CLASE B-C,102,10
8701,2,2,DRY,CLASE B-C,102,10
8702,2,2,DRY,CLASE B-C,101,10
8703,2,2,DRY,CLASE B-C,102,10
8704,2,2,DRY,CLASE B-C,101,10
8705,2,2,DRY,CLASE B-C,102,10
8706,2,2,DRY,CLASE B-C,102,10
8707,2,2,DRY,CLASE B-C,102,10
8708,2,2,DRY,CLASE B-C,101,10
8709,1,2,DRY,CLASE B-C,75,10
8710,1,2,DRY,CLASE B-C,73,10
8711,1,2,DRY,CLASE B-C,77,10
8712,1,2,DRY,CLASE B-C,80,10
8713,1,2,DRY,CLASE B-C,77,10
8714,2,2,DRY,CLASE B-C,75,10
8715,2,2,DRY,CLASE B-C,67,10
8716,1,2,DRY,CLASE B-C,73,10
8717,1,2,DRY,CLASE B-C,72,10
8718,1,2,DRY,CLASE B-C,68,10
8719,1,2,DRY,CLASE B-C,72,10
8720,1,2,DRY,CLASE B-C,72,10
8721,1,2,DRY,CLASE B-C,76,10
8722,3,2,DRY,CLASE A,55,10
8723,3,2,DRY,CLASE A,55,10
8724,3,2,DRY,CLASE A,55,10
8725,3,2,DRY,CLASE A,55,10
8726,1,2,DRY,CLASE B-C,73,10
8727,1,2,DRY,CLASE B-C,73,10
8728,1,2,DRY,CLASE B-C,73,10
8729,1,2,DRY,CLASE B-C,72,10
8730,1,2,DRY,CLASE D,72,10
8731,1,2,DRY,CLASE B-C,72,10
8732,1,2,DRY,CLASE B-C,72,10
8733,1,2,DRY,CLASE B-C,72,10
8734,1,2,DRY,CLASE B-C,72,10
8735,1,2,DRY,CLASE B-C,72,10
8736,1,2,DRY,CLASE B-C,72,10
8737,1,2,DRY,CLASE B-C,72,10
8738,1,2,DRY,CLASE B-C,72,10
8739,1,2,DRY,CLASE B-C,72,10
8740,1,2,DRY,CLASE B-C,72,10
8741,1,2,DRY,CLASE B-C,72,10
8742,2,2,DRY,CLASE B-C,56,10
8743,2,2,DRY,CLASE B-C,56,10
8744,2,2,DRY,CLASE B-C,62,10
8745,2,2,DRY,CLASE B-C,57,10
8746,2,2,DRY,CLASE B-C,57,10
8747,2,2,DRY,CLASE B-C,57,10
8748,2,2,DRY,CLASE B-C,57,10
8749,2,2,DRY,CLASE B-C,57,10
8750,2,2,DRY,CLASE B-C,57,10
8751,2,2,DRY,CLASE B-C,57,10
8752,2,2,DRY,CLASE B-C,57,10
8753,1,2,DRY,CLASE B-C,67,10
8754,1,2,DRY,CLASE B-C,67,10
8755,1,2,DRY,CLASE B-C,67,10
8756,1,2,DRY,CLASE A,67,10
8757,1,2,DRY,CLASE B-C,67,10
8758,1,2,DRY,CLASE B-C,68,10
8759,1,2,DRY,CLASE B-C,68,10
8760,1,2,DRY,CLASE B-C,68,10
8761,1,2,DRY,CLASE B-C,68,10
8762,3,1,DRY,CLASE B-C,57,10
8763,2,2,DRY,CLASE B-C,57,10
8764,2,2,DRY,CLASE B-C,57,10
8765,2,2,DRY,CLASE B-C,57,10
8766,2,2,DRY,CLASE B-C,57,10
8767,2,2,DRY,CLASE B-C,57,10
8768,2,2,DRY,CLASE B-C,55,10
8769,2,2,DRY,CLASE B-C,57,10
8770,2,2,DRY,CLASE B-C,57,10
8771,2,2,DRY,CLASE B-C,57,10
8772,2,2,DRY,CLASE B-C,57,10
8773,2,2,DRY,CLASE B-C,57,10
8774,2,2,DRY,CLASE B-C,55,10
8775,2,2,DRY,CLASE B-C,57,10
8776,2,2,DRY,CLASE B-C,57,10
8777,2,2,DRY,CLASE B-C,55,10
8778,2,2,DRY,CLASE B-C,54,10
8779,2,2,DRY,CLASE B-C,54,10
8780,2,2,DRY,CLASE B-C,57,10
8781,2,2,DRY,CLASE B-C,57,10
8782,2,2,DRY,CLASE B-C,57,10
8783,2,2,DRY,CLASE B-C,57,10
8784,2,2,DRY,CLASE B-C,57,10
8785,2,2,DRY,CLASE B-C,57,10
8786,2,2,DRY,CLASE B-C,57,10
8787,2,2,DRY,CLASE B-C,57,10
8788,2,2,DRY,CLASE B-C,57,10
8789,2,2,DRY,CLASE B-C,57,10
8790,2,2,DRY,CLASE B-C,57,10
8791,2,2,DRY,CLASE B-C,57,10
8792,2,2,DRY,CLASE B-C,57,10
8793,2,2,DRY,CLASE D,54,10
8794,1,2,DRY,CLASE B-C,57,10
8795,1,2,DRY,CLASE B-C,57,10
8796,1,2,DRY,CLASE B-C,57,10
8797,1,2,DRY,CLASE B-C,57,10
8798,1,2,DRY,CLASE B-C,57,10
8799,1,2,DRY,CLASE B-C,57,10
8800,6,2,DRY,CLASE B-C,56,10
8801,6,2,DRY,CLASE B-C,24,10
8802,7,2,DRY,CLASE B-C,35,10
8803,7,2,DRY,CLASE B-C,36,10
8804,2,2,DRY,CLASE B-C,28,10
8805,2,2,RF,CLASE B-C,19,10
8806,2,2,RF,CLASE B-C,19,10
8807,2,2,RF,CLASE B-C,32,10
8808,2,2,RF,CLASE B-C,30,10
8809,2,2,RF,CLASE B-C,19,10
8810,2,2,RF,CLASE B-C,32,10
8811,2,2,RF,CLASE B-C,19,10
8812,2,2,RF,CLASE B-C,19,10
8813,2,2,DRY,CLASE B-C,31,10
8814,2,2,DRY,CLASE B-C,27,10
8815,2,2,RF,CLASE B-C,30,10
8816,2,2,RF,CLASE B-C,19,10
8817,2,2,RF,CLASE B-C,19,10
8818,2,2,DRY,CLASE B-C,32,10
8819,5,2,DRY,INSPECTION,21,10
8820,5,2,DRY,INSPECTION,21,10
8821,5,2,DRY,INSPECTION,21,10
8822,5,2,DRY,INSPECTION,21,10
8823,5,2,DRY,INSPECTION,21,10
8824,5,2,DRY,INSPECTION,21,10
8825,5,2,DRY,INSPECTION,20,10
8826,5,1,DRY,CLASE B-C,7,10
8827,1,2,DRY,CLASE B-C,20,10
8828,1,2,DRY,CLASE B-C,20,10
8829,1,2,DRY,CLASE B-C,20,10
8830,6,2,RF,CLASE B-C,26,10
8831,6,2,DRY,CLASE B-C,24,10
8832,6,2,DRY,CLASE B-C,24,10
8833,6,2,DRY,CLASE B-C,28,10
8834,6,2,DRY,CLASE B-C,28,10
8835,6,2,DRY,CLASE B-C,28,10
8836,2,2,DRY,CLASE B-C,25,10
8837,2,2,DRY,CLASE B-C,25,10
8838,2,2,DRY,CLASE B-C,25,10
8839,2,2,DRY,CLASE B-C,26,10
8840,2,2,DRY,CLASE B-C,25,10
8841,2,2,DRY,CLASE B-C,25,10
8842,2,2,DRY,CLASE B-C,25,10
8843,2,2,DRY,CLASE B-C,26,10
8844,2,2,DRY,CLASE B-C,25,10
8845,2,2,DRY,CLASE B-C,25,10
8846,2,2,RF,CLASE B-C,20,10
8847,2,2,DRY,CLASE B-C,25,10
8848,2,2,DRY,CLASE B-C,25,10
8849,2,2,DRY,CLASE B-C,25,10
8850,2,2,DRY,CLASE B-C,25,10
8851,2,2,DRY,CLASE B-C,25,10
8852,2,2,DRY,CLASE B-C,26,10
8853,2,2,DRY,CLASE B-C,25,10
8854,2,2,DRY,CLASE B-C,25,10
8855,2,2,DRY,CLASE B-C,25,10
8856,2,2,DRY,CLASE B-C,26,10
8857,2,2,DRY,CLASE B-C,25,10
8858,2,2,DRY,CLASE B-C,23,10
8859,5,2,DRY,INSPECTION,23,10
8860,5,2,DRY,INSPECTION,14,10
8861,5,2,DRY,INSPECTION,22,10
8862,5,2,DRY,INSPECTION,21,10
8863,5,2,DRY,INSPECTION,23,10
8864,5,2,DRY,INSPECTION,16,10
8865,5,2,DRY,INSPECTION,21,10
8866,5,2,DRY,INSPECTION,22,10
8867,5,2,RF,CLASE A,9,10
8868,5,1,DRY,CLASE B-C,21,10
8869,5,2,DRY,INSPECTION,21,10
8870,5,2,DRY,INSPECTION,19,10
8871,5,2,DRY,INSPECTION,23,10
8872,5,2,DRY,INSPECTION,16,10
8873,5,2,DRY,INSPECTION,14,10
8874,5,2,DRY,INSPECTION,21,10
8875,5,2,DRY,INSPECTION,21,10
8876,5,2,DRY,INSPECTION,22,10
8877,5,2,DRY,INSPECTION,14,10
8878,5,1,DRY,CLASE B-C,22,10
8879,5,2,DRY,INSPECTION,21,10
8880,5,2,DRY,INSPECTION,21,10
8881,5,2,DRY,INSPECTION,21,10
8882,1,2,DRY,INSPECTION,16,10
8883,1,2,DRY,INSPECTION,21,10
8884,1,2,DRY,INSPECTION,20,10
8885,1,2,DRY,INSPECTION,21,10
8886,1,2,RF,CLASE A,21,10
8887,1,2,DRY,INSPECTION,22,10
8888,1,2,DRY,INSPECTION,21,10
8889,1,2,DRY,INSPECTION,22,10
8890,1,2,DRY,INSPECTION,22,10
8891,1,2,DRY,INSPECTION,22,10
8892,1,2,DRY,INSPECTION,22,10
8893,1,2,DRY,INSPECTION,20,10
8894,1,2,DRY,INSPECTION,21,10
8895,1,2,DRY,CLASE B-C,19,10
8896,1,2,DRY,INSPECTION,22,10
8897,1,2,RF,CLASE B-C,16,10
8898,2,2,RF,CLASE B-C,20,10
8899,1,2,DRY,INSPECTION,27,10
8900,6,2,DRY,CLASE B-C,24,10
8901,3,2,DRY,CLASE B-C,23,10
8902,1,2,DRY,INSPECTION,22,10
8903,7,2,DRY,CLASE B-C,14,10
8904,1,2,DRY,INSPECTION,22,10
8905,1,2,DRY,INSPECTION,22,10
8906,1,2,DRY,INSPECTION,22,10
8907,1,2,DRY,INSPECTION,22,10
8908,4,2,DRY,CLASE B-C,13,10
8909,2,2,DRY,CLASE B-C,16,10
8910,2,2,DRY,CLASE B-C,16,10
8911,2,2,DRY,CLASE B-C,16,10
8912,2,2,DRY,CLASE B-C,16,10
8913,2,2,DRY,CLASE B-C,16,10
8914,2,2,DRY,CLASE B-C,19,10
8915,2,2,DRY,CLASE B-C,17,10
8916,2,2,DRY,CLASE B-C,19,10
8917,2,2,DRY,CLASE B-C,17,10
8918,2,2,DRY,CLASE B-C,19,10
8919,2,2,DRY,CLASE B-C,17,10
8920,2,2,DRY,CLASE B-C,19,10
8921,2,2,DRY,CLASE B-C,19,10
8922,2,2,DRY,CLASE B-C,19,10
8923,2,2,DRY,CLASE B-C,19,10
8924,2,2,DRY,CLASE B-C,19,10
8925,2,2,DRY,CLASE B-C,17,10
8926,2,2,DRY,CLASE B-C,19,10
8927,2,2,DRY,CLASE B-C,19,10
8928,2,2,DRY,CLASE B-C,14,10
8929,2,2,DRY,CLASE B-C,19,10
8930,2,2,DRY,CLASE B-C,15,10
8931,2,2,DRY,CLASE B-C,19,10
8932,2,2,DRY,CLASE B-C,19,10
8933,2,2,DRY,CLASE B-C,19,10
8934,2,2,DRY,CLASE B-C,19,10
8935,2,2,DRY,CLASE B-C,17,10
8936,2,2,DRY,CLASE B-C,19,10
8937,2,2,DRY,CLASE D,19,10
8938,2,2,DRY,CLASE B-C,19,10
8939,2,2,DRY,CLASE B-C,19,10
8940,2,2,DRY,CLASE D,19,10
8941,2,2,DRY,CLASE B-C,19,10
8942,2,2,DRY,CLASE B-C,19,10
8943,2,2,DRY,CLASE B-C,19,10
8944,2,2,DRY,CLASE B-C,19,10
8945,2,2,DRY,CLASE B-C,19,10
8946,2,2,DRY,CLASE B-C,19,10
8947,2,2,DRY,CLASE B-C,19,10
8948,2,2,DRY,CLASE B-C,19,10
8949,2,2,DRY,CLASE B-C,17,10
8950,2,2,DRY,CLASE B-C,17,10
8951,2,2,DRY,CLASE B-C,15,10
8952,2,2,DRY,CLASE B-C,19,10
8953,2,2,DRY,CLASE B-C,19,10
8954,2,2,DRY,CLASE B-C,19,10
8955,2,2,DRY,CLASE D,19,10
8956,2,2,DRY,CLASE B-C,19,10
8957,2,2,DRY,CLASE B-C,16,10
8958,2,2,DRY,CLASE B-C,16,10
8959,2,2,DRY,CLASE B-C,16,10
8960,2,2,DRY,CLASE B-C,16,10
8961,2,2,DRY,CLASE B-C,16,10
8962,2,2,DRY,CLASE B-C,16,10
8963,5,2,DRY,INSPECTION,19,10
8964,5,2,DRY,INSPECTION,14,10
8965,5,1,DRY,CLASE B-C,14,10
8966,5,1,DRY,CLASE B-C,14,10
8967,5,1,DRY,CLASE B,14,10
8968,5,1,DRY,CLASE B-C,14,10
8969,1,2,DRY,CLASE D,14,10
8970,1,2,DRY,CLASE B-C,14,10
8971,1,2,DRY,INSPECTION,16,10
8972,1,2,DRY,CLASE B-C,14,10
8973,1,2,DRY,INSPECTION,16,10
8974,1,2,DRY,CLASE B-C,13,10
8975,1,2,DRY,CLASE B-C,13,10
8976,1,2,DRY,CLASE B-C,14,10
8977,1,2,DRY,CLASE B-C,14,10
8978,1,2,DRY,CLASE B-C,7,10
8979,1,2,DRY,CLASE B-C,13,10
8980,1,2,DRY,CLASE B-C,11,10
8981,1,2,DRY,CLASE B-C,14,10
8982,1,2,DRY,CLASE D,10,10
8983,1,2,RF,CLASE B-C,18,10
8984,1,2,DRY,CLASE B-C,9,10
8985,1,2,DRY,CLASE B-C,13,10
8986,1,2,DRY,CLASE B-C,12,10
8987,1,2,DRY,INSPECTION,14,10
8988,1,2,DRY,CLASE B-C,12,10
8989,1,2,DRY,CLASE B-C,8,10
8990,1,2,DRY,CLASE B-C,14,10
8991,1,2,DRY,CLASE B-C,13,10
8992,1,2,DRY,CLASE B-C,12,10
8993,1,2,DRY,CLASE B-C,13,10
8994,1,2,DRY,CLASE B-C,14,10
8995,1,2,DRY,CLASE B-C,14,10
8996,1,2,DRY,CLASE B-C,14,10
8997,1,2,DRY,CLASE B-C,14,10
8998,1,2,RF,CLASE B-C,18,10
8999,1,2,DRY,CLASE B-C,14,10
9000,1,2,DRY,CLASE B-C,14,10
9001,1,2,DRY,CLASE B-C,14,10
9002,1,2,DRY,CLASE B-C,13,10
9003,1,2,DRY,CLASE B-C,14,10
9004,1,2,DRY,CLASE B-C,13,10
9005,1,2,DRY,CLASE B-C,14,10
9006,1,2,DRY,INSPECTION,21,10
9007,1,2,DRY,INSPECTION,21,10
9008,1,2,DRY,INSPECTION,21,10
9009,3,2,DRY,CLASE A,13,10
9010,6,2,DRY,CLASE B-C,12,10
9011,6,2,DRY,CLASE B-C,12,10
9012,7,2,DRY,CLASE B-C,10,10
9013,7,2,DRY,CLASE B-C,10,10
9014,7,2,DRY,CLASE B-C,11,10
9015,7,2,DRY,CLASE B-C,10,10
9016,7,2,DRY,CLASE B-C,10,10
9017,7,2,RF,CLASE B-C,5,10
9018,7,2,RF,CLASE B-C,7,10
9019,7,2,DRY,CLASE B-C,10,10
9020,7,2,RF,CLASE B-C,15,10
9021,7,2,RF,CLASE B-C,5,10
9022,7,2,RF,CLASE B-C,5,10
9023,1,2,DRY,INSPECTION,16,10
9024,1,2,DRY,INSPECTION,16,10
9025,1,2,DRY,INSPECTION,16,10
9026,1,2,DRY,INSPECTION,16,10
9027,1,2,DRY,INSPECTION,16,10
9028,1,2,DRY,INSPECTION,15,10
9029,1,2,DRY,INSPECTION,15,10
9030,1,2,DRY,INSPECTION,15,10
9031,1,2,DRY,INSPECTION,15,10
9032,2,2,DRY,CLASE B-C,13,10
9033,2,2,DRY,CLASE B-C,12,10
9034,2,2,DRY,CLASE B-C,4,10
9035,2,2,DRY,CLASE B-C,12,10
9036,2,2,DRY,CLASE B-C,5,10
9037,2,2,DRY,CLASE B-C,12,10
9038,2,2,DRY,CLASE B-C,13,10
9039,2,2,DRY,CLASE B-C,9,10
9040,2,2,DRY,CLASE B-C,13,10
9041,2,2,DRY,CLASE B-C,13,10
9042,2,2,DRY,CLASE B-C,12,10
9043,2,2,DRY,CLASE B-C,13,10
9044,2,2,DRY,CLASE B-C,12,10
9045,2,2,DRY,CLASE B-C,5,10
9046,2,2,DRY,CLASE B-C,12,10
9047,2,2,DRY,CLASE B-C,5,10
9048,2,2,DRY,CLASE B-C,12,10
9049,2,2,DRY,CLASE B-C,5,10
9050,2,2,DRY,CLASE B-C,4,10
9051,2,2,DRY,CLASE B-C,5,10
9052,2,2,DRY,CLASE B-C,13,10
9053,2,2,DRY,CLASE B-C,13,10
9054,2,2,DRY,CLASE B-C,12,10
9055,2,2,DRY,CLASE B-C,13,10
9056,2,2,DRY,CLASE B-C,5,10
9057,2,2,DRY,CLASE B-C,5,10
9058,2,2,DRY,CLASE B-C,5,10
9059,2,2,DRY,CLASE B-C,4,10
9060,2,2,DRY,CLASE B-C,4,10
9061,2,2,DRY,CLASE B-C,12,10
9062,2,2,DRY,CLASE B-C,5,10
9063,2,2,DRY,CLASE B-C,12,10
9064,1,2,DRY,CLASE B-C,13,10
9065,1,2,DRY,CLASE D,12,10
9066,1,2,DRY,CLASE D,13,10
9067,1,2,DRY,CLASE B-C,9,10
9068,1,2,DRY,CLASE B-C,9,10
9069,5,2,DRY,INSPECTION,10,10
9070,5,2,DRY,INSPECTION,10,10
9071,5,2,DRY,INSPECTION,10,10
9072,1,2,DRY,CLASE B-C,10,10
9073,1,2,DRY,CLASE B-C,8,10
9074,1,2,DRY,CLASE B-C,8,10
9075,1,2,DRY,CLASE A,8,10
9076,1,2,DRY,CLASE B-C,8,10
9077,1,2,DRY,CLASE B-C,9,10
9078,1,2,DRY,CLASE B-C,9,10
9079,7,2,DRY,CLASE B-C,1,10
9080,7,2,RF,CLASE B-C,5,10
9081,7,2,DRY,CLASE B-C,2,10
9082,7,2,DRY,CLASE B,5,10
9083,7,2,DRY,CLASE B-C,2,10
9084,7,2,DRY,CLASE B-C,2,10
9085,7,2,DRY,CLASE B-C,1,10
9086,7,2,DRY,CLASE B-C,1,10
9087,7,2,DRY,CLASE B-C,5,10
9088,7,2,DRY,CLASE B-C,2,10
9089,7,2,DRY,CLASE B-C,1,10
9090,7,2,DRY,CLASE B-C,2,10
9091,7,2,DRY,CLASE B-C,1,10
9092,7,2,DRY,CLASE B-C,2,10
9093,7,2,DRY,CLASE B-C,1,10
9094,7,2,DRY,CLASE B-C,1,10
9095,7,2,DRY,CLASE B-C,1,10
9096,7,2,RF,CLASE B-C,5,10
9097,7,2,DRY,CLASE B-C,2,10
9098,5,2,DRY,INSPECTION,8,10
9099,1,2,DRY,CLASE B-C,8,10
9100,1,2,DRY,CLASE B-C,8,10
9101,1,2,DRY,CLASE B-C,8,10
9102,1,2,DRY,CLASE B-C,8,10
9103,1,2,DRY,CLASE B-C,8,10
9104,1,2,DRY,CLASE B-C,8,10
9105,1,2,DRY,CLASE B-C,8,10
9106,1,2,DRY,CLASE B-C,8,10
9107,5,2,DRY,INSPECTION,7,10
9108,1,2,DRY,CLASE B-C,7,10
9109,5,2,DRY,INSPECTION,7,10
9110,5,2,DRY,INSPECTION,6,10
9111,1,2,DRY,CLASE B-C,5,10
9112,1,2,RF,CLASE B-C,4,10
9113,2,2,DRY,CLASE B-C,1,10
9114,2,2,DRY,CLASE B-C,1,10
9115,2,2,DRY,CLASE B-C,1,10
9116,2,2,DRY,CLASE B-C,1,10
9117,2,2,DRY,CLASE B-C,3,10
9118,2,2,DRY,CLASE B-C,2,10
9119,2,2,DRY,CLASE A,2,10
9120,2,2,DRY,CLASE B-C,3,10
9121,2,2,DRY,CLASE B-C,3,10
9122,2,2,DRY,CLASE B-C,1,10
9123,2,2,DRY,CLASE B-C,3,10
9124,2,2,DRY,CLASE B-C,1,10
9125,2,2,DRY,CLASE B-C,3,10
9126,2,2,DRY,CLASE B-C,3,10
9127,2,2,DRY,CLASE B-C,1,10
9128,2,2,DRY,CLASE B-C,3,10
9129,2,2,DRY,CLASE B-C,1,10
9130,2,2,DRY,CLASE B-C,2,10
9131,2,2,DRY,CLASE B-C,1,10
9132,2,2,DRY,CLASE B-C,2,10
9133,2,2,DRY,CLASE B-C,1,10
9134,2,2,DRY,CLASE B-C,3,10
9135,2,2,DRY,CLASE B-C,1,10
9136,2,2,DRY,CLASE B-C,1,10
9137,2,2,DRY,CLASE B-C,3,10
9138,2,2,DRY,CLASE A,1,10
9139,2,2,DRY,CLASE B-C,3,10
9140,2,2,DRY,CLASE B-C,2,10
9141,2,2,DRY,CLASE B-C,2,10
9142,2,2,DRY,CLASE B-C,1,10
9143,2,2,DRY,CLASE B-C,3,10
9144,2,2,DRY,CLASE B-C,1,10
9145,2,2,DRY,CLASE B-C,2,10
9146,2,2,DRY,CLASE B-C,1,10
9147,2,2,DRY,CLASE B-C,3,10
9148,2,2,DRY,CLASE B-C,2,10
9149,2,2,DRY,CLASE B-C,3,10
9150,2,2,DRY,CLASE B-C,2,10
9151,2,2,DRY,CLASE B-C,1,10
9152,2,2,DRY,CLASE B-C,1,10
9153,2,2,DRY,CLASE B-C,1,10
9154,2,2,DRY,CLASE B-C,1,10
9155,2,2,DRY,CLASE B-C,1,10
9156,2,2,DRY,CLASE B-C,1,10
9157,2,2,DRY,CLASE B-C,1,10
9158,2,2,DRY,CLASE B-C,2,10
9159,2,2,DRY,CLASE B-C,3,10
9160,2,2,DRY,CLASE B-C,3,10
9161,2,2,DRY,CLASE B-C,3,10
9162,2,2,DRY,CLASE D,3,10
9163,2,2,DRY,CLASE B-C,1,10
9164,2,2,DRY,CLASE B-C,3,10
9165,2,2,DRY,CLASE B-C,2,10
9166,2,2,DRY,CLASE B-C,3,10
9167,2,2,DRY,CLASE B-C,1,10
9168,2,2,DRY,CLASE B-C,1,10
9169,2,2,DRY,CLASE B-C,1,10
9170,2,2,DRY,CLASE B-C,3,10
9171,2,2,DRY,CLASE B-C,1,10
9172,2,2,DRY,CLASE B-C,3,10
9173,2,2,DRY,CLASE B-C,3,10
9174,2,2,DRY,CLASE B-C,1,10
9175,2,2,DRY,CLASE B-C,3,10
9176,2,2,DRY,CLASE B-C,2,10
9177,2,2,DRY,CLASE B-C,1,10
9178,2,2,DRY,CLASE B-C,3,10
9179,2,2,DRY,CLASE B-C,1,10
9180,2,2,DRY,CLASE B-C,2,10
9181,2,2,DRY,CLASE B-C,3,10
9182,2,2,DRY,CLASE B-C,2,10
9183,2,2,DRY,CLASE B-C,3,10
9184,2,2,DRY,CLASE B-C,2,10
9185,2,2,DRY,CLASE B-C,3,10
9186,2,2,DRY,CLASE B-C,3,10
9187,2,2,DRY,CLASE B-C,1,10
9188,2,2,DRY,CLASE B-C,2,10
9189,2,2,DRY,CLASE B-C,1,10
9190,2,2,DRY,CLASE B-C,1,10
9191,2,2,DRY,CLASE B-C,2,10
9192,1,2,DRY,CLASE B-C,3,10
9193,1,2,DRY,CLASE B-C,3,10
9194,7,2,DRY,CLASE B-C,3,10
9195,6,2,DRY,CLASE B-C,1,10
9196,1,2,DRY,INSPECTION,2,10
9197,4,2,DRY,CLASE B-C,1,10
9198,1,2,DRY,CLASE B-C,2,10
9199,1,2,DRY,CLASE B-C,2,10
9200,9,2,DRY,CLASE B-C,123,10
9201,1,2,DRY,INSPECTION,124,10
9202,9,2,DRY,INSPECTION,105,10
9203,1,2,DRY,INSPECTION,99,10
9204,1,2,DRY,INSPECTION,93,10
9205,1,2,DRY,INSPECTION,99,10
9206,1,2,DRY,INSPECTION,98,10
9207,1,2,DRY,INSPECTION,91,10
9208,1,1,DRY,INSPECTION,95,10
9209,4,2,DRY,CLASE B-C,86,10
9210,1,2,DRY,INSPECTION,86,10
9211,1,2,DRY,INSPECTION,86,10
9212,1,2,DRY,INSPECTION,85,10
9213,1,2,DRY,INSPECTION,86,10
9214,1,2,DRY,INSPECTION,74,10
9215,1,2,DRY,INSPECTION,80,10
9216,1,2,DRY,INSPECTION,85,10
9217,1,2,DRY,INSPECTION,80,10
9218,1,2,DRY,INSPECTION,85,10
9219,1,2,DRY,INSPECTION,85,10
9220,1,2,DRY,CLASE D,86,10
9221,1,2,DRY,INSPECTION,85,10
9222,1,2,DRY,INSPECTION,85,10
9223,1,2,DRY,INSPECTION,86,10
9224,1,2,DRY,INSPECTION,80,10
9225,1,2,DRY,INSPECTION,79,10
9226,1,2,DRY,INSPECTION,85,10
9227,1,2,DRY,INSPECTION,85,10
9228,1,2,DRY,INSPECTION,66,10
9229,1,2,DRY,INSPECTION,66,10
9230,2,2,DRY,INSPECTION,91,10
9231,1,2,DRY,INSPECTION,85,10
9232,7,1,DRY,CLASE B-C,75,10
9233,7,1,DRY,CLASE B-C,75,10
9234,1,2,DRY,INSPECTION,77,10
9235,1,2,DRY,INSPECTION,77,10
9236,1,1,DRY,INSPECTION,80,10
9237,1,2,DRY,INSPECTION,77,10
9238,7,1,DRY,CLASE B-C,40,10
9239,2,2,DRY,CLASE B-C,67,10
9240,1,2,DRY,INSPECTION,69,10
9241,1,2,DRY,INSPECTION,69,10
9242,1,2,DRY,INSPECTION,69,10
9243,1,2,DRY,INSPECTION,69,10
9244,1,1,DRY,INSPECTION,60,10
9245,1,2,DRY,INSPECTION,69,10
9246,3,2,DRY,CLASE B-C,61,10
9247,3,2,DRY,CLASE B-C,62,10
9248,3,2,DRY,CLASE B-C,61,10
9249,3,2,DRY,CLASE B-C,61,10
9250,3,2,DRY,CLASE B-C,62,10
9251,3,2,DRY,CLASE B-C,61,10
9252,3,2,DRY,CLASE B-C,61,10
9253,3,2,DRY,CLASE B-C,61,10
9254,7,1,DRY,CLASE B-C,66,10
9255,1,2,DRY,INSPECTION,74,10
9256,1,2,DRY,INSPECTION,74,10
9257,1,2,DRY,INSPECTION,58,10
9258,1,2,DRY,INSPECTION,63,10
9259,1,2,DRY,INSPECTION,69,10
9260,1,2,DRY,INSPECTION,69,10
9261,1,2,DRY,INSPECTION,69,10
9262,1,2,DRY,INSPECTION,69,10
9263,1,2,DRY,INSPECTION,69,10
9264,1,2,DRY,INSPECTION,69,10
9265,1,2,DRY,INSPECTION,68,10
9266,1,2,DRY,INSPECTION,69,10
9267,1,2,DRY,INSPECTION,68,10
9268,1,2,DRY,INSPECTION,68,10
9269,3,2,DRY,CLASE B-C,61,10
9270,1,2,DRY,INSPECTION,63,10
9271,1,2,DRY,INSPECTION,62,10
9272,2,2,DRY,CLASE B-C,56,10
9273,2,2,DRY,CLASE B-C,56,10
9274,2,2,DRY,CLASE B-C,55,10
9275,2,2,DRY,CLASE B-C,55,10
9276,2,2,DRY,CLASE B-C,56,10
9277,2,2,DRY,CLASE B-C,56,10
9278,2,2,DRY,CLASE B-C,56,10
9279,2,2,DRY,CLASE B-C,56,10
9280,2,2,DRY,CLASE B-C,55,10
9281,2,2,DRY,CLASE B-C,55,10
9282,2,2,DRY,CLASE B-C,56,10
9283,2,2,DRY,CLASE B-C,56,10
9284,2,2,DRY,CLASE B-C,55,10
9285,2,2,DRY,CLASE B-C,55,10
9286,2,2,DRY,CLASE B-C,56,10
9287,2,2,DRY,CLASE B-C,55,10
9288,2,2,DRY,CLASE B-C,55,10
9289,2,2,DRY,CLASE B-C,56,10
9290,2,2,DRY,CLASE B-C,56,10
9291,2,2,DRY,CLASE B-C,56,10
9292,2,2,DRY,CLASE B-C,55,10
9293,2,2,DRY,CLASE B-C,56,10
9294,2,2,DRY,CLASE B-C,56,10
9295,2,2,DRY,CLASE B-C,55,10
9296,2,2,DRY,CLASE B-C,56,10
9297,2,2,DRY,CLASE B-C,56,10
9298,2,2,DRY,CLASE B-C,55,10
9299,2,2,DRY,CLASE B-C,55,10
9300,2,2,DRY,CLASE B-C,55,10
9301,2,2,DRY,CLASE B-C,55,10
9302,2,2,DRY,CLASE B-C,56,10
9303,2,2,DRY,CLASE B-C,56,10
9304,2,2,DRY,CLASE B-C,55,10
9305,2,2,DRY,CLASE B-C,56,10
9306,2,2,DRY,CLASE B-C,56,10
9307,2,2,DRY,CLASE B-C,55,10
9308,2,2,DRY,CLASE B-C,56,10
9309,1,2,DRY,CLASE B-C,56,10
9310,1,2,DRY,CLASE B-C,57,10
9311,1,2,DRY,INSPECTION,57,10
9312,1,2,DRY,CLASE B-C,58,10
9313,1,2,DRY,INSPECTION,57,10
9314,1,2,DRY,CLASE B-C,57,10
9315,1,2,DRY,CLASE B-C,58,10
9316,1,2,DRY,CLASE B-C,57,10
9317,1,2,DRY,CLASE B-C,57,10
9318,1,2,DRY,CLASE B-C,58,10
9319,1,2,DRY,INSPECTION,58,10
9320,1,2,DRY,CLASE B-C,58,10
9321,1,2,DRY,CLASE B-C,56,10
9322,1,2,DRY,INSPECTION,57,10
9323,1,2,DRY,INSPECTION,56,10
9324,1,2,DRY,CLASE B-C,58,10
9325,1,2,DRY,CLASE B-C,57,10
9326,1,2,DRY,CLASE B-C,57,10
9327,1,2,DRY,CLASE B-C,57,10
9328,1,2,DRY,CLASE B-C,57,10
9329,1,1,DRY,INSPECTION,58,10
9330,1,2,DRY,CLASE B-C,57,10
9331,1,2,DRY,CLASE B-C,57,10
9332,1,2,DRY,CLASE B-C,57,10
9333,1,2,DRY,INSPECTION,56,10
9334,1,2,DRY,CLASE B-C,57,10
9335,1,2,DRY,CLASE B-C,1,10
9336,1,2,DRY,CLASE B-C,57,10
9337,1,2,DRY,CLASE D,57,10
9338,3,2,DRY,CLASE B-C,55,10
9339,1,2,DRY,INSPECTION,56,10
9340,1,2,DRY,CLASE B-C,57,10
9341,1,2,DRY,CLASE B-C,57,10
9342,1,2,DRY,CLASE B-C,57,10
9343,1,2,DRY,INSPECTION,56,10
9344,1,2,DRY,CLASE B-C,57,10
9345,1,2,DRY,CLASE B-C,57,10
9346,1,2,DRY,CLASE B-C,57,10
9347,1,2,DRY,CLASE B-C,57,10
9348,1,2,DRY,CLASE D,57,10
9349,1,2,DRY,CLASE B-C,57,10
9350,1,2,DRY,CLASE B-C,57,10
9351,1,2,DRY,CLASE B-C,57,10
9352,1,2,DRY,CLASE B-C,56,10
9353,1,2,DRY,CLASE B-C,56,10
9354,1,2,DRY,CLASE B-C,56,10
9355,1,2,DRY,CLASE B-C,56,10
9356,1,2,DRY,CLASE B-C,56,10
9357,1,2,DRY,CLASE B-C,56,10
9358,1,2,DRY,CLASE B-C,56,10
9359,1,2,DRY,CLASE B-C,56,10
9360,1,2,DRY,INSPECTION,55,10
9361,1,2,DRY,INSPECTION,53,10
9362,1,2,DRY,CLASE B-C,53,10
9363,1,2,DRY,CLASE B-C,53,10
9364,1,2,DRY,CLASE B-C,53,10
9365,1,2,DRY,CLASE B-C,53,10
9366,1,2,DRY,INSPECTION,52,10
9367,9,2,DRY,CLASE B-C,44,10
9368,2,2,DRY,CLASE B-C,49,10
9369,2,2,DRY,CLASE B-C,48,10
9370,2,2,DRY,CLASE B-C,49,10
9371,2,2,DRY,CLASE B-C,49,10
9372,2,2,DRY,CLASE B-C,49,10
9373,2,2,DRY,CLASE B-C,1,10
9374,2,2,DRY,CLASE B-C,49,10
9375,2,2,DRY,CLASE B-C,49,10
9376,2,2,DRY,CLASE B-C,49,10
9377,2,2,DRY,CLASE B-C,48,10
9378,2,2,DRY,CLASE B-C,49,10
9379,2,2,DRY,CLASE B-C,49,10
9380,2,2,DRY,CLASE B-C,49,10
9381,2,2,DRY,CLASE B-C,49,10
9382,2,2,DRY,CLASE B-C,49,10
9383,2,2,DRY,CLASE B-C,49,10
9384,2,2,DRY,CLASE B-C,1,10
9385,2,2,DRY,CLASE B-C,4,10
9386,2,2,DRY,CLASE B-C,49,10
9387,2,2,DRY,CLASE B-C,49,10
9388,2,2,DRY,CLASE B-C,49,10
9389,2,2,DRY,CLASE B-C,49,10
9390,2,2,DRY,CLASE B-C,49,10
9391,2,2,DRY,CLASE B-C,49,10
9392,2,2,DRY,CLASE B-C,1,10
9393,2,2,DRY,CLASE B-C,49,10
9394,2,2,DRY,CLASE B-C,49,10
9395,2,2,DRY,INSPECTION,48,10
9396,2,2,DRY,CLASE B-C,49,10
9397,2,2,DRY,CLASE B-C,49,10
9398,2,2,DRY,CLASE B-C,49,10
9399,2,2,DRY,CLASE B-C,49,10
9400,2,2,DRY,INSPECTION,45,10
9401,2,2,DRY,CLASE B-C,49,10
9402,1,1,DRY,INSPECTION,46,10
9403,1,1,DRY,INSPECTION,46,10
9404,1,2,DRY,INSPECTION,45,10
9405,1,2,DRY,INSPECTION,44,10
9406,1,2,DRY,CLASE B-C,43,10
9407,1,2,DRY,INSPECTION,44,10
9408,1,2,DRY,INSPECTION,33,10
9409,1,2,DRY,CLASE B-C,20,10
9410,1,2,DRY,INSPECTION,43,10
9411,1,2,DRY,INSPECTION,43,10
9412,1,2,DRY,INSPECTION,42,10
9413,1,2,DRY,INSPECTION,43,10
9414,1,2,DRY,INSPECTION,43,10
9415,1,2,DRY,INSPECTION,44,10
9416,1,1,DRY,INSPECTION,43,10
9417,1,1,DRY,INSPECTION,43,10
9418,1,2,DRY,INSPECTION,45,10
9419,1,2,DRY,INSPECTION,45,10
9420,1,2,DRY,INSPECTION,45,10
9421,1,2,DRY,INSPECTION,45,10
9422,1,2,DRY,INSPECTION,44,10
9423,1,2,DRY,INSPECTION,44,10
9424,1,2,DRY,INSPECTION,45,10
9425,1,2,DRY,INSPECTION,45,10
9426,1,2,DRY,INSPECTION,44,10
9427,1,2,DRY,INSPECTION,43,10
9428,1,2,DRY,INSPECTION,43,10
9429,1,2,DRY,INSPECTION,44,10
9430,1,2,DRY,INSPECTION,44,10
9431,1,2,DRY,INSPECTION,43,10
9432,1,2,DRY,INSPECTION,43,10
9433,1,2,DRY,INSPECTION,43,10
9434,1,2,DRY,INSPECTION,43,10
9435,1,2,DRY,INSPECTION,43,10
9436,1,2,DRY,INSPECTION,43,10
9437,1,2,DRY,INSPECTION,43,10
9438,1,2,DRY,INSPECTION,43,10
9439,1,2,DRY,INSPECTION,42,10
9440,1,2,DRY,INSPECTION,42,10
9441,1,2,DRY,INSPECTION,42,10
9442,1,2,DRY,CLASE B-C,42,10
9443,1,2,DRY,INSPECTION,42,10
9444,1,2,DRY,INSPECTION,41,10
9445,1,2,DRY,INSPECTION,38,10
9446,1,2,DRY,INSPECTION,37,10
9447,1,2,DRY,INSPECTION,36,10
9448,1,2,DRY,INSPECTION,36,10
9449,1,2,DRY,INSPECTION,36,10
9450,9,2,DRY,CLASE B-C,37,10
9451,9,2,DRY,CLASE B-C,37,10
9452,1,2,DRY,INSPECTION,37,10
9453,9,2,DRY,INSPECTION,37,10
9454,1,2,DRY,INSPECTION,35,10
9455,2,1,DRY,INSPECTION,30,10
9456,2,2,RF,CLASE B-C,28,10
9457,2,2,RF,CLASE B-C,28,10
9458,2,2,RF,CLASE B-C,28,10
9459,2,2,RF,CLASE B-C,28,10
9460,2,2,RF,CLASE B-C,28,10
9461,2,2,RF,INSPECTION,34,10
9462,2,2,DRY,CLASE B-C,33,10
9463,2,1,DRY,CLASE B-C,17,10
9464,2,1,DRY,CLASE B-C,17,10
9465,2,2,RF,CLASE B-C,33,10
9466,2,2,RF,CLASE B-C,21,10
9467,2,1,DRY,CLASE D,22,10
9468,2,1,DRY,CLASE B-C,26,10
9469,2,1,DRY,CLASE D,22,10
9470,1,1,DRY,INSPECTION,30,10
9471,1,1,DRY,INSPECTION,25,10
9472,1,1,DRY,INSPECTION,29,10
9473,1,2,DRY,INSPECTION,29,10
9474,1,2,DRY,INSPECTION,30,10
9475,1,2,DRY,INSPECTION,25,10
9476,1,1,DRY,CLASE D,31,10
9477,1,1,DRY,INSPECTION,31,10
9478,1,1,DRY,INSPECTION,30,10
9479,1,2,DRY,INSPECTION,20,10
9480,1,1,DRY,INSPECTION,31,10
9481,1,2,DRY,INSPECTION,28,10
9482,1,1,DRY,INSPECTION,29,10
9483,1,1,DRY,INSPECTION,25,10
9484,1,2,DRY,INSPECTION,29,10
9485,1,2,DRY,INSPECTION,18,10
9486,1,1,DRY,INSPECTION,31,10
9487,1,1,DRY,INSPECTION,31,10
9488,1,2,DRY,INSPECTION,29,10
9489,1,2,DRY,INSPECTION,29,10
9490,1,1,DRY,INSPECTION,25,10
9491,1,1,DRY,INSPECTION,31,10
9492,1,1,DRY,INSPECTION,31,10
9493,1,1,DRY,INSPECTION,26,10
9494,1,2,DRY,INSPECTION,20,10
9495,1,1,DRY,CLASE D,31,10
9496,1,1,DRY,CLASE B-C,31,10
9497,8,2,RF,CLASE B-C,18,10
9498,8,2,RF,CLASE B-C,18,10
9499,8,2,RF,CLASE B-C,18,10
9500,1,1,DRY,INSPECTION,30,10
9501,1,1,DRY,INSPECTION,30,10
9502,4,2,DRY,CLASE B-C,16,10
9503,9,2,DRY,CLASE B-C,25,10
9504,9,2,DRY,CLASE B-C,22,10
9505,9,2,DRY,CLASE B-C,23,10
9506,9,2,DRY,CLASE B-C,22,10
9507,9,2,DRY,INSPECTION,23,10
9508,9,2,DRY,CLASE B-C,24,10
9509,9,2,DRY,INSPECTION,23,10
9510,9,2,DRY,CLASE B-C,24,10
9511,9,2,DRY,CLASE B-C,23,10
9512,9,2,DRY,CLASE B-C,22,10
9513,9,2,DRY,CLASE B-C,23,10
9514,9,2,DRY,CLASE B-C,24,10
9515,9,2,DRY,CLASE B-C,24,10
9516,9,2,DRY,CLASE B-C,23,10
9517,9,2,DRY,CLASE B-C,22,10
9518,9,2,DRY,INSPECTION,23,10
9519,2,2,RF,CLASE B-C,21,10
9520,2,2,RF,CLASE B-C,21,10
9521,2,2,RF,CLASE B-C,22,10
9522,2,2,DRY,CLASE B-C,27,10
9523,2,2,DRY,CLASE B-C,27,10
9524,2,2,DRY,CLASE B-C,27,10
9525,2,2,RF,CLASE B-C,22,10
9526,2,2,RF,CLASE B-C,22,10
9527,2,1,DRY,CLASE D,24,10
9528,2,1,DRY,CLASE B-C,19,10
9529,5,2,DRY,INSPECTION,23,10
9530,5,2,DRY,INSPECTION,15,10
9531,1,2,DRY,INSPECTION,19,10
9532,1,2,DRY,INSPECTION,21,10
9533,1,1,DRY,CLASE B-C,22,10
9534,1,2,DRY,INSPECTION,14,10
9535,1,2,DRY,INSPECTION,24,10
9536,1,2,DRY,INSPECTION,15,10
9537,1,2,DRY,INSPECTION,20,10
9538,1,1,DRY,INSPECTION,25,10
9539,1,2,DRY,CLASE B-C,14,10
9540,1,2,DRY,INSPECTION,14,10
9541,1,2,DRY,INSPECTION,14,10
9542,1,2,DRY,INSPECTION,20,10
9543,1,2,DRY,INSPECTION,20,10
9544,1,1,DRY,INSPECTION,23,10
9545,1,2,DRY,INSPECTION,5,10
9546,1,2,DRY,INSPECTION,22,10
9547,1,2,DRY,INSPECTION,14,10
9548,1,2,DRY,INSPECTION,23,10
9549,1,2,DRY,INSPECTION,14,10
9550,1,1,DRY,INSPECTION,25,10
9551,1,1,DRY,CLASE B-C,22,10
9552,1,2,DRY,INSPECTION,14,10
9553,1,2,DRY,CLASE B-C,15,10
9554,1,2,DRY,INSPECTION,23,10
9555,2,2,RF,CLASE B-C,22,10
9556,2,2,RF,CLASE B-C,22,10
9557,2,2,RF,CLASE B-C,22,10
9558,2,2,RF,CLASE B-C,22,10
9559,2,2,RF,CLASE B-C,21,10
9560,2,2,RF,CLASE B-C,21,10
9561,2,2,RF,CLASE B-C,22,10
9562,2,2,RF,CLASE B-C,21,10
9563,6,2,DRY,CLASE B-C,28,10
9564,1,2,DRY,INSPECTION,27,10
9565,1,2,DRY,INSPECTION,28,10
9566,3,2,DRY,CLASE B-C,25,10
9567,1,2,DRY,INSPECTION,25,10
9568,9,2,DRY,CLASE B-C,25,10
9569,1,1,DRY,INSPECTION,25,10
9570,1,1,DRY,INSPECTION,25,10
9571,1,2,DRY,INSPECTION,24,10
9572,1,2,DRY,INSPECTION,24,10
9573,1,2,DRY,INSPECTION,24,10
9574,1,2,DRY,INSPECTION,24,10
9575,1,2,DRY,INSPECTION,24,10
9576,1,2,DRY,INSPECTION,23,10
9577,1,2,DRY,INSPECTION,23,10
9578,2,2,RF,CLASE B-C,23,10
9579,1,2,DRY,INSPECTION,22,10
9580,9,2,DRY,CLASE B-C,9,10
9581,9,2,DRY,INSPECTION,16,10
9582,9,2,DRY,CLASE B-C,16,10
9583,2,2,DRY,CLASE B-C,16,10
9584,2,2,DRY,CLASE B-C,17,10
9585,2,2,DRY,CLASE B-C,18,10
9586,2,2,DRY,CLASE B-C,18,10
9587,2,2,DRY,CLASE D,19,10
9588,2,2,DRY,CLASE B-C,19,10
9589,2,2,DRY,CLASE B-C,18,10
9590,2,2,DRY,CLASE B-C,19,10
9591,2,2,DRY,CLASE B-C,20,10
9592,2,1,DRY,INSPECTION,14,10
9593,2,2,DRY,CLASE B-C,18,10
9594,2,1,DRY,INSPECTION,14,10
9595,2,2,DRY,CLASE B-C,18,10
9596,2,2,DRY,CLASE B-C,18,10
9597,2,2,DRY,CLASE B-C,18,10
9598,2,1,DRY,INSPECTION,17,10
9599,2,2,DRY,CLASE B-C,16,10
9600,2,2,DRY,CLASE B-C,17,10
9601,2,2,DRY,CLASE B-C,18,10
9602,2,2,DRY,CLASE B-C,15,10
9603,2,2,DRY,CLASE B-C,20,10
9604,2,2,DRY,CLASE B-C,17,10
9605,2,2,DRY,CLASE B-C,16,10
9606,2,2,DRY,CLASE B-C,19,10
9607,2,2,DRY,CLASE B-C,16,10
9608,2,2,DRY,CLASE B-C,18,10
9609,2,2,DRY,CLASE B-C,18,10
9610,2,1,DRY,INSPECTION,15,10
9611,2,2,DRY,CLASE B-C,15,10
9612,2,2,DRY,CLASE B-C,18,10
9613,2,2,DRY,CLASE B-C,17,10
9614,2,2,DRY,CLASE B-C,16,10
9615,2,2,DRY,CLASE B-C,15,10
9616,2,2,DRY,CLASE B-C,1,10
9617,2,2,DRY,CLASE B-C,18,10
9618,2,2,DRY,CLASE B-C,16,10
9619,2,2,DRY,CLASE B-C,15,10
9620,2,2,DRY,CLASE B-C,18,10
9621,2,2,DRY,CLASE B-C,17,10
9622,2,2,DRY,CLASE B-C,20,10
9623,2,2,DRY,CLASE B-C,18,10
9624,2,2,DRY,CLASE B-C,15,10
9625,2,2,DRY,CLASE B-C,17,10
9626,2,2,DRY,CLASE B-C,18,10
9627,2,1,DRY,INSPECTION,17,10
9628,2,2,DRY,CLASE B-C,18,10
9629,2,2,DRY,CLASE B-C,17,10
9630,2,2,DRY,CLASE B-C,16,10
9631,2,2,DRY,CLASE B-C,18,10
9632,2,2,DRY,CLASE B-C,16,10
9633,2,2,DRY,CLASE B-C,16,10
9634,2,2,DRY,CLASE B-C,19,10
9635,2,2,DRY,CLASE B-C,20,10
9636,2,2,DRY,CLASE B-C,15,10
9637,2,2,DRY,CLASE B-C,16,10
9638,2,2,DRY,CLASE B-C,18,10
9639,2,2,DRY,CLASE B-C,18,10
9640,2,2,DRY,CLASE B-C,15,10
9641,2,2,DRY,CLASE B-C,16,10
9642,2,2,DRY,CLASE B-C,16,10
9643,2,2,DRY,CLASE B-C,16,10
9644,2,2,DRY,CLASE B-C,17,10
9645,2,2,DRY,CLASE B-C,18,10
9646,2,2,DRY,CLASE B-C,15,10
9647,2,2,DRY,CLASE B-C,17,10
9648,2,2,DRY,CLASE B-C,16,10
9649,2,2,DRY,CLASE B-C,16,10
9650,2,2,DRY,CLASE B-C,15,10
9651,2,2,DRY,CLASE B-C,16,10
9652,2,2,DRY,CLASE B-C,16,10
9653,2,2,DRY,CLASE B-C,18,10
9654,2,2,DRY,CLASE B-C,18,10
9655,2,2,DRY,CLASE B-C,17,10
9656,2,2,DRY,CLASE B-C,17,10
9657,2,2,DRY,CLASE B-C,19,10
9658,2,2,DRY,CLASE B-C,18,10
9659,2,2,DRY,CLASE B-C,19,10
9660,2,2,DRY,CLASE B-C,16,10
9661,2,2,DRY,CLASE B-C,19,10
9662,2,2,DRY,CLASE B-C,19,10
9663,2,2,DRY,CLASE B-C,16,10
9664,2,2,DRY,CLASE B-C,18,10
9665,2,2,DRY,CLASE B-C,17,10
9666,2,2,DRY,CLASE B-C,15,10
9667,2,2,DRY,INSPECTION,20,10
9668,2,2,DRY,CLASE B-C,15,10
9669,2,2,DRY,CLASE B-C,17,10
9670,2,2,DRY,CLASE B-C,20,10
9671,2,1,DRY,INSPECTION,14,10
9672,2,2,DRY,CLASE B-C,16,10
9673,2,2,DRY,CLASE B-C,19,10
9674,2,2,DRY,CLASE B-C,19,10
9675,2,2,DRY,CLASE B-C,1,10
9676,2,2,DRY,CLASE B-C,18,10
9677,2,2,DRY,CLASE B-C,16,10
9678,2,2,DRY,CLASE B-C,18,10
9679,2,2,DRY,CLASE B-C,19,10
9680,2,2,DRY,CLASE B-C,16,10
9681,2,2,DRY,CLASE B-C,17,10
9682,2,2,DRY,CLASE B-C,17,10
9683,2,2,DRY,CLASE B-C,17,10
9684,2,2,DRY,CLASE B-C,18,10
9685,2,2,DRY,CLASE B-C,15,10
9686,2,2,DRY,CLASE B-C,16,10
9687,2,2,DRY,CLASE B-C,17,10
9688,2,2,DRY,CLASE B-C,19,10
9689,2,2,DRY,CLASE B-C,16,10
9690,2,2,DRY,CLASE B-C,16,10
9691,2,2,DRY,CLASE B-C,18,10
9692,2,2,DRY,CLASE B-C,17,10
9693,2,2,DRY,CLASE B-C,18,10
9694,2,2,DRY,CLASE B-C,16,10
9695,2,1,DRY,INSPECTION,15,10
9696,2,1,DRY,CLASE D,18,10
9697,2,2,DRY,INSPECTION,13,10
9698,2,2,DRY,CLASE B-C,16,10
9699,2,2,DRY,CLASE B-C,16,10
9700,2,2,DRY,CLASE B-C,19,10
9701,2,1,DRY,CLASE B-C,17,10
9702,2,1,DRY,INSPECTION,16,10
9703,2,2,DRY,CLASE D,17,10
9704,2,2,DRY,CLASE B-C,15,10
9705,2,2,DRY,CLASE B-C,18,10
9706,2,2,DRY,CLASE B-C,15,10
9707,2,2,DRY,CLASE B-C,19,10
9708,2,2,DRY,CLASE B-C,16,10
9709,2,2,DRY,INSPECTION,9,10
9710,2,2,DRY,CLASE B-C,17,10
9711,2,1,DRY,INSPECTION,16,10
9712,2,2,DRY,INSPECTION,13,10
9713,2,2,DRY,CLASE B-C,15,10
9714,2,2,DRY,CLASE D,19,10
9715,2,2,DRY,CLASE B-C,17,10
9716,2,2,DRY,CLASE D,19,10
9717,2,2,DRY,CLASE B-C,17,10
9718,2,1,DRY,INSPECTION,17,10
9719,2,1,DRY,CLASE B-C,16,10
9720,2,1,DRY,CLASE D,14,10
9721,2,2,DRY,INSPECTION,20,10
9722,2,1,DRY,CLASE D,18,10
9723,2,2,DRY,CLASE B-C,9,10
9724,2,1,DRY,INSPECTION,14,10
9725,1,2,RF,CLASE A,17,10
9726,1,2,DRY,INSPECTION,16,10
9727,1,2,DRY,INSPECTION,2,10
9728,1,1,DRY,INSPECTION,15,10
9729,1,2,DRY,INSPECTION,14,10
9730,1,2,DRY,INSPECTION,2,10
9731,1,2,DRY,CLASE B-C,15,10
9732,1,2,DRY,INSPECTION,16,10
9733,1,2,DRY,CLASE B-C,17,10
9734,1,2,DRY,INSPECTION,17,10
9735,1,2,DRY,CLASE B-C,15,10
9736,1,2,DRY,INSPECTION,14,10
9737,1,1,DRY,INSPECTION,17,10
9738,1,2,DRY,INSPECTION,14,10
9739,1,2,DRY,CLASE D,15,10
9740,1,2,DRY,CLASE B-C,16,10
9741,1,2,DRY,INSPECTION,16,10
9742,1,2,DRY,INSPECTION,14,10
9743,1,2,DRY,INSPECTION,2,10
9744,1,2,DRY,INSPECTION,17,10
9745,1,2,DRY,CLASE B-C,2,10
9746,1,2,DRY,CLASE B-C,17,10
9747,1,2,DRY,CLASE B-C,15,10
9748,1,2,DRY,INSPECTION,14,10
9749,1,1,DRY,INSPECTION,17,10
9750,1,2,DRY,CLASE B-C,14,10
9751,1,1,DRY,CLASE B-C,9,10
9752,1,1,DRY,INSPECTION,11,10
9753,1,1,DRY,INSPECTION,11,10
9754,1,2,DRY,CLASE B-C,15,10
9755,1,2,RF,CLASE B-C,19,10
9756,1,2,DRY,CLASE B-C,15,10
9757,1,2,DRY,CLASE B-C,15,10
9758,1,2,DRY,INSPECTION,18,10
9759,1,2,DRY,INSPECTION,18,10
9760,1,2,DRY,CLASE B-C,15,10
9761,1,1,DRY,INSPECTION,11,10
9762,1,1,DRY,INSPECTION,15,10
9763,1,2,DRY,INSPECTION,2,10
9764,1,2,DRY,INSPECTION,2,10
9765,1,2,DRY,CLASE B-C,15,10
9766,1,2,DRY,INSPECTION,14,10
9767,1,2,DRY,INSPECTION,14,10
9768,1,2,DRY,INSPECTION,15,10
9769,1,1,DRY,INSPECTION,16,10
9770,1,1,DRY,INSPECTION,11,10
9771,1,1,DRY,INSPECTION,11,10
9772,1,1,DRY,INSPECTION,15,10
9773,1,2,RF,CLASE A,19,10
9774,1,2,RF,CLASE B-C,13,10
9775,1,2,DRY,INSPECTION,17,10
9776,1,2,DRY,CLASE B-C,16,10
9777,1,2,DRY,INSPECTION,16,10
9778,1,2,DRY,INSPECTION,14,10
9779,1,2,DRY,CLASE B-C,15,10
9780,1,2,DRY,INSPECTION,15,10
9781,1,2,DRY,INSPECTION,14,10
9782,1,2,DRY,CLASE B-C,16,10
9783,1,2,DRY,CLASE B-C,15,10
9784,1,2,DRY,CLASE B-C,15,10
9785,1,1,DRY,INSPECTION,14,10
9786,1,2,DRY,CLASE B-C,16,10
9787,1,2,DRY,CLASE B-C,14,10
9788,1,2,DRY,INSPECTION,21,10
9789,2,1,DRY,INSPECTION,21,10
9790,1,1,DRY,CLASE B-C,17,10
9791,1,2,DRY,CLASE B-C,17,10
9792,3,2,DRY,CLASE B-C,13,10
9793,3,2,DRY,CLASE A,14,10
9794,3,2,DRY,CLASE A,13,10
9795,3,2,DRY,CLASE B-C,13,10
9796,3,2,DRY,CLASE A,3,10
9797,3,2,DRY,CLASE A,13,10
9798,8,2,DRY,CLASE B-C,13,10
9799,8,2,RF,CLASE B-C,9,10
9800,8,2,DRY,CLASE B-C,14,10
9801,7,2,RF,CLASE B-C,13,10
9802,7,2,DRY,CLASE B-C,15,10
9803,7,2,DRY,CLASE B-C,4,10
9804,7,2,DRY,CLASE B-C,5,10
9805,7,2,DRY,CLASE B-C,5,10
9806,7,2,DRY,CLASE B-C,7,10
9807,7,2,DRY,CLASE B-C,7,10
9808,7,2,DRY,CLASE B-C,4,10
9809,7,2,DRY,CLASE B-C,11,10
9810,7,2,DRY,CLASE B-C,7,10
9811,7,2,DRY,CLASE B-C,4,10
9812,7,2,DRY,CLASE B-C,4,10
9813,7,2,DRY,CLASE B-C,7,10
9814,7,2,DRY,CLASE B-C,7,10
9815,7,2,DRY,CLASE B-C,7,10
9816,7,2,DRY,CLASE B-C,4,10
9817,7,2,DRY,CLASE B-C,7,10
9818,7,2,RF,CLASE B-C,11,10
9819,7,2,RF,CLASE B-C,7,10
9820,7,2,RF,CLASE B-C,7,10
9821,7,2,DRY,CLASE B-C,4,10
9822,7,2,DRY,CLASE B-C,7,10
9823,7,2,DRY,CLASE B-C,7,10
9824,7,2,DRY,CLASE B-C,7,10
9825,7,2,DRY,CLASE B-C,11,10
9826,7,2,DRY,CLASE B-C,7,10
9827,7,2,DRY,CLASE B-C,4,10
9828,7,2,DRY,CLASE B-C,9,10
9829,7,2,DRY,CLASE B-C,8,10
9830,7,2,DRY,CLASE B-C,7,10
9831,7,2,DRY,CLASE B-C,7,10
9832,7,2,DRY,CLASE B-C,7,10
9833,7,2,DRY,CLASE B-C,7,10
9834,7,2,DRY,CLASE B-C,5,10
9835,7,2,DRY,CLASE B-C,7,10
9836,7,2,DRY,CLASE B-C,7,10
9837,7,2,DRY,CLASE B,5,10
9838,7,2,DRY,CLASE B-C,7,10
9839,7,2,DRY,CLASE B-C,7,10
9840,7,2,DRY,CLASE B-C,5,10
9841,7,2,DRY,CLASE B-C,9,10
9842,7,2,DRY,CLASE B-C,7,10
9843,7,2,DRY,CLASE B-C,7,10
9844,7,2,DRY,CLASE B-C,7,10
9845,7,2,RF,CLASE B-C,5,10
9846,7,2,DRY,CLASE B-C,8,10
9847,7,2,DRY,CLASE B-C,6,10
9848,7,2,DRY,CLASE B-C,8,10
9849,7,2,DRY,CLASE B-C,8,10
9850,7,2,DRY,CLASE B-C,8,10
9851,7,2,DRY,CLASE B-C,4,10
9852,7,2,RF,CLASE B-C,9,10
9853,7,2,RF,CLASE B-C,7,10
9854,7,2,DRY,CLASE B-C,7,10
9855,7,2,DRY,CLASE B-C,8,10
9856,7,2,RF,CLASE B-C,9,10
9857,7,2,DRY,CLASE B-C,7,10
9858,7,2,RF,CLASE B-C,13,10
9859,7,2,DRY,CLASE B-C,5,10
9860,7,2,DRY,CLASE B-C,4,10
9861,7,2,DRY,CLASE B-C,10,10
9862,7,2,DRY,CLASE B-C,7,10
9863,7,2,DRY,CLASE B-C,7,10
9864,7,2,DRY,CLASE B-C,5,10
9865,7,2,DRY,CLASE B-C,8,10
9866,7,2,RF,CLASE B-C,8,10
9867,7,2,DRY,CLASE B-C,7,10
9868,7,2,DRY,CLASE B-C,7,10
9869,7,2,RF,CLASE B-C,6,10
9870,7,2,DRY,CLASE B-C,7,10
9871,7,2,DRY,CLASE B-C,8,10
9872,7,2,RF,CLASE B-C,9,10
9873,7,2,RF,CLASE B-C,9,10
9874,7,2,DRY,CLASE B-C,7,10
9875,7,2,DRY,CLASE B,7,10
9876,7,2,DRY,CLASE B-C,5,10
9877,7,2,DRY,CLASE B-C,7,10
9878,7,2,DRY,CLASE B-C,10,10
9879,7,2,DRY,CLASE B-C,6,10
9880,1,2,DRY,INSPECTION,17,10
9881,1,2,DRY,INSPECTION,17,10
9882,1,2,DRY,INSPECTION,16,10
9883,1,2,DRY,INSPECTION,15,10
9884,2,2,DRY,CLASE B-C,10,10
9885,2,2,DRY,CLASE B-C,10,10
9886,2,2,DRY,CLASE B-C,7,10
9887,2,2,DRY,CLASE B-C,7,10
9888,2,2,DRY,CLASE B-C,6,10
9889,2,2,DRY,CLASE B-C,5,10
9890,2,2,DRY,CLASE B-C,5,10
9891,2,2,DRY,CLASE B-C,8,10
9892,2,2,DRY,CLASE B-C,6,10
9893,2,2,DRY,CLASE B-C,1,10
9894,2,2,DRY,CLASE B-C,10,10
9895,2,2,DRY,CLASE B-C,10,10
9896,2,2,DRY,CLASE B-C,6,10
9897,2,2,DRY,CLASE B-C,5,10
9898,2,2,DRY,CLASE B-C,5,10
9899,2,2,DRY,CLASE B-C,6,10
9900,2,2,DRY,CLASE B-C,8,10
9901,2,2,DRY,CLASE B-C,6,10
9902,2,2,DRY,CLASE B-C,6,10
9903,2,2,DRY,CLASE B-C,6,10
9904,2,2,DRY,CLASE B-C,7,10
9905,2,2,DRY,CLASE B-C,1,10
9906,2,2,DRY,CLASE B-C,10,10
9907,2,2,DRY,CLASE B-C,6,10
9908,2,2,DRY,CLASE B-C,8,10
9909,2,2,DRY,CLASE B-C,6,10
9910,2,2,DRY,CLASE B-C,12,10
9911,2,2,DRY,CLASE D,6,10
9912,2,2,DRY,CLASE B-C,6,10
9913,2,2,DRY,CLASE B-C,6,10
9914,2,2,DRY,CLASE B-C,10,10
9915,2,2,DRY,CLASE B-C,5,10
9916,2,2,DRY,CLASE B-C,1,10
9917,2,2,DRY,CLASE B-C,8,10
9918,2,2,DRY,CLASE B-C,5,10
9919,2,2,DRY,CLASE B-C,6,10
9920,2,2,DRY,CLASE B-C,6,10
9921,2,2,DRY,CLASE B-C,6,10
9922,2,2,DRY,CLASE B-C,6,10
9923,2,2,DRY,CLASE B-C,5,10
9924,2,2,DRY,CLASE B-C,7,10
9925,2,2,DRY,CLASE B-C,1,10
9926,2,2,DRY,CLASE B-C,8,10
9927,2,2,DRY,CLASE B-C,1,10
9928,2,2,DRY,CLASE B-C,6,10
9929,2,2,DRY,CLASE B-C,5,10
9930,2,2,DRY,CLASE B-C,6,10
9931,2,2,DRY,CLASE B-C,5,10
9932,2,2,DRY,CLASE B-C,6,10
9933,2,2,DRY,CLASE B-C,6,10
9934,2,2,DRY,CLASE B-C,8,10
9935,2,2,DRY,CLASE B-C,8,10
9936,2,2,DRY,CLASE B-C,8,10
9937,2,2,DRY,CLASE B-C,8,10
9938,2,2,DRY,CLASE B-C,6,10
9939,2,2,DRY,CLASE B-C,6,10
9940,2,2,DRY,CLASE B-C,5,10
9941,2,2,DRY,CLASE B-C,1,10
9942,2,2,DRY,CLASE B-C,6,10
9943,2,2,DRY,CLASE B-C,1,10
9944,2,2,DRY,CLASE B-C,5,10
9945,2,2,DRY,CLASE B-C,5,10
9946,2,2,DRY,CLASE B-C,5,10
9947,2,2,DRY,CLASE B-C,6,10
9948,2,2,DRY,CLASE B-C,1,10
9949,2,2,DRY,CLASE B-C,5,10
9950,2,2,DRY,CLASE B-C,1,10
9951,2,2,DRY,CLASE B-C,5,10
9952,2,2,DRY,CLASE B-C,8,10
9953,2,2,DRY,CLASE B-C,10,10
9954,2,2,DRY,CLASE B-C,8,10
9955,2,2,DRY,CLASE B-C,5,10
9956,2,2,DRY,CLASE B-C,10,10
9957,2,2,DRY,CLASE B-C,5,10
9958,2,2,DRY,CLASE B-C,8,10
9959,2,2,DRY,CLASE B-C,5,10
9960,2,2,DRY,CLASE B-C,6,10
9961,2,2,DRY,CLASE B-C,8,10
9962,2,2,DRY,CLASE B-C,1,10
9963,2,2,DRY,CLASE B-C,8,10
9964,2,2,DRY,CLASE B-C,6,10
9965,2,2,DRY,CLASE B-C,5,10
9966,2,2,DRY,CLASE B-C,6,10
9967,2,2,DRY,CLASE B-C,6,10
9968,2,2,DRY,CLASE B-C,6,10
9969,2,2,DRY,CLASE B-C,6,10
9970,2,2,DRY,CLASE B-C,6,10
9971,2,2,DRY,CLASE B-C,8,10
9972,2,2,DRY,CLASE B-C,8,10
9973,2,2,DRY,CLASE B-C,1,10
9974,2,2,DRY,CLASE B-C,5,10
9975,2,2,DRY,CLASE B-C,10,10
9976,2,2,DRY,CLASE B-C,8,10
9977,2,2,DRY,CLASE B-C,1,10
9978,2,2,DRY,CLASE B-C,10,10
9979,2,2,DRY,CLASE B-C,6,10
9980,2,2,DRY,CLASE B-C,6,10
9981,2,2,DRY,CLASE B-C,1,10
9982,2,2,DRY,CLASE B-C,1,10
9983,2,2,DRY,CLASE B-C,1,10
9984,2,2,DRY,CLASE B-C,12,10
9985,2,2,DRY,CLASE B-C,10,10
9986,2,2,DRY,CLASE B-C,6,10
9987,2,2,DRY,CLASE B-C,8,10
9988,2,2,DRY,CLASE B-C,13,10
9989,2,2,DRY,CLASE B-C,5,10
9990,2,2,DRY,CLASE B-C,5,10
9991,2,2,DRY,CLASE B-C,6,10
9992,2,2,DRY,CLASE B-C,5,10
9993,2,2,DRY,CLASE B-C,9,10
9994,2,2,DRY,CLASE B-C,5,10
9995,2,2,DRY,CLASE B-C,10,10
9996,2,2,DRY,CLASE B-C,6,10
9997,2,2,DRY,CLASE B-C,5,10
9998,2,2,DRY,CLASE B-C,10,10
9999,2,2,DRY,CLASE B-C,8,10
10000,2,2,DRY,CLASE B-C,8,10
10001,2,2,DRY,CLASE B-C,7,10
10002,2,2,DRY,CLASE B-C,6,10
10003,2,2,DRY,CLASE B-C,8,10
10004,2,2,DRY,CLASE B-C,10,10
10005,2,2,DRY,CLASE B-C,6,10
10006,2,2,DRY,CLASE B-C,5,10
10007,2,2,DRY,INSPECTION,10,10
10008,1,1,DRY,INSPECTION,11,10
10009,1,1,DRY,INSPECTION,11,10
10010,1,1,DRY,CLASE B-C,9,10
10011,7,2,DRY,CLASE B-C,7,10
10012,7,2,DRY,CLASE B-C,3,10
10013,7,2,DRY,CLASE B-C,4,10
10014,7,2,DRY,CLASE B-C,2,10
10015,7,2,DRY,CLASE B-C,4,10
10016,7,2,DRY,CLASE B-C,3,10
10017,7,2,DRY,CLASE B-C,7,10
10018,7,2,RF,CLASE B-C,7,10
10019,7,2,DRY,CLASE B-C,3,10
10020,7,2,DRY,CLASE B-C,2,10
10021,7,2,DRY,CLASE B-C,7,10
10022,7,2,DRY,CLASE B-C,7,10
10023,7,2,DRY,CLASE B-C,7,10
10024,7,2,DRY,CLASE B-C,3,10
10025,7,2,DRY,CLASE B-C,6,10
10026,7,2,DRY,CLASE B,4,10
10027,7,2,DRY,CLASE B-C,2,10
10028,7,2,DRY,CLASE B-C,7,10
10029,7,2,DRY,CLASE B-C,7,10
10030,7,2,DRY,CLASE B-C,2,10
10031,7,2,DRY,CLASE B-C,2,10
10032,7,2,DRY,CLASE B-C,7,10
10033,7,2,DRY,CLASE B-C,3,10
10034,7,2,DRY,CLASE B-C,3,10
10035,7,2,RF,CLASE B-C,7,10
10036,7,2,RF,CLASE B-C,7,10
10037,7,2,DRY,CLASE B-C,7,10
10038,7,2,DRY,CLASE B-C,2,10
10039,7,2,DRY,CLASE B-C,8,10
10040,7,2,DRY,CLASE D,7,10
10041,7,2,DRY,CLASE B-C,3,10
10042,7,2,DRY,CLASE B-C,3,10
10043,7,2,DRY,CLASE B-C,3,10
10044,7,2,DRY,CLASE B-C,4,10
10045,7,2,DRY,CLASE B,4,10
10046,7,2,DRY,CLASE B-C,8,10
10047,7,2,RF,CLASE B-C,7,10
10048,7,2,RF,CLASE B-C,7,10
10049,7,2,RF,CLASE B-C,7,10
10050,7,2,DRY,CLASE B-C,7,10
10051,7,2,DRY,CLASE B-C,4,10
10052,7,2,DRY,CLASE B-C,4,10
10053,7,2,DRY,CLASE B-C,4,10
10054,7,2,DRY,CLASE B-C,7,10
10055,7,2,DRY,CLASE B-C,4,10
10056,7,2,DRY,CLASE A,3,10
10057,7,2,DRY,CLASE B-C,2,10
10058,7,2,DRY,CLASE B-C,8,10
10059,7,2,DRY,CLASE B-C,4,10
10060,7,2,DRY,CLASE B-C,6,10
10061,7,2,DRY,CLASE B-C,4,10
10062,7,2,DRY,CLASE B-C,4,10
10063,7,2,DRY,CLASE B-C,7,10
10064,7,2,DRY,CLASE B-C,3,10
10065,7,2,DRY,CLASE B-C,7,10
10066,7,2,DRY,CLASE B-C,3,10
10067,7,2,DRY,CLASE B-C,7,10
10068,7,2,DRY,CLASE B-C,7,10
10069,7,2,DRY,CLASE B-C,4,10
10070,7,2,DRY,CLASE B-C,7,10
10071,7,2,DRY,CLASE B-C,4,10
10072,7,2,DRY,CLASE B-C,7,10
10073,7,2,DRY,CLASE B-C,7,10
10074,7,2,DRY,CLASE B-C,2,10
10075,7,2,DRY,CLASE B-C,3,10
10076,7,2,DRY,CLASE B-C,4,10
10077,7,2,DRY,CLASE B-C,4,10
10078,7,2,RF,CLASE B-C,6,10
10079,7,2,DRY,CLASE B-C,4,10
10080,7,2,DRY,CLASE B-C,7,10
10081,7,2,DRY,CLASE B-C,4,10
10082,7,2,DRY,CLASE B-C,3,10
10083,7,2,DRY,CLASE B-C,7,10
10084,7,2,DRY,CLASE B-C,4,10
10085,7,2,DRY,CLASE B-C,6,10
10086,7,2,DRY,CLASE B-C,4,10
10087,7,2,DRY,CLASE B-C,3,10
10088,7,2,DRY,CLASE B-C,7,10
10089,7,2,DRY,CLASE B-C,7,10
10090,7,2,DRY,CLASE B-C,4,10
10091,7,2,DRY,CLASE B-C,4,10
10092,7,2,DRY,CLASE B-C,3,10
10093,7,2,DRY,CLASE B-C,4,10
10094,7,2,DRY,CLASE B-C,7,10
10095,7,2,DRY,CLASE B-C,2,10
10096,7,2,DRY,CLASE B-C,4,10
10097,7,2,DRY,CLASE B-C,3,10
10098,7,2,DRY,CLASE B-C,7,10
10099,7,2,DRY,CLASE B-C,2,10
10100,7,2,DRY,CLASE B-C,2,10
10101,7,2,DRY,CLASE B-C,2,10
10102,7,2,DRY,CLASE B-C,4,10
10103,7,2,DRY,CLASE B-C,4,10
10104,7,2,DRY,CLASE B-C,2,10
10105,7,2,DRY,CLASE B-C,4,10
10106,7,2,DRY,CLASE B-C,3,10
10107,7,2,DRY,CLASE B-C,4,10
10108,7,2,DRY,CLASE B-C,7,10
10109,7,2,DRY,CLASE B-C,7,10
10110,7,2,DRY,CLASE B-C,7,10
10111,7,2,DRY,CLASE B-C,3,10
10112,7,2,DRY,CLASE B-C,3,10
10113,7,2,DRY,CLASE B-C,4,10
10114,7,2,DRY,CLASE B-C,7,10
10115,7,2,DRY,CLASE B-C,3,10
10116,7,2,DRY,CLASE B-C,7,10
10117,7,2,DRY,CLASE B-C,7,10
10118,7,2,DRY,CLASE B-C,7,10
10119,7,2,DRY,CLASE B-C,3,10
10120,7,2,DRY,CLASE B-C,4,10
10121,7,2,DRY,CLASE B-C,4,10
10122,7,2,DRY,CLASE B-C,7,10
10123,7,2,DRY,CLASE B-C,6,10
10124,7,2,DRY,CLASE B-C,7,10
10125,7,2,DRY,CLASE B-C,2,10
10126,7,2,DRY,CLASE B-C,3,10
10127,7,2,DRY,CLASE B-C,7,10
10128,7,2,DRY,CLASE B-C,7,10
10129,7,2,DRY,CLASE B-C,7,10
10130,7,2,DRY,CLASE B-C,4,10
10131,7,2,DRY,CLASE B-C,3,10
10132,7,2,DRY,CLASE B-C,6,10
10133,7,2,DRY,CLASE B-C,7,10
10134,7,2,RF,CLASE B-C,7,10
10135,7,2,DRY,CLASE B-C,7,10
10136,7,2,DRY,CLASE D,2,10
10137,7,2,DRY,CLASE B-C,4,10
10138,7,2,DRY,CLASE B-C,7,10
10139,7,2,DRY,CLASE B-C,4,10
10140,7,2,DRY,CLASE B-C,3,10
10141,7,2,DRY,CLASE B-C,7,10
10142,7,2,DRY,CLASE B-C,3,10
10143,7,2,RF,CLASE B-C,7,10
10144,7,2,DRY,CLASE B-C,7,10
10145,7,2,DRY,CLASE B-C,3,10
10146,2,2,DRY,INSPECTION,9,10
10147,1,1,DRY,INSPECTION,10,10
10148,1,1,DRY,INSPECTION,10,10
10149,1,1,DRY,INSPECTION,10,10
10150,2,2,DRY,INSPECTION,9,10
10151,1,1,DRY,INSPECTION,10,10
10152,2,2,DRY,INSPECTION,9,10
10153,1,1,DRY,INSPECTION,10,10
10154,1,2,DRY,INSPECTION,8,10
10155,1,2,DRY,INSPECTION,8,10
10156,1,1,DRY,INSPECTION,10,10
10157,1,1,DRY,CLASE B-C,7,10
10158,2,1,DRY,INSPECTION,9,10
10159,1,1,DRY,CLASE B-C,6,10
10160,1,2,RF,INSPECTION,6,10
10161,2,2,DRY,CLASE B-C,2,10
10162,2,2,DRY,CLASE B-C,2,10
10163,2,2,DRY,CLASE B-C,2,10
10164,2,2,DRY,CLASE B-C,2,10
10165,2,2,DRY,CLASE B-C,2,10
10166,2,2,DRY,CLASE D,1,10
10167,2,2,DRY,CLASE B-C,1,10
10168,7,2,DRY,CLASE B-C,4,10
10169,8,2,DRY,CLASE B-C,2,10
10170,5,2,DRY,INSPECTION,3,10
10171,7,1,DRY,CLASE B-C,2,10
10172,4,2,DRY,CLASE B-C,3,10
10173,5,2,DRY,INSPECTION,3,10
10174,1,2,DRY,INSPECTION,3,10
10175,1,2,DRY,INSPECTION,2,10
10176,1,2,DRY,INSPECTION,2,10
10177,1,2,DRY,INSPECTION,2,10
10178,1,2,DRY,INSPECTION,2,10
10179,1,2,DRY,INSPECTION,2,10
10180,1,2,DRY,CLASE B-C,2,10
10181,1,2,DRY,INSPECTION,2,10
10182,7,2,DRY,CLASE B-C,2,10
10183,1,2,DRY,INSPECTION,2,10
10184,1,2,DRY,INSPECTION,2,10
10185,1,2,DRY,INSPECTION,2,10
10186,1,2,DRY,INSPECTION,2,10
10187,1,2,DRY,INSPECTION,2,10
10188,1,2,DRY,INSPECTION,2,10
10189,7,2,DRY,CLASE B-C,2,10
10190,5,2,DRY,INSPECTION,2,10
10191,7,2,DRY,CLASE B-C,2,10
10192,7,2,DRY,CLASE B-C,2,10
10193,5,2,DRY,INSPECTION,3,10
10194,7,2,DRY,CLASE B-C,2,10
10195,3,2,DRY,CLASE A,1,10
10196,7,2,DRY,CLASE B-C,1,10
10197,7,2,DRY,CLASE B-C,2,10
10198,7,2,DRY,CLASE B-C,2,10
10199,7,2,DRY,CLASE B-C,1,10
10200,7,2,DRY,CLASE B-C,2,10
10201,7,2,DRY,CLASE B-C,2,10
10202,7,2,DRY,CLASE B-C,2,10
10203,7,2,DRY,CLASE B-C,1,10
10204,7,2,DRY,CLASE B-C,1,10
10205,7,2,DRY,CLASE B-C,1,10
10206,7,2,DRY,CLASE B-C,2,10
10207,7,2,DRY,CLASE B-C,1,10
10208,7,2,DRY,CLASE B-C,1,10
10209,7,2,DRY,CLASE B-C,1,10
10210,7,2,DRY,CLASE B-C,1,10
10211,7,2,DRY,CLASE B-C,1,10
10212,7,2,DRY,CLASE B-C,1,10
10213,7,2,DRY,CLASE B-C,1,10
10214,7,2,DRY,CLASE B-C,1,10
10215,7,2,DRY,CLASE B-C,1,10
10216,7,2,DRY,CLASE B-C,1,10
10217,7,2,DRY,CLASE B-C,2,10
10218,7,2,DRY,CLASE B-C,1,10
10219,7,2,DRY,CLASE B-C,1,10
10220,7,2,DRY,CLASE B-C,2,10
10221,7,2,DRY,CLASE B-C,1,10
10222,7,2,DRY,CLASE B-C,1,10
10223,7,2,DRY,CLASE B-C,1,10
10224,2,2,RF,CLASE B-C,149,10
10225,3,2,DRY,CLASE B-C,101,10
10226,3,2,DRY,CLASE B-C,101,10
10227,3,2,DRY,CLASE B-C,102,10
10228,3,2,DRY,CLASE B-C,102,10
10229,3,2,DRY,CLASE A,101,10
10230,3,2,DRY,CLASE B-C,102,10
10231,3,2,DRY,CLASE B-C,109,10
10232,3,2,DRY,CLASE B-C,107,10
10233,3,2,DRY,CLASE B-C,107,10
10234,3,2,DRY,CLASE B-C,107,10
10235,3,2,DRY,CLASE B-C,107,10
10236,3,2,DRY,CLASE B-C,107,10
10237,3,2,DRY,CLASE B-C,107,10
10238,3,2,DRY,CLASE B-C,107,10
10239,3,2,DRY,CLASE B-C,107,10
10240,3,2,DRY,CLASE B-C,107,10
10241,3,2,DRY,CLASE B-C,107,10
10242,3,2,DRY,CLASE B-C,107,10
10243,1,1,DRY,INSPECTION,92,10
10244,1,1,DRY,INSPECTION,95,10
10245,1,1,DRY,INSPECTION,92,10
10246,1,1,DRY,INSPECTION,92,10
10247,1,1,DRY,INSPECTION,95,10
10248,2,2,DRY,CLASE B-C,96,10
10249,3,2,DRY,CLASE B-C,94,10
10250,3,2,DRY,CLASE B-C,94,10
10251,3,2,DRY,CLASE B-C,94,10
10252,3,2,DRY,CLASE B-C,94,10
10253,3,2,DRY,CLASE B-C,93,10
10254,7,2,RF,CLASE B-C,92,10
10255,7,2,DRY,CLASE B-C,86,10
10256,7,2,DRY,CLASE B-C,87,10
10257,2,2,DRY,CLASE B-C,86,10
10258,1,1,DRY,INSPECTION,80,10
10259,1,1,DRY,INSPECTION,79,10
10260,2,2,DRY,CLASE B-C,78,10
10261,1,1,DRY,INSPECTION,60,10
10262,3,2,DRY,CLASE B-C,62,10
10263,3,2,DRY,CLASE B-C,62,10
10264,3,2,DRY,CLASE B-C,62,10
10265,3,2,DRY,CLASE B-C,62,10
10266,3,2,DRY,CLASE B-C,62,10
10267,3,2,DRY,CLASE B-C,62,10
10268,3,2,DRY,CLASE B-C,62,10
10269,3,2,DRY,CLASE B-C,62,10
10270,3,2,DRY,CLASE B-C,62,10
10271,3,2,DRY,CLASE B-C,62,10
10272,3,2,DRY,CLASE B-C,62,10
10273,3,2,DRY,CLASE B-C,62,10
10274,3,2,DRY,CLASE B-C,62,10
10275,3,2,DRY,CLASE B-C,62,10
10276,3,2,DRY,CLASE B-C,62,10
10277,3,2,DRY,CLASE B-C,63,10
10278,3,2,DRY,CLASE B-C,62,10
10279,7,2,DRY,CLASE B-C,59,10
10280,7,2,DRY,CLASE B-C,59,10
10281,7,2,DRY,CLASE B-C,59,10
10282,7,2,DRY,CLASE B-C,61,10
10283,7,2,DRY,CLASE B-C,61,10
10284,7,2,DRY,CLASE B-C,73,10
10285,7,2,DRY,CLASE B-C,59,10
10286,7,2,DRY,CLASE B-C,59,10
10287,7,2,DRY,CLASE B-C,61,10
10288,7,2,DRY,CLASE B-C,59,10
10289,7,2,DRY,CLASE B-C,72,10
10290,7,2,DRY,CLASE B-C,59,10
10291,7,2,DRY,CLASE B-C,59,10
10292,7,2,DRY,CLASE B-C,59,10
10293,7,2,DRY,CLASE B-C,59,10
10294,7,2,DRY,CLASE B-C,59,10
10295,6,2,DRY,CLASE B-C,71,10
10296,6,2,DRY,CLASE B-C,71,10
10297,6,2,DRY,CLASE B-C,71,10
10298,6,2,DRY,CLASE B-C,71,10
10299,6,2,DRY,CLASE B-C,71,10
10300,6,2,DRY,CLASE B-C,71,10
10301,6,2,DRY,CLASE B-C,71,10
10302,6,2,DRY,CLASE B-C,71,10
10303,6,2,DRY,CLASE B-C,71,10
10304,6,2,DRY,CLASE B-C,71,10
10305,6,2,DRY,CLASE B-C,71,10
10306,6,2,DRY,CLASE B-C,71,10
10307,6,2,DRY,CLASE B-C,71,10
10308,6,2,DRY,CLASE B-C,71,10
10309,6,2,DRY,CLASE B-C,71,10
10310,6,2,DRY,CLASE B-C,71,10
10311,6,2,DRY,CLASE B-C,71,10
10312,6,2,DRY,CLASE B-C,71,10
10313,2,2,DRY,CLASE B-C,65,10
10314,7,2,DRY,CLASE B-C,45,10
10315,7,2,DRY,CLASE B-C,65,10
10316,7,2,DRY,CLASE B-C,66,10
10317,7,2,DRY,CLASE B-C,65,10
10318,7,2,DRY,CLASE B-C,67,10
10319,7,2,DRY,CLASE B-C,66,10
10320,7,2,DRY,CLASE B-C,66,10
10321,7,2,RF,CLASE B-C,65,10
10322,2,2,DRY,CLASE B-C,57,10
10323,2,2,DRY,CLASE B-C,57,10
10324,2,2,DRY,CLASE B-C,57,10
10325,2,2,DRY,CLASE B-C,57,10
10326,2,2,DRY,CLASE B-C,57,10
10327,2,2,DRY,CLASE B-C,57,10
10328,2,2,DRY,CLASE B-C,58,10
10329,2,2,DRY,INSPECTION,54,10
10330,2,2,DRY,CLASE B-C,58,10
10331,2,2,DRY,CLASE B-C,57,10
10332,2,2,DRY,CLASE B-C,57,10
10333,1,1,DRY,INSPECTION,58,10
10334,7,2,DRY,CLASE B-C,54,10
10335,7,2,DRY,CLASE B-C,51,10
10336,7,2,DRY,CLASE B-C,51,10
10337,7,2,DRY,CLASE B-C,51,10
10338,7,2,DRY,CLASE B-C,52,10
10339,7,2,DRY,CLASE B-C,51,10
10340,7,2,DRY,CLASE B-C,51,10
10341,7,2,DRY,CLASE B-C,51,10
10342,7,2,DRY,CLASE B-C,51,10
10343,9,1,DRY,INSPECTION,43,10
10344,9,1,DRY,INSPECTION,43,10
10345,1,1,DRY,INSPECTION,43,10
10346,7,2,DRY,INSPECTION,52,10
10347,7,2,DRY,CLASE B-C,44,10
10348,7,2,DRY,CLASE B-C,44,10
10349,7,2,DRY,CLASE B-C,44,10
10350,7,2,DRY,CLASE B-C,42,10
10351,7,2,DRY,CLASE B-C,44,10
10352,7,2,DRY,CLASE B-C,44,10
10353,7,2,DRY,CLASE B-C,44,10
10354,7,2,DRY,CLASE B-C,44,10
10355,7,2,DRY,CLASE B-C,44,10
10356,7,2,DRY,CLASE B-C,44,10
10357,7,2,DRY,CLASE B-C,44,10
10358,7,2,DRY,CLASE B-C,44,10
10359,7,2,DRY,CLASE B-C,39,10
10360,7,2,DRY,CLASE B-C,44,10
10361,6,2,DRY,CLASE B-C,28,10
10362,6,2,DRY,CLASE B-C,28,10
10363,6,2,DRY,CLASE B-C,28,10
10364,6,2,DRY,CLASE B-C,39,10
10365,7,2,DRY,CLASE B-C,34,10
10366,7,2,DRY,CLASE B-C,34,10
10367,7,2,DRY,CLASE B-C,40,10
10368,7,2,DRY,CLASE B-C,40,10
10369,7,2,DRY,CLASE B-C,40,10
10370,7,2,DRY,CLASE B-C,40,10
10371,7,2,DRY,CLASE B-C,40,10
10372,7,2,DRY,CLASE B,40,10
10373,7,2,DRY,CLASE A,40,10
10374,7,2,DRY,CLASE B-C,40,10
10375,7,2,DRY,CLASE B-C,40,10
10376,7,2,DRY,CLASE B-C,40,10
10377,7,2,DRY,CLASE B-C,40,10
10378,7,2,DRY,CLASE B-C,40,10
10379,7,2,DRY,CLASE B-C,40,10
10380,7,2,DRY,CLASE B-C,34,10
10381,7,2,DRY,CLASE D,34,10
10382,7,2,DRY,CLASE B-C,40,10
10383,7,2,DRY,CLASE B-C,40,10
10384,7,2,DRY,CLASE B-C,40,10
10385,7,2,DRY,CLASE B-C,1,10
10386,7,2,DRY,CLASE B-C,34,10
10387,7,2,DRY,CLASE A,40,10
10388,7,2,DRY,CLASE B-C,40,10
10389,7,2,DRY,CLASE B-C,40,10
10390,7,2,DRY,CLASE B-C,40,10
10391,7,2,DRY,CLASE B-C,34,10
10392,7,2,DRY,CLASE B-C,40,10
10393,7,2,DRY,CLASE B-C,39,10
10394,7,2,DRY,CLASE B-C,23,10
10395,7,2,DRY,CLASE B-C,40,10
10396,7,2,DRY,CLASE B,40,10
10397,7,2,DRY,CLASE B-C,40,10
10398,7,2,DRY,CLASE B-C,40,10
10399,7,2,DRY,CLASE B-C,40,10
10400,7,2,DRY,CLASE B-C,40,10
10401,7,2,DRY,CLASE B-C,40,10
10402,7,2,DRY,CLASE B-C,39,10
10403,7,2,DRY,CLASE B-C,40,10
10404,7,2,DRY,CLASE B-C,40,10
10405,7,2,DRY,CLASE B-C,40,10
10406,7,2,DRY,CLASE B-C,40,10
10407,7,2,DRY,CLASE B-C,32,10
10408,4,1,DRY,INSPECTION,29,10
10409,9,1,DRY,INSPECTION,29,10
10410,9,1,DRY,INSPECTION,14,10
10411,9,2,DRY,CLASE B-C,31,10
10412,9,1,DRY,INSPECTION,29,10
10413,9,1,DRY,INSPECTION,26,10
10414,2,1,DRY,INSPECTION,22,10
10415,2,1,DRY,INSPECTION,23,10
10416,2,1,DRY,INSPECTION,24,10
10417,2,2,RF,INSPECTION,35,10
10418,2,1,DRY,CLASE B-C,26,10
10419,1,1,DRY,INSPECTION,26,10
10420,1,1,DRY,INSPECTION,25,10
10421,1,1,DRY,INSPECTION,31,10
10422,1,1,DRY,CLASE D,31,10
10423,1,1,DRY,INSPECTION,31,10
10424,1,1,DRY,INSPECTION,30,10
10425,1,1,DRY,INSPECTION,29,10
10426,1,1,DRY,INSPECTION,31,10
10427,1,1,DRY,INSPECTION,25,10
10428,1,1,DRY,INSPECTION,30,10
10429,1,1,DRY,INSPECTION,25,10
10430,1,1,DRY,INSPECTION,30,10
10431,8,2,RF,CLASE B-C,19,10
10432,6,2,DRY,CLASE B-C,28,10
10433,6,2,RF,CLASE B-C,29,10
10434,7,2,DRY,CLASE B-C,1,10
10435,7,2,DRY,CLASE B-C,1,10
10436,7,2,DRY,CLASE B-C,1,10
10437,7,2,DRY,CLASE B-C,1,10
10438,7,2,DRY,CLASE B-C,1,10
10439,7,2,DRY,CLASE B-C,28,10
10440,7,2,DRY,CLASE B-C,1,10
10441,7,2,DRY,CLASE B-C,4,10
10442,7,2,DRY,CLASE B-C,1,10
10443,7,2,DRY,CLASE B-C,1,10
10444,7,2,DRY,CLASE B-C,1,10
10445,7,2,DRY,CLASE B-C,1,10
10446,7,2,DRY,CLASE B-C,27,10
10447,7,2,DRY,CLASE B-C,1,10
10448,7,2,DRY,CLASE B-C,4,10
10449,7,2,DRY,CLASE B-C,1,10
10450,7,2,DRY,CLASE B-C,1,10
10451,7,2,DRY,CLASE B-C,1,10
10452,7,2,DRY,CLASE B-C,1,10
10453,7,2,DRY,CLASE B-C,1,10
10454,7,2,DRY,CLASE B-C,1,10
10455,7,2,DRY,CLASE B-C,1,10
10456,7,2,DRY,CLASE B-C,1,10
10457,7,2,DRY,CLASE B-C,1,10
10458,7,2,DRY,CLASE B-C,1,10
10459,7,2,DRY,CLASE B-C,4,10
10460,7,2,DRY,CLASE B-C,1,10
10461,7,2,DRY,CLASE B-C,1,10
10462,7,2,DRY,CLASE B-C,1,10
10463,7,2,DRY,CLASE B-C,1,10
10464,7,2,DRY,CLASE B-C,1,10
10465,7,2,DRY,CLASE B-C,1,10
10466,7,2,DRY,CLASE B-C,1,10
10467,7,2,DRY,CLASE B-C,1,10
10468,7,2,DRY,CLASE B-C,1,10
10469,7,2,DRY,CLASE B-C,1,10
10470,7,2,DRY,CLASE B-C,1,10
10471,7,2,DRY,CLASE B-C,4,10
10472,7,2,DRY,CLASE B-C,1,10
10473,7,2,DRY,CLASE B-C,1,10
10474,7,2,DRY,CLASE B-C,28,10
10475,7,2,DRY,CLASE B-C,28,10
10476,7,2,DRY,CLASE B-C,28,10
10477,7,2,DRY,CLASE B-C,28,10
10478,7,2,DRY,CLASE B-C,28,10
10479,7,2,DRY,CLASE D,1,10
10480,7,2,DRY,CLASE B-C,28,10
10481,7,2,DRY,CLASE B-C,28,10
10482,7,2,DRY,CLASE B-C,1,10
10483,7,2,DRY,CLASE B-C,28,10
10484,7,2,DRY,CLASE B-C,1,10
10485,7,2,DRY,CLASE B-C,1,10
10486,7,2,DRY,CLASE B-C,1,10
10487,7,2,DRY,CLASE B-C,28,10
10488,7,2,DRY,CLASE B,28,10
10489,7,2,DRY,CLASE B-C,28,10
10490,7,2,DRY,CLASE B-C,1,10
10491,7,2,DRY,CLASE B-C,1,10
10492,7,2,RF,CLASE B-C,31,10
10493,7,2,DRY,CLASE B-C,27,10
10494,7,2,DRY,CLASE D,1,10
10495,7,2,DRY,CLASE B-C,1,10
10496,7,2,DRY,CLASE B-C,1,10
10497,7,2,DRY,CLASE B-C,1,10
10498,7,2,DRY,CLASE B-C,28,10
10499,2,2,RF,INSPECTION,32,10
10500,1,1,DRY,INSPECTION,30,10
10501,1,1,DRY,INSPECTION,30,10
10502,1,1,DRY,INSPECTION,30,10
10503,1,1,DRY,INSPECTION,30,10
10504,1,1,DRY,CLASE D,30,10
10505,9,1,DRY,INSPECTION,24,10
10506,9,1,DRY,INSPECTION,18,10
10507,2,2,DRY,INSPECTION,24,10
10508,2,1,DRY,INSPECTION,23,10
10509,2,2,DRY,INSPECTION,28,10
10510,2,2,DRY,INSPECTION,28,10
10511,2,2,DRY,INSPECTION,25,10
10512,2,2,DRY,INSPECTION,25,10
10513,2,2,DRY,INSPECTION,28,10
10514,2,1,DRY,INSPECTION,23,10
10515,2,2,DRY,INSPECTION,25,10
10516,2,2,DRY,INSPECTION,28,10
10517,2,2,DRY,INSPECTION,28,10
10518,2,2,DRY,INSPECTION,25,10
10519,2,2,RF,CLASE B-C,24,10
10520,2,2,RF,CLASE B-C,23,10
10521,2,2,RF,CLASE B-C,23,10
10522,2,2,DRY,INSPECTION,28,10
10523,2,2,DRY,CLASE B-C,28,10
10524,2,2,DRY,CLASE B-C,28,10
10525,2,2,RF,CLASE B-C,23,10
10526,2,2,RF,CLASE B-C,24,10
10527,2,2,RF,CLASE B-C,24,10
10528,2,2,RF,CLASE B-C,26,10
10529,2,2,RF,CLASE B-C,24,10
10530,2,2,DRY,CLASE B-C,25,10
10531,2,2,DRY,CLASE B-C,24,10
10532,2,2,DRY,CLASE B-C,24,10
10533,2,2,DRY,CLASE B-C,25,10
10534,2,2,DRY,CLASE B-C,28,10
10535,2,2,DRY,CLASE D,28,10
10536,2,2,DRY,CLASE B-C,28,10
10537,2,2,DRY,CLASE B-C,28,10
10538,2,2,DRY,CLASE B-C,25,10
10539,2,1,DRY,CLASE D,24,10
10540,1,1,DRY,INSPECTION,23,10
10541,1,1,DRY,INSPECTION,24,10
10542,1,1,DRY,INSPECTION,24,10
10543,1,1,DRY,INSPECTION,24,10
10544,1,1,DRY,INSPECTION,23,10
10545,1,1,DRY,INSPECTION,22,10
10546,1,1,DRY,INSPECTION,24,10
10547,1,1,DRY,INSPECTION,22,10
10548,1,1,DRY,INSPECTION,24,10
10549,1,1,DRY,INSPECTION,24,10
10550,2,2,RF,CLASE B-C,24,10
10551,2,2,RF,CLASE B-C,24,10
10552,2,2,RF,CLASE B-C,24,10
10553,2,2,RF,CLASE B-C,23,10
10554,2,2,RF,CLASE B-C,24,10
10555,6,2,DRY,CLASE B-C,28,10
10556,6,2,DRY,CLASE B-C,28,10
10557,6,2,DRY,CLASE B-C,28,10
10558,6,2,DRY,CLASE B-C,28,10
10559,6,2,DRY,CLASE B-C,28,10
10560,6,2,DRY,CLASE B-C,28,10
10561,1,1,DRY,INSPECTION,26,10
10562,1,1,DRY,INSPECTION,25,10
10563,1,1,DRY,INSPECTION,25,10
10564,3,2,DRY,CLASE B-C,25,10
10565,3,2,DRY,CLASE D,25,10
10566,1,1,DRY,INSPECTION,24,10
10567,1,1,DRY,INSPECTION,24,10
10568,1,1,DRY,INSPECTION,24,10
10569,1,1,DRY,INSPECTION,24,10
10570,7,2,DRY,CLASE B-C,22,10
10571,7,2,DRY,CLASE B-C,6,10
10572,7,2,DRY,CLASE B,23,10
10573,7,2,DRY,CLASE B-C,22,10
10574,7,2,DRY,CLASE B-C,19,10
10575,7,2,DRY,CLASE B-C,5,10
10576,7,2,DRY,CLASE B-C,5,10
10577,7,2,DRY,CLASE B-C,24,10
10578,7,2,DRY,CLASE B-C,6,10
10579,7,2,DRY,CLASE B-C,22,10
10580,7,2,DRY,CLASE B-C,22,10
10581,7,2,DRY,CLASE B-C,5,10
10582,7,2,DRY,CLASE B-C,6,10
10583,7,2,DRY,CLASE B-C,5,10
10584,7,2,DRY,CLASE B-C,22,10
10585,7,2,DRY,CLASE B-C,5,10
10586,7,2,DRY,CLASE B-C,20,10
10587,7,2,DRY,CLASE B-C,10,10
10588,1,1,DRY,INSPECTION,24,10
10589,4,1,DRY,INSPECTION,10,10
10590,4,2,DRY,INSPECTION,10,10
10591,9,1,DRY,INSPECTION,15,10
10592,9,1,DRY,INSPECTION,5,10
10593,2,2,DRY,CLASE B-C,22,10
10594,2,2,DRY,INSPECTION,17,10
10595,2,2,DRY,INSPECTION,17,10
10596,2,2,DRY,INSPECTION,19,10
10597,2,2,DRY,INSPECTION,18,10
10598,2,2,DRY,CLASE B-C,3,10
10599,2,2,DRY,CLASE B-C,2,10
10600,2,2,DRY,INSPECTION,18,10
10601,2,2,DRY,INSPECTION,19,10
10602,2,2,DRY,CLASE B-C,19,10
10603,2,2,DRY,INSPECTION,17,10
10604,2,2,DRY,INSPECTION,17,10
10605,2,2,DRY,INSPECTION,17,10
10606,2,2,DRY,INSPECTION,17,10
10607,2,2,DRY,INSPECTION,19,10
10608,2,2,DRY,INSPECTION,19,10
10609,2,2,DRY,INSPECTION,18,10
10610,2,2,DRY,INSPECTION,17,10
10611,2,2,DRY,INSPECTION,18,10
10612,2,2,DRY,INSPECTION,19,10
10613,2,2,DRY,CLASE B-C,2,10
10614,2,2,DRY,INSPECTION,19,10
10615,2,2,DRY,CLASE B-C,2,10
10616,2,2,DRY,INSPECTION,19,10
10617,2,2,DRY,INSPECTION,18,10
10618,2,2,DRY,CLASE B-C,2,10
10619,2,2,DRY,INSPECTION,18,10
10620,2,2,DRY,INSPECTION,19,10
10621,2,2,DRY,INSPECTION,19,10
10622,2,2,DRY,INSPECTION,17,10
10623,2,2,DRY,INSPECTION,17,10
10624,2,2,DRY,CLASE B-C,3,10
10625,2,2,DRY,CLASE B-C,3,10
10626,2,2,DRY,CLASE B-C,2,10
10627,2,2,DRY,CLASE B-C,2,10
10628,2,2,DRY,CLASE B-C,20,10
10629,2,2,DRY,CLASE B-C,19,10
10630,2,2,DRY,INSPECTION,19,10
10631,2,2,DRY,CLASE B-C,20,10
10632,2,2,DRY,INSPECTION,19,10
10633,2,2,DRY,CLASE B-C,3,10
10634,2,2,DRY,INSPECTION,19,10
10635,2,2,DRY,INSPECTION,17,10
10636,2,2,DRY,INSPECTION,19,10
10637,2,2,DRY,INSPECTION,18,10
10638,2,2,DRY,CLASE B-C,18,10
10639,1,1,DRY,INSPECTION,18,10
10640,1,1,DRY,INSPECTION,18,10
10641,1,1,DRY,INSPECTION,17,10
10642,1,1,DRY,INSPECTION,17,10
10643,1,1,DRY,INSPECTION,18,10
10644,1,1,DRY,INSPECTION,17,10
10645,1,1,DRY,INSPECTION,18,10
10646,1,1,DRY,INSPECTION,17,10
10647,1,1,DRY,INSPECTION,17,10
10648,1,1,DRY,INSPECTION,17,10
10649,1,1,DRY,INSPECTION,12,10
10650,1,1,DRY,INSPECTION,12,10
10651,1,1,DRY,INSPECTION,17,10
10652,1,1,DRY,INSPECTION,9,10
10653,1,1,DRY,INSPECTION,12,10
10654,1,1,DRY,INSPECTION,12,10
10655,1,1,DRY,INSPECTION,17,10
10656,1,1,DRY,INSPECTION,18,10
10657,1,1,DRY,INSPECTION,12,10
10658,1,1,DRY,INSPECTION,18,10
10659,1,1,DRY,INSPECTION,17,10
10660,1,1,DRY,INSPECTION,17,10
10661,1,1,DRY,INSPECTION,17,10
10662,1,1,DRY,INSPECTION,17,10
10663,1,1,DRY,INSPECTION,12,10
10664,1,1,DRY,CLASE D,15,10
10665,1,1,DRY,INSPECTION,19,10
10666,1,1,DRY,INSPECTION,19,10
10667,1,1,DRY,INSPECTION,19,10
10668,1,1,DRY,INSPECTION,18,10
10669,1,1,DRY,INSPECTION,19,10
10670,1,1,DRY,INSPECTION,19,10
10671,1,1,DRY,INSPECTION,19,10
10672,8,2,DRY,CLASE B-C,15,10
10673,8,2,DRY,CLASE B-C,15,10
10674,6,2,DRY,CLASE B-C,1,10
10675,6,2,DRY,CLASE B-C,2,10
10676,6,2,DRY,CLASE B-C,2,10
10677,6,2,DRY,CLASE B-C,1,10
10678,6,2,DRY,CLASE B-C,2,10
10679,6,2,DRY,CLASE B-C,1,10
10680,6,2,DRY,CLASE B-C,1,10
10681,6,2,DRY,CLASE B-C,2,10
10682,6,2,DRY,CLASE B,2,10
10683,6,2,DRY,CLASE B-C,1,10
10684,6,2,DRY,CLASE B-C,1,10
10685,6,2,DRY,CLASE B,2,10
10686,6,2,DRY,CLASE B,2,10
10687,6,2,DRY,CLASE B-C,2,10
10688,6,2,DRY,CLASE B-C,2,10
10689,6,2,DRY,CLASE B-C,1,10
10690,6,2,DRY,CLASE B-C,2,10
10691,6,2,DRY,CLASE B-C,1,10
10692,6,2,DRY,CLASE B,2,10
10693,6,2,DRY,CLASE B-C,2,10
10694,6,2,DRY,CLASE B-C,1,10
10695,6,2,DRY,CLASE B-C,1,10
10696,6,2,DRY,CLASE B-C,12,10
10697,6,2,DRY,CLASE B-C,1,10
10698,6,2,DRY,CLASE B-C,2,10
10699,6,2,DRY,CLASE B-C,2,10
10700,6,2,DRY,CLASE B-C,2,10
10701,6,2,DRY,CLASE B-C,1,10
10702,6,2,DRY,CLASE B-C,2,10
10703,6,2,DRY,CLASE B-C,2,10
10704,6,2,DRY,CLASE B-C,1,10
10705,6,2,DRY,CLASE B-C,1,10
10706,6,2,DRY,CLASE B-C,1,10
10707,6,2,DRY,CLASE B-C,1,10
10708,6,2,DRY,CLASE B-C,2,10
10709,6,2,DRY,CLASE B-C,2,10
10710,7,2,DRY,CLASE B-C,6,10
10711,7,2,DRY,CLASE B-C,6,10
10712,7,2,DRY,CLASE B-C,4,10
10713,7,2,DRY,CLASE B-C,8,10
10714,7,2,DRY,CLASE B-C,6,10
10715,7,2,DRY,CLASE B-C,8,10
10716,7,2,DRY,CLASE B-C,9,10
10717,7,2,DRY,CLASE B-C,6,10
10718,7,2,DRY,CLASE B-C,6,10
10719,7,2,DRY,CLASE B-C,6,10
10720,7,2,DRY,CLASE B-C,7,10
10721,7,2,RF,CLASE B-C,8,10
10722,7,2,DRY,CLASE B-C,2,10
10723,7,2,DRY,CLASE B-C,6,10
10724,7,2,DRY,CLASE B-C,2,10
10725,7,2,DRY,CLASE B-C,7,10
10726,7,2,DRY,CLASE B-C,8,10
10727,7,2,DRY,CLASE B-C,1,10
10728,7,2,DRY,CLASE B-C,18,10
10729,7,2,DRY,CLASE B-C,6,10
10730,7,2,DRY,CLASE B-C,6,10
10731,7,2,DRY,CLASE B-C,10,10
10732,7,2,DRY,CLASE B-C,6,10
10733,7,2,RF,CLASE B-C,7,10
10734,7,2,RF,CLASE B-C,6,10
10735,7,2,RF,CLASE B-C,7,10
10736,7,2,RF,CLASE B-C,10,10
10737,7,2,RF,CLASE B-C,7,10
10738,7,2,RF,CLASE B-C,6,10
10739,7,2,DRY,CLASE B-C,8,10
10740,7,2,DRY,CLASE B-C,2,10
10741,7,2,DRY,CLASE B-C,14,10
10742,7,2,DRY,CLASE B-C,10,10
10743,7,2,RF,CLASE B-C,6,10
10744,7,2,RF,CLASE B-C,8,10
10745,7,2,RF,CLASE B-C,11,10
10746,7,2,DRY,CLASE B-C,8,10
10747,7,2,DRY,CLASE B-C,6,10
10748,7,2,RF,CLASE B-C,6,10
10749,7,2,RF,CLASE B-C,8,10
10750,7,2,RF,CLASE B-C,6,10
10751,7,2,DRY,CLASE B-C,8,10
10752,7,2,DRY,CLASE A,6,10
10753,7,2,DRY,CLASE B-C,1,10
10754,7,2,DRY,CLASE B-C,6,10
10755,7,2,DRY,CLASE B-C,10,10
10756,7,2,DRY,CLASE B-C,17,10
10757,7,2,DRY,CLASE B-C,2,10
10758,7,2,DRY,CLASE B-C,14,10
10759,7,2,DRY,CLASE B-C,2,10
10760,7,2,DRY,CLASE B-C,2,10
10761,7,2,DRY,CLASE B-C,4,10
10762,7,2,DRY,CLASE B-C,7,10
10763,7,2,DRY,CLASE B-C,14,10
10764,7,2,DRY,CLASE B-C,2,10
10765,7,2,DRY,CLASE B-C,4,10
10766,7,2,DRY,CLASE B-C,4,10
10767,7,2,DRY,CLASE B-C,6,10
10768,7,2,DRY,CLASE B-C,8,10
10769,7,2,DRY,CLASE B-C,8,10
10770,7,2,DRY,CLASE B-C,4,10
10771,7,2,DRY,CLASE B-C,6,10
10772,7,2,DRY,CLASE B-C,8,10
10773,7,2,DRY,CLASE B-C,6,10
10774,7,2,DRY,CLASE B-C,8,10
10775,7,2,DRY,CLASE B-C,4,10
10776,7,2,DRY,CLASE B-C,10,10
10777,7,2,DRY,CLASE B-C,4,10
10778,7,2,DRY,CLASE B-C,8,10
10779,7,2,DRY,CLASE B-C,8,10
10780,7,2,DRY,CLASE B-C,8,10
10781,7,2,DRY,CLASE B-C,10,10
10782,7,2,DRY,CLASE B-C,4,10
10783,7,2,DRY,CLASE B-C,2,10
10784,7,2,DRY,CLASE B-C,6,10
10785,7,2,RF,CLASE B-C,7,10
10786,7,2,RF,CLASE B-C,7,10
10787,7,2,DRY,CLASE B-C,4,10
10788,7,2,DRY,CLASE B-C,6,10
10789,7,2,DRY,CLASE B-C,2,10
10790,7,2,DRY,CLASE B-C,2,10
10791,7,2,DRY,CLASE B-C,7,10
10792,7,2,DRY,CLASE B-C,7,10
10793,7,2,DRY,CLASE B-C,8,10
10794,7,2,DRY,CLASE B-C,6,10
10795,7,2,RF,CLASE B-C,8,10
10796,7,2,RF,CLASE B-C,8,10
10797,7,2,DRY,CLASE B-C,1,10
10798,7,2,DRY,CLASE B-C,6,10
10799,7,2,DRY,CLASE B-C,4,10
10800,7,2,DRY,CLASE B-C,13,10
10801,7,2,DRY,CLASE B-C,8,10
10802,7,2,DRY,CLASE B-C,14,10
10803,7,2,DRY,CLASE B-C,2,10
10804,7,2,DRY,CLASE B-C,8,10
10805,7,2,DRY,CLASE B-C,8,10
10806,7,2,DRY,CLASE B-C,6,10
10807,7,2,DRY,CLASE B-C,6,10
10808,7,2,DRY,CLASE B-C,2,10
10809,7,2,DRY,CLASE B-C,10,10
10810,7,2,DRY,INSPECTION,1,10
10811,7,2,DRY,CLASE B-C,6,10
10812,7,2,DRY,CLASE B-C,2,10
10813,7,2,DRY,CLASE B-C,1,10
10814,7,2,DRY,CLASE B-C,4,10
10815,7,2,DRY,CLASE B-C,1,10
10816,7,2,DRY,CLASE B-C,6,10
10817,7,2,DRY,CLASE B-C,6,10
10818,7,2,DRY,CLASE B-C,4,10
10819,7,2,DRY,CLASE B,10,10
10820,7,2,DRY,CLASE B-C,14,10
10821,7,2,DRY,CLASE B-C,8,10
10822,7,2,DRY,CLASE B-C,2,10
10823,7,2,DRY,CLASE B-C,7,10
10824,7,2,DRY,CLASE D,6,10
10825,7,2,DRY,CLASE B-C,10,10
10826,7,2,DRY,CLASE B-C,8,10
10827,7,2,DRY,CLASE B-C,6,10
10828,7,2,DRY,CLASE B-C,17,10
10829,7,2,DRY,CLASE B-C,8,10
10830,7,2,DRY,CLASE B-C,13,10
10831,7,2,DRY,CLASE B-C,6,10
10832,7,2,DRY,CLASE B-C,2,10
10833,7,2,DRY,CLASE B,10,10
10834,7,2,DRY,CLASE B-C,10,10
10835,7,2,DRY,CLASE B-C,7,10
10836,7,2,DRY,CLASE B,5,10
10837,7,2,DRY,CLASE B-C,8,10
10838,7,2,RF,CLASE B-C,6,10
10839,7,2,RF,CLASE B-C,6,10
10840,7,2,RF,CLASE B-C,6,10
10841,7,2,RF,CLASE B-C,6,10
10842,7,2,DRY,CLASE B-C,1,10
10843,7,2,RF,CLASE B-C,6,10
10844,7,2,DRY,CLASE B-C,4,10
10845,7,2,RF,CLASE B-C,8,10
10846,7,2,DRY,CLASE B-C,6,10
10847,7,2,DRY,CLASE B-C,10,10
10848,7,2,DRY,CLASE B-C,10,10
10849,7,2,DRY,CLASE B-C,8,10
10850,7,2,DRY,CLASE B-C,6,10
10851,7,2,DRY,CLASE B-C,1,10
10852,7,2,DRY,CLASE B-C,6,10
10853,7,2,DRY,CLASE B-C,1,10
10854,7,2,DRY,CLASE B-C,6,10
10855,7,2,DRY,CLASE B-C,16,10
10856,7,2,DRY,CLASE B-C,7,10
10857,7,2,DRY,CLASE B-C,2,10
10858,7,2,DRY,CLASE B-C,4,10
10859,7,2,DRY,CLASE B-C,2,10
10860,7,2,DRY,CLASE B-C,6,10
10861,7,2,DRY,CLASE B-C,6,10
10862,7,2,DRY,CLASE B-C,8,10
10863,7,2,DRY,CLASE B-C,6,10
10864,7,2,DRY,CLASE B-C,6,10
10865,7,2,DRY,CLASE B-C,10,10
10866,7,2,DRY,CLASE B-C,8,10
10867,7,2,DRY,CLASE B-C,10,10
10868,7,2,RF,CLASE B-C,9,10
10869,7,2,DRY,CLASE B-C,4,10
10870,7,2,DRY,CLASE B-C,14,10
10871,7,2,DRY,CLASE B-C,17,10
10872,7,2,DRY,CLASE B-C,16,10
10873,7,2,DRY,CLASE B-C,1,10
10874,7,2,DRY,CLASE B-C,10,10
10875,7,2,DRY,CLASE B-C,6,10
10876,7,2,DRY,CLASE B-C,14,10
10877,7,2,DRY,CLASE B-C,6,10
10878,7,2,DRY,CLASE B-C,8,10
10879,7,2,DRY,CLASE B-C,8,10
10880,7,2,DRY,CLASE B-C,6,10
10881,7,2,DRY,CLASE B-C,4,10
10882,7,2,RF,CLASE B-C,10,10
10883,7,2,DRY,CLASE B-C,6,10
10884,7,2,DRY,CLASE B-C,1,10
10885,7,2,DRY,CLASE B-C,4,10
10886,7,2,DRY,CLASE B-C,6,10
10887,1,1,DRY,INSPECTION,18,10
10888,7,2,DRY,CLASE B-C,20,10
10889,7,2,DRY,CLASE B-C,20,10
10890,7,2,DRY,CLASE B-C,20,10
10891,2,2,DRY,INSPECTION,3,10
10892,2,2,DRY,INSPECTION,12,10
10893,2,2,DRY,INSPECTION,12,10
10894,2,2,DRY,INSPECTION,12,10
10895,2,2,DRY,INSPECTION,11,10
10896,2,2,DRY,INSPECTION,3,10
10897,2,2,DRY,INSPECTION,3,10
10898,2,2,DRY,INSPECTION,3,10
10899,2,2,DRY,INSPECTION,11,10
10900,2,2,DRY,INSPECTION,11,10
10901,2,2,DRY,INSPECTION,12,10
10902,2,2,DRY,INSPECTION,14,10
10903,2,2,DRY,INSPECTION,3,10
10904,2,2,DRY,INSPECTION,11,10
10905,2,2,DRY,INSPECTION,11,10
10906,2,2,DRY,INSPECTION,11,10
10907,2,2,DRY,INSPECTION,3,10
10908,2,2,DRY,INSPECTION,3,10
10909,2,2,DRY,CLASE B-C,11,10
10910,2,2,DRY,INSPECTION,11,10
10911,2,2,DRY,CLASE B-C,11,10
10912,2,2,DRY,INSPECTION,3,10
10913,2,2,DRY,CLASE B-C,11,10
10914,2,2,DRY,INSPECTION,11,10
10915,2,2,DRY,INSPECTION,11,10
10916,2,2,DRY,INSPECTION,11,10
10917,2,2,DRY,CLASE B-C,12,10
10918,2,2,DRY,INSPECTION,12,10
10919,2,2,DRY,INSPECTION,11,10
10920,2,2,DRY,INSPECTION,11,10
10921,2,2,DRY,INSPECTION,14,10
10922,2,2,DRY,CLASE B-C,9,10
10923,2,2,DRY,CLASE B-C,12,10
10924,2,2,DRY,INSPECTION,12,10
10925,2,2,DRY,CLASE B-C,3,10
10926,2,2,DRY,INSPECTION,11,10
10927,2,2,DRY,INSPECTION,11,10
10928,2,2,DRY,INSPECTION,11,10
10929,2,2,DRY,CLASE B-C,9,10
10930,2,2,DRY,CLASE B-C,11,10
10931,2,2,DRY,CLASE B-C,3,10
10932,2,2,DRY,INSPECTION,11,10
10933,2,2,DRY,CLASE B-C,9,10
10934,2,2,DRY,CLASE B-C,10,10
10935,2,2,DRY,CLASE B-C,3,10
10936,2,2,DRY,CLASE B-C,3,10
10937,2,2,DRY,CLASE B-C,9,10
10938,2,2,DRY,INSPECTION,11,10
10939,2,2,DRY,INSPECTION,14,10
10940,2,2,DRY,INSPECTION,11,10
10941,2,2,DRY,INSPECTION,11,10
10942,2,2,DRY,CLASE B-C,12,10
10943,2,2,DRY,CLASE B-C,12,10
10944,7,2,DRY,CLASE B-C,4,10
10945,7,2,DRY,CLASE B-C,5,10
10946,7,2,DRY,CLASE A,7,10
10947,7,2,DRY,CLASE B,5,10
10948,7,2,DRY,CLASE A,7,10
10949,7,2,DRY,CLASE B-C,8,10
10950,7,2,DRY,CLASE B-C,1,10
10951,7,2,DRY,CLASE A,4,10
10952,7,2,DRY,CLASE B-C,7,10
10953,7,2,DRY,CLASE B-C,7,10
10954,7,2,DRY,CLASE B-C,7,10
10955,7,2,DRY,CLASE B-C,1,10
10956,7,2,DRY,CLASE B-C,5,10
10957,7,2,DRY,CLASE B-C,8,10
10958,7,2,DRY,CLASE B-C,5,10
10959,7,2,RF,CLASE B-C,8,10
10960,7,2,DRY,CLASE B-C,9,10
10961,7,2,DRY,CLASE B-C,3,10
10962,7,2,DRY,CLASE B-C,5,10
10963,7,2,DRY,CLASE B-C,1,10
10964,7,2,DRY,CLASE B-C,8,10
10965,7,2,DRY,CLASE B-C,2,10
10966,7,2,DRY,CLASE B-C,8,10
10967,7,2,DRY,CLASE B-C,4,10
10968,7,2,DRY,CLASE B-C,8,10
10969,7,2,DRY,CLASE B-C,1,10
10970,7,2,DRY,CLASE B-C,10,10
10971,7,2,DRY,CLASE B-C,7,10
10972,7,2,DRY,CLASE B-C,6,10
10973,7,2,DRY,CLASE B-C,8,10
10974,7,2,DRY,CLASE B-C,5,10
10975,7,2,DRY,CLASE B-C,1,10
10976,7,2,DRY,CLASE B-C,8,10
10977,7,2,DRY,CLASE B-C,7,10
10978,7,2,DRY,CLASE B-C,8,10
10979,7,2,DRY,CLASE B-C,4,10
10980,7,2,DRY,CLASE B-C,5,10
10981,7,2,DRY,CLASE B-C,1,10
10982,7,2,DRY,CLASE B-C,2,10
10983,7,2,DRY,CLASE B-C,7,10
10984,7,2,DRY,CLASE D,8,10
10985,7,2,DRY,CLASE B-C,1,10
10986,7,2,DRY,CLASE B-C,1,10
10987,7,2,DRY,CLASE B-C,7,10
10988,7,2,DRY,CLASE B-C,1,10
10989,7,2,DRY,CLASE B-C,1,10
10990,7,2,DRY,CLASE B-C,5,10
10991,7,2,DRY,CLASE B-C,4,10
10992,7,2,DRY,CLASE B-C,4,10
10993,7,2,DRY,CLASE B-C,5,10
10994,7,2,DRY,CLASE B-C,8,10
10995,7,2,DRY,CLASE B-C,1,10
10996,7,2,DRY,CLASE B-C,1,10
10997,7,2,DRY,CLASE B-C,1,10
10998,7,2,DRY,CLASE B-C,7,10
10999,7,2,DRY,CLASE B-C,5,10
11000,7,2,DRY,CLASE B-C,1,10
11001,7,2,DRY,CLASE B-C,4,10
11002,7,2,DRY,CLASE B-C,1,10
11003,7,2,DRY,CLASE B-C,1,10
11004,7,2,DRY,CLASE B-C,7,10
11005,7,2,DRY,CLASE B-C,4,10
11006,7,2,DRY,CLASE B-C,7,10
11007,7,2,DRY,CLASE B-C,7,10
11008,7,2,DRY,CLASE B-C,1,10
11009,7,2,DRY,CLASE B-C,8,10
11010,7,2,DRY,CLASE B-C,8,10
11011,7,2,DRY,CLASE B-C,8,10
11012,7,2,DRY,CLASE B-C,6,10
11013,7,2,DRY,CLASE D,5,10
11014,7,2,DRY,CLASE B-C,1,10
11015,7,2,DRY,CLASE B-C,8,10
11016,7,2,DRY,CLASE B-C,7,10
11017,7,2,DRY,CLASE B-C,2,10
11018,7,2,DRY,CLASE B-C,4,10
11019,7,2,DRY,CLASE B-C,1,10
11020,7,2,DRY,CLASE B-C,1,10
11021,7,2,DRY,CLASE B-C,5,10
11022,7,2,DRY,CLASE B-C,1,10
11023,7,2,DRY,CLASE B-C,8,10
11024,7,2,RF,CLASE B-C,9,10
11025,7,2,DRY,CLASE B-C,1,10
11026,7,2,RF,CLASE B-C,9,10
11027,7,2,DRY,CLASE B-C,8,10
11028,7,2,RF,CLASE B-C,8,10
11029,7,2,DRY,CLASE B-C,1,10
11030,7,2,DRY,CLASE B-C,1,10
11031,7,2,DRY,CLASE B-C,8,10
11032,7,2,DRY,CLASE B-C,7,10
11033,7,2,DRY,CLASE B-C,1,10
11034,7,2,DRY,CLASE B-C,7,10
11035,7,2,DRY,CLASE B-C,1,10
11036,7,2,DRY,CLASE B-C,8,10
11037,7,2,DRY,CLASE B-C,1,10
11038,7,2,DRY,CLASE B-C,7,10
11039,7,2,DRY,CLASE B-C,8,10
11040,7,2,DRY,CLASE A,1,10
11041,7,2,DRY,CLASE B-C,8,10
11042,7,2,DRY,CLASE B-C,1,10
11043,7,2,DRY,CLASE B-C,8,10
11044,7,2,DRY,CLASE B-C,2,10
11045,7,2,DRY,CLASE B-C,7,10
11046,7,2,DRY,CLASE A,1,10
11047,7,2,DRY,CLASE B-C,2,10
11048,7,2,DRY,CLASE B-C,2,10
11049,7,2,DRY,CLASE B,9,10
11050,7,2,DRY,CLASE B-C,1,10
11051,7,2,DRY,CLASE B-C,7,10
11052,7,2,DRY,CLASE B-C,1,10
11053,7,2,DRY,CLASE B-C,8,10
11054,7,2,DRY,CLASE B-C,5,10
11055,7,2,DRY,CLASE B-C,3,10
11056,7,2,DRY,CLASE B-C,1,10
11057,7,2,DRY,CLASE B-C,4,10
11058,7,2,DRY,CLASE B-C,10,10
11059,7,2,DRY,CLASE B-C,1,10
11060,7,2,DRY,CLASE A,4,10
11061,7,2,DRY,CLASE B-C,5,10
11062,7,2,DRY,CLASE B-C,8,10
11063,7,2,DRY,CLASE B-C,7,10
11064,7,2,DRY,CLASE B-C,1,10
11065,7,2,DRY,CLASE B-C,1,10
11066,7,2,DRY,CLASE B-C,8,10
11067,7,2,DRY,CLASE B-C,4,10
11068,7,2,DRY,CLASE B-C,9,10
11069,7,2,DRY,CLASE B-C,8,10
11070,7,2,DRY,CLASE B-C,7,10
11071,7,2,DRY,CLASE B-C,1,10
11072,7,2,DRY,CLASE B-C,9,10
11073,7,2,DRY,CLASE B-C,10,10
11074,7,2,DRY,CLASE B-C,1,10
11075,7,2,DRY,CLASE B-C,2,10
11076,7,2,DRY,CLASE B-C,1,10
11077,7,2,DRY,CLASE B-C,8,10
11078,7,2,DRY,CLASE B-C,8,10
11079,7,2,DRY,CLASE B-C,2,10
11080,7,2,DRY,CLASE B-C,5,10
11081,7,2,DRY,CLASE B-C,7,10
11082,7,2,DRY,CLASE B-C,1,10
11083,7,2,DRY,CLASE B-C,1,10
11084,7,2,DRY,CLASE B-C,7,10
11085,7,2,DRY,CLASE B-C,8,10
11086,7,2,DRY,CLASE B-C,7,10
11087,7,2,DRY,CLASE B-C,7,10
11088,7,2,DRY,CLASE B-C,8,10
11089,7,2,DRY,CLASE B-C,8,10
11090,7,2,DRY,CLASE B-C,4,10
11091,7,2,DRY,CLASE B-C,1,10
11092,7,2,DRY,CLASE B-C,8,10
11093,7,2,DRY,CLASE B-C,8,10
11094,7,2,DRY,CLASE B-C,2,10
11095,7,2,DRY,CLASE B-C,6,10
11096,7,2,DRY,CLASE B-C,2,10
11097,7,2,DRY,CLASE B-C,9,10
11098,7,2,DRY,CLASE B-C,5,10
11099,7,2,DRY,CLASE B-C,8,10
11100,7,2,DRY,CLASE B-C,4,10
11101,7,2,DRY,CLASE B-C,2,10
11102,7,2,DRY,CLASE B-C,4,10
11103,7,2,DRY,CLASE B-C,2,10
11104,7,2,DRY,CLASE B-C,5,10
11105,7,2,DRY,CLASE B-C,8,10
11106,7,2,DRY,CLASE B-C,1,10
11107,7,2,DRY,CLASE B-C,1,10
11108,7,2,DRY,CLASE B-C,1,10
11109,7,2,DRY,CLASE B-C,8,10
11110,7,2,DRY,CLASE B-C,2,10
11111,7,2,DRY,CLASE B-C,1,10
11112,7,2,DRY,CLASE B-C,2,10
11113,7,2,DRY,CLASE B-C,8,10
11114,7,2,DRY,CLASE B-C,1,10
11115,7,2,DRY,CLASE B-C,1,10
11116,7,2,DRY,CLASE B-C,8,10
11117,7,2,DRY,CLASE B-C,1,10
11118,7,2,DRY,CLASE B-C,8,10
11119,7,2,DRY,CLASE B-C,1,10
11120,7,2,DRY,CLASE B-C,5,10
11121,7,2,DRY,CLASE B-C,8,10
11122,7,2,DRY,CLASE B-C,8,10
11123,7,2,DRY,CLASE B-C,8,10
11124,7,2,DRY,CLASE B-C,8,10
11125,7,2,DRY,CLASE B-C,1,10
11126,7,2,DRY,CLASE B-C,8,10
11127,7,2,DRY,CLASE B-C,8,10
11128,7,2,DRY,CLASE B-C,2,10
11129,7,2,DRY,CLASE B-C,8,10
11130,7,2,DRY,CLASE B-C,8,10
11131,7,2,DRY,CLASE B-C,3,10
11132,7,2,DRY,CLASE B-C,9,10
11133,7,2,DRY,CLASE B-C,2,10
11134,7,2,DRY,CLASE B-C,8,10
11135,7,2,DRY,CLASE B-C,7,10
11136,7,2,DRY,CLASE B-C,4,10
11137,7,2,DRY,CLASE B-C,4,10
11138,7,2,DRY,CLASE B-C,8,10
11139,7,2,DRY,CLASE B-C,10,10
11140,7,2,DRY,CLASE B-C,8,10
11141,7,2,DRY,CLASE B-C,9,10
11142,7,2,DRY,CLASE B-C,8,10
11143,7,2,DRY,CLASE B-C,2,10
11144,7,2,DRY,CLASE B-C,6,10
11145,7,2,DRY,CLASE B-C,5,10
11146,7,2,DRY,CLASE B-C,8,10
11147,7,2,DRY,CLASE B-C,8,10
11148,7,2,DRY,CLASE B-C,5,10
11149,7,2,DRY,CLASE B-C,5,10
11150,7,2,DRY,CLASE B-C,7,10
11151,7,2,DRY,CLASE B-C,8,10
11152,7,2,DRY,CLASE B-C,7,10
11153,7,2,DRY,CLASE B-C,10,10
11154,7,2,DRY,CLASE B-C,8,10
11155,7,2,DRY,CLASE B-C,7,10
11156,7,2,DRY,CLASE B-C,7,10
11157,7,2,DRY,CLASE B-C,1,10
11158,7,2,DRY,CLASE B-C,8,10
11159,7,2,DRY,CLASE B-C,5,10
11160,7,2,DRY,CLASE B-C,8,10
11161,7,2,DRY,CLASE B-C,7,10
11162,7,2,DRY,CLASE B-C,6,10
11163,7,2,DRY,CLASE B-C,4,10
11164,7,2,DRY,CLASE B-C,1,10
11165,7,2,DRY,CLASE B-C,6,10
11166,7,2,DRY,CLASE B-C,1,10
11167,7,2,DRY,CLASE B-C,8,10
11168,7,2,DRY,CLASE A,5,10
11169,7,2,DRY,CLASE B-C,8,10
11170,7,2,DRY,CLASE B-C,8,10
11171,7,2,DRY,CLASE B-C,8,10
11172,7,2,DRY,CLASE B-C,7,10
11173,7,2,DRY,CLASE B-C,7,10
11174,7,2,DRY,CLASE B-C,1,10
11175,7,2,DRY,CLASE B-C,3,10
11176,7,2,DRY,INSPECTION,1,10
11177,7,2,DRY,CLASE B-C,7,10
11178,7,2,DRY,CLASE B-C,8,10
11179,7,2,DRY,CLASE B-C,1,10
11180,7,2,DRY,CLASE B-C,8,10
11181,7,2,DRY,CLASE B-C,7,10
11182,7,2,DRY,CLASE B-C,1,10
11183,7,2,DRY,CLASE B-C,4,10
11184,7,2,DRY,CLASE B-C,5,10
11185,7,2,DRY,CLASE B-C,8,10
11186,7,2,DRY,CLASE B-C,8,10
11187,7,2,DRY,CLASE B-C,2,10
11188,7,2,DRY,CLASE B-C,1,10
11189,7,2,DRY,CLASE B-C,8,10
11190,7,2,DRY,CLASE B-C,10,10
11191,7,2,DRY,CLASE B-C,1,10
11192,7,2,DRY,CLASE B-C,7,10
11193,7,2,DRY,CLASE B-C,6,10
11194,7,2,DRY,CLASE B-C,4,10
11195,7,2,DRY,CLASE B-C,5,10
11196,7,2,DRY,CLASE B-C,2,10
11197,7,2,DRY,CLASE B-C,5,10
11198,7,2,DRY,CLASE B-C,8,10
11199,7,2,DRY,CLASE B-C,8,10
11200,7,2,DRY,CLASE B-C,1,10
11201,7,2,DRY,CLASE B-C,5,10
11202,7,2,DRY,CLASE B,6,10
11203,7,2,DRY,CLASE B-C,8,10
11204,7,2,DRY,CLASE B-C,7,10
11205,7,2,DRY,CLASE B-C,8,10
11206,7,2,DRY,CLASE B-C,1,10
11207,7,2,RF,CLASE B-C,9,10
11208,7,2,DRY,INSPECTION,1,10
11209,7,2,DRY,CLASE B-C,4,10
11210,7,2,DRY,CLASE B-C,5,10
11211,7,2,DRY,CLASE B-C,1,10
11212,7,2,DRY,CLASE B-C,8,10
11213,7,2,DRY,CLASE B-C,8,10
11214,7,2,DRY,CLASE B-C,1,10
11215,7,2,DRY,CLASE B-C,1,10
11216,7,2,DRY,CLASE B-C,1,10
11217,7,2,DRY,CLASE B-C,5,10
11218,7,2,DRY,CLASE B-C,7,10
11219,7,2,DRY,CLASE B-C,9,10
11220,7,2,DRY,CLASE B-C,1,10
11221,7,2,DRY,CLASE B-C,1,10
11222,7,2,DRY,CLASE B-C,8,10
11223,7,2,DRY,CLASE B-C,3,10
11224,7,2,DRY,CLASE B-C,8,10
11225,7,2,DRY,CLASE B-C,2,10
11226,7,2,DRY,CLASE B-C,7,10
11227,7,2,DRY,CLASE B-C,4,10
11228,7,2,DRY,CLASE B-C,1,10
11229,7,2,DRY,CLASE B-C,2,10
11230,7,2,DRY,CLASE B-C,8,10
11231,7,2,DRY,CLASE B-C,5,10
11232,7,2,DRY,CLASE B-C,1,10
11233,7,2,DRY,CLASE B-C,1,10
11234,7,2,DRY,CLASE B-C,9,10
11235,7,2,DRY,CLASE B-C,1,10
11236,7,2,DRY,CLASE B-C,7,10
11237,7,2,DRY,CLASE B-C,7,10
11238,7,2,DRY,CLASE B-C,1,10
11239,7,2,DRY,CLASE B-C,9,10
11240,7,2,DRY,CLASE B-C,8,10
11241,7,2,DRY,CLASE B-C,6,10
11242,7,2,RF,CLASE B-C,8,10
11243,7,2,DRY,CLASE B-C,5,10
11244,7,2,DRY,CLASE D,8,10
11245,7,2,DRY,CLASE B-C,5,10
11246,7,2,DRY,CLASE B-C,7,10
11247,7,2,DRY,CLASE B,5,10
11248,7,2,DRY,CLASE B-C,5,10
11249,7,2,DRY,CLASE B-C,1,10
11250,7,2,DRY,CLASE B-C,5,10
11251,7,2,DRY,CLASE B-C,1,10
11252,7,2,DRY,CLASE B-C,1,10
11253,7,2,DRY,CLASE B-C,1,10
11254,7,2,DRY,CLASE B-C,8,10
11255,7,2,DRY,CLASE B-C,7,10
11256,7,2,DRY,CLASE B-C,10,10
11257,7,2,DRY,CLASE B-C,1,10
11258,7,2,DRY,CLASE B-C,9,10
11259,7,2,DRY,CLASE B-C,1,10
11260,7,2,DRY,CLASE B-C,1,10
11261,7,2,DRY,CLASE B-C,8,10
11262,7,2,DRY,CLASE B-C,1,10
11263,7,2,DRY,CLASE B-C,8,10
11264,7,2,DRY,CLASE B-C,8,10
11265,7,2,DRY,CLASE B-C,8,10
11266,7,2,DRY,CLASE B-C,1,10
11267,7,2,DRY,CLASE B-C,1,10
11268,7,2,DRY,CLASE B-C,7,10
11269,7,2,DRY,CLASE B-C,1,10
11270,7,2,DRY,CLASE B-C,1,10
11271,7,2,DRY,CLASE B-C,1,10
11272,7,2,DRY,CLASE B-C,8,10
11273,7,2,DRY,CLASE B-C,1,10
11274,7,2,DRY,CLASE B-C,1,10
11275,7,2,DRY,CLASE B-C,1,10
11276,7,2,DRY,CLASE B-C,8,10
11277,7,2,DRY,CLASE B-C,7,10
11278,7,2,DRY,CLASE B-C,8,10
11279,7,2,DRY,CLASE B-C,2,10
11280,7,2,DRY,CLASE B-C,8,10
11281,7,2,DRY,CLASE B-C,1,10
11282,7,2,DRY,CLASE B-C,9,10
11283,7,2,DRY,CLASE B-C,1,10
11284,7,2,DRY,CLASE B-C,1,10
11285,7,2,DRY,CLASE B-C,1,10
11286,7,2,DRY,CLASE B-C,4,10
11287,7,2,DRY,CLASE B-C,8,10
11288,7,2,DRY,CLASE B-C,1,10
11289,7,2,DRY,CLASE B-C,1,10
11290,7,2,DRY,CLASE B-C,6,10
11291,7,2,DRY,CLASE B,8,10
11292,7,2,DRY,CLASE B,8,10
11293,7,2,DRY,CLASE A,8,10
11294,7,2,DRY,CLASE A,4,10
11295,7,2,DRY,CLASE B-C,7,10
11296,7,2,DRY,CLASE B-C,1,10
11297,7,2,DRY,CLASE B-C,2,10
11298,7,2,DRY,CLASE B-C,8,10
11299,7,2,DRY,CLASE B-C,4,10
11300,7,2,DRY,CLASE B-C,5,10
11301,7,2,DRY,CLASE B-C,1,10
11302,7,2,DRY,CLASE B-C,3,10
11303,7,2,DRY,CLASE B-C,2,10
11304,7,2,DRY,CLASE B-C,1,10
11305,7,2,DRY,CLASE B-C,8,10
11306,7,2,DRY,CLASE B-C,4,10
11307,7,2,DRY,CLASE B-C,5,10
11308,7,2,DRY,CLASE B-C,5,10
11309,7,2,DRY,CLASE B-C,5,10
11310,7,2,DRY,CLASE B-C,5,10
11311,7,2,DRY,CLASE B-C,4,10
11312,7,2,DRY,CLASE B-C,5,10
11313,7,2,DRY,CLASE B-C,5,10
11314,7,2,DRY,CLASE B-C,5,10
11315,7,2,DRY,CLASE B-C,4,10
11316,4,1,DRY,INSPECTION,10,10
11317,1,1,DRY,INSPECTION,10,10
11318,4,1,DRY,INSPECTION,8,10
11319,4,1,DRY,INSPECTION,8,10
11320,4,1,DRY,INSPECTION,8,10
11321,4,1,DRY,INSPECTION,8,10
11322,4,1,DRY,INSPECTION,8,10
11323,4,1,DRY,INSPECTION,7,10
11324,9,1,DRY,INSPECTION,7,10
11325,2,2,DRY,CLASE B-C,2,10
11326,2,2,DRY,CLASE B-C,2,10
11327,4,2,DRY,CLASE B-C,6,10
11328,4,2,DRY,CLASE B-C,6,10
11329,6,2,RF,CLASE B-C,6,10
11330,6,2,DRY,CLASE B-C,6,10
11331,7,2,DRY,CLASE B-C,1,10
11332,7,2,DRY,CLASE B-C,2,10
11333,7,2,DRY,CLASE B-C,1,10
11334,7,2,DRY,CLASE B-C,1,10
11335,7,2,DRY,CLASE B-C,2,10
11336,7,2,DRY,CLASE B-C,2,10
11337,7,2,DRY,CLASE B-C,1,10
11338,7,2,DRY,CLASE B-C,2,10
11339,7,2,DRY,CLASE B-C,1,10
11340,7,2,DRY,CLASE B-C,1,10
11341,7,2,DRY,CLASE B-C,1,10
11342,7,2,DRY,CLASE B-C,1,10
11343,7,2,DRY,CLASE B-C,1,10
11344,7,2,DRY,CLASE B-C,1,10
11345,7,2,DRY,CLASE B-C,1,10
11346,7,2,DRY,CLASE B-C,1,10
11347,7,2,DRY,CLASE B-C,2,10
11348,7,2,DRY,CLASE B-C,1,10
11349,7,2,DRY,CLASE B-C,1,10
11350,7,2,DRY,CLASE B-C,1,10
11351,7,2,DRY,CLASE B-C,2,10
11352,7,2,DRY,CLASE B-C,1,10
11353,7,2,DRY,CLASE B-C,1,10
11354,7,2,DRY,CLASE B-C,2,10
11355,7,2,DRY,CLASE B-C,1,10
11356,7,2,DRY,CLASE B-C,1,10
11357,7,2,DRY,CLASE B-C,1,10
11358,7,2,DRY,CLASE B-C,1,10
11359,7,2,DRY,CLASE B-C,1,10
11360,7,2,DRY,CLASE B-C,1,10
11361,7,2,DRY,CLASE B-C,1,10
11362,7,2,DRY,CLASE B-C,1,10
11363,7,2,DRY,CLASE B-C,2,10
11364,7,2,DRY,CLASE B-C,2,10
11365,7,2,DRY,CLASE B-C,2,10
11366,7,2,DRY,CLASE B-C,1,10
11367,7,2,DRY,CLASE B-C,1,10
11368,7,2,DRY,CLASE B-C,1,10
11369,7,2,DRY,CLASE B-C,1,10
11370,7,2,DRY,CLASE B-C,1,10
11371,7,2,DRY,CLASE B-C,1,10
11372,7,2,DRY,CLASE B-C,2,10
11373,7,2,DRY,CLASE B-C,1,10
11374,7,2,DRY,CLASE B-C,1,10
11375,7,2,DRY,CLASE B-C,1,10
11376,7,2,DRY,CLASE B-C,1,10
11377,7,2,DRY,CLASE B,1,10
11378,7,2,DRY,CLASE B-C,1,10
11379,7,2,DRY,CLASE B-C,1,10
11380,7,2,DRY,CLASE B-C,1,10
11381,7,2,DRY,CLASE B-C,2,10
11382,7,2,DRY,CLASE B-C,1,10
11383,7,2,DRY,CLASE B-C,2,10
11384,7,2,DRY,CLASE B-C,1,10
11385,7,2,DRY,CLASE B-C,1,10
11386,7,2,DRY,CLASE B-C,3,10
11387,7,2,DRY,CLASE B-C,3,10
11388,7,2,DRY,CLASE B-C,1,10
11389,7,2,DRY,CLASE B-C,1,10
11390,7,2,DRY,CLASE B-C,3,10
11391,7,2,DRY,CLASE B-C,2,10
11392,7,2,DRY,CLASE B-C,1,10
11393,7,2,DRY,CLASE B-C,1,10
11394,7,2,DRY,CLASE B-C,1,10
11395,7,2,DRY,CLASE B-C,1,10
11396,7,2,DRY,CLASE B-C,1,10
11397,7,2,DRY,CLASE B-C,1,10
11398,7,2,DRY,CLASE B-C,3,10
11399,7,2,DRY,CLASE B-C,3,10
11400,7,2,DRY,CLASE B-C,3,10
11401,7,2,DRY,CLASE B-C,1,10
11402,7,2,DRY,CLASE B-C,2,10
11403,7,2,DRY,CLASE B-C,1,10
11404,7,2,DRY,CLASE B,2,10
11405,7,2,DRY,CLASE B,1,10
11406,7,2,DRY,CLASE B-C,2,10
11407,7,2,DRY,CLASE B-C,4,10
11408,7,2,DRY,CLASE B-C,3,10
11409,3,2,DRY,CLASE B-C,1,10
11410,7,2,DRY,CLASE B-C,2,10
