,Owner,Size,Type,Quality,DaysInDeposit,week
0,7,2,DRY,CLASE B-C,7,11
1,7,2,DRY,CLASE A,7,11
2,7,2,DRY,CLASE B-C,17,11
3,7,2,DRY,CLASE A,7,11
4,7,2,DRY,CLASE B-C,7,11
5,7,2,DRY,CLASE B-C,8,11
6,7,2,DRY,CLASE B-C,8,11
7,7,2,DRY,CLASE D,7,11
8,7,2,DRY,CLASE B-C,2,11
9,7,2,DRY,CLASE B-C,7,11
10,7,2,DRY,CLASE B-C,7,11
11,7,2,DRY,CLASE B-C,7,11
12,7,2,DRY,CLASE B-C,7,11
13,2,2,DRY,CLASE B-C,3,11
14,2,2,DRY,CLASE B-C,68,11
15,2,2,DRY,CLASE B-C,68,11
16,7,2,DRY,CLASE B-C,24,11
17,7,2,DRY,CLASE B-C,18,11
18,7,2,DRY,CLASE B-C,16,11
19,7,2,DRY,CLASE B-C,2,11
20,7,2,DRY,CLASE B-C,2,11
21,7,2,DRY,CLASE B-C,7,11
22,7,2,DRY,CLASE B-C,11,11
23,7,2,DRY,CLASE B-C,7,11
24,7,2,DRY,CLASE B-C,12,11
25,7,2,DRY,CLASE B-C,8,11
26,7,2,DRY,CLASE B-C,8,11
27,7,2,DRY,CLASE B-C,8,11
28,7,2,DRY,CLASE B-C,8,11
29,7,2,DRY,CLASE B-C,12,11
30,7,2,DRY,CLASE B-C,47,11
31,6,2,RF,CLASE B-C,31,11
32,7,2,DRY,CLASE B-C,28,11
33,7,2,DRY,CLASE B-C,35,11
34,2,2,RF,CLASE B-C,26,11
35,2,2,RF,CLASE B-C,26,11
36,2,2,RF,CLASE B-C,26,11
37,7,2,DRY,CLASE B-C,25,11
38,7,2,DRY,CLASE B-C,25,11
39,7,2,DRY,CLASE B-C,22,11
40,7,2,DRY,CLASE B-C,16,11
41,7,2,DRY,CLASE B-C,12,11
42,7,2,DRY,CLASE B-C,16,11
43,7,2,DRY,CLASE B-C,16,11
44,7,2,DRY,CLASE B-C,16,11
45,7,2,DRY,CLASE B-C,16,11
46,7,2,DRY,CLASE B-C,12,11
47,7,2,DRY,CLASE B-C,12,11
48,7,2,DRY,CLASE B-C,16,11
49,7,2,DRY,CLASE B-C,12,11
50,7,2,DRY,CLASE B-C,16,11
51,7,2,DRY,CLASE B-C,12,11
52,7,2,DRY,CLASE B-C,16,11
53,7,2,DRY,CLASE B-C,16,11
54,7,2,DRY,CLASE B-C,16,11
55,7,2,DRY,CLASE B-C,16,11
56,7,2,DRY,CLASE B-C,16,11
57,7,2,DRY,CLASE B-C,16,11
58,7,2,DRY,CLASE B-C,16,11
59,7,2,DRY,CLASE B-C,12,11
60,7,2,DRY,CLASE B-C,2,11
61,7,2,DRY,CLASE B-C,5,11
62,2,2,DRY,CLASE B-C,37,11
63,2,2,DRY,CLASE B-C,37,11
64,2,2,DRY,CLASE B-C,37,11
65,2,2,DRY,CLASE B-C,27,11
66,2,2,RF,CLASE B-C,26,11
67,7,2,DRY,CLASE B-C,11,11
68,2,2,DRY,CLASE B-C,22,11
69,2,2,DRY,CLASE B-C,22,11
70,2,2,DRY,CLASE B-C,20,11
71,2,2,DRY,CLASE B-C,22,11
72,2,2,DRY,CLASE B-C,22,11
73,2,2,DRY,CLASE B-C,22,11
74,2,2,DRY,CLASE B-C,22,11
75,2,2,DRY,CLASE B-C,22,11
76,2,2,DRY,CLASE B-C,22,11
77,2,2,DRY,CLASE B-C,22,11
78,7,2,DRY,CLASE B-C,19,11
79,7,2,DRY,CLASE B-C,19,11
80,7,2,RF,CLASE B-C,12,11
81,7,2,DRY,CLASE B-C,16,11
82,7,2,DRY,CLASE B-C,19,11
83,7,2,DRY,CLASE B-C,19,11
84,7,2,DRY,CLASE B-C,12,11
85,7,2,DRY,CLASE B-C,19,11
86,7,2,DRY,CLASE B-C,19,11
87,7,2,DRY,CLASE B-C,19,11
88,7,2,DRY,CLASE B-C,19,11
89,7,2,DRY,CLASE B-C,19,11
90,7,2,DRY,CLASE B-C,19,11
91,7,2,DRY,CLASE B-C,16,11
92,7,2,DRY,CLASE B-C,19,11
93,7,2,DRY,CLASE B-C,19,11
94,7,2,DRY,CLASE B-C,19,11
95,7,2,DRY,CLASE B-C,19,11
96,7,2,DRY,CLASE B-C,19,11
97,7,2,DRY,CLASE B-C,19,11
98,7,2,DRY,CLASE B-C,17,11
99,7,2,DRY,CLASE B-C,19,11
100,7,2,DRY,CLASE B-C,19,11
101,7,2,DRY,CLASE B-C,19,11
102,7,2,DRY,CLASE B-C,19,11
103,7,2,DRY,CLASE B-C,12,11
104,7,2,DRY,CLASE B-C,19,11
105,7,2,DRY,CLASE B-C,12,11
106,7,2,DRY,CLASE B-C,19,11
107,7,2,DRY,CLASE B-C,19,11
108,7,2,RF,CLASE B-C,17,11
109,7,2,DRY,CLASE B-C,19,11
110,7,2,DRY,CLASE B-C,16,11
111,7,2,DRY,CLASE B-C,16,11
112,7,2,DRY,CLASE B-C,19,11
113,7,2,DRY,CLASE B-C,19,11
114,7,2,DRY,CLASE B-C,16,11
115,7,2,DRY,CLASE B-C,19,11
116,7,2,DRY,CLASE B-C,19,11
117,7,2,RF,CLASE B-C,11,11
118,7,2,DRY,CLASE B-C,19,11
119,7,2,DRY,CLASE B-C,19,11
120,7,2,DRY,CLASE B-C,19,11
121,7,2,DRY,CLASE B-C,19,11
122,7,2,DRY,CLASE B-C,19,11
123,7,2,DRY,CLASE B-C,2,11
124,7,2,DRY,CLASE B-C,11,11
125,7,2,DRY,CLASE B-C,1,11
126,2,2,DRY,CLASE B-C,108,11
127,2,2,DRY,CLASE B-C,101,11
128,2,2,DRY,CLASE B-C,101,11
129,2,2,DRY,CLASE B-C,99,11
130,2,2,DRY,CLASE B-C,108,11
131,2,2,DRY,CLASE B-C,99,11
132,2,2,DRY,CLASE B-C,108,11
133,2,2,DRY,CLASE B-C,99,11
134,2,2,DRY,CLASE B-C,108,11
135,2,2,DRY,CLASE B-C,81,11
136,2,2,DRY,CLASE B-C,66,11
137,2,2,DRY,CLASE B-C,64,11
138,2,2,DRY,CLASE B-C,65,11
139,2,2,DRY,CLASE B-C,64,11
140,2,2,DRY,CLASE B-C,65,11
141,2,2,DRY,CLASE B-C,65,11
142,2,2,DRY,CLASE B-C,65,11
143,2,2,DRY,CLASE B-C,65,11
144,2,2,DRY,CLASE B-C,65,11
145,2,2,DRY,CLASE B-C,65,11
146,2,2,DRY,CLASE B-C,65,11
147,2,2,DRY,CLASE B-C,65,11
148,2,2,DRY,CLASE B-C,65,11
149,2,2,DRY,CLASE B-C,65,11
150,2,2,DRY,CLASE B-C,65,11
151,2,2,DRY,CLASE B-C,65,11
152,2,2,DRY,CLASE B-C,65,11
153,2,2,DRY,CLASE B-C,65,11
154,2,2,DRY,CLASE B-C,65,11
155,2,2,DRY,CLASE B-C,65,11
156,2,2,DRY,CLASE B-C,65,11
157,2,2,DRY,CLASE B-C,65,11
158,2,2,DRY,INSPECTION,65,11
159,2,2,DRY,CLASE B-C,63,11
160,2,2,DRY,CLASE B-C,63,11
161,2,2,DRY,CLASE B-C,63,11
162,6,2,DRY,CLASE B-C,58,11
163,6,2,DRY,CLASE B-C,56,11
164,6,2,DRY,CLASE B-C,58,11
165,9,2,RF,CLASE B-C,47,11
166,2,1,DRY,CLASE D,28,11
167,6,2,DRY,CLASE B-C,29,11
168,6,2,DRY,CLASE D,33,11
169,6,2,DRY,CLASE B-C,33,11
170,2,2,RF,CLASE B-C,26,11
171,2,2,RF,CLASE B-C,26,11
172,2,2,RF,CLASE B-C,26,11
173,2,2,RF,CLASE B-C,26,11
174,2,2,RF,CLASE B-C,26,11
175,2,2,RF,CLASE B-C,26,11
176,2,2,RF,CLASE B-C,26,11
177,2,2,RF,CLASE B-C,26,11
178,2,2,RF,CLASE B-C,26,11
179,2,2,RF,CLASE B-C,26,11
180,2,2,RF,CLASE B-C,26,11
181,7,2,DRY,CLASE B-C,26,11
182,7,2,DRY,CLASE B-C,12,11
183,7,2,DRY,CLASE B-C,25,11
184,2,2,DRY,CLASE B-C,20,11
185,2,2,DRY,CLASE B-C,20,11
186,2,2,DRY,CLASE B-C,20,11
187,2,2,DRY,CLASE B-C,20,11
188,6,2,DRY,CLASE B-C,18,11
189,7,2,DRY,CLASE B-C,12,11
190,7,2,RF,CLASE B-C,12,11
191,7,2,RF,CLASE B-C,12,11
192,7,2,DRY,CLASE B-C,12,11
193,7,2,DRY,CLASE B-C,12,11
194,7,2,RF,CLASE B-C,12,11
195,7,2,RF,CLASE B-C,12,11
196,7,2,RF,CLASE B-C,9,11
197,7,2,DRY,CLASE B-C,12,11
198,7,2,RF,CLASE B-C,11,11
199,7,2,DRY,CLASE B-C,19,11
200,7,2,DRY,CLASE B-C,12,11
201,7,2,RF,CLASE B-C,12,11
202,7,2,DRY,CLASE B-C,19,11
203,2,2,DRY,CLASE B-C,6,11
204,2,2,DRY,CLASE B-C,6,11
205,2,2,DRY,CLASE B-C,6,11
206,2,2,DRY,CLASE B-C,6,11
207,2,2,DRY,CLASE B-C,6,11
208,2,2,DRY,CLASE B-C,6,11
209,2,2,DRY,CLASE B-C,6,11
210,2,2,DRY,CLASE B-C,6,11
211,2,2,DRY,CLASE B-C,6,11
212,2,2,DRY,CLASE B-C,6,11
213,2,2,DRY,CLASE B-C,6,11
214,2,2,DRY,CLASE B-C,6,11
215,2,2,DRY,CLASE B-C,6,11
216,2,2,DRY,CLASE B-C,6,11
217,2,2,DRY,CLASE B-C,6,11
218,2,2,DRY,CLASE B-C,6,11
219,2,2,DRY,CLASE B-C,6,11
220,2,2,DRY,CLASE B-C,1,11
221,2,2,DRY,CLASE B-C,6,11
222,2,2,DRY,CLASE B-C,6,11
223,2,2,DRY,CLASE B-C,6,11
224,2,2,DRY,CLASE B-C,1,11
225,7,2,DRY,CLASE B-C,10,11
226,7,2,DRY,CLASE B-C,8,11
227,7,2,DRY,CLASE B-C,1,11
228,7,2,RF,INSPECTION,3,11
229,7,2,RF,CLASE B-C,3,11
230,7,2,DRY,CLASE B,8,11
231,7,2,DRY,CLASE B-C,8,11
232,7,2,DRY,CLASE A,2,11
233,7,2,DRY,CLASE B-C,8,11
234,7,2,DRY,CLASE B-C,10,11
235,7,2,DRY,CLASE B-C,8,11
236,7,2,DRY,CLASE B-C,2,11
237,7,2,DRY,CLASE B-C,10,11
238,7,2,RF,CLASE B-C,3,11
239,7,2,RF,CLASE B-C,3,11
240,7,2,RF,CLASE B-C,11,11
241,7,2,RF,CLASE B-C,3,11
242,7,2,RF,CLASE B-C,3,11
243,7,2,DRY,CLASE B-C,2,11
244,7,2,DRY,CLASE B-C,10,11
245,7,2,DRY,CLASE B-C,8,11
246,2,2,DRY,CLASE B-C,7,11
247,2,2,DRY,CLASE B-C,7,11
248,2,2,DRY,CLASE B-C,7,11
249,6,2,DRY,CLASE B-C,8,11
250,2,2,DRY,CLASE B-C,3,11
251,2,2,DRY,CLASE B-C,3,11
252,2,2,DRY,CLASE B-C,3,11
253,2,2,DRY,CLASE B-C,3,11
254,3,2,DRY,CLASE B-C,114,11
255,3,2,DRY,CLASE B-C,114,11
256,3,2,DRY,CLASE B-C,114,11
257,3,2,DRY,CLASE B-C,114,11
258,3,2,DRY,CLASE B-C,114,11
259,3,2,DRY,CLASE B-C,114,11
260,3,2,DRY,CLASE B-C,114,11
261,3,2,DRY,CLASE B-C,114,11
262,3,2,DRY,CLASE B-C,114,11
263,3,2,DRY,CLASE B-C,114,11
264,3,2,DRY,CLASE B-C,113,11
265,3,2,DRY,CLASE B-C,100,11
266,3,2,DRY,CLASE B-C,100,11
267,3,2,DRY,CLASE B-C,100,11
268,3,2,DRY,CLASE B-C,100,11
269,3,2,DRY,CLASE B-C,100,11
270,3,2,DRY,CLASE D,99,11
271,3,2,DRY,CLASE B-C,98,11
272,3,2,DRY,CLASE B-C,98,11
273,3,2,DRY,CLASE B-C,98,11
274,3,2,DRY,CLASE B-C,96,11
275,3,2,DRY,CLASE B-C,66,11
276,3,2,DRY,CLASE B-C,66,11
277,3,2,DRY,CLASE B-C,66,11
278,3,2,DRY,CLASE B-C,66,11
279,3,2,DRY,CLASE B-C,66,11
280,3,2,DRY,CLASE B-C,66,11
281,3,2,DRY,CLASE B-C,66,11
282,3,2,DRY,CLASE B-C,62,11
283,2,2,DRY,CLASE B-C,65,11
284,2,2,DRY,CLASE B-C,65,11
285,2,2,DRY,CLASE B-C,66,11
286,2,2,DRY,CLASE B-C,65,11
287,2,2,DRY,CLASE B-C,65,11
288,2,2,DRY,CLASE B-C,65,11
289,2,2,DRY,CLASE B-C,66,11
290,2,2,DRY,CLASE B-C,66,11
291,2,2,DRY,CLASE B-C,65,11
292,2,2,DRY,CLASE B-C,65,11
293,2,2,DRY,CLASE B-C,65,11
294,2,2,DRY,CLASE B-C,66,11
295,2,2,DRY,CLASE B-C,65,11
296,2,2,DRY,CLASE B-C,65,11
297,2,2,DRY,CLASE B-C,66,11
298,2,2,DRY,CLASE B-C,68,11
299,2,2,DRY,CLASE B-C,65,11
300,2,2,DRY,CLASE B-C,66,11
301,3,2,DRY,CLASE B-C,67,11
302,2,2,DRY,CLASE B-C,61,11
303,2,2,DRY,CLASE B-C,61,11
304,2,2,DRY,CLASE B-C,61,11
305,2,2,DRY,CLASE B-C,61,11
306,6,2,DRY,CLASE B-C,30,11
307,6,2,DRY,CLASE B-C,30,11
308,6,2,RF,CLASE B-C,30,11
309,7,2,DRY,CLASE B-C,41,11
310,7,2,DRY,CLASE B-C,40,11
311,7,2,DRY,CLASE B-C,2,11
312,2,2,RF,CLASE B-C,27,11
313,2,2,DRY,CLASE B-C,39,11
314,2,2,RF,CLASE B-C,27,11
315,7,2,DRY,CLASE B-C,23,11
316,7,2,DRY,CLASE B-C,2,11
317,4,2,DRY,CLASE B-C,22,11
318,9,2,DRY,CLASE B-C,26,11
319,3,2,DRY,CLASE B-C,33,11
320,6,2,DRY,CLASE A,32,11
321,3,2,DRY,CLASE B-C,29,11
322,3,2,DRY,CLASE B-C,29,11
323,7,2,DRY,CLASE B-C,26,11
324,3,2,DRY,CLASE B-C,28,11
325,4,2,DRY,CLASE B-C,21,11
326,9,2,DRY,CLASE B-C,20,11
327,9,2,DRY,CLASE B-C,20,11
328,9,2,DRY,CLASE B-C,21,11
329,2,2,DRY,CLASE B-C,6,11
330,2,2,DRY,CLASE B-C,6,11
331,2,2,DRY,CLASE B-C,6,11
332,2,2,DRY,CLASE B-C,6,11
333,2,2,DRY,CLASE B-C,6,11
334,2,2,DRY,CLASE B-C,6,11
335,2,2,DRY,CLASE B-C,6,11
336,6,2,DRY,CLASE A,19,11
337,7,2,DRY,CLASE A,20,11
338,7,2,RF,CLASE B-C,10,11
339,7,2,DRY,CLASE A,17,11
340,7,2,DRY,CLASE B-C,8,11
341,7,2,RF,CLASE B-C,10,11
342,7,2,RF,CLASE B-C,10,11
343,7,2,RF,CLASE B-C,16,11
344,7,2,RF,CLASE B-C,13,11
345,7,2,DRY,CLASE A,20,11
346,7,2,DRY,CLASE A,20,11
347,7,2,RF,CLASE B-C,18,11
348,2,2,DRY,CLASE B-C,6,11
349,2,2,DRY,CLASE B-C,6,11
350,2,2,DRY,CLASE B-C,6,11
351,2,2,DRY,CLASE B-C,6,11
352,2,2,DRY,CLASE B-C,6,11
353,2,2,DRY,CLASE B-C,6,11
354,2,2,DRY,CLASE B-C,6,11
355,2,2,DRY,CLASE B-C,6,11
356,2,2,DRY,CLASE B-C,18,11
357,2,2,DRY,CLASE B-C,16,11
358,2,2,DRY,CLASE B-C,16,11
359,2,2,DRY,CLASE B-C,18,11
360,2,2,DRY,CLASE B-C,16,11
361,2,2,DRY,CLASE B-C,6,11
362,2,2,DRY,CLASE B-C,6,11
363,2,2,DRY,CLASE B-C,6,11
364,2,2,DRY,CLASE B-C,6,11
365,2,2,DRY,CLASE B-C,18,11
366,2,2,DRY,CLASE B-C,6,11
367,2,2,DRY,CLASE B-C,6,11
368,2,2,DRY,CLASE B-C,16,11
369,2,2,DRY,CLASE B-C,18,11
370,2,2,DRY,CLASE B-C,16,11
371,2,2,DRY,CLASE B-C,6,11
372,2,2,DRY,CLASE B-C,6,11
373,2,2,DRY,CLASE B-C,18,11
374,2,2,DRY,CLASE B-C,6,11
375,2,2,DRY,CLASE B-C,6,11
376,2,2,DRY,CLASE B-C,6,11
377,2,2,DRY,CLASE B-C,6,11
378,2,2,DRY,CLASE B-C,16,11
379,2,2,DRY,CLASE D,18,11
380,2,2,DRY,CLASE B-C,6,11
381,3,2,DRY,CLASE D,4,11
382,3,2,DRY,CLASE B-C,4,11
383,3,2,DRY,CLASE B-C,12,11
384,7,2,DRY,CLASE B-C,2,11
385,7,2,DRY,CLASE B-C,1,11
386,7,2,DRY,CLASE B-C,2,11
387,7,2,DRY,CLASE B-C,1,11
388,7,2,DRY,CLASE B-C,2,11
389,7,2,DRY,CLASE B-C,2,11
390,7,2,DRY,CLASE B-C,1,11
391,7,2,DRY,CLASE B-C,2,11
392,7,2,DRY,CLASE B-C,1,11
393,7,2,DRY,CLASE B-C,2,11
394,7,2,DRY,CLASE B-C,2,11
395,7,2,DRY,CLASE B-C,10,11
396,7,2,DRY,CLASE B-C,2,11
397,7,2,DRY,CLASE A,2,11
398,7,2,DRY,CLASE A,2,11
399,7,2,DRY,CLASE A,1,11
400,7,2,DRY,CLASE B-C,1,11
401,7,2,DRY,CLASE B-C,1,11
402,7,2,DRY,CLASE B-C,2,11
403,7,2,DRY,CLASE B-C,2,11
404,7,2,DRY,CLASE B-C,2,11
405,7,2,DRY,CLASE B-C,2,11
406,7,2,DRY,CLASE B-C,1,11
407,7,2,DRY,CLASE B-C,2,11
408,7,2,DRY,CLASE B-C,2,11
409,7,2,DRY,CLASE B-C,2,11
410,7,2,DRY,CLASE B-C,2,11
411,7,2,DRY,CLASE B-C,1,11
412,7,2,DRY,CLASE B-C,2,11
413,7,2,DRY,CLASE B-C,2,11
414,7,2,DRY,CLASE B-C,2,11
415,7,2,DRY,CLASE B-C,2,11
416,7,2,DRY,CLASE B-C,10,11
417,7,2,DRY,CLASE B,1,11
418,7,2,DRY,CLASE A,1,11
419,7,2,DRY,CLASE A,2,11
420,7,2,DRY,CLASE B-C,2,11
421,7,2,DRY,CLASE B-C,2,11
422,7,2,DRY,CLASE A,4,11
423,7,2,DRY,CLASE B-C,2,11
424,7,2,DRY,CLASE B,11,11
425,7,2,DRY,CLASE B-C,2,11
426,7,2,DRY,CLASE B-C,1,11
427,7,2,DRY,CLASE B-C,1,11
428,7,2,DRY,CLASE B-C,2,11
429,7,2,DRY,CLASE B-C,1,11
430,7,2,DRY,CLASE B-C,1,11
431,7,2,RF,CLASE B-C,12,11
432,7,2,DRY,CLASE B-C,11,11
433,7,2,DRY,CLASE B-C,10,11
434,7,2,DRY,CLASE A,2,11
435,7,2,DRY,CLASE A,1,11
436,7,2,DRY,CLASE B-C,2,11
437,7,2,DRY,CLASE B-C,1,11
438,2,2,DRY,CLASE B-C,2,11
439,2,2,DRY,CLASE B-C,2,11
440,2,2,DRY,CLASE B-C,2,11
441,2,2,DRY,CLASE B-C,6,11
442,2,2,DRY,CLASE B-C,1,11
443,2,2,DRY,CLASE B-C,2,11
444,2,2,DRY,CLASE B-C,1,11
445,2,2,DRY,CLASE B-C,1,11
446,2,2,DRY,CLASE B-C,2,11
447,2,2,DRY,CLASE B-C,1,11
448,2,2,DRY,CLASE B-C,2,11
449,2,2,DRY,CLASE B-C,2,11
450,2,2,DRY,CLASE B-C,2,11
451,2,2,DRY,CLASE B-C,1,11
452,2,2,DRY,CLASE B-C,6,11
453,2,2,DRY,CLASE B-C,2,11
454,2,2,DRY,CLASE B-C,2,11
455,2,2,DRY,CLASE B-C,2,11
456,2,2,DRY,CLASE B-C,1,11
457,2,2,DRY,CLASE B-C,2,11
458,2,2,DRY,CLASE B-C,2,11
459,2,2,DRY,CLASE B-C,2,11
460,2,2,DRY,CLASE B-C,2,11
461,2,2,DRY,CLASE B-C,2,11
462,2,2,DRY,CLASE B-C,2,11
463,2,2,DRY,CLASE B-C,2,11
464,2,2,DRY,CLASE B-C,2,11
465,2,2,DRY,CLASE B-C,2,11
466,2,2,DRY,CLASE B-C,1,11
467,2,2,DRY,CLASE B,2,11
468,2,2,DRY,CLASE B-C,6,11
469,2,2,DRY,CLASE B-C,1,11
470,2,2,DRY,CLASE B-C,2,11
471,2,2,DRY,CLASE B-C,1,11
472,2,2,DRY,CLASE B-C,6,11
473,2,2,DRY,CLASE B-C,2,11
474,2,2,DRY,CLASE B-C,6,11
475,2,2,DRY,CLASE B-C,2,11
476,2,2,DRY,CLASE B-C,2,11
477,2,2,DRY,CLASE B-C,2,11
478,2,2,DRY,CLASE B-C,2,11
479,2,2,DRY,CLASE B-C,2,11
480,2,2,DRY,CLASE B-C,2,11
481,2,2,DRY,CLASE B-C,2,11
482,2,2,DRY,CLASE B-C,1,11
483,2,2,DRY,CLASE B-C,1,11
484,2,2,DRY,CLASE B-C,1,11
485,2,2,DRY,CLASE B-C,2,11
486,2,2,DRY,CLASE B-C,6,11
487,4,2,DRY,CLASE B-C,9,11
488,6,2,RF,CLASE B-C,7,11
489,7,2,DRY,CLASE B-C,4,11
490,7,2,DRY,CLASE B-C,4,11
491,7,2,DRY,CLASE B-C,5,11
492,7,2,DRY,CLASE B-C,5,11
493,2,2,DRY,CLASE B-C,4,11
494,2,2,DRY,CLASE B-C,4,11
495,2,2,DRY,CLASE B-C,4,11
496,2,2,DRY,CLASE B-C,4,11
497,2,2,DRY,CLASE B-C,4,11
498,2,2,DRY,CLASE B-C,4,11
499,2,2,DRY,CLASE B-C,4,11
500,2,2,DRY,CLASE B-C,4,11
501,2,2,DRY,CLASE B-C,4,11
502,2,2,DRY,CLASE B-C,4,11
503,3,2,DRY,CLASE B-C,2,11
504,7,2,DRY,CLASE B-C,2,11
505,7,2,DRY,CLASE B-C,1,11
506,7,2,DRY,CLASE B-C,2,11
507,7,2,DRY,CLASE B-C,1,11
508,7,2,DRY,CLASE B-C,1,11
509,7,2,DRY,CLASE B-C,1,11
510,2,2,DRY,INSPECTION,444,11
511,6,2,DRY,CLASE B-C,84,11
512,7,2,DRY,CLASE B-C,79,11
513,3,2,DRY,CLASE B-C,62,11
514,3,2,DRY,CLASE B-C,62,11
515,6,2,DRY,CLASE B-C,64,11
516,2,2,DRY,INSPECTION,67,11
517,2,2,DRY,INSPECTION,65,11
518,6,2,DRY,CLASE B-C,54,11
519,6,2,DRY,CLASE B-C,54,11
520,6,2,DRY,CLASE B-C,69,11
521,6,2,DRY,CLASE B-C,62,11
522,6,2,DRY,CLASE B-C,54,11
523,6,2,DRY,CLASE B-C,64,11
524,6,2,DRY,CLASE B-C,55,11
525,6,2,DRY,CLASE B-C,64,11
526,6,2,DRY,CLASE B-C,64,11
527,6,2,DRY,CLASE B-C,62,11
528,6,2,DRY,CLASE B-C,64,11
529,7,2,DRY,CLASE B-C,60,11
530,4,2,DRY,CLASE B-C,64,11
531,2,2,DRY,INSPECTION,66,11
532,6,2,DRY,CLASE B-C,62,11
533,6,2,DRY,CLASE B-C,62,11
534,6,2,DRY,CLASE B-C,53,11
535,6,2,DRY,CLASE B,52,11
536,6,2,DRY,CLASE B,54,11
537,6,2,DRY,CLASE B-C,52,11
538,6,2,DRY,CLASE B,46,11
539,7,2,DRY,CLASE B-C,48,11
540,7,2,DRY,CLASE A,45,11
541,6,2,DRY,CLASE B-C,49,11
542,6,2,DRY,CLASE B-C,44,11
543,6,2,DRY,CLASE B-C,39,11
544,6,2,DRY,CLASE B-C,39,11
545,6,2,RF,CLASE B-C,42,11
546,6,2,DRY,CLASE B-C,36,11
547,6,2,DRY,CLASE B-C,39,11
548,7,2,DRY,CLASE B-C,40,11
549,9,1,DRY,CLASE B-C,30,11
550,2,2,DRY,INSPECTION,41,11
551,2,2,DRY,INSPECTION,40,11
552,2,2,RF,CLASE B-C,28,11
553,2,2,DRY,INSPECTION,32,11
554,2,2,DRY,INSPECTION,39,11
555,2,2,DRY,INSPECTION,35,11
556,2,1,DRY,INSPECTION,31,11
557,2,2,RF,CLASE B-C,27,11
558,2,2,RF,CLASE B-C,28,11
559,2,2,RF,CLASE B-C,27,11
560,2,2,RF,CLASE B-C,27,11
561,2,2,RF,CLASE B-C,27,11
562,2,2,RF,CLASE B-C,27,11
563,2,2,DRY,INSPECTION,35,11
564,2,2,DRY,INSPECTION,35,11
565,2,2,DRY,INSPECTION,39,11
566,6,2,DRY,CLASE A,38,11
567,7,2,DRY,CLASE B-C,3,11
568,7,2,DRY,CLASE B-C,3,11
569,7,2,DRY,CLASE B-C,4,11
570,7,2,DRY,CLASE B-C,2,11
571,7,2,DRY,CLASE B-C,4,11
572,7,2,DRY,CLASE B-C,4,11
573,7,2,DRY,CLASE B-C,4,11
574,7,2,DRY,CLASE B,4,11
575,7,2,DRY,CLASE B-C,4,11
576,7,2,DRY,CLASE B-C,4,11
577,7,2,DRY,CLASE B-C,3,11
578,7,2,DRY,CLASE B-C,4,11
579,7,2,DRY,CLASE B-C,4,11
580,7,2,DRY,CLASE B-C,4,11
581,7,2,DRY,CLASE B-C,4,11
582,7,2,DRY,CLASE B-C,3,11
583,7,2,DRY,CLASE B-C,3,11
584,7,2,DRY,CLASE B-C,4,11
585,7,2,DRY,CLASE B-C,4,11
586,7,2,DRY,CLASE B-C,4,11
587,7,2,DRY,CLASE B-C,3,11
588,7,2,DRY,CLASE B-C,3,11
589,6,2,DRY,CLASE B-C,36,11
590,6,2,DRY,CLASE B-C,34,11
591,9,2,DRY,CLASE B-C,26,11
592,9,2,DRY,CLASE B-C,26,11
593,9,2,DRY,CLASE B-C,27,11
594,2,2,RF,CLASE B-C,27,11
595,2,2,DRY,CLASE B-C,18,11
596,2,2,RF,CLASE B-C,27,11
597,6,2,DRY,CLASE B-C,33,11
598,6,2,DRY,CLASE B-C,33,11
599,3,2,DRY,CLASE B-C,29,11
600,7,2,RF,CLASE B-C,24,11
601,7,2,RF,CLASE B-C,26,11
602,2,2,DRY,CLASE B-C,22,11
603,2,1,DRY,INSPECTION,23,11
604,2,2,DRY,CLASE B-C,22,11
605,2,1,DRY,INSPECTION,23,11
606,2,2,DRY,CLASE B-C,22,11
607,2,1,DRY,INSPECTION,22,11
608,2,2,DRY,INSPECTION,25,11
609,2,2,DRY,CLASE B-C,22,11
610,2,2,DRY,CLASE B-C,22,11
611,2,2,DRY,CLASE B-C,22,11
612,2,1,DRY,INSPECTION,22,11
613,2,2,DRY,INSPECTION,24,11
614,2,2,DRY,CLASE B-C,23,11
615,2,2,DRY,CLASE B-C,22,11
616,2,2,DRY,CLASE B-C,22,11
617,2,2,DRY,CLASE B-C,22,11
618,2,2,DRY,CLASE B-C,22,11
619,2,2,DRY,CLASE B-C,22,11
620,2,2,DRY,INSPECTION,22,11
621,2,2,DRY,INSPECTION,22,11
622,2,2,DRY,INSPECTION,25,11
623,2,2,DRY,INSPECTION,25,11
624,2,2,DRY,CLASE B-C,19,11
625,2,2,DRY,CLASE B-C,22,11
626,2,1,DRY,INSPECTION,22,11
627,2,2,DRY,CLASE B-C,22,11
628,2,2,DRY,CLASE B-C,22,11
629,2,2,DRY,CLASE B-C,22,11
630,2,2,DRY,CLASE B-C,22,11
631,2,1,DRY,INSPECTION,22,11
632,2,2,DRY,CLASE B-C,22,11
633,2,2,DRY,INSPECTION,17,11
634,2,2,DRY,INSPECTION,18,11
635,3,1,DRY,CLASE B-C,17,11
636,8,2,DRY,CLASE B-C,20,11
637,8,2,DRY,CLASE B-C,20,11
638,8,2,DRY,CLASE B-C,20,11
639,6,2,DRY,CLASE B-C,11,11
640,6,2,DRY,CLASE B-C,11,11
641,6,2,DRY,CLASE B-C,16,11
642,6,2,DRY,CLASE B-C,11,11
643,6,2,DRY,CLASE B-C,11,11
644,7,2,DRY,CLASE B-C,8,11
645,7,2,DRY,CLASE B-C,13,11
646,7,2,RF,CLASE B-C,14,11
647,7,2,RF,CLASE B-C,13,11
648,7,2,RF,CLASE B-C,11,11
649,7,2,RF,CLASE B-C,14,11
650,7,2,RF,CLASE B-C,13,11
651,7,2,RF,CLASE B-C,14,11
652,7,2,RF,CLASE B-C,12,11
653,7,2,RF,CLASE B-C,16,11
654,7,2,RF,CLASE B-C,13,11
655,7,2,RF,CLASE B-C,13,11
656,7,2,RF,CLASE B-C,16,11
657,7,2,RF,CLASE B-C,13,11
658,7,2,RF,CLASE B-C,10,11
659,7,2,DRY,CLASE B-C,14,11
660,7,2,DRY,CLASE B-C,8,11
661,7,2,DRY,CLASE B-C,10,11
662,7,2,RF,CLASE B-C,10,11
663,7,2,RF,CLASE B-C,14,11
664,7,2,RF,CLASE B-C,14,11
665,7,2,RF,CLASE B-C,14,11
666,7,2,RF,CLASE B-C,14,11
667,7,2,RF,CLASE B-C,16,11
668,7,2,RF,CLASE B-C,15,11
669,7,2,RF,CLASE B-C,11,11
670,7,2,RF,CLASE B-C,15,11
671,7,2,RF,CLASE B-C,12,11
672,7,2,RF,CLASE B-C,14,11
673,7,2,RF,CLASE B-C,14,11
674,7,2,RF,CLASE B-C,14,11
675,7,2,RF,CLASE B-C,13,11
676,7,2,DRY,CLASE B-C,13,11
677,7,2,DRY,CLASE B-C,8,11
678,7,2,DRY,CLASE B-C,13,11
679,7,2,RF,CLASE B-C,10,11
680,7,2,RF,CLASE B-C,14,11
681,7,2,RF,CLASE B-C,17,11
682,7,2,DRY,CLASE B-C,10,11
683,7,2,DRY,CLASE B-C,10,11
684,7,2,RF,CLASE B-C,15,11
685,7,2,RF,CLASE B-C,12,11
686,7,2,DRY,CLASE B-C,8,11
687,7,2,DRY,CLASE B-C,13,11
688,7,2,DRY,CLASE B-C,8,11
689,7,2,RF,CLASE B-C,21,11
690,7,2,RF,CLASE B-C,13,11
691,7,2,RF,CLASE B-C,13,11
692,7,2,RF,CLASE B-C,10,11
693,7,2,RF,CLASE B-C,11,11
694,7,2,RF,CLASE B-C,14,11
695,7,2,RF,CLASE B-C,14,11
696,7,2,RF,CLASE B-C,14,11
697,7,2,RF,INSPECTION,17,11
698,2,1,DRY,INSPECTION,23,11
699,2,2,DRY,INSPECTION,13,11
700,2,2,DRY,CLASE B-C,18,11
701,2,2,DRY,CLASE B-C,18,11
702,2,2,DRY,INSPECTION,13,11
703,2,2,DRY,CLASE B-C,19,11
704,2,2,DRY,CLASE B-C,18,11
705,2,2,DRY,CLASE B-C,18,11
706,2,2,DRY,INSPECTION,13,11
707,2,2,DRY,CLASE B-C,19,11
708,2,2,DRY,CLASE B-C,18,11
709,2,2,DRY,CLASE B-C,19,11
710,2,2,DRY,CLASE B-C,19,11
711,2,2,DRY,INSPECTION,13,11
712,2,2,DRY,CLASE B-C,18,11
713,2,2,DRY,CLASE B-C,18,11
714,2,2,DRY,INSPECTION,13,11
715,2,1,DRY,INSPECTION,17,11
716,2,1,DRY,INSPECTION,17,11
717,3,2,DRY,CLASE B-C,1,11
718,3,2,DRY,CLASE B-C,2,11
719,3,2,DRY,CLASE A,14,11
720,3,2,DRY,CLASE B-C,1,11
721,3,2,DRY,CLASE B-C,1,11
722,7,2,DRY,CLASE B-C,1,11
723,7,2,DRY,CLASE B-C,8,11
724,7,2,DRY,CLASE B-C,3,11
725,7,2,DRY,CLASE D,12,11
726,7,2,DRY,CLASE D,1,11
727,7,2,RF,CLASE B-C,5,11
728,7,2,RF,CLASE B-C,5,11
729,7,2,RF,CLASE B-C,13,11
730,7,2,DRY,CLASE B-C,1,11
731,7,2,DRY,CLASE B-C,1,11
732,7,2,DRY,CLASE B-C,1,11
733,7,2,DRY,CLASE B-C,2,11
734,7,2,DRY,CLASE B-C,2,11
735,7,2,DRY,CLASE B-C,12,11
736,7,2,DRY,CLASE B-C,2,11
737,7,2,DRY,CLASE B-C,3,11
738,7,2,DRY,CLASE B-C,1,11
739,7,2,DRY,CLASE B-C,1,11
740,7,2,DRY,CLASE B-C,12,11
741,7,2,DRY,CLASE B-C,12,11
742,7,2,RF,CLASE B-C,5,11
743,7,2,RF,CLASE B-C,12,11
744,7,2,RF,CLASE B-C,13,11
745,7,2,DRY,CLASE B-C,3,11
746,7,2,DRY,CLASE B-C,2,11
747,7,2,DRY,CLASE B-C,3,11
748,7,2,DRY,CLASE B-C,11,11
749,7,2,RF,CLASE B-C,5,11
750,7,2,RF,CLASE B-C,13,11
751,7,2,RF,CLASE B-C,13,11
752,7,2,DRY,CLASE B-C,12,11
753,7,2,DRY,CLASE B-C,1,11
754,7,2,RF,CLASE B-C,3,11
755,7,2,RF,CLASE B-C,5,11
756,7,2,RF,CLASE B-C,12,11
757,7,2,RF,CLASE B-C,13,11
758,7,2,DRY,CLASE B-C,2,11
759,7,2,DRY,CLASE A,1,11
760,7,2,DRY,CLASE A,3,11
761,7,2,DRY,CLASE B-C,12,11
762,7,2,DRY,CLASE B-C,1,11
763,7,2,DRY,CLASE B-C,1,11
764,7,2,DRY,CLASE A,4,11
765,7,2,DRY,CLASE B-C,2,11
766,7,2,DRY,CLASE B-C,1,11
767,7,2,DRY,CLASE B-C,1,11
768,7,2,DRY,CLASE B-C,2,11
769,7,2,DRY,CLASE B-C,1,11
770,7,2,DRY,CLASE B-C,1,11
771,7,2,DRY,CLASE B-C,3,11
772,7,2,DRY,CLASE B-C,4,11
773,7,2,DRY,CLASE B-C,1,11
774,7,2,DRY,CLASE B-C,1,11
775,7,2,DRY,CLASE B-C,1,11
776,7,2,DRY,CLASE B-C,3,11
777,7,2,DRY,CLASE B-C,3,11
778,7,2,DRY,CLASE B-C,12,11
779,7,2,DRY,CLASE B-C,4,11
780,7,2,DRY,CLASE B-C,3,11
781,7,2,DRY,CLASE B-C,1,11
782,7,2,DRY,CLASE B-C,11,11
783,7,2,RF,CLASE B-C,3,11
784,7,2,DRY,CLASE B-C,2,11
785,7,2,DRY,CLASE B-C,2,11
786,7,2,DRY,CLASE B-C,1,11
787,7,2,DRY,CLASE B-C,12,11
788,7,2,DRY,CLASE B-C,8,11
789,7,2,DRY,CLASE B-C,2,11
790,7,2,DRY,CLASE B-C,1,11
791,7,2,DRY,CLASE B-C,2,11
792,7,2,DRY,CLASE B-C,1,11
793,7,2,DRY,CLASE B-C,4,11
794,7,2,DRY,CLASE B-C,12,11
795,7,2,DRY,CLASE B-C,12,11
796,7,2,DRY,CLASE B-C,1,11
797,7,2,DRY,CLASE B-C,12,11
798,7,2,DRY,CLASE B-C,4,11
799,7,2,DRY,CLASE B-C,3,11
800,7,2,DRY,CLASE B-C,2,11
801,7,2,DRY,CLASE B-C,3,11
802,7,2,DRY,CLASE B-C,1,11
803,7,2,DRY,CLASE B-C,3,11
804,7,2,DRY,CLASE A,4,11
805,7,2,RF,CLASE B-C,13,11
806,7,2,RF,CLASE B-C,5,11
807,7,2,RF,CLASE B-C,3,11
808,7,2,DRY,CLASE B-C,2,11
809,7,2,DRY,CLASE B-C,2,11
810,7,2,DRY,CLASE B-C,2,11
811,7,2,DRY,CLASE B-C,12,11
812,7,2,DRY,CLASE A,13,11
813,7,2,DRY,CLASE B-C,8,11
814,7,2,DRY,CLASE B-C,2,11
815,7,2,DRY,CLASE B-C,12,11
816,7,2,DRY,CLASE B-C,2,11
817,7,2,DRY,CLASE B-C,12,11
818,7,2,RF,CLASE B-C,13,11
819,7,2,DRY,CLASE B-C,1,11
820,7,2,DRY,CLASE B-C,3,11
821,7,2,DRY,CLASE B-C,3,11
822,7,2,DRY,CLASE B-C,4,11
823,7,2,DRY,CLASE B-C,8,11
824,7,2,DRY,CLASE B-C,2,11
825,7,2,DRY,CLASE B-C,1,11
826,2,1,DRY,INSPECTION,15,11
827,2,1,DRY,INSPECTION,14,11
828,2,1,DRY,INSPECTION,14,11
829,2,1,DRY,INSPECTION,14,11
830,2,1,DRY,INSPECTION,14,11
831,2,1,DRY,INSPECTION,14,11
832,2,1,DRY,INSPECTION,14,11
833,4,2,DRY,CLASE B-C,13,11
834,2,2,DRY,CLASE B-C,7,11
835,2,2,DRY,CLASE B-C,2,11
836,2,2,DRY,CLASE B-C,2,11
837,2,2,DRY,CLASE B-C,2,11
838,2,2,DRY,CLASE B-C,7,11
839,2,2,DRY,CLASE B-C,2,11
840,2,2,DRY,CLASE B-C,2,11
841,2,2,DRY,CLASE B-C,2,11
842,2,2,DRY,CLASE B-C,2,11
843,2,2,DRY,CLASE A,6,11
844,2,2,DRY,CLASE B-C,2,11
845,2,2,DRY,CLASE B-C,2,11
846,2,2,DRY,CLASE B-C,1,11
847,2,2,DRY,CLASE B-C,2,11
848,2,2,DRY,CLASE B-C,1,11
849,2,2,DRY,CLASE B-C,7,11
850,2,2,DRY,CLASE B-C,2,11
851,2,2,DRY,CLASE B-C,2,11
852,2,2,DRY,CLASE B-C,2,11
853,2,2,DRY,CLASE B-C,2,11
854,2,2,DRY,CLASE B-C,6,11
855,2,2,DRY,CLASE B-C,2,11
856,2,2,DRY,CLASE B-C,2,11
857,2,2,DRY,CLASE B-C,2,11
858,2,2,DRY,CLASE B-C,2,11
859,2,2,DRY,CLASE B-C,2,11
860,2,2,DRY,CLASE B-C,2,11
861,2,2,DRY,CLASE B-C,2,11
862,2,2,DRY,CLASE B-C,2,11
863,2,2,DRY,CLASE B-C,1,11
864,2,2,DRY,CLASE B-C,1,11
865,4,2,DRY,CLASE B-C,9,11
866,7,2,DRY,CLASE B-C,9,11
867,1,2,RF,CLASE B-C,9,11
868,6,2,RF,CLASE B-C,8,11
869,3,1,DRY,CLASE B-C,9,11
870,3,2,DRY,CLASE A,7,11
871,3,2,DRY,CLASE A,2,11
872,7,2,DRY,CLASE B-C,4,11
873,7,2,DRY,CLASE B-C,5,11
874,7,2,DRY,CLASE B-C,5,11
875,7,2,DRY,CLASE B-C,5,11
876,7,2,DRY,CLASE B-C,4,11
877,7,2,DRY,CLASE B-C,4,11
878,2,2,DRY,CLASE B-C,4,11
879,2,2,DRY,CLASE B-C,5,11
880,2,2,DRY,CLASE B-C,2,11
881,2,2,DRY,CLASE B-C,2,11
882,2,2,DRY,CLASE B-C,2,11
883,2,2,DRY,CLASE B-C,2,11
884,2,2,DRY,CLASE A,1,11
885,2,2,DRY,CLASE B-C,5,11
886,2,2,DRY,CLASE B-C,2,11
887,2,2,DRY,CLASE B-C,2,11
888,2,2,DRY,CLASE B-C,2,11
889,2,2,DRY,CLASE B-C,2,11
890,6,2,RF,CLASE B-C,3,11
891,3,2,DRY,CLASE A,1,11
892,3,2,DRY,CLASE A,1,11
893,2,2,DRY,CLASE B-C,1,11
894,2,2,DRY,CLASE B-C,1,11
895,2,2,DRY,CLASE B-C,1,11
896,2,2,DRY,CLASE A,1,11
897,2,2,DRY,CLASE B-C,2,11
898,7,2,DRY,CLASE B-C,2,11
899,7,2,DRY,CLASE B-C,2,11
900,7,2,DRY,CLASE B-C,2,11
901,7,2,DRY,CLASE B,1,11
902,7,2,DRY,CLASE B-C,1,11
903,7,2,DRY,CLASE B-C,2,11
904,7,2,DRY,CLASE B-C,1,11
905,7,2,DRY,CLASE B-C,1,11
906,7,2,DRY,CLASE B-C,1,11
907,7,2,DRY,CLASE B-C,1,11
908,7,2,DRY,CLASE B-C,2,11
909,7,2,DRY,CLASE B-C,2,11
910,7,2,DRY,CLASE B-C,1,11
911,7,2,DRY,CLASE B-C,2,11
912,7,2,DRY,CLASE B-C,2,11
913,7,2,DRY,CLASE B-C,2,11
914,7,2,DRY,CLASE B-C,2,11
915,7,2,DRY,CLASE B-C,2,11
916,7,2,DRY,CLASE B-C,2,11
917,7,2,DRY,CLASE B-C,1,11
918,7,2,DRY,CLASE B-C,1,11
919,7,2,DRY,CLASE B-C,2,11
920,7,2,DRY,CLASE B-C,2,11
921,7,2,DRY,CLASE B-C,2,11
922,7,2,DRY,CLASE B-C,1,11
923,7,2,DRY,CLASE B-C,2,11
924,7,2,DRY,CLASE B-C,2,11
925,7,2,DRY,CLASE B-C,2,11
926,7,2,DRY,CLASE B-C,2,11
927,7,2,DRY,CLASE B-C,2,11
928,7,2,DRY,CLASE B-C,2,11
929,7,2,DRY,CLASE B-C,2,11
930,7,2,DRY,CLASE B-C,2,11
931,7,2,DRY,CLASE B,1,11
932,7,2,DRY,CLASE B-C,2,11
933,7,2,DRY,CLASE B-C,2,11
934,7,2,DRY,CLASE B,1,11
935,7,2,DRY,CLASE B-C,2,11
936,7,2,DRY,CLASE B-C,2,11
937,7,2,DRY,CLASE B,2,11
938,7,2,DRY,CLASE B-C,2,11
939,7,2,DRY,CLASE B-C,2,11
940,7,2,DRY,CLASE B,2,11
941,7,2,DRY,CLASE B-C,2,11
942,7,2,DRY,CLASE B-C,2,11
943,7,2,DRY,CLASE B-C,1,11
944,7,2,DRY,CLASE B-C,1,11
945,7,2,DRY,CLASE B-C,2,11
946,7,2,DRY,CLASE B-C,2,11
947,7,2,DRY,CLASE B-C,1,11
948,7,2,DRY,CLASE B-C,1,11
949,7,2,DRY,CLASE B-C,1,11
950,7,2,DRY,CLASE B-C,1,11
951,7,2,DRY,CLASE B-C,1,11
952,7,2,DRY,CLASE B-C,2,11
953,7,2,DRY,CLASE B-C,2,11
954,7,2,DRY,CLASE B-C,1,11
955,7,2,DRY,CLASE B-C,2,11
956,7,2,DRY,CLASE B-C,2,11
957,7,2,DRY,CLASE B-C,1,11
958,7,2,DRY,CLASE B-C,2,11
959,7,2,DRY,CLASE B-C,2,11
960,7,2,DRY,CLASE B-C,2,11
961,7,2,DRY,CLASE B-C,1,11
962,7,2,DRY,CLASE B-C,1,11
963,7,2,DRY,CLASE B-C,1,11
964,7,2,DRY,CLASE B-C,1,11
965,7,2,DRY,CLASE B-C,2,11
966,7,2,DRY,CLASE B-C,2,11
967,7,2,DRY,CLASE B-C,1,11
968,7,2,DRY,CLASE B,2,11
969,7,2,DRY,CLASE B-C,2,11
970,7,2,DRY,CLASE B-C,1,11
971,7,2,DRY,CLASE B-C,2,11
972,7,2,DRY,CLASE B-C,1,11
973,7,2,DRY,CLASE B-C,1,11
974,7,2,DRY,CLASE B-C,2,11
975,7,2,DRY,CLASE B-C,2,11
976,7,2,DRY,CLASE B-C,2,11
977,7,2,DRY,CLASE B-C,2,11
978,7,2,DRY,CLASE B-C,2,11
979,7,2,DRY,CLASE B-C,1,11
980,7,2,DRY,CLASE B-C,2,11
981,7,2,DRY,CLASE B-C,2,11
982,7,2,DRY,CLASE B-C,2,11
983,7,2,DRY,CLASE B-C,1,11
984,7,2,DRY,CLASE B-C,2,11
985,7,2,DRY,CLASE B-C,1,11
986,7,2,DRY,CLASE B-C,2,11
987,7,2,DRY,CLASE B-C,2,11
988,7,2,DRY,CLASE B-C,2,11
989,7,2,DRY,CLASE B-C,2,11
990,7,2,DRY,CLASE B,1,11
991,7,2,DRY,CLASE B-C,1,11
992,7,2,DRY,CLASE B-C,2,11
993,7,2,DRY,CLASE B-C,2,11
994,7,2,DRY,CLASE B-C,2,11
995,7,2,DRY,CLASE B-C,2,11
996,7,2,DRY,CLASE B-C,2,11
997,7,2,DRY,CLASE B-C,2,11
998,7,2,DRY,CLASE B-C,2,11
999,7,2,DRY,CLASE B-C,1,11
1000,7,2,DRY,CLASE B-C,2,11
1001,7,2,DRY,CLASE B-C,1,11
1002,7,2,DRY,CLASE B-C,2,11
1003,7,2,DRY,CLASE B-C,2,11
1004,7,2,DRY,CLASE B-C,2,11
1005,7,2,DRY,CLASE B-C,1,11
1006,7,2,DRY,CLASE B-C,2,11
1007,7,2,DRY,CLASE B-C,2,11
1008,7,2,DRY,CLASE B-C,2,11
1009,7,2,DRY,CLASE B-C,1,11
1010,7,2,DRY,CLASE B-C,2,11
1011,7,2,DRY,CLASE B-C,2,11
1012,7,2,DRY,CLASE B-C,2,11
1013,7,2,DRY,CLASE B-C,2,11
1014,7,2,DRY,CLASE B-C,1,11
1015,7,2,DRY,CLASE B-C,2,11
1016,7,2,DRY,CLASE B-C,1,11
1017,7,2,DRY,CLASE B-C,1,11
1018,7,2,DRY,CLASE B-C,1,11
1019,3,2,DRY,CLASE B-C,2,11
1020,2,2,DRY,CLASE B-C,1,11
1021,2,2,DRY,CLASE B-C,1,11
1022,6,2,DRY,CLASE B-C,3,11
1023,3,2,DRY,CLASE B-C,116,11
1024,6,2,DRY,CLASE B-C,101,11
1025,6,2,DRY,INSPECTION,101,11
1026,6,2,DRY,CLASE B-C,101,11
1027,6,2,DRY,CLASE B-C,101,11
1028,6,2,DRY,CLASE B-C,101,11
1029,6,2,DRY,CLASE B-C,101,11
1030,6,2,DRY,CLASE B-C,94,11
1031,4,2,DRY,CLASE B-C,68,11
1032,6,2,DRY,CLASE A,89,11
1033,6,2,DRY,CLASE B,89,11
1034,6,2,DRY,CLASE B-C,89,11
1035,6,2,DRY,CLASE B-C,89,11
1036,6,2,DRY,CLASE B-C,89,11
1037,6,2,DRY,CLASE B-C,89,11
1038,6,2,DRY,CLASE B-C,88,11
1039,6,2,DRY,CLASE B-C,89,11
1040,2,2,DRY,INSPECTION,77,11
1041,3,2,DRY,CLASE B-C,69,11
1042,7,2,DRY,CLASE B-C,66,11
1043,7,2,DRY,CLASE B-C,66,11
1044,7,2,DRY,CLASE B-C,66,11
1045,7,2,DRY,CLASE B-C,66,11
1046,7,2,DRY,CLASE B-C,69,11
1047,7,2,DRY,CLASE B-C,66,11
1048,7,2,DRY,CLASE B-C,66,11
1049,2,2,DRY,CLASE B-C,69,11
1050,6,2,DRY,CLASE B-C,66,11
1051,6,2,DRY,CLASE B-C,61,11
1052,6,2,DRY,CLASE B-C,65,11
1053,6,2,DRY,CLASE B-C,66,11
1054,6,2,DRY,CLASE D,66,11
1055,4,2,DRY,CLASE B-C,66,11
1056,2,2,DRY,CLASE B-C,61,11
1057,2,2,DRY,CLASE B-C,61,11
1058,2,2,DRY,CLASE B-C,61,11
1059,2,2,DRY,CLASE B-C,61,11
1060,2,2,DRY,CLASE B-C,61,11
1061,2,2,DRY,CLASE B-C,61,11
1062,2,2,DRY,CLASE B-C,61,11
1063,2,2,DRY,CLASE B-C,61,11
1064,2,2,DRY,CLASE B-C,61,11
1065,2,2,DRY,CLASE B-C,65,11
1066,2,2,DRY,CLASE B-C,61,11
1067,2,2,DRY,CLASE D,61,11
1068,2,2,DRY,CLASE B-C,61,11
1069,2,2,DRY,CLASE B-C,61,11
1070,2,2,DRY,CLASE B-C,61,11
1071,2,2,DRY,CLASE B-C,61,11
1072,6,2,DRY,CLASE B-C,65,11
1073,6,2,DRY,CLASE B-C,62,11
1074,6,2,DRY,CLASE B-C,60,11
1075,6,2,DRY,CLASE B-C,65,11
1076,6,2,DRY,CLASE B-C,60,11
1077,6,2,DRY,CLASE B-C,65,11
1078,6,2,DRY,CLASE B-C,64,11
1079,6,2,DRY,CLASE B-C,62,11
1080,6,2,DRY,CLASE B-C,55,11
1081,6,2,DRY,CLASE B-C,45,11
1082,7,2,DRY,CLASE B-C,46,11
1083,6,2,DRY,CLASE B-C,49,11
1084,6,2,DRY,CLASE B-C,48,11
1085,3,1,DRY,CLASE B-C,40,11
1086,6,2,DRY,CLASE B-C,39,11
1087,6,2,DRY,CLASE B-C,36,11
1088,6,2,DRY,CLASE B-C,17,11
1089,6,2,DRY,CLASE B-C,36,11
1090,6,2,DRY,CLASE B-C,36,11
1091,6,2,DRY,CLASE B-C,36,11
1092,6,2,DRY,CLASE B-C,36,11
1093,6,2,DRY,CLASE B-C,42,11
1094,6,2,DRY,CLASE B-C,36,11
1095,6,2,DRY,CLASE B,36,11
1096,6,2,DRY,CLASE B-C,39,11
1097,6,2,DRY,CLASE B-C,36,11
1098,6,2,DRY,CLASE B-C,36,11
1099,7,2,DRY,CLASE A,4,11
1100,7,2,DRY,CLASE B-C,43,11
1101,7,2,DRY,CLASE B-C,36,11
1102,6,2,DRY,CLASE B-C,46,11
1103,2,2,RF,CLASE B-C,43,11
1104,2,2,RF,CLASE B-C,29,11
1105,2,2,RF,CLASE B-C,42,11
1106,2,2,RF,CLASE B-C,31,11
1107,2,2,RF,CLASE B-C,30,11
1108,2,2,RF,CLASE B-C,29,11
1109,2,2,RF,CLASE B-C,29,11
1110,2,2,RF,CLASE B-C,30,11
1111,2,2,RF,CLASE B-C,30,11
1112,2,2,RF,CLASE B-C,29,11
1113,2,2,RF,CLASE B-C,30,11
1114,6,2,DRY,CLASE B-C,36,11
1115,6,2,DRY,CLASE B-C,36,11
1116,6,2,DRY,CLASE B-C,36,11
1117,6,2,DRY,CLASE B,36,11
1118,6,2,DRY,CLASE B,36,11
1119,6,2,DRY,CLASE A,36,11
1120,6,2,DRY,CLASE B-C,36,11
1121,6,2,DRY,CLASE B-C,36,11
1122,7,2,RF,CLASE B-C,36,11
1123,7,2,RF,CLASE B-C,36,11
1124,7,2,DRY,CLASE B-C,33,11
1125,7,2,RF,CLASE B-C,36,11
1126,6,2,DRY,CLASE B-C,38,11
1127,3,2,DRY,CLASE B-C,38,11
1128,4,2,DRY,CLASE B-C,37,11
1129,1,2,RF,CLASE B-C,33,11
1130,1,2,RF,CLASE B-C,31,11
1131,6,2,DRY,CLASE B-C,36,11
1132,6,2,DRY,CLASE B-C,36,11
1133,6,2,DRY,CLASE B-C,35,11
1134,3,2,DRY,CLASE B-C,37,11
1135,6,2,DRY,CLASE B-C,37,11
1136,6,2,DRY,CLASE B-C,37,11
1137,6,2,DRY,CLASE B-C,35,11
1138,6,2,DRY,CLASE B-C,35,11
1139,6,2,DRY,CLASE B-C,37,11
1140,6,2,DRY,CLASE B-C,35,11
1141,6,2,DRY,CLASE B-C,35,11
1142,6,2,DRY,CLASE B-C,36,11
1143,6,2,DRY,CLASE B-C,36,11
1144,6,2,DRY,CLASE B-C,36,11
1145,6,2,DRY,CLASE B-C,36,11
1146,6,2,DRY,CLASE B-C,36,11
1147,6,2,DRY,CLASE B-C,36,11
1148,6,2,DRY,CLASE B-C,35,11
1149,6,2,DRY,CLASE B-C,32,11
1150,3,2,DRY,CLASE B-C,33,11
1151,3,2,DRY,CLASE B-C,32,11
1152,7,2,DRY,CLASE B-C,29,11
1153,7,2,DRY,CLASE B-C,28,11
1154,2,2,DRY,CLASE B-C,23,11
1155,2,2,DRY,CLASE B-C,23,11
1156,2,2,DRY,CLASE B-C,23,11
1157,2,2,DRY,CLASE B-C,23,11
1158,2,2,DRY,CLASE B-C,23,11
1159,2,2,DRY,CLASE B-C,23,11
1160,2,2,DRY,CLASE B-C,23,11
1161,2,2,DRY,CLASE B-C,23,11
1162,2,1,DRY,INSPECTION,23,11
1163,2,2,DRY,CLASE B-C,23,11
1164,2,2,DRY,CLASE B-C,23,11
1165,2,2,DRY,CLASE B-C,23,11
1166,1,2,RF,CLASE B-C,29,11
1167,1,2,RF,CLASE B-C,23,11
1168,1,2,RF,CLASE B-C,23,11
1169,1,2,RF,CLASE B-C,25,11
1170,1,2,RF,CLASE B-C,24,11
1171,1,2,RF,CLASE B-C,29,11
1172,1,2,RF,CLASE B-C,22,11
1173,1,2,RF,CLASE B-C,29,11
1174,1,2,RF,CLASE B-C,29,11
1175,6,2,DRY,CLASE B,29,11
1176,3,1,DRY,CLASE B-C,16,11
1177,6,2,DRY,CLASE B-C,11,11
1178,6,2,DRY,INSPECTION,9,11
1179,6,2,DRY,CLASE B-C,6,11
1180,6,2,DRY,CLASE B,3,11
1181,6,2,DRY,CLASE B-C,10,11
1182,6,2,DRY,CLASE B-C,10,11
1183,6,2,DRY,CLASE B-C,8,11
1184,6,2,DRY,CLASE A,23,11
1185,6,2,DRY,CLASE B-C,3,11
1186,6,2,DRY,CLASE B-C,12,11
1187,6,2,DRY,CLASE B-C,3,11
1188,6,2,DRY,CLASE B-C,22,11
1189,6,2,DRY,CLASE B-C,11,11
1190,6,2,DRY,CLASE B-C,16,11
1191,6,2,DRY,CLASE B-C,10,11
1192,6,2,DRY,CLASE B-C,12,11
1193,6,2,DRY,CLASE B-C,23,11
1194,6,2,DRY,CLASE B-C,8,11
1195,6,2,DRY,CLASE B-C,2,11
1196,6,2,DRY,CLASE B-C,23,11
1197,7,2,DRY,CLASE B-C,17,11
1198,7,2,DRY,CLASE B-C,19,11
1199,7,2,RF,CLASE B-C,13,11
1200,7,2,RF,CLASE B-C,15,11
1201,7,2,DRY,CLASE B-C,15,11
1202,7,2,DRY,CLASE B-C,20,11
1203,7,2,RF,CLASE B-C,16,11
1204,7,2,DRY,CLASE B-C,7,11
1205,7,2,RF,CLASE B-C,15,11
1206,7,2,DRY,CLASE B-C,12,11
1207,7,2,DRY,CLASE B-C,23,11
1208,7,2,DRY,CLASE B-C,17,11
1209,7,2,DRY,CLASE B-C,7,11
1210,7,2,DRY,CLASE B-C,18,11
1211,7,2,DRY,CLASE B-C,11,11
1212,7,2,DRY,CLASE B-C,12,11
1213,7,2,RF,CLASE B-C,20,11
1214,7,2,RF,CLASE B-C,21,11
1215,7,2,RF,CLASE B-C,24,11
1216,7,2,RF,CLASE B-C,8,11
1217,7,2,RF,CLASE B-C,18,11
1218,7,2,DRY,CLASE B-C,22,11
1219,7,2,DRY,CLASE B-C,17,11
1220,7,2,DRY,CLASE B-C,16,11
1221,7,2,DRY,CLASE B-C,15,11
1222,7,2,RF,CLASE B-C,21,11
1223,7,2,RF,CLASE B-C,21,11
1224,7,2,RF,CLASE B-C,16,11
1225,7,2,RF,CLASE B-C,13,11
1226,7,2,RF,CLASE B-C,16,11
1227,7,2,RF,CLASE B-C,14,11
1228,7,2,DRY,CLASE B-C,22,11
1229,7,2,DRY,CLASE B-C,23,11
1230,7,2,DRY,CLASE D,7,11
1231,7,2,RF,CLASE B-C,15,11
1232,7,2,RF,CLASE B-C,13,11
1233,7,2,DRY,CLASE B-C,15,11
1234,7,2,DRY,CLASE B-C,17,11
1235,7,2,RF,CLASE B-C,18,11
1236,7,2,RF,CLASE B-C,15,11
1237,7,2,RF,CLASE B-C,20,11
1238,7,2,RF,CLASE B-C,20,11
1239,7,2,RF,CLASE B-C,20,11
1240,7,2,RF,CLASE B-C,20,11
1241,7,2,RF,CLASE B-C,20,11
1242,7,2,DRY,CLASE D,13,11
1243,7,2,DRY,CLASE B-C,19,11
1244,7,2,DRY,CLASE B-C,22,11
1245,7,2,DRY,CLASE B-C,22,11
1246,7,2,DRY,CLASE B-C,13,11
1247,6,2,DRY,CLASE B-C,3,11
1248,6,2,DRY,CLASE B-C,3,11
1249,2,2,DRY,CLASE B-C,20,11
1250,2,2,DRY,CLASE B-C,20,11
1251,2,2,DRY,CLASE B-C,20,11
1252,2,2,DRY,CLASE B-C,13,11
1253,2,2,DRY,CLASE B-C,18,11
1254,2,2,DRY,CLASE B-C,20,11
1255,1,2,DRY,INSPECTION,19,11
1256,2,1,DRY,INSPECTION,17,11
1257,3,2,DRY,CLASE B-C,4,11
1258,3,2,DRY,CLASE B-C,3,11
1259,3,2,DRY,CLASE B-C,3,11
1260,3,2,DRY,CLASE B-C,3,11
1261,3,2,DRY,CLASE B-C,4,11
1262,3,2,DRY,CLASE B-C,4,11
1263,3,2,DRY,CLASE B-C,4,11
1264,3,2,DRY,CLASE B-C,3,11
1265,3,2,DRY,CLASE B-C,3,11
1266,3,2,DRY,CLASE B-C,6,11
1267,3,2,DRY,CLASE B-C,4,11
1268,7,2,DRY,CLASE B-C,3,11
1269,7,2,DRY,CLASE B-C,3,11
1270,7,2,DRY,CLASE B-C,5,11
1271,7,2,RF,CLASE B-C,6,11
1272,7,2,DRY,CLASE B-C,17,11
1273,7,2,RF,CLASE B-C,5,11
1274,7,2,DRY,CLASE B-C,3,11
1275,7,2,DRY,CLASE B-C,10,11
1276,7,2,DRY,CLASE B-C,3,11
1277,7,2,DRY,CLASE B-C,7,11
1278,7,2,DRY,CLASE B-C,2,11
1279,7,2,DRY,CLASE B-C,2,11
1280,7,2,DRY,CLASE B-C,12,11
1281,7,2,DRY,CLASE D,4,11
1282,7,2,DRY,CLASE B-C,6,11
1283,7,2,DRY,CLASE B-C,2,11
1284,7,2,DRY,CLASE B-C,3,11
1285,7,2,DRY,CLASE B-C,17,11
1286,7,2,DRY,CLASE B-C,3,11
1287,7,2,DRY,CLASE B-C,3,11
1288,7,2,DRY,CLASE B-C,5,11
1289,7,2,RF,CLASE B-C,6,11
1290,7,2,DRY,CLASE B-C,3,11
1291,7,2,DRY,CLASE B-C,4,11
1292,7,2,DRY,CLASE B-C,5,11
1293,7,2,DRY,CLASE B-C,6,11
1294,7,2,DRY,CLASE B-C,3,11
1295,7,2,DRY,CLASE B-C,2,11
1296,7,2,DRY,CLASE B-C,2,11
1297,7,2,DRY,CLASE B-C,12,11
1298,7,2,DRY,CLASE B-C,5,11
1299,7,2,RF,CLASE B-C,7,11
1300,7,2,RF,CLASE B-C,7,11
1301,7,2,RF,CLASE B-C,8,11
1302,7,2,RF,CLASE B-C,6,11
1303,7,2,RF,CLASE B-C,15,11
1304,7,2,DRY,CLASE B-C,3,11
1305,7,2,RF,CLASE B-C,4,11
1306,7,2,RF,CLASE B-C,6,11
1307,7,2,RF,CLASE B-C,5,11
1308,7,2,DRY,CLASE B-C,7,11
1309,7,2,DRY,CLASE B-C,5,11
1310,7,2,DRY,CLASE B-C,4,11
1311,7,2,DRY,CLASE B-C,2,11
1312,7,2,DRY,CLASE B-C,2,11
1313,7,2,DRY,CLASE B-C,3,11
1314,7,2,DRY,CLASE B-C,3,11
1315,7,2,DRY,CLASE B-C,6,11
1316,7,2,DRY,CLASE B-C,5,11
1317,7,2,DRY,CLASE B-C,5,11
1318,7,2,DRY,CLASE B-C,5,11
1319,7,2,DRY,CLASE B-C,6,11
1320,7,2,DRY,CLASE B-C,4,11
1321,7,2,DRY,CLASE B-C,6,11
1322,7,2,DRY,CLASE B-C,3,11
1323,7,2,DRY,CLASE B-C,3,11
1324,7,2,DRY,CLASE B-C,4,11
1325,7,2,DRY,CLASE B-C,6,11
1326,7,2,DRY,CLASE B-C,7,11
1327,7,2,DRY,CLASE B-C,3,11
1328,7,2,DRY,CLASE B-C,2,11
1329,7,2,DRY,CLASE B-C,3,11
1330,7,2,DRY,CLASE B-C,5,11
1331,7,2,DRY,CLASE B-C,13,11
1332,7,2,DRY,CLASE B-C,3,11
1333,7,2,DRY,CLASE B-C,5,11
1334,7,2,DRY,CLASE B-C,4,11
1335,7,2,DRY,CLASE B-C,5,11
1336,7,2,DRY,CLASE B-C,10,11
1337,7,2,DRY,CLASE B-C,5,11
1338,7,2,DRY,CLASE B-C,2,11
1339,7,2,DRY,CLASE B-C,4,11
1340,7,2,DRY,CLASE B-C,5,11
1341,7,2,DRY,CLASE B-C,3,11
1342,7,2,DRY,CLASE B-C,15,11
1343,7,2,DRY,CLASE B-C,5,11
1344,7,2,DRY,CLASE B-C,18,11
1345,7,2,DRY,CLASE B-C,12,11
1346,7,2,DRY,CLASE B-C,3,11
1347,7,2,DRY,CLASE B-C,5,11
1348,7,2,DRY,CLASE B-C,6,11
1349,7,2,DRY,CLASE B-C,6,11
1350,7,2,DRY,CLASE B-C,5,11
1351,7,2,DRY,CLASE B-C,2,11
1352,7,2,DRY,CLASE B-C,7,11
1353,7,2,RF,CLASE B-C,5,11
1354,7,2,DRY,CLASE B-C,9,11
1355,7,2,DRY,CLASE B-C,5,11
1356,7,2,DRY,CLASE B-C,3,11
1357,7,2,DRY,CLASE B-C,15,11
1358,7,2,DRY,CLASE B-C,2,11
1359,7,2,DRY,CLASE B-C,3,11
1360,7,2,DRY,CLASE B-C,4,11
1361,7,2,DRY,CLASE B-C,5,11
1362,7,2,DRY,CLASE B-C,10,11
1363,7,2,DRY,CLASE B-C,2,11
1364,7,2,DRY,CLASE B-C,17,11
1365,7,2,DRY,CLASE B-C,3,11
1366,7,2,DRY,CLASE B-C,5,11
1367,7,2,DRY,CLASE B-C,13,11
1368,7,2,DRY,CLASE B-C,2,11
1369,7,2,RF,CLASE B-C,5,11
1370,7,2,RF,CLASE B-C,3,11
1371,7,2,RF,CLASE B-C,6,11
1372,7,2,RF,CLASE B-C,6,11
1373,7,2,RF,CLASE B-C,5,11
1374,7,2,RF,CLASE B-C,6,11
1375,7,2,DRY,CLASE B-C,10,11
1376,7,2,DRY,CLASE B-C,5,11
1377,7,2,DRY,CLASE D,15,11
1378,7,2,DRY,CLASE B-C,3,11
1379,7,2,DRY,CLASE B-C,12,11
1380,7,2,DRY,CLASE B-C,4,11
1381,7,2,DRY,CLASE B-C,15,11
1382,7,2,DRY,CLASE B-C,2,11
1383,7,2,RF,CLASE B-C,14,11
1384,7,2,RF,CLASE B-C,7,11
1385,7,2,DRY,CLASE B-C,5,11
1386,7,2,DRY,CLASE B-C,6,11
1387,7,2,DRY,CLASE B-C,3,11
1388,7,2,DRY,CLASE B-C,12,11
1389,7,2,DRY,CLASE B-C,3,11
1390,7,2,DRY,CLASE B-C,3,11
1391,7,2,DRY,CLASE B-C,2,11
1392,7,2,DRY,CLASE D,5,11
1393,7,2,RF,CLASE B-C,4,11
1394,7,2,RF,CLASE B-C,3,11
1395,7,2,RF,CLASE B-C,16,11
1396,7,2,RF,CLASE B-C,8,11
1397,7,2,DRY,CLASE B-C,3,11
1398,7,2,DRY,CLASE B-C,2,11
1399,7,2,DRY,CLASE B-C,3,11
1400,7,2,DRY,CLASE B-C,2,11
1401,7,2,DRY,CLASE B-C,2,11
1402,7,2,DRY,CLASE B-C,2,11
1403,7,2,DRY,CLASE B-C,5,11
1404,7,2,DRY,CLASE B-C,14,11
1405,7,2,DRY,CLASE B-C,7,11
1406,7,2,DRY,CLASE B-C,2,11
1407,7,2,DRY,CLASE B-C,3,11
1408,2,1,DRY,INSPECTION,16,11
1409,2,1,DRY,INSPECTION,14,11
1410,2,2,DRY,CLASE B-C,4,11
1411,2,2,DRY,CLASE B-C,8,11
1412,2,2,DRY,CLASE B-C,8,11
1413,2,2,DRY,CLASE B-C,8,11
1414,2,2,DRY,CLASE B-C,9,11
1415,2,2,DRY,CLASE B-C,8,11
1416,2,2,DRY,CLASE B,9,11
1417,2,2,DRY,CLASE B-C,8,11
1418,2,2,DRY,CLASE B-C,8,11
1419,2,2,DRY,CLASE B-C,9,11
1420,2,2,DRY,CLASE B-C,4,11
1421,2,2,DRY,CLASE B-C,9,11
1422,2,2,DRY,CLASE B-C,5,11
1423,2,2,DRY,CLASE B-C,5,11
1424,2,2,DRY,CLASE B-C,5,11
1425,2,2,DRY,CLASE B-C,4,11
1426,2,2,DRY,CLASE B-C,5,11
1427,2,2,DRY,CLASE B-C,5,11
1428,2,2,DRY,CLASE B-C,4,11
1429,2,2,DRY,CLASE B-C,4,11
1430,2,2,DRY,CLASE B-C,4,11
1431,2,2,DRY,CLASE B-C,5,11
1432,2,2,DRY,CLASE B-C,9,11
1433,2,2,DRY,CLASE B-C,8,11
1434,2,2,DRY,CLASE B-C,9,11
1435,2,2,DRY,CLASE B-C,3,11
1436,2,2,DRY,CLASE B-C,8,11
1437,2,2,DRY,CLASE B-C,8,11
1438,2,2,DRY,CLASE B-C,8,11
1439,2,2,DRY,CLASE B-C,8,11
1440,2,2,DRY,CLASE B,8,11
1441,2,2,DRY,CLASE B-C,8,11
1442,2,2,DRY,CLASE B-C,8,11
1443,2,2,DRY,CLASE B-C,9,11
1444,2,2,DRY,CLASE B-C,8,11
1445,2,2,DRY,CLASE B-C,9,11
1446,2,2,DRY,CLASE B-C,8,11
1447,2,2,DRY,CLASE B-C,9,11
1448,2,2,DRY,CLASE B-C,9,11
1449,2,2,DRY,CLASE B-C,9,11
1450,2,2,DRY,CLASE B-C,8,11
1451,2,2,DRY,CLASE B-C,8,11
1452,2,2,DRY,CLASE B-C,9,11
1453,2,2,DRY,CLASE B-C,4,11
1454,2,2,DRY,CLASE B-C,8,11
1455,2,2,DRY,CLASE B-C,8,11
1456,2,2,DRY,CLASE B-C,9,11
1457,2,2,DRY,CLASE B-C,4,11
1458,2,2,DRY,CLASE B-C,8,11
1459,1,2,RF,CLASE B-C,11,11
1460,1,2,RF,CLASE B-C,12,11
1461,1,2,RF,CLASE B-C,11,11
1462,6,2,DRY,CLASE B-C,11,11
1463,1,2,RF,CLASE B-C,12,11
1464,1,2,RF,CLASE B-C,11,11
1465,1,2,RF,CLASE B-C,11,11
1466,7,2,DRY,CLASE B-C,11,11
1467,3,2,DRY,CLASE B-C,10,11
1468,7,2,DRY,CLASE B-C,5,11
1469,7,2,DRY,CLASE D,8,11
1470,3,2,DRY,CLASE B-C,10,11
1471,6,2,DRY,CLASE B-C,8,11
1472,2,2,DRY,CLASE B-C,3,11
1473,2,2,DRY,CLASE B-C,3,11
1474,2,2,DRY,CLASE B-C,3,11
1475,2,2,DRY,CLASE B-C,3,11
1476,2,2,DRY,CLASE B-C,3,11
1477,2,2,DRY,CLASE B-C,3,11
1478,2,2,DRY,CLASE B-C,3,11
1479,2,2,DRY,CLASE B-C,3,11
1480,2,2,DRY,CLASE B-C,3,11
1481,2,2,DRY,CLASE B-C,3,11
1482,2,2,DRY,CLASE B-C,3,11
1483,2,2,DRY,CLASE B-C,3,11
1484,2,2,DRY,CLASE B-C,3,11
1485,2,2,DRY,CLASE B-C,3,11
1486,2,2,DRY,CLASE B-C,3,11
1487,2,2,DRY,CLASE B-C,3,11
1488,2,2,DRY,CLASE B-C,3,11
1489,2,2,DRY,CLASE B-C,3,11
1490,2,2,DRY,CLASE B-C,3,11
1491,2,2,DRY,CLASE B-C,3,11
1492,2,2,DRY,CLASE B-C,3,11
1493,2,2,DRY,CLASE B-C,3,11
1494,2,2,DRY,CLASE B-C,3,11
1495,2,2,DRY,CLASE B-C,3,11
1496,2,2,DRY,CLASE B-C,3,11
1497,2,2,DRY,CLASE B-C,3,11
1498,2,2,DRY,CLASE B-C,3,11
1499,2,2,DRY,CLASE B-C,3,11
1500,2,2,DRY,CLASE B-C,3,11
1501,2,2,DRY,CLASE B-C,3,11
1502,2,2,DRY,CLASE B-C,3,11
1503,2,2,DRY,CLASE B-C,3,11
1504,2,2,DRY,CLASE B-C,3,11
1505,2,2,DRY,CLASE B-C,3,11
1506,2,2,DRY,CLASE B-C,3,11
1507,2,2,DRY,CLASE B-C,3,11
1508,2,2,DRY,CLASE B-C,3,11
1509,2,2,DRY,CLASE B-C,3,11
1510,6,2,DRY,CLASE B-C,4,11
1511,3,2,DRY,CLASE B-C,6,11
1512,7,2,DRY,CLASE B-C,6,11
1513,7,2,DRY,CLASE B-C,4,11
1514,3,2,DRY,CLASE B-C,6,11
1515,3,2,DRY,CLASE B-C,6,11
1516,3,2,DRY,CLASE B-C,6,11
1517,3,2,DRY,CLASE B-C,6,11
1518,3,2,DRY,CLASE B-C,6,11
1519,3,2,DRY,CLASE B-C,6,11
1520,3,2,DRY,CLASE B-C,6,11
1521,3,2,DRY,CLASE B-C,6,11
1522,3,2,DRY,CLASE B-C,6,11
1523,3,2,DRY,CLASE B-C,5,11
1524,6,2,DRY,CLASE B-C,3,11
1525,2,2,DRY,CLASE B-C,3,11
1526,7,2,DRY,CLASE B-C,3,11
1527,3,2,DRY,CLASE B-C,2,11
1528,7,2,DRY,CLASE A,1,11
1529,7,2,DRY,CLASE B-C,1,11
1530,7,2,DRY,CLASE B-C,1,11
1531,7,2,DRY,CLASE B-C,1,11
1532,7,2,DRY,CLASE B-C,1,11
1533,7,2,DRY,CLASE B-C,1,11
1534,7,2,DRY,CLASE B-C,1,11
1535,7,2,DRY,CLASE B-C,3,11
1536,7,2,DRY,CLASE B-C,1,11
1537,7,2,DRY,CLASE B-C,3,11
1538,7,2,DRY,CLASE B-C,3,11
1539,7,2,DRY,CLASE B-C,3,11
1540,7,2,DRY,CLASE B,1,11
1541,7,2,DRY,CLASE B-C,3,11
1542,7,2,DRY,CLASE B-C,1,11
1543,7,2,DRY,CLASE B-C,1,11
1544,7,2,DRY,CLASE B-C,3,11
1545,7,2,DRY,CLASE B-C,3,11
1546,7,2,DRY,CLASE B-C,2,11
1547,7,2,DRY,CLASE B-C,1,11
1548,7,2,DRY,CLASE B-C,3,11
1549,7,2,DRY,CLASE B-C,1,11
1550,7,2,DRY,CLASE B-C,1,11
1551,7,2,DRY,CLASE B-C,1,11
1552,7,2,DRY,INSPECTION,1,11
1553,7,2,DRY,CLASE B-C,3,11
1554,7,2,DRY,CLASE B-C,1,11
1555,7,2,DRY,CLASE B-C,1,11
1556,7,2,DRY,CLASE B-C,1,11
1557,7,2,DRY,CLASE B-C,1,11
1558,7,2,DRY,CLASE B-C,1,11
1559,7,2,DRY,CLASE B-C,3,11
1560,7,2,DRY,CLASE B-C,3,11
1561,7,2,DRY,CLASE B-C,1,11
1562,7,2,DRY,CLASE B-C,3,11
1563,7,2,DRY,CLASE B-C,1,11
1564,7,2,DRY,CLASE B-C,1,11
1565,7,2,DRY,CLASE B-C,1,11
1566,7,2,DRY,CLASE B-C,3,11
1567,7,2,DRY,CLASE B-C,2,11
1568,7,2,DRY,CLASE B-C,1,11
1569,7,2,DRY,CLASE B-C,3,11
1570,7,2,DRY,CLASE B-C,1,11
1571,7,2,DRY,CLASE B-C,1,11
1572,7,2,DRY,CLASE B-C,1,11
1573,7,2,DRY,CLASE B-C,1,11
1574,6,2,DRY,CLASE B-C,3,11
1575,6,2,DRY,CLASE B-C,3,11
1576,2,2,DRY,CLASE B-C,3,11
1577,2,2,DRY,CLASE B-C,3,11
1578,6,2,DRY,CLASE B-C,2,11
1579,6,2,DRY,CLASE B-C,2,11
1580,6,2,DRY,CLASE B-C,2,11
1581,6,2,DRY,CLASE B-C,2,11
1582,6,2,DRY,CLASE B-C,2,11
1583,6,2,DRY,CLASE B-C,2,11
1584,7,2,DRY,CLASE B-C,2,11
1585,7,2,DRY,CLASE B-C,1,11
1586,7,2,DRY,CLASE B-C,1,11
1587,7,2,DRY,CLASE B-C,1,11
1588,7,2,DRY,CLASE B-C,1,11
1589,7,2,DRY,CLASE B-C,1,11
1590,3,2,DRY,CLASE B-C,8,12
1591,3,2,DRY,CLASE B-C,8,12
1592,7,2,RF,CLASE B-C,10,12
1593,2,2,DRY,CLASE B-C,14,12
1594,2,2,DRY,CLASE B-C,15,12
1595,3,2,DRY,CLASE B-C,8,12
1596,2,2,DRY,CLASE B-C,35,12
1597,2,2,DRY,CLASE B-C,28,12
1598,7,2,RF,CLASE B-C,19,12
1599,7,2,RF,CLASE B-C,20,12
1600,7,2,RF,CLASE B-C,7,12
1601,7,2,RF,CLASE B-C,8,12
1602,1,2,RF,CLASE B-C,14,12
1603,6,2,RF,INSPECTION,3,12
1604,4,2,DRY,CLASE B-C,69,12
1605,4,2,DRY,CLASE B-C,69,12
1606,4,2,DRY,CLASE B-C,69,12
1607,2,2,RF,CLASE B-C,32,12
1608,2,2,RF,CLASE B-C,32,12
1609,2,2,RF,CLASE B-C,32,12
1610,2,2,RF,CLASE B-C,35,12
1611,8,2,DRY,CLASE B-C,25,12
1612,2,2,DRY,CLASE B-C,24,12
1613,7,2,RF,CLASE B-C,7,12
1614,7,2,RF,CLASE B-C,7,12
1615,7,2,RF,CLASE B-C,10,12
1616,2,2,DRY,CLASE B-C,13,12
1617,2,2,DRY,CLASE B-C,13,12
1618,1,2,RF,CLASE B-C,11,12
1619,6,2,RF,CLASE B-C,10,12
1620,6,2,DRY,CLASE B-C,52,12
1621,2,2,DRY,CLASE B-C,44,12
1622,2,2,DRY,CLASE B-C,44,12
1623,2,2,RF,CLASE B-C,32,12
1624,7,2,DRY,CLASE B-C,33,12
1625,7,2,DRY,CLASE B-C,33,12
1626,7,2,DRY,CLASE B-C,33,12
1627,7,2,DRY,CLASE B-C,33,12
1628,8,2,DRY,CLASE B-C,25,12
1629,7,2,RF,CLASE B-C,7,12
1630,7,2,DRY,CLASE B-C,9,12
1631,7,2,RF,CLASE B-C,7,12
1632,7,2,RF,CLASE B-C,7,12
1633,7,2,RF,CLASE B-C,7,12
1634,7,2,RF,CLASE B-C,7,12
1635,7,2,DRY,CLASE B-C,7,12
1636,7,2,DRY,CLASE B-C,7,12
1637,7,2,DRY,CLASE B-C,7,12
1638,7,2,DRY,CLASE B-C,7,12
1639,7,2,DRY,CLASE B-C,15,12
1640,7,2,DRY,CLASE B-C,7,12
1641,7,2,DRY,CLASE B-C,7,12
1642,1,2,RF,CLASE B-C,19,12
1643,2,2,DRY,CLASE B-C,13,12
1644,2,2,DRY,CLASE B-C,8,12
1645,2,2,DRY,CLASE B-C,14,12
1646,7,2,DRY,CLASE B-C,10,12
1647,7,2,DRY,CLASE B-C,10,12
1648,2,2,DRY,CLASE B-C,3,12
1649,7,2,DRY,CLASE B-C,1,12
1650,7,2,DRY,CLASE B-C,1,12
1651,7,2,DRY,CLASE B-C,1,12
1652,4,2,DRY,CLASE B-C,69,12
1653,4,2,DRY,CLASE B-C,69,12
1654,2,2,DRY,CLASE B-C,64,12
1655,2,2,DRY,CLASE B-C,64,12
1656,2,2,DRY,CLASE B-C,64,12
1657,2,2,DRY,CLASE B-C,64,12
1658,6,2,DRY,CLASE B-C,64,12
1659,2,2,RF,CLASE B-C,32,12
1660,2,2,RF,CLASE B-C,32,12
1661,2,2,RF,CLASE B-C,32,12
1662,6,2,RF,CLASE B-C,38,12
1663,6,2,DRY,CLASE B-C,36,12
1664,6,2,RF,CLASE B-C,38,12
1665,6,2,DRY,CLASE A,38,12
1666,7,2,RF,CLASE B-C,29,12
1667,7,2,RF,CLASE B-C,31,12
1668,7,2,RF,CLASE B-C,31,12
1669,1,2,RF,CLASE B-C,27,12
1670,1,2,RF,CLASE B-C,22,12
1671,1,2,RF,CLASE B-C,27,12
1672,1,2,RF,CLASE B-C,26,12
1673,1,2,RF,CLASE B-C,31,12
1674,7,2,RF,CLASE B-C,19,12
1675,3,2,DRY,CLASE A,6,12
1676,7,2,RF,CLASE B-C,10,12
1677,7,2,RF,CLASE B-C,10,12
1678,7,2,RF,CLASE B-C,7,12
1679,7,2,RF,CLASE B-C,7,12
1680,7,2,RF,CLASE B-C,7,12
1681,1,2,RF,CLASE B-C,18,12
1682,1,2,RF,CLASE B-C,18,12
1683,2,2,DRY,CLASE B-C,12,12
1684,1,2,RF,CLASE B-C,14,12
1685,6,2,RF,CLASE B-C,8,12
1686,2,2,DRY,CLASE B-C,4,12
1687,7,2,DRY,CLASE B-C,1,12
1688,7,2,DRY,CLASE B-C,1,12
1689,7,2,DRY,CLASE B-C,1,12
1690,7,2,DRY,CLASE B-C,1,12
1691,7,2,DRY,CLASE D,1,12
1692,7,2,DRY,CLASE B-C,1,12
1693,7,2,DRY,CLASE B-C,1,12
1694,7,2,DRY,CLASE B-C,1,12
1695,7,2,DRY,CLASE B-C,1,12
1696,7,2,DRY,CLASE B-C,1,12
1697,7,2,DRY,CLASE B-C,1,12
1698,7,2,DRY,CLASE B-C,1,12
1699,7,2,DRY,CLASE B-C,1,12
1700,7,2,DRY,CLASE B-C,1,12
1701,7,2,DRY,CLASE B-C,1,12
1702,7,2,DRY,CLASE B-C,1,12
1703,7,2,DRY,CLASE B-C,1,12
1704,7,2,DRY,CLASE B-C,1,12
1705,7,2,DRY,CLASE B-C,1,12
1706,7,2,DRY,CLASE B-C,1,12
1707,7,2,DRY,CLASE B-C,1,12
1708,7,2,DRY,CLASE B-C,1,12
1709,7,2,DRY,CLASE B-C,1,12
1710,7,2,DRY,CLASE B-C,1,12
1711,7,2,DRY,CLASE B-C,1,12
1712,7,2,DRY,CLASE B-C,1,12
1713,3,2,DRY,CLASE B-C,1,12
1714,3,2,DRY,CLASE B-C,1,12
1715,3,2,DRY,CLASE B-C,1,12
1716,3,1,DRY,CLASE B-C,81,12
1717,2,2,DRY,CLASE A,81,12
1718,2,2,DRY,CLASE B-C,81,12
1719,2,2,DRY,CLASE B-C,81,12
1720,2,2,DRY,CLASE B-C,81,12
1721,2,2,DRY,CLASE B-C,81,12
1722,2,2,DRY,CLASE B-C,81,12
1723,2,2,DRY,CLASE B-C,81,12
1724,2,2,DRY,CLASE A,81,12
1725,2,2,DRY,CLASE A,81,12
1726,2,2,DRY,CLASE A,81,12
1727,2,2,DRY,CLASE B-C,81,12
1728,2,2,DRY,CLASE B-C,81,12
1729,2,2,DRY,CLASE B-C,81,12
1730,2,2,DRY,CLASE B-C,81,12
1731,2,2,DRY,CLASE B-C,81,12
1732,2,2,DRY,CLASE B-C,81,12
1733,2,2,DRY,CLASE B-C,81,12
1734,2,2,DRY,CLASE B-C,81,12
1735,2,2,DRY,CLASE B-C,81,12
1736,2,2,DRY,CLASE A,81,12
1737,2,2,DRY,CLASE B-C,81,12
1738,2,2,DRY,CLASE B-C,81,12
1739,2,2,DRY,CLASE B-C,81,12
1740,2,2,DRY,CLASE B-C,81,12
1741,2,2,DRY,CLASE A,81,12
1742,2,2,DRY,CLASE B-C,81,12
1743,2,2,DRY,CLASE B-C,81,12
1744,2,2,DRY,CLASE B-C,81,12
1745,2,2,DRY,CLASE B-C,81,12
1746,2,2,DRY,CLASE B-C,81,12
1747,2,2,DRY,CLASE B-C,81,12
1748,2,2,DRY,CLASE B-C,81,12
1749,2,2,DRY,CLASE B-C,81,12
1750,2,2,DRY,CLASE A,81,12
1751,2,2,DRY,CLASE B-C,81,12
1752,2,2,DRY,CLASE B-C,81,12
1753,2,2,DRY,CLASE B-C,81,12
1754,2,2,DRY,CLASE B-C,81,12
1755,2,2,DRY,CLASE B-C,81,12
1756,2,2,DRY,CLASE B-C,81,12
1757,2,2,DRY,CLASE B-C,81,12
1758,2,2,DRY,CLASE B-C,81,12
1759,2,2,DRY,CLASE B-C,81,12
1760,2,2,DRY,CLASE B-C,81,12
1761,2,2,DRY,CLASE B-C,81,12
1762,2,2,DRY,CLASE B-C,81,12
1763,2,2,DRY,CLASE B-C,81,12
1764,2,2,DRY,CLASE B-C,81,12
1765,2,2,DRY,CLASE B-C,81,12
1766,2,2,DRY,CLASE B-C,81,12
1767,2,2,DRY,CLASE B-C,81,12
1768,2,2,DRY,CLASE B-C,81,12
1769,2,2,DRY,CLASE B-C,81,12
1770,2,2,DRY,CLASE B-C,81,12
1771,2,2,DRY,CLASE B-C,81,12
1772,2,2,DRY,CLASE B-C,81,12
1773,2,2,DRY,CLASE B-C,81,12
1774,4,2,DRY,CLASE B-C,70,12
1775,2,2,DRY,CLASE B-C,65,12
1776,2,2,DRY,CLASE B-C,65,12
1777,2,2,DRY,CLASE B-C,65,12
1778,2,2,DRY,CLASE B-C,65,12
1779,2,2,DRY,CLASE B-C,65,12
1780,2,2,DRY,CLASE B-C,65,12
1781,2,2,DRY,CLASE B-C,65,12
1782,2,2,DRY,CLASE B-C,65,12
1783,2,2,DRY,CLASE B-C,65,12
1784,3,1,DRY,CLASE B-C,44,12
1785,3,1,DRY,CLASE B-C,44,12
1786,3,1,DRY,CLASE B-C,28,12
1787,3,1,DRY,CLASE B-C,44,12
1788,3,1,DRY,CLASE B-C,44,12
1789,3,1,DRY,CLASE B-C,44,12
1790,6,2,DRY,CLASE B-C,22,12
1791,6,2,DRY,CLASE B-C,22,12
1792,6,2,DRY,CLASE B-C,22,12
1793,6,2,DRY,CLASE B-C,22,12
1794,6,2,DRY,CLASE B-C,22,12
1795,6,2,DRY,CLASE B-C,22,12
1796,6,2,DRY,CLASE B-C,22,12
1797,6,2,DRY,CLASE B-C,22,12
1798,6,2,DRY,CLASE B-C,22,12
1799,6,2,DRY,CLASE B-C,22,12
1800,6,2,DRY,CLASE B-C,47,12
1801,6,2,DRY,CLASE B-C,22,12
1802,6,2,DRY,CLASE B-C,22,12
1803,6,2,DRY,CLASE B-C,22,12
1804,7,2,DRY,CLASE B-C,43,12
1805,6,2,DRY,CLASE B-C,49,12
1806,6,2,DRY,CLASE B-C,22,12
1807,3,2,DRY,CLASE B-C,40,12
1808,6,2,DRY,CLASE B-C,23,12
1809,7,2,DRY,CLASE B-C,17,12
1810,3,2,DRY,CLASE B-C,9,12
1811,3,2,DRY,CLASE B-C,9,12
1812,7,2,DRY,CLASE B-C,8,12
1813,7,2,DRY,CLASE B-C,8,12
1814,7,2,DRY,CLASE B-C,8,12
1815,3,2,DRY,CLASE B,12,12
1816,3,2,DRY,CLASE B-C,12,12
1817,3,2,DRY,CLASE B-C,12,12
1818,3,2,DRY,CLASE B-C,12,12
1819,3,2,DRY,CLASE B-C,12,12
1820,3,2,DRY,CLASE B-C,12,12
1821,3,2,DRY,CLASE B-C,9,12
1822,3,2,DRY,CLASE B-C,9,12
1823,3,2,DRY,CLASE B-C,9,12
1824,3,2,DRY,CLASE B-C,9,12
1825,6,2,DRY,CLASE B-C,8,12
1826,6,2,DRY,CLASE B-C,7,12
1827,6,2,DRY,CLASE B-C,7,12
1828,7,2,DRY,CLASE B,2,12
1829,7,2,DRY,CLASE B-C,2,12
1830,7,2,DRY,CLASE B-C,1,12
1831,7,2,DRY,CLASE B-C,2,12
1832,7,2,DRY,CLASE B-C,2,12
1833,7,2,DRY,CLASE B-C,2,12
1834,7,2,DRY,CLASE B-C,2,12
1835,7,2,DRY,CLASE B-C,2,12
1836,7,2,DRY,CLASE B-C,1,12
1837,7,2,DRY,CLASE B-C,2,12
1838,7,2,DRY,CLASE B-C,2,12
1839,7,2,DRY,CLASE B-C,2,12
1840,7,2,DRY,CLASE B-C,1,12
1841,7,2,DRY,CLASE B-C,2,12
1842,7,2,DRY,CLASE B-C,1,12
1843,3,2,DRY,CLASE B-C,2,12
1844,3,1,DRY,CLASE B-C,105,12
1845,3,1,DRY,CLASE B-C,76,12
1846,2,2,DRY,CLASE B-C,81,12
1847,2,2,DRY,CLASE B-C,81,12
1848,2,2,DRY,CLASE B-C,81,12
1849,3,1,DRY,CLASE B-C,81,12
1850,2,2,DRY,CLASE B-C,81,12
1851,2,2,DRY,CLASE B-C,81,12
1852,2,2,DRY,CLASE B-C,81,12
1853,6,2,DRY,CLASE D,72,12
1854,6,2,DRY,CLASE B-C,71,12
1855,6,2,DRY,CLASE B-C,71,12
1856,2,2,DRY,CLASE B-C,65,12
1857,6,2,DRY,CLASE B-C,65,12
1858,6,2,DRY,CLASE B-C,65,12
1859,6,2,DRY,CLASE B-C,65,12
1860,6,2,DRY,CLASE B-C,65,12
1861,6,2,DRY,CLASE B-C,65,12
1862,6,2,DRY,CLASE B-C,65,12
1863,6,2,DRY,CLASE B,65,12
1864,6,2,DRY,CLASE B-C,65,12
1865,6,2,DRY,CLASE B-C,65,12
1866,6,2,DRY,CLASE B-C,65,12
1867,6,2,DRY,CLASE B-C,65,12
1868,6,2,DRY,CLASE B-C,65,12
1869,6,2,DRY,CLASE A,65,12
1870,6,2,DRY,CLASE B-C,65,12
1871,6,2,DRY,CLASE A,65,12
1872,6,2,DRY,CLASE B-C,65,12
1873,6,2,DRY,CLASE B-C,65,12
1874,6,2,DRY,CLASE B-C,65,12
1875,6,2,DRY,CLASE B-C,65,12
1876,6,2,DRY,CLASE B-C,65,12
1877,6,2,DRY,CLASE B-C,65,12
1878,6,2,DRY,CLASE B-C,65,12
1879,6,2,DRY,CLASE B-C,65,12
1880,6,2,DRY,CLASE B-C,65,12
1881,6,2,DRY,CLASE B-C,65,12
1882,6,2,DRY,CLASE B-C,65,12
1883,6,2,DRY,CLASE B-C,65,12
1884,6,2,DRY,CLASE B-C,59,12
1885,7,2,RF,CLASE B-C,61,12
1886,3,2,DRY,CLASE B-C,51,12
1887,7,2,DRY,CLASE B-C,55,12
1888,7,2,DRY,CLASE B-C,53,12
1889,7,2,DRY,INSPECTION,54,12
1890,6,2,DRY,CLASE B-C,54,12
1891,3,1,DRY,CLASE B-C,43,12
1892,3,1,DRY,CLASE B-C,44,12
1893,3,1,DRY,CLASE B-C,44,12
1894,6,2,DRY,CLASE B-C,23,12
1895,6,2,DRY,CLASE B-C,23,12
1896,6,2,DRY,CLASE B-C,23,12
1897,6,2,DRY,CLASE B-C,23,12
1898,6,2,DRY,CLASE B-C,23,12
1899,6,2,DRY,CLASE B-C,23,12
1900,6,2,DRY,CLASE B-C,23,12
1901,6,2,DRY,CLASE B-C,23,12
1902,6,2,DRY,CLASE B-C,49,12
1903,2,2,RF,CLASE B-C,46,12
1904,2,2,DRY,CLASE B-C,45,12
1905,6,2,DRY,CLASE B-C,46,12
1906,6,2,DRY,CLASE B-C,37,12
1907,6,2,DRY,CLASE B-C,37,12
1908,6,2,DRY,CLASE B-C,37,12
1909,6,2,DRY,CLASE B-C,42,12
1910,6,2,DRY,CLASE B-C,37,12
1911,6,2,DRY,CLASE B-C,37,12
1912,6,2,DRY,CLASE B-C,37,12
1913,6,2,DRY,CLASE B-C,37,12
1914,6,2,DRY,CLASE B-C,37,12
1915,6,2,DRY,CLASE B-C,37,12
1916,7,2,DRY,CLASE B-C,42,12
1917,6,2,DRY,CLASE B-C,42,12
1918,6,2,DRY,CLASE B-C,42,12
1919,6,2,DRY,CLASE B-C,41,12
1920,6,2,DRY,CLASE B-C,41,12
1921,6,2,DRY,CLASE B-C,41,12
1922,6,2,DRY,CLASE D,41,12
1923,2,2,DRY,CLASE B-C,36,12
1924,1,2,RF,CLASE B-C,35,12
1925,1,2,RF,CLASE B-C,35,12
1926,6,2,DRY,CLASE B-C,40,12
1927,6,2,DRY,CLASE B-C,40,12
1928,6,2,DRY,CLASE B-C,40,12
1929,6,2,DRY,CLASE B-C,39,12
1930,7,2,RF,CLASE B-C,32,12
1931,2,2,DRY,CLASE B-C,28,12
1932,1,1,DRY,INSPECTION,28,12
1933,1,2,RF,CLASE B-C,22,12
1934,1,2,RF,CLASE B-C,28,12
1935,1,2,RF,CLASE B-C,27,12
1936,1,1,DRY,INSPECTION,28,12
1937,1,1,DRY,INSPECTION,25,12
1938,1,1,DRY,INSPECTION,30,12
1939,6,2,DRY,CLASE A,26,12
1940,6,2,DRY,CLASE B-C,11,12
1941,6,2,RF,CLASE B-C,22,12
1942,6,2,DRY,CLASE B-C,15,12
1943,7,2,DRY,CLASE B-C,27,12
1944,7,2,RF,CLASE B-C,19,12
1945,7,2,DRY,CLASE B-C,27,12
1946,7,2,RF,CLASE B-C,21,12
1947,7,2,RF,CLASE B-C,11,12
1948,7,2,DRY,CLASE B-C,27,12
1949,7,2,DRY,CLASE B-C,27,12
1950,7,2,DRY,CLASE B-C,27,12
1951,7,2,RF,CLASE B-C,17,12
1952,7,2,RF,CLASE B-C,17,12
1953,7,2,RF,CLASE B-C,17,12
1954,7,2,RF,CLASE B-C,11,12
1955,7,2,DRY,CLASE B-C,27,12
1956,7,2,DRY,CLASE B-C,27,12
1957,7,2,DRY,CLASE B-C,27,12
1958,7,2,RF,CLASE B-C,17,12
1959,7,2,RF,CLASE B-C,17,12
1960,7,2,RF,CLASE B-C,11,12
1961,7,2,RF,CLASE B-C,11,12
1962,7,2,RF,CLASE B-C,19,12
1963,7,2,DRY,CLASE B-C,27,12
1964,6,2,DRY,INSPECTION,7,12
1965,2,2,DRY,CLASE B-C,13,12
1966,2,2,DRY,CLASE B-C,21,12
1967,3,2,DRY,CLASE B-C,11,12
1968,3,2,DRY,CLASE B-C,11,12
1969,3,2,DRY,CLASE B-C,11,12
1970,3,2,DRY,CLASE B-C,11,12
1971,3,2,DRY,CLASE B-C,11,12
1972,3,2,DRY,CLASE B-C,11,12
1973,3,2,DRY,CLASE B-C,6,12
1974,3,2,DRY,CLASE B-C,6,12
1975,3,2,DRY,CLASE B-C,11,12
1976,3,2,DRY,CLASE B-C,11,12
1977,3,2,DRY,CLASE B-C,11,12
1978,3,2,DRY,CLASE B-C,11,12
1979,3,2,DRY,CLASE B-C,11,12
1980,3,2,DRY,CLASE A,6,12
1981,3,2,DRY,CLASE B-C,11,12
1982,3,2,DRY,CLASE B-C,11,12
1983,3,2,DRY,CLASE B-C,11,12
1984,3,2,DRY,CLASE B-C,11,12
1985,3,2,DRY,CLASE B-C,11,12
1986,3,2,DRY,CLASE B-C,11,12
1987,3,2,DRY,CLASE B-C,11,12
1988,7,2,RF,CLASE B-C,11,12
1989,7,2,RF,CLASE B-C,8,12
1990,7,2,RF,CLASE B-C,8,12
1991,7,2,DRY,CLASE B-C,8,12
1992,7,2,RF,CLASE B-C,11,12
1993,7,2,RF,CLASE B-C,8,12
1994,7,2,RF,CLASE B-C,7,12
1995,7,2,RF,CLASE B-C,11,12
1996,7,2,RF,CLASE B-C,8,12
1997,7,2,RF,CLASE B-C,19,12
1998,7,2,RF,CLASE B-C,11,12
1999,7,2,RF,CLASE B-C,7,12
2000,7,2,RF,CLASE B-C,8,12
2001,7,2,RF,CLASE B-C,7,12
2002,7,2,RF,CLASE B-C,19,12
2003,7,2,RF,CLASE B-C,19,12
2004,7,2,DRY,CLASE B-C,16,12
2005,2,2,DRY,CLASE B-C,8,12
2006,2,2,DRY,CLASE B-C,8,12
2007,2,2,DRY,CLASE B-C,8,12
2008,1,2,RF,CLASE B-C,15,12
2009,3,2,DRY,CLASE B-C,13,12
2010,3,2,DRY,CLASE B-C,12,12
2011,3,2,DRY,CLASE B-C,12,12
2012,3,2,DRY,CLASE B-C,12,12
2013,3,2,DRY,CLASE B-C,12,12
2014,3,2,DRY,CLASE B-C,12,12
2015,3,2,DRY,CLASE B-C,12,12
2016,3,2,DRY,CLASE B-C,12,12
2017,2,2,RF,CLASE B-C,8,12
2018,2,2,RF,CLASE B-C,8,12
2019,3,2,DRY,CLASE B-C,5,12
2020,3,2,DRY,CLASE B-C,5,12
2021,3,2,DRY,CLASE B-C,5,12
2022,3,2,DRY,CLASE B-C,5,12
2023,3,2,DRY,CLASE B-C,5,12
2024,3,2,DRY,CLASE B-C,5,12
2025,3,2,DRY,CLASE B-C,1,12
2026,3,2,DRY,CLASE B-C,5,12
2027,3,2,DRY,CLASE B-C,5,12
2028,3,2,DRY,CLASE B-C,5,12
2029,3,2,DRY,CLASE B-C,5,12
2030,3,2,DRY,CLASE B-C,5,12
2031,7,2,DRY,CLASE B-C,5,12
2032,7,2,DRY,CLASE B-C,4,12
2033,7,2,DRY,CLASE B-C,4,12
2034,7,2,DRY,CLASE B-C,6,12
2035,7,2,DRY,CLASE B-C,4,12
2036,6,2,RF,CLASE B-C,7,12
2037,2,2,DRY,CLASE B-C,5,12
2038,2,2,DRY,CLASE B-C,5,12
2039,2,2,DRY,CLASE B-C,5,12
2040,2,2,DRY,CLASE B-C,5,12
2041,2,2,DRY,CLASE B-C,5,12
2042,2,2,DRY,CLASE B-C,5,12
2043,2,2,DRY,CLASE B-C,5,12
2044,2,2,DRY,CLASE B-C,5,12
2045,2,2,DRY,CLASE B-C,5,12
2046,2,2,DRY,CLASE B-C,5,12
2047,2,2,DRY,CLASE B-C,5,12
2048,2,2,DRY,CLASE B-C,5,12
2049,2,2,DRY,CLASE B-C,5,12
2050,2,2,DRY,CLASE B-C,5,12
2051,2,2,DRY,CLASE B-C,5,12
2052,2,2,DRY,CLASE B-C,5,12
2053,2,2,DRY,CLASE B-C,5,12
2054,2,2,DRY,CLASE B-C,5,12
2055,2,2,DRY,CLASE B-C,5,12
2056,2,2,DRY,CLASE D,5,12
2057,7,2,DRY,CLASE B-C,1,12
2058,7,2,DRY,CLASE B-C,1,12
2059,7,2,DRY,CLASE B-C,1,12
2060,7,2,DRY,CLASE B-C,1,12
2061,7,2,DRY,CLASE B-C,2,12
2062,7,2,DRY,CLASE B-C,2,12
2063,7,2,DRY,CLASE B-C,2,12
2064,7,2,DRY,CLASE B-C,2,12
2065,7,2,DRY,CLASE B-C,2,12
2066,7,2,DRY,CLASE B-C,2,12
2067,7,2,DRY,CLASE B-C,2,12
2068,7,2,DRY,CLASE B-C,1,12
2069,7,2,DRY,CLASE B-C,2,12
2070,7,2,DRY,CLASE B-C,2,12
2071,7,2,DRY,CLASE B-C,2,12
2072,7,2,DRY,CLASE B-C,2,12
2073,7,2,DRY,CLASE B-C,2,12
2074,7,2,DRY,CLASE B-C,1,12
2075,7,2,DRY,CLASE B-C,2,12
2076,7,2,DRY,CLASE B-C,2,12
2077,7,2,DRY,CLASE B-C,2,12
2078,7,2,DRY,CLASE B-C,1,12
2079,7,2,DRY,CLASE B-C,1,12
2080,7,2,DRY,CLASE B-C,2,12
2081,7,2,DRY,CLASE B-C,2,12
2082,7,2,DRY,CLASE B-C,1,12
2083,7,2,DRY,CLASE B-C,1,12
2084,7,2,DRY,CLASE B-C,2,12
2085,7,2,DRY,CLASE B-C,2,12
2086,7,2,DRY,CLASE B-C,1,12
2087,7,2,DRY,CLASE B-C,2,12
2088,7,2,DRY,CLASE B-C,2,12
2089,7,2,DRY,CLASE B-C,1,12
2090,7,2,DRY,CLASE B-C,2,12
2091,3,2,DRY,CLASE B-C,2,12
2092,3,2,DRY,CLASE B-C,2,12
2093,2,2,DRY,CLASE B-C,2,12
2094,3,2,DRY,CLASE B-C,1,12
2095,2,2,DRY,CLASE B-C,1,12
2096,3,2,DRY,CLASE B-C,1,12
2097,3,2,DRY,CLASE B-C,1,12
2098,3,2,DRY,CLASE B-C,1,12
2099,3,2,DRY,CLASE B-C,1,12
2100,6,2,DRY,CLASE B-C,132,12
2101,3,2,DRY,CLASE B-C,123,12
2102,3,2,DRY,CLASE B-C,123,12
2103,3,2,DRY,CLASE B-C,111,12
2104,3,2,DRY,CLASE B-C,111,12
2105,3,2,DRY,CLASE B-C,111,12
2106,3,2,DRY,CLASE B-C,114,12
2107,3,2,DRY,CLASE B-C,111,12
2108,6,2,DRY,CLASE B-C,122,12
2109,3,1,DRY,CLASE B-C,100,12
2110,1,2,DRY,INSPECTION,103,12
2111,6,2,DRY,CLASE B-C,91,12
2112,1,2,DRY,INSPECTION,31,12
2113,6,2,DRY,CLASE B-C,70,12
2114,6,2,DRY,CLASE B-C,71,12
2115,6,2,DRY,CLASE B-C,70,12
2116,6,2,DRY,CLASE B-C,71,12
2117,6,2,DRY,CLASE B-C,70,12
2118,6,2,DRY,CLASE B-C,72,12
2119,6,2,DRY,CLASE B-C,70,12
2120,4,2,DRY,CLASE B-C,71,12
2121,2,2,DRY,INSPECTION,72,12
2122,2,2,DRY,INSPECTION,72,12
2123,1,2,RF,CLASE B-C,71,12
2124,1,2,DRY,INSPECTION,71,12
2125,6,2,DRY,CLASE B-C,70,12
2126,6,2,DRY,CLASE B-C,70,12
2127,6,2,DRY,CLASE B-C,70,12
2128,6,2,DRY,CLASE B-C,70,12
2129,6,2,DRY,CLASE B-C,70,12
2130,6,2,DRY,INSPECTION,69,12
2131,6,2,RF,CLASE B-C,69,12
2132,6,2,DRY,CLASE B-C,70,12
2133,6,2,DRY,CLASE B-C,67,12
2134,7,2,RF,CLASE B-C,69,12
2135,6,2,DRY,CLASE B-C,61,12
2136,2,2,DRY,INSPECTION,58,12
2137,1,2,DRY,INSPECTION,62,12
2138,1,2,DRY,INSPECTION,62,12
2139,1,2,DRY,INSPECTION,51,12
2140,6,2,DRY,CLASE B-C,23,12
2141,6,2,DRY,CLASE B-C,40,12
2142,6,2,DRY,CLASE B-C,40,12
2143,6,2,DRY,CLASE B-C,23,12
2144,6,2,DRY,CLASE B-C,41,12
2145,6,2,DRY,CLASE B-C,41,12
2146,6,2,DRY,CLASE B-C,41,12
2147,6,2,DRY,CLASE B-C,41,12
2148,6,2,DRY,CLASE B-C,41,12
2149,6,2,DRY,CLASE B-C,40,12
2150,6,2,DRY,CLASE B-C,41,12
2151,6,2,DRY,CLASE D,23,12
2152,6,2,DRY,CLASE B-C,41,12
2153,6,2,DRY,CLASE B-C,23,12
2154,6,2,DRY,CLASE A,38,12
2155,6,2,DRY,CLASE B-C,40,12
2156,6,2,DRY,CLASE B-C,23,12
2157,6,2,DRY,CLASE A,38,12
2158,6,2,DRY,CLASE B-C,41,12
2159,6,2,DRY,CLASE B-C,41,12
2160,6,2,DRY,CLASE B-C,40,12
2161,6,2,DRY,CLASE B-C,41,12
2162,6,2,DRY,CLASE B-C,40,12
2163,6,2,DRY,CLASE B-C,23,12
2164,6,2,DRY,CLASE B-C,23,12
2165,6,2,DRY,CLASE B-C,41,12
2166,6,2,DRY,CLASE B-C,41,12
2167,6,2,DRY,CLASE B-C,40,12
2168,1,2,DRY,INSPECTION,49,12
2169,2,2,DRY,INSPECTION,46,12
2170,2,2,DRY,INSPECTION,46,12
2171,1,2,DRY,INSPECTION,43,12
2172,1,2,RF,CLASE B-C,40,12
2173,1,2,DRY,INSPECTION,43,12
2174,6,2,DRY,CLASE B-C,35,12
2175,6,2,DRY,CLASE B-C,41,12
2176,6,2,DRY,CLASE B-C,40,12
2177,6,2,DRY,CLASE B-C,37,12
2178,6,2,DRY,CLASE B-C,41,12
2179,6,2,DRY,CLASE B-C,41,12
2180,6,2,DRY,CLASE B-C,40,12
2181,6,2,DRY,CLASE B-C,37,12
2182,6,2,DRY,CLASE B-C,41,12
2183,6,2,DRY,CLASE B-C,41,12
2184,6,2,DRY,CLASE B-C,41,12
2185,6,2,DRY,CLASE B-C,37,12
2186,6,2,DRY,CLASE B-C,41,12
2187,6,2,DRY,CLASE B-C,41,12
2188,6,2,DRY,CLASE B-C,41,12
2189,6,2,DRY,CLASE B-C,41,12
2190,6,2,DRY,CLASE B-C,41,12
2191,6,2,DRY,CLASE B-C,41,12
2192,6,2,DRY,CLASE B-C,40,12
2193,6,2,DRY,CLASE B-C,41,12
2194,6,2,DRY,CLASE B,41,12
2195,6,2,DRY,CLASE B-C,23,12
2196,6,2,DRY,CLASE B-C,40,12
2197,6,2,DRY,CLASE B-C,41,12
2198,6,2,DRY,CLASE B-C,41,12
2199,6,2,DRY,CLASE B-C,41,12
2200,6,2,DRY,CLASE B-C,41,12
2201,6,2,DRY,CLASE B-C,41,12
2202,6,2,DRY,CLASE B-C,41,12
2203,6,2,DRY,CLASE B-C,41,12
2204,6,2,DRY,CLASE B-C,41,12
2205,6,2,DRY,CLASE B-C,41,12
2206,6,2,DRY,CLASE B-C,40,12
2207,6,2,DRY,CLASE B-C,40,12
2208,6,2,DRY,CLASE B-C,41,12
2209,6,2,DRY,CLASE B-C,41,12
2210,7,2,RF,CLASE B-C,42,12
2211,7,2,RF,CLASE B-C,40,12
2212,7,2,RF,CLASE B-C,38,12
2213,6,2,DRY,CLASE B-C,44,12
2214,6,2,DRY,CLASE B-C,44,12
2215,6,2,DRY,CLASE B-C,43,12
2216,6,2,DRY,CLASE B-C,43,12
2217,6,2,DRY,CLASE B-C,43,12
2218,6,2,DRY,CLASE B-C,41,12
2219,6,2,DRY,CLASE B-C,41,12
2220,2,2,DRY,INSPECTION,37,12
2221,1,2,DRY,INSPECTION,8,12
2222,1,2,DRY,INSPECTION,36,12
2223,1,2,DRY,INSPECTION,36,12
2224,1,2,DRY,INSPECTION,36,12
2225,1,2,DRY,INSPECTION,27,12
2226,1,2,DRY,INSPECTION,24,12
2227,1,2,DRY,INSPECTION,36,12
2228,1,2,DRY,INSPECTION,8,12
2229,1,2,DRY,INSPECTION,8,12
2230,1,2,DRY,INSPECTION,8,12
2231,1,2,DRY,INSPECTION,35,12
2232,1,2,DRY,INSPECTION,8,12
2233,1,2,DRY,INSPECTION,7,12
2234,1,2,DRY,INSPECTION,34,12
2235,1,2,DRY,INSPECTION,8,12
2236,1,2,DRY,INSPECTION,8,12
2237,1,2,DRY,INSPECTION,8,12
2238,6,2,DRY,CLASE B-C,41,12
2239,6,2,DRY,CLASE B-C,41,12
2240,6,2,DRY,CLASE B-C,41,12
2241,6,2,DRY,CLASE B-C,40,12
2242,6,2,DRY,CLASE B-C,40,12
2243,6,2,DRY,CLASE B-C,40,12
2244,6,2,DRY,CLASE B-C,40,12
2245,6,2,DRY,CLASE B-C,40,12
2246,6,2,DRY,CLASE B-C,40,12
2247,6,2,DRY,CLASE B-C,40,12
2248,6,2,DRY,CLASE B-C,40,12
2249,6,2,DRY,CLASE B-C,40,12
2250,6,2,DRY,CLASE B-C,40,12
2251,6,2,DRY,CLASE B-C,40,12
2252,6,2,DRY,CLASE B-C,40,12
2253,6,2,DRY,CLASE B-C,40,12
2254,6,2,DRY,CLASE B-C,40,12
2255,6,2,DRY,CLASE B-C,40,12
2256,6,2,DRY,CLASE B-C,38,12
2257,6,2,DRY,CLASE B-C,37,12
2258,6,2,DRY,CLASE B-C,37,12
2259,6,2,DRY,CLASE B-C,37,12
2260,6,2,DRY,CLASE B-C,37,12
2261,6,2,DRY,CLASE B-C,37,12
2262,6,2,DRY,CLASE A,38,12
2263,6,2,DRY,CLASE B-C,37,12
2264,1,2,DRY,INSPECTION,38,12
2265,6,2,DRY,CLASE B-C,38,12
2266,6,2,DRY,CLASE B-C,38,12
2267,1,2,DRY,INSPECTION,38,12
2268,1,2,DRY,INSPECTION,38,12
2269,1,2,DRY,INSPECTION,38,12
2270,6,2,DRY,CLASE B-C,37,12
2271,6,2,DRY,CLASE B-C,37,12
2272,6,2,DRY,CLASE B-C,37,12
2273,6,2,DRY,CLASE B-C,37,12
2274,1,2,DRY,INSPECTION,37,12
2275,7,2,DRY,CLASE B-C,34,12
2276,7,2,DRY,CLASE B-C,33,12
2277,7,2,RF,CLASE B-C,31,12
2278,7,2,DRY,CLASE B-C,34,12
2279,2,2,DRY,INSPECTION,29,12
2280,2,2,DRY,INSPECTION,29,12
2281,2,2,DRY,INSPECTION,29,12
2282,2,2,DRY,INSPECTION,33,12
2283,2,2,DRY,INSPECTION,30,12
2284,1,2,RF,CLASE B-C,33,12
2285,1,2,DRY,INSPECTION,26,12
2286,1,2,DRY,INSPECTION,26,12
2287,3,1,DRY,CLASE B-C,22,12
2288,6,2,DRY,CLASE B-C,23,12
2289,6,2,DRY,CLASE B-C,14,12
2290,6,2,DRY,CLASE B-C,8,12
2291,6,2,DRY,CLASE B-C,8,12
2292,6,2,DRY,CLASE B-C,23,12
2293,6,2,DRY,CLASE B-C,27,12
2294,6,2,DRY,CLASE B-C,27,12
2295,6,2,DRY,CLASE B-C,26,12
2296,6,2,DRY,CLASE B-C,8,12
2297,6,2,DRY,CLASE B-C,8,12
2298,6,2,DRY,CLASE B-C,8,12
2299,6,2,DRY,CLASE B-C,26,12
2300,6,2,DRY,CLASE B-C,8,12
2301,6,2,DRY,CLASE B-C,27,12
2302,6,2,DRY,CLASE B-C,8,12
2303,6,2,DRY,CLASE B-C,27,12
2304,6,2,DRY,CLASE B-C,26,12
2305,6,2,DRY,CLASE B-C,8,12
2306,6,2,DRY,CLASE B-C,23,12
2307,6,2,DRY,CLASE B-C,8,12
2308,6,2,DRY,CLASE B-C,8,12
2309,6,2,DRY,CLASE B-C,26,12
2310,6,2,DRY,CLASE B-C,27,12
2311,6,2,DRY,CLASE B-C,26,12
2312,7,2,DRY,CLASE B-C,26,12
2313,7,2,DRY,CLASE B-C,28,12
2314,7,2,RF,CLASE B-C,12,12
2315,7,2,RF,CLASE B-C,26,12
2316,7,2,DRY,CLASE B-C,18,12
2317,7,2,DRY,CLASE B-C,28,12
2318,7,2,DRY,CLASE B-C,27,12
2319,7,2,RF,CLASE B-C,20,12
2320,7,2,RF,CLASE B-C,21,12
2321,7,2,RF,CLASE B-C,24,12
2322,7,2,RF,CLASE B-C,29,12
2323,7,2,RF,CLASE B-C,12,12
2324,7,2,RF,CLASE B-C,19,12
2325,7,2,RF,CLASE B-C,12,12
2326,7,2,DRY,CLASE B-C,27,12
2327,7,2,RF,CLASE B-C,18,12
2328,7,2,RF,CLASE B-C,20,12
2329,7,2,RF,CLASE B-C,18,12
2330,7,2,RF,CLASE B-C,17,12
2331,7,2,DRY,CLASE B-C,27,12
2332,7,2,RF,CLASE B-C,22,12
2333,6,2,DRY,CLASE B-C,26,12
2334,2,2,DRY,INSPECTION,22,12
2335,2,2,DRY,INSPECTION,26,12
2336,2,2,DRY,INSPECTION,14,12
2337,2,2,DRY,INSPECTION,22,12
2338,2,2,DRY,INSPECTION,19,12
2339,2,2,DRY,INSPECTION,15,12
2340,2,2,DRY,INSPECTION,25,12
2341,3,2,DRY,CLASE B-C,6,12
2342,3,2,DRY,CLASE A,8,12
2343,3,2,DRY,CLASE A,12,12
2344,3,2,DRY,CLASE A,12,12
2345,3,2,DRY,CLASE B-C,6,12
2346,3,2,DRY,CLASE B-C,11,12
2347,3,2,DRY,CLASE A,12,12
2348,3,2,DRY,CLASE A,8,12
2349,3,2,DRY,CLASE B-C,7,12
2350,3,2,DRY,CLASE A,12,12
2351,7,2,RF,CLASE B-C,12,12
2352,7,2,RF,CLASE B-C,12,12
2353,7,2,DRY,CLASE B-C,8,12
2354,7,2,RF,CLASE B-C,12,12
2355,7,2,RF,CLASE B-C,9,12
2356,7,2,DRY,CLASE B-C,9,12
2357,7,2,RF,CLASE B-C,12,12
2358,7,2,RF,CLASE B-C,12,12
2359,7,2,DRY,CLASE B-C,8,12
2360,7,2,DRY,CLASE B-C,22,12
2361,7,2,DRY,CLASE B-C,8,12
2362,7,2,RF,CLASE B-C,20,12
2363,7,2,DRY,CLASE B-C,16,12
2364,7,2,RF,CLASE B-C,9,12
2365,7,2,RF,CLASE B-C,9,12
2366,7,2,RF,CLASE B-C,20,12
2367,7,2,RF,INSPECTION,9,12
2368,7,2,RF,CLASE B-C,9,12
2369,2,2,DRY,INSPECTION,9,12
2370,7,2,RF,CLASE B-C,17,12
2371,1,2,DRY,INSPECTION,17,12
2372,1,2,RF,CLASE B-C,16,12
2373,3,2,DRY,CLASE B-C,11,12
2374,3,2,DRY,CLASE B-C,11,12
2375,3,2,DRY,CLASE A,14,12
2376,3,2,DRY,CLASE A,14,12
2377,2,2,DRY,INSPECTION,9,12
2378,6,2,RF,CLASE B-C,1,12
2379,2,1,DRY,INSPECTION,9,12
2380,2,1,DRY,INSPECTION,9,12
2381,2,1,DRY,INSPECTION,9,12
2382,2,1,DRY,INSPECTION,9,12
2383,2,1,DRY,INSPECTION,9,12
2384,1,2,DRY,INSPECTION,9,12
2385,7,2,DRY,CLASE B-C,5,12
2386,7,2,DRY,CLASE B-C,6,12
2387,7,2,DRY,CLASE B-C,6,12
2388,7,2,DRY,CLASE B-C,6,12
2389,7,2,DRY,CLASE B,5,12
2390,7,2,DRY,CLASE B-C,6,12
2391,7,2,DRY,CLASE B-C,5,12
2392,7,2,DRY,CLASE B-C,6,12
2393,7,2,DRY,CLASE B-C,6,12
2394,7,2,DRY,CLASE D,5,12
2395,7,2,DRY,CLASE B-C,5,12
2396,7,2,DRY,CLASE B-C,6,12
2397,7,2,DRY,CLASE B-C,6,12
2398,7,2,DRY,CLASE B-C,5,12
2399,7,2,DRY,CLASE B-C,5,12
2400,7,2,DRY,CLASE B-C,5,12
2401,7,2,DRY,CLASE B-C,5,12
2402,2,1,DRY,INSPECTION,8,12
2403,2,1,DRY,INSPECTION,8,12
2404,1,2,DRY,INSPECTION,8,12
2405,1,2,DRY,INSPECTION,8,12
2406,1,2,DRY,INSPECTION,8,12
2407,2,1,DRY,INSPECTION,8,12
2408,2,1,DRY,INSPECTION,8,12
2409,1,2,DRY,INSPECTION,8,12
2410,1,2,DRY,INSPECTION,8,12
2411,2,1,DRY,INSPECTION,8,12
2412,2,1,DRY,INSPECTION,8,12
2413,2,1,DRY,INSPECTION,8,12
2414,1,2,DRY,INSPECTION,8,12
2415,2,1,DRY,INSPECTION,8,12
2416,2,1,DRY,INSPECTION,8,12
2417,2,1,DRY,INSPECTION,8,12
2418,2,1,DRY,INSPECTION,8,12
2419,1,2,DRY,INSPECTION,8,12
2420,1,2,DRY,INSPECTION,8,12
2421,2,2,DRY,CLASE B-C,2,12
2422,2,2,DRY,CLASE B-C,2,12
2423,2,2,DRY,CLASE B-C,5,12
2424,2,2,DRY,CLASE B-C,5,12
2425,2,2,DRY,CLASE B-C,5,12
2426,2,2,DRY,CLASE B-C,5,12
2427,2,2,DRY,CLASE B-C,5,12
2428,2,2,DRY,CLASE B-C,5,12
2429,2,2,DRY,CLASE B-C,5,12
2430,2,2,DRY,CLASE B-C,5,12
2431,2,2,DRY,CLASE B-C,5,12
2432,2,2,DRY,CLASE B-C,5,12
2433,2,2,DRY,CLASE B-C,5,12
2434,2,2,DRY,CLASE B-C,5,12
2435,2,2,DRY,CLASE B-C,5,12
2436,2,2,DRY,CLASE B-C,5,12
2437,2,2,DRY,CLASE B-C,5,12
2438,2,2,DRY,CLASE B-C,2,12
2439,2,2,DRY,CLASE B-C,2,12
2440,2,2,DRY,CLASE B-C,2,12
2441,2,2,DRY,CLASE B-C,2,12
2442,2,2,DRY,CLASE B-C,2,12
2443,2,2,DRY,CLASE B-C,2,12
2444,2,2,DRY,CLASE B-C,1,12
2445,2,2,DRY,CLASE B-C,1,12
2446,2,2,DRY,CLASE B-C,2,12
2447,2,2,DRY,CLASE B-C,2,12
2448,2,2,DRY,CLASE B-C,1,12
2449,2,2,DRY,CLASE B-C,5,12
2450,2,2,DRY,CLASE B-C,1,12
2451,1,2,DRY,INSPECTION,7,12
2452,1,2,DRY,INSPECTION,7,12
2453,1,2,DRY,INSPECTION,7,12
2454,1,2,DRY,INSPECTION,7,12
2455,1,2,DRY,INSPECTION,7,12
2456,1,2,DRY,INSPECTION,7,12
2457,1,2,DRY,INSPECTION,7,12
2458,2,1,DRY,INSPECTION,6,12
2459,2,1,DRY,INSPECTION,6,12
2460,2,1,DRY,INSPECTION,6,12
2461,2,1,DRY,INSPECTION,6,12
2462,2,1,DRY,INSPECTION,6,12
2463,2,1,DRY,INSPECTION,6,12
2464,7,2,DRY,CLASE B-C,1,12
2465,7,2,DRY,CLASE B-C,1,12
2466,7,2,DRY,CLASE B-C,1,12
2467,7,2,DRY,CLASE B-C,1,12
2468,7,2,DRY,CLASE B-C,3,12
2469,7,2,DRY,CLASE B-C,1,12
2470,7,2,DRY,CLASE B-C,1,12
2471,7,2,DRY,CLASE B-C,2,12
2472,7,2,DRY,CLASE B-C,1,12
2473,7,2,DRY,CLASE B-C,1,12
2474,7,2,DRY,CLASE B,2,12
2475,7,2,DRY,CLASE B-C,1,12
2476,7,2,DRY,CLASE D,1,12
2477,7,2,DRY,CLASE B-C,1,12
2478,7,2,DRY,CLASE B-C,1,12
2479,7,2,DRY,CLASE B-C,1,12
2480,7,2,DRY,CLASE B-C,1,12
2481,7,2,DRY,CLASE B-C,1,12
2482,7,2,DRY,CLASE B-C,1,12
2483,7,2,DRY,CLASE B-C,1,12
2484,7,2,DRY,CLASE B-C,1,12
2485,7,2,DRY,CLASE B-C,1,12
2486,7,2,DRY,CLASE B-C,1,12
2487,7,2,DRY,CLASE B-C,3,12
2488,7,2,DRY,CLASE B-C,1,12
2489,7,2,DRY,CLASE B-C,2,12
2490,7,2,DRY,CLASE B-C,1,12
2491,7,2,DRY,CLASE B-C,1,12
2492,7,2,DRY,CLASE B-C,1,12
2493,7,2,DRY,CLASE D,1,12
2494,7,2,DRY,CLASE B-C,1,12
2495,7,2,DRY,CLASE B-C,3,12
2496,7,2,DRY,CLASE B-C,1,12
2497,7,2,DRY,CLASE B-C,1,12
2498,7,2,DRY,CLASE B-C,1,12
2499,7,2,DRY,CLASE A,3,12
2500,7,2,DRY,CLASE B-C,1,12
2501,7,2,DRY,CLASE B-C,1,12
2502,7,2,DRY,CLASE B-C,1,12
2503,7,2,DRY,CLASE B-C,1,12
2504,7,2,DRY,CLASE B-C,1,12
2505,7,2,DRY,CLASE B-C,2,12
2506,7,2,DRY,CLASE B-C,1,12
2507,7,2,DRY,CLASE B-C,1,12
2508,7,2,DRY,CLASE B-C,1,12
2509,7,2,DRY,CLASE B-C,1,12
2510,7,2,DRY,CLASE B-C,3,12
2511,7,2,DRY,CLASE B-C,3,12
2512,7,2,DRY,CLASE B-C,1,12
2513,7,2,DRY,CLASE B-C,1,12
2514,7,2,DRY,CLASE B-C,1,12
2515,7,2,DRY,CLASE B-C,1,12
2516,7,2,DRY,CLASE B-C,1,12
2517,7,2,DRY,CLASE B-C,1,12
2518,7,2,DRY,CLASE B-C,1,12
2519,7,2,DRY,CLASE B-C,1,12
2520,7,2,DRY,CLASE B-C,1,12
2521,7,2,DRY,CLASE B-C,1,12
2522,7,2,DRY,CLASE B-C,1,12
2523,7,2,DRY,CLASE B-C,1,12
2524,7,2,DRY,CLASE B-C,1,12
2525,7,2,DRY,CLASE B-C,2,12
2526,7,2,DRY,CLASE B-C,1,12
2527,7,2,DRY,CLASE B-C,1,12
2528,7,2,DRY,CLASE B-C,2,12
2529,7,2,DRY,CLASE B-C,1,12
2530,7,2,DRY,CLASE B-C,1,12
2531,7,2,DRY,CLASE B-C,1,12
2532,7,2,DRY,CLASE B-C,1,12
2533,7,2,DRY,CLASE B-C,3,12
2534,7,2,DRY,CLASE B-C,1,12
2535,7,2,DRY,CLASE B-C,1,12
2536,7,2,DRY,CLASE B-C,1,12
2537,7,2,DRY,CLASE B-C,1,12
2538,7,2,DRY,CLASE B-C,1,12
2539,7,2,DRY,CLASE B-C,3,12
2540,7,2,DRY,CLASE B-C,1,12
2541,7,2,DRY,CLASE B-C,1,12
2542,7,2,DRY,CLASE B-C,3,12
2543,7,2,DRY,CLASE B-C,1,12
2544,7,2,DRY,CLASE B-C,1,12
2545,7,2,DRY,CLASE B-C,1,12
2546,7,2,DRY,CLASE B-C,1,12
2547,7,2,DRY,CLASE B-C,1,12
2548,7,2,DRY,CLASE B-C,1,12
2549,7,2,DRY,CLASE B-C,3,12
2550,7,2,DRY,CLASE B-C,1,12
2551,7,2,DRY,CLASE B-C,2,12
2552,7,2,DRY,CLASE B-C,1,12
2553,7,2,DRY,CLASE B-C,3,12
2554,7,2,DRY,CLASE B-C,1,12
2555,7,2,DRY,CLASE B-C,1,12
2556,7,2,DRY,CLASE B-C,1,12
2557,7,2,DRY,CLASE B-C,1,12
2558,7,2,DRY,CLASE B-C,2,12
2559,7,2,DRY,CLASE B-C,1,12
2560,7,2,DRY,CLASE B-C,1,12
2561,7,2,DRY,CLASE B-C,1,12
2562,7,2,DRY,CLASE B-C,1,12
2563,7,2,DRY,CLASE B-C,2,12
2564,7,2,DRY,CLASE B-C,1,12
2565,7,2,DRY,CLASE B-C,1,12
2566,7,2,DRY,CLASE B-C,2,12
2567,7,2,DRY,CLASE B-C,1,12
2568,7,2,DRY,CLASE B-C,1,12
2569,7,2,DRY,CLASE B-C,1,12
2570,7,2,DRY,CLASE B-C,1,12
2571,7,2,DRY,CLASE B-C,1,12
2572,7,2,DRY,CLASE B-C,1,12
2573,7,2,DRY,CLASE B-C,3,12
2574,7,2,DRY,CLASE B-C,1,12
2575,7,2,DRY,CLASE B-C,1,12
2576,7,2,DRY,CLASE B-C,1,12
2577,7,2,DRY,CLASE B-C,1,12
2578,7,2,DRY,CLASE B-C,3,12
2579,7,2,DRY,CLASE B-C,1,12
2580,7,2,DRY,CLASE B-C,1,12
2581,7,2,DRY,CLASE B-C,1,12
2582,7,2,DRY,CLASE B-C,3,12
2583,7,2,DRY,CLASE B-C,1,12
2584,7,2,DRY,CLASE B-C,1,12
2585,7,2,DRY,CLASE B-C,1,12
2586,7,2,DRY,CLASE B-C,1,12
2587,7,2,DRY,CLASE B-C,1,12
2588,7,2,DRY,CLASE B-C,1,12
2589,7,2,DRY,CLASE B-C,1,12
2590,7,2,DRY,CLASE B-C,1,12
2591,7,2,DRY,CLASE B-C,1,12
2592,7,2,DRY,CLASE B-C,1,12
2593,7,2,DRY,CLASE B-C,1,12
2594,7,2,DRY,CLASE B-C,1,12
2595,7,2,DRY,CLASE B-C,1,12
2596,7,2,DRY,CLASE B-C,1,12
2597,7,2,DRY,CLASE B-C,1,12
2598,2,2,DRY,CLASE B-C,3,12
2599,3,2,DRY,CLASE A,2,12
2600,2,2,DRY,CLASE B-C,1,12
2601,3,2,DRY,CLASE A,2,12
2602,2,2,DRY,CLASE B-C,2,12
2603,2,2,DRY,CLASE B-C,1,12
2604,2,2,DRY,CLASE B-C,1,12
2605,2,2,DRY,CLASE B-C,1,12
2606,2,2,DRY,CLASE B-C,1,12
2607,2,2,DRY,CLASE B-C,1,12
2608,2,2,DRY,CLASE B-C,1,12
2609,2,2,DRY,CLASE B-C,1,12
2610,2,2,DRY,CLASE B-C,1,12
2611,2,1,DRY,INSPECTION,1,12
2612,7,2,DRY,CLASE B-C,1,12
2613,3,2,DRY,CLASE B-C,124,12
2614,7,2,RF,CLASE B-C,105,12
2615,7,1,DRY,CLASE B-C,91,12
2616,7,1,DRY,CLASE B-C,61,12
2617,7,1,DRY,CLASE B-C,72,12
2618,7,1,DRY,CLASE B-C,75,12
2619,7,1,DRY,CLASE B-C,73,12
2620,3,2,DRY,CLASE B-C,68,12
2621,4,2,DRY,CLASE B-C,72,12
2622,4,2,DRY,CLASE B-C,72,12
2623,4,2,DRY,CLASE B-C,72,12
2624,4,2,DRY,CLASE B-C,72,12
2625,4,2,DRY,CLASE B-C,72,12
2626,4,2,DRY,CLASE B-C,72,12
2627,6,2,DRY,CLASE B-C,65,12
2628,6,2,DRY,CLASE B-C,66,12
2629,6,2,DRY,CLASE B-C,71,12
2630,6,2,DRY,CLASE B-C,71,12
2631,6,2,DRY,CLASE B-C,62,12
2632,6,2,DRY,CLASE B-C,61,12
2633,6,2,DRY,CLASE B-C,61,12
2634,6,2,DRY,CLASE B-C,61,12
2635,2,2,DRY,CLASE B-C,60,12
2636,6,1,DRY,INSPECTION,45,12
2637,7,2,DRY,CLASE B-C,56,12
2638,7,2,DRY,CLASE B-C,56,12
2639,6,2,DRY,CLASE B-C,54,12
2640,6,2,DRY,CLASE B-C,55,12
2641,6,2,DRY,CLASE B-C,45,12
2642,6,2,RF,CLASE B-C,52,12
2643,6,1,DRY,INSPECTION,45,12
2644,6,2,DRY,CLASE B-C,24,12
2645,6,2,DRY,CLASE B-C,40,12
2646,6,2,DRY,CLASE B-C,43,12
2647,7,2,DRY,CLASE B-C,12,12
2648,7,2,DRY,CLASE B-C,48,12
2649,7,2,DRY,CLASE B-C,13,12
2650,7,2,DRY,CLASE B-C,13,12
2651,7,2,DRY,CLASE B-C,12,12
2652,7,2,DRY,CLASE B-C,46,12
2653,6,2,DRY,CLASE B-C,50,12
2654,1,2,RF,CLASE B-C,42,12
2655,1,2,RF,CLASE B-C,41,12
2656,1,2,RF,CLASE B-C,42,12
2657,1,2,RF,CLASE B-C,39,12
2658,1,2,RF,CLASE B-C,41,12
2659,6,2,DRY,CLASE B-C,24,12
2660,6,2,DRY,CLASE B-C,41,12
2661,6,1,DRY,INSPECTION,39,12
2662,6,1,DRY,INSPECTION,37,12
2663,7,2,DRY,CLASE B-C,39,12
2664,7,2,DRY,CLASE B-C,39,12
2665,7,2,DRY,CLASE B-C,44,12
2666,7,2,DRY,CLASE B-C,44,12
2667,6,2,DRY,CLASE B-C,46,12
2668,6,2,DRY,CLASE B-C,46,12
2669,6,2,DRY,CLASE B-C,46,12
2670,6,2,DRY,CLASE B-C,46,12
2671,6,2,DRY,CLASE B-C,46,12
2672,6,2,DRY,CLASE B-C,46,12
2673,6,2,DRY,CLASE B-C,46,12
2674,6,2,DRY,CLASE B-C,44,12
2675,6,2,DRY,CLASE B-C,44,12
2676,6,2,DRY,CLASE B-C,43,12
2677,6,2,DRY,CLASE B-C,44,12
2678,6,2,DRY,CLASE B-C,43,12
2679,6,2,DRY,CLASE B-C,43,12
2680,6,2,DRY,CLASE B-C,43,12
2681,6,2,DRY,CLASE B-C,42,12
2682,6,2,DRY,CLASE B-C,42,12
2683,3,2,DRY,CLASE B-C,42,12
2684,6,2,DRY,CLASE B-C,41,12
2685,6,2,DRY,CLASE B-C,41,12
2686,6,2,DRY,CLASE B-C,40,12
2687,6,2,DRY,CLASE B-C,40,12
2688,6,2,DRY,CLASE B-C,41,12
2689,6,2,DRY,CLASE B-C,41,12
2690,6,2,DRY,CLASE B-C,41,12
2691,6,2,DRY,CLASE B-C,41,12
2692,6,2,DRY,CLASE B-C,41,12
2693,6,2,DRY,CLASE B-C,41,12
2694,6,2,DRY,CLASE B-C,38,12
2695,6,2,DRY,CLASE B-C,38,12
2696,3,2,DRY,CLASE B-C,39,12
2697,3,2,DRY,CLASE B-C,39,12
2698,3,2,DRY,CLASE B-C,41,12
2699,3,2,DRY,CLASE B-C,38,12
2700,3,2,DRY,CLASE B-C,40,12
2701,3,2,DRY,CLASE B-C,38,12
2702,7,2,RF,CLASE B-C,32,12
2703,7,2,DRY,CLASE B-C,22,12
2704,7,2,RF,CLASE B-C,34,12
2705,2,2,DRY,CLASE B-C,32,12
2706,3,2,DRY,CLASE B-C,28,12
2707,3,2,DRY,CLASE B-C,29,12
2708,3,2,DRY,CLASE B-C,28,12
2709,3,2,DRY,CLASE B-C,28,12
2710,3,2,DRY,CLASE B-C,28,12
2711,8,2,DRY,CLASE B-C,28,12
2712,6,2,DRY,CLASE B-C,9,12
2713,6,1,DRY,INSPECTION,24,12
2714,6,2,DRY,CLASE B-C,9,12
2715,6,2,DRY,CLASE B-C,9,12
2716,6,2,DRY,CLASE B-C,17,12
2717,6,2,DRY,CLASE B-C,14,12
2718,6,1,DRY,INSPECTION,25,12
2719,6,2,DRY,CLASE B-C,9,12
2720,6,2,DRY,CLASE B-C,9,12
2721,6,2,DRY,CLASE B-C,9,12
2722,6,2,DRY,CLASE B-C,9,12
2723,6,2,DRY,CLASE B-C,9,12
2724,6,2,DRY,CLASE B-C,24,12
2725,6,2,DRY,CLASE B-C,14,12
2726,6,2,DRY,CLASE B-C,14,12
2727,6,1,DRY,INSPECTION,25,12
2728,6,2,DRY,CLASE B-C,27,12
2729,6,2,DRY,CLASE B-C,24,12
2730,7,2,DRY,CLASE B-C,28,12
2731,7,2,RF,CLASE B-C,14,12
2732,7,2,DRY,CLASE B-C,28,12
2733,7,2,DRY,CLASE B-C,8,12
2734,7,2,DRY,CLASE B-C,16,12
2735,7,2,DRY,CLASE B-C,25,12
2736,7,2,RF,CLASE B-C,23,12
2737,7,2,DRY,CLASE B-C,29,12
2738,7,2,DRY,CLASE B-C,18,12
2739,7,2,DRY,CLASE B-C,17,12
2740,7,2,DRY,CLASE B-C,18,12
2741,7,2,RF,CLASE B-C,27,12
2742,7,2,DRY,CLASE B-C,18,12
2743,7,2,DRY,CLASE B-C,22,12
2744,7,2,DRY,CLASE B-C,1,12
2745,7,2,DRY,CLASE B-C,17,12
2746,7,2,DRY,CLASE B-C,18,12
2747,7,2,DRY,CLASE B-C,16,12
2748,7,2,DRY,CLASE B-C,29,12
2749,7,2,DRY,CLASE B-C,1,12
2750,7,2,DRY,CLASE B-C,17,12
2751,7,2,DRY,CLASE B-C,30,12
2752,7,2,DRY,CLASE B-C,18,12
2753,7,2,DRY,CLASE B-C,17,12
2754,7,2,DRY,CLASE B-C,20,12
2755,7,2,DRY,CLASE B-C,17,12
2756,7,2,DRY,CLASE B-C,18,12
2757,7,2,DRY,CLASE B-C,28,12
2758,7,2,RF,CLASE B-C,31,12
2759,7,2,RF,CLASE B-C,21,12
2760,7,2,RF,CLASE B-C,23,12
2761,7,2,DRY,CLASE B-C,22,12
2762,7,2,DRY,CLASE B-C,18,12
2763,7,2,DRY,CLASE B-C,1,12
2764,7,2,DRY,CLASE B-C,29,12
2765,7,2,DRY,CLASE B-C,28,12
2766,7,2,DRY,CLASE B-C,28,12
2767,7,2,DRY,CLASE B-C,1,12
2768,7,2,DRY,CLASE B-C,18,12
2769,7,2,DRY,CLASE B-C,16,12
2770,7,2,DRY,CLASE B-C,17,12
2771,7,2,DRY,CLASE B-C,1,12
2772,7,2,DRY,CLASE B-C,17,12
2773,7,2,RF,CLASE B-C,14,12
2774,7,2,RF,CLASE B-C,24,12
2775,7,2,RF,CLASE B-C,22,12
2776,7,2,DRY,CLASE B-C,18,12
2777,7,2,DRY,CLASE B-C,29,12
2778,7,2,DRY,CLASE B-C,18,12
2779,7,2,DRY,CLASE B-C,28,12
2780,7,2,DRY,CLASE B-C,18,12
2781,7,2,DRY,CLASE B-C,18,12
2782,7,2,RF,CLASE B-C,23,12
2783,7,2,DRY,CLASE B-C,16,12
2784,7,2,DRY,CLASE B-C,16,12
2785,7,2,DRY,CLASE B-C,17,12
2786,7,2,DRY,CLASE B-C,29,12
2787,7,2,DRY,CLASE B-C,18,12
2788,7,2,DRY,CLASE B-C,17,12
2789,7,2,RF,CLASE B-C,28,12
2790,7,2,RF,CLASE B-C,28,12
2791,7,2,RF,CLASE B-C,23,12
2792,7,2,RF,CLASE B-C,28,12
2793,7,2,DRY,CLASE B-C,29,12
2794,7,2,RF,CLASE B-C,22,12
2795,7,2,RF,CLASE B-C,14,12
2796,7,2,RF,CLASE B-C,14,12
2797,7,2,RF,CLASE B-C,22,12
2798,7,2,RF,CLASE B-C,14,12
2799,7,2,RF,CLASE B-C,22,12
2800,7,2,DRY,CLASE B-C,29,12
2801,7,2,DRY,CLASE B-C,18,12
2802,7,2,DRY,CLASE B-C,28,12
2803,7,2,DRY,CLASE B,30,12
2804,7,2,DRY,CLASE B-C,29,12
2805,7,2,DRY,CLASE B-C,29,12
2806,7,2,DRY,CLASE B-C,17,12
2807,2,2,DRY,CLASE B-C,29,12
2808,2,2,DRY,CLASE B-C,24,12
2809,3,2,DRY,CLASE B-C,23,12
2810,3,2,DRY,CLASE B-C,9,12
2811,3,2,DRY,CLASE B-C,13,12
2812,3,2,DRY,CLASE B-C,23,12
2813,3,2,DRY,CLASE B-C,23,12
2814,3,2,DRY,CLASE B-C,23,12
2815,3,2,DRY,CLASE B-C,23,12
2816,3,2,DRY,CLASE B-C,13,12
2817,3,2,DRY,CLASE B-C,13,12
2818,3,2,DRY,CLASE B-C,23,12
2819,7,2,DRY,CLASE B-C,18,12
2820,7,2,RF,CLASE B-C,11,12
2821,7,2,RF,CLASE B-C,14,12
2822,7,2,RF,CLASE B-C,11,12
2823,7,2,RF,CLASE B-C,9,12
2824,7,2,RF,CLASE B-C,12,12
2825,7,2,DRY,CLASE B-C,11,12
2826,7,2,DRY,CLASE B-C,18,12
2827,7,2,DRY,CLASE B-C,16,12
2828,7,2,RF,CLASE B-C,14,12
2829,7,2,RF,CLASE B-C,9,12
2830,7,2,RF,CLASE B-C,10,12
2831,7,2,RF,CLASE B-C,14,12
2832,7,2,RF,CLASE B-C,9,12
2833,7,2,DRY,CLASE B-C,14,12
2834,7,2,DRY,CLASE B-C,23,12
2835,7,2,DRY,CLASE B-C,11,12
2836,7,2,DRY,CLASE B-C,18,12
2837,7,2,DRY,CLASE D,14,12
2838,7,2,RF,CLASE B-C,9,12
2839,7,2,RF,CLASE B-C,10,12
2840,7,2,RF,CLASE B-C,9,12
2841,7,2,DRY,CLASE B-C,11,12
2842,7,2,RF,CLASE B-C,10,12
2843,7,2,DRY,CLASE B-C,17,12
2844,7,2,DRY,CLASE B-C,10,12
2845,7,2,DRY,CLASE B-C,11,12
2846,7,2,DRY,CLASE B-C,12,12
2847,7,2,DRY,CLASE B-C,11,12
2848,7,2,DRY,CLASE B-C,23,12
2849,7,2,DRY,CLASE B-C,12,12
2850,7,2,DRY,CLASE B-C,16,12
2851,7,2,DRY,CLASE B-C,11,12
2852,7,2,DRY,CLASE B-C,12,12
2853,7,2,DRY,CLASE B-C,10,12
2854,7,2,DRY,CLASE B-C,12,12
2855,7,2,DRY,CLASE B-C,23,12
2856,7,2,DRY,CLASE B-C,12,12
2857,7,2,DRY,CLASE B-C,11,12
2858,7,2,DRY,CLASE B-C,12,12
2859,7,2,DRY,CLASE D,14,12
2860,7,2,DRY,CLASE B-C,9,12
2861,7,2,RF,CLASE B-C,9,12
2862,7,2,RF,CLASE B-C,14,12
2863,7,2,RF,CLASE B-C,9,12
2864,7,2,DRY,CLASE B-C,12,12
2865,7,2,DRY,CLASE B-C,21,12
2866,7,2,DRY,CLASE B-C,11,12
2867,7,2,DRY,CLASE B-C,11,12
2868,7,2,DRY,CLASE B-C,10,12
2869,7,2,DRY,CLASE B-C,23,12
2870,7,2,DRY,CLASE B-C,12,12
2871,7,2,DRY,CLASE B-C,12,12
2872,7,2,RF,CLASE B-C,9,12
2873,7,2,RF,CLASE B-C,9,12
2874,7,2,RF,CLASE B-C,10,12
2875,7,2,RF,CLASE B-C,9,12
2876,7,2,DRY,CLASE B-C,12,12
2877,7,2,DRY,CLASE B-C,23,12
2878,7,2,DRY,CLASE B-C,10,12
2879,7,2,DRY,CLASE B-C,11,12
2880,7,2,DRY,CLASE B-C,11,12
2881,7,2,DRY,CLASE B-C,18,12
2882,7,2,DRY,CLASE B-C,16,12
2883,7,2,DRY,CLASE B-C,11,12
2884,7,2,DRY,CLASE B-C,11,12
2885,7,2,RF,CLASE B-C,22,12
2886,7,2,RF,CLASE B-C,11,12
2887,7,2,RF,CLASE B-C,22,12
2888,7,2,DRY,CLASE B-C,18,12
2889,7,2,DRY,CLASE B-C,12,12
2890,7,2,DRY,CLASE B-C,11,12
2891,7,2,DRY,CLASE B-C,11,12
2892,7,2,DRY,CLASE B-C,10,12
2893,7,2,RF,CLASE B-C,9,12
2894,7,2,RF,CLASE B-C,10,12
2895,7,2,RF,CLASE B-C,10,12
2896,7,2,RF,CLASE B-C,9,12
2897,7,2,RF,CLASE B-C,11,12
2898,7,2,RF,CLASE B-C,9,12
2899,7,2,RF,CLASE B-C,9,12
2900,7,2,DRY,CLASE B-C,22,12
2901,7,2,DRY,CLASE B-C,12,12
2902,7,2,DRY,CLASE B,13,12
2903,7,2,DRY,CLASE B-C,16,12
2904,7,2,DRY,CLASE B-C,12,12
2905,7,2,DRY,CLASE B-C,11,12
2906,4,2,DRY,CLASE B-C,22,12
2907,6,1,DRY,INSPECTION,18,12
2908,6,1,DRY,INSPECTION,17,12
2909,6,1,DRY,INSPECTION,17,12
2910,6,1,DRY,INSPECTION,17,12
2911,6,1,DRY,INSPECTION,17,12
2912,6,1,DRY,INSPECTION,17,12
2913,6,1,DRY,INSPECTION,16,12
2914,7,2,DRY,CLASE B-C,18,12
2915,3,2,DRY,CLASE B-C,13,12
2916,3,2,DRY,CLASE B-C,15,12
2917,3,2,DRY,CLASE B-C,16,12
2918,3,2,DRY,CLASE B-C,15,12
2919,3,2,DRY,CLASE B-C,17,12
2920,3,2,DRY,CLASE B-C,17,12
2921,3,2,DRY,CLASE B-C,16,12
2922,3,2,DRY,CLASE B-C,16,12
2923,3,2,DRY,CLASE B-C,13,12
2924,3,2,DRY,CLASE B-C,17,12
2925,3,2,DRY,CLASE B-C,15,12
2926,3,2,DRY,CLASE B,16,12
2927,3,2,DRY,CLASE B-C,17,12
2928,3,2,DRY,CLASE B-C,16,12
2929,3,2,DRY,CLASE B-C,17,12
2930,3,2,DRY,CLASE B-C,16,12
2931,3,2,DRY,CLASE B-C,15,12
2932,3,2,DRY,CLASE B-C,16,12
2933,3,2,DRY,CLASE B-C,17,12
2934,3,2,DRY,CLASE B-C,16,12
2935,3,2,DRY,CLASE B-C,17,12
2936,3,2,DRY,CLASE B-C,16,12
2937,7,2,DRY,CLASE B-C,13,12
2938,7,2,RF,CLASE B-C,10,12
2939,7,2,DRY,CLASE B-C,13,12
2940,7,2,DRY,CLASE B-C,13,12
2941,7,2,DRY,CLASE B-C,14,12
2942,7,2,DRY,CLASE B-C,13,12
2943,7,2,DRY,CLASE B-C,15,12
2944,6,1,DRY,INSPECTION,15,12
2945,6,2,RF,CLASE B-C,12,12
2946,6,2,RF,CLASE B-C,10,12
2947,6,2,RF,CLASE B-C,10,12
2948,2,2,RF,CLASE B-C,12,12
2949,2,2,RF,CLASE B-C,12,12
2950,2,2,RF,CLASE B-C,11,12
2951,3,2,DRY,CLASE A,7,12
2952,6,2,DRY,CLASE B-C,3,12
2953,6,1,DRY,INSPECTION,3,12
2954,6,2,DRY,CLASE B-C,5,12
2955,6,1,DRY,INSPECTION,3,12
2956,6,2,DRY,CLASE B-C,3,12
2957,7,2,DRY,CLASE B-C,8,12
2958,7,2,DRY,CLASE B-C,8,12
2959,7,2,DRY,CLASE B-C,8,12
2960,7,2,DRY,CLASE B-C,4,12
2961,7,2,DRY,CLASE B-C,9,12
2962,7,2,DRY,CLASE B-C,9,12
2963,7,2,DRY,CLASE B-C,9,12
2964,7,2,DRY,CLASE B-C,9,12
2965,7,2,DRY,CLASE B-C,8,12
2966,7,2,DRY,CLASE B-C,3,12
2967,7,2,DRY,CLASE B-C,9,12
2968,7,2,DRY,CLASE B-C,9,12
2969,7,2,DRY,CLASE B-C,7,12
2970,7,2,DRY,CLASE B-C,9,12
2971,7,2,DRY,CLASE B-C,9,12
2972,7,2,DRY,CLASE B-C,9,12
2973,7,2,DRY,CLASE B-C,8,12
2974,7,2,DRY,CLASE B-C,9,12
2975,7,2,DRY,CLASE B-C,9,12
2976,7,2,DRY,CLASE B-C,9,12
2977,7,2,DRY,CLASE D,8,12
2978,7,2,DRY,CLASE B-C,8,12
2979,7,2,DRY,CLASE B-C,8,12
2980,7,2,DRY,CLASE B-C,8,12
2981,7,2,DRY,CLASE B-C,9,12
2982,7,2,DRY,CLASE B-C,3,12
2983,7,2,DRY,CLASE B,3,12
2984,7,2,DRY,CLASE B-C,6,12
2985,7,2,DRY,CLASE B-C,9,12
2986,7,2,DRY,CLASE B-C,9,12
2987,7,2,DRY,CLASE B-C,8,12
2988,7,2,DRY,CLASE B-C,3,12
2989,7,2,DRY,CLASE B-C,7,12
2990,7,2,DRY,CLASE B-C,9,12
2991,7,2,DRY,CLASE B-C,8,12
2992,7,2,DRY,CLASE B-C,8,12
2993,7,2,DRY,CLASE B-C,7,12
2994,7,2,DRY,CLASE B-C,10,12
2995,7,2,DRY,CLASE B-C,8,12
2996,7,2,DRY,CLASE B-C,8,12
2997,7,2,DRY,CLASE B-C,9,12
2998,7,2,DRY,CLASE B-C,8,12
2999,7,2,DRY,CLASE B-C,7,12
3000,7,2,DRY,CLASE B-C,9,12
3001,7,2,DRY,CLASE B-C,9,12
3002,7,2,DRY,CLASE B-C,9,12
3003,7,2,DRY,CLASE B-C,8,12
3004,7,2,DRY,CLASE B-C,6,12
3005,7,2,DRY,CLASE B-C,8,12
3006,7,2,DRY,CLASE B-C,9,12
3007,7,2,DRY,CLASE B-C,8,12
3008,7,2,DRY,CLASE B-C,9,12
3009,7,2,DRY,CLASE B-C,9,12
3010,7,2,DRY,CLASE B-C,9,12
3011,7,2,DRY,CLASE B-C,9,12
3012,7,2,DRY,CLASE B-C,7,12
3013,7,2,DRY,CLASE B-C,7,12
3014,7,2,DRY,CLASE B-C,9,12
3015,7,2,DRY,CLASE B-C,9,12
3016,7,2,DRY,CLASE B-C,8,12
3017,7,2,DRY,CLASE B-C,8,12
3018,7,2,DRY,CLASE B-C,8,12
3019,7,2,DRY,CLASE B-C,8,12
3020,7,2,DRY,CLASE B-C,9,12
3021,7,2,DRY,CLASE B-C,8,12
3022,7,2,DRY,CLASE B-C,9,12
3023,7,2,DRY,CLASE B-C,8,12
3024,7,2,DRY,CLASE B-C,8,12
3025,7,2,DRY,CLASE B-C,9,12
3026,7,2,DRY,CLASE B-C,8,12
3027,7,2,DRY,CLASE B-C,2,12
3028,7,2,DRY,CLASE B-C,6,12
3029,7,2,DRY,CLASE B-C,8,12
3030,7,2,DRY,CLASE B-C,8,12
3031,7,2,DRY,CLASE B-C,9,12
3032,7,2,DRY,CLASE B-C,8,12
3033,7,2,DRY,CLASE B-C,8,12
3034,7,2,DRY,CLASE B-C,9,12
3035,7,2,DRY,CLASE B-C,4,12
3036,7,2,DRY,CLASE B-C,8,12
3037,7,2,DRY,CLASE B-C,9,12
3038,7,2,DRY,CLASE B,8,12
3039,7,2,DRY,CLASE B-C,9,12
3040,7,2,DRY,CLASE B-C,9,12
3041,7,2,DRY,CLASE B-C,9,12
3042,7,2,DRY,CLASE B-C,9,12
3043,7,2,DRY,CLASE B-C,9,12
3044,7,2,DRY,CLASE A,9,12
3045,7,2,DRY,CLASE B-C,9,12
3046,7,2,DRY,CLASE B-C,9,12
3047,7,2,DRY,CLASE B-C,9,12
3048,7,2,DRY,CLASE B-C,8,12
3049,7,2,DRY,CLASE B-C,7,12
3050,7,2,DRY,CLASE B-C,6,12
3051,7,2,DRY,CLASE B-C,9,12
3052,7,2,DRY,CLASE B-C,9,12
3053,7,2,DRY,CLASE B-C,9,12
3054,7,2,DRY,CLASE B-C,9,12
3055,7,2,DRY,CLASE B-C,9,12
3056,7,2,DRY,CLASE B-C,7,12
3057,7,2,DRY,CLASE B-C,9,12
3058,7,2,DRY,CLASE B-C,9,12
3059,7,2,DRY,CLASE B-C,7,12
3060,7,2,DRY,CLASE B-C,9,12
3061,7,2,DRY,CLASE B-C,9,12
3062,7,2,DRY,CLASE B-C,6,12
3063,7,2,DRY,CLASE B-C,6,12
3064,7,2,DRY,CLASE B-C,9,12
3065,7,2,DRY,CLASE B-C,9,12
3066,7,2,DRY,CLASE B-C,9,12
3067,7,2,DRY,CLASE B-C,9,12
3068,7,2,DRY,CLASE B-C,6,12
3069,7,2,DRY,CLASE B-C,9,12
3070,7,2,DRY,CLASE B-C,9,12
3071,7,2,DRY,CLASE B-C,9,12
3072,7,2,DRY,CLASE B-C,7,12
3073,7,2,DRY,CLASE B-C,9,12
3074,7,2,DRY,CLASE B-C,9,12
3075,7,2,DRY,CLASE B-C,9,12
3076,7,2,DRY,CLASE B-C,9,12
3077,7,2,DRY,CLASE B-C,9,12
3078,7,2,DRY,CLASE B-C,8,12
3079,7,2,DRY,CLASE B-C,4,12
3080,7,2,DRY,CLASE B-C,8,12
3081,7,2,DRY,CLASE B-C,9,12
3082,7,2,DRY,CLASE B-C,6,12
3083,7,2,DRY,CLASE B-C,10,12
3084,7,2,DRY,CLASE B-C,9,12
3085,7,2,DRY,CLASE B-C,9,12
3086,7,2,DRY,CLASE B-C,7,12
3087,7,2,DRY,CLASE B-C,9,12
3088,7,2,DRY,CLASE B-C,8,12
3089,7,2,DRY,CLASE B,3,12
3090,7,2,DRY,CLASE B-C,9,12
3091,7,2,DRY,CLASE B-C,7,12
3092,7,2,DRY,CLASE B-C,9,12
3093,7,2,DRY,CLASE B-C,9,12
3094,7,2,DRY,CLASE B-C,9,12
3095,7,2,DRY,CLASE B-C,9,12
3096,7,2,DRY,CLASE B-C,9,12
3097,7,2,DRY,CLASE B-C,6,12
3098,7,2,DRY,CLASE B-C,3,12
3099,7,2,DRY,CLASE B-C,9,12
3100,7,2,DRY,CLASE B-C,7,12
3101,7,2,DRY,CLASE B-C,8,12
3102,7,2,DRY,CLASE B-C,8,12
3103,7,2,DRY,CLASE B-C,8,12
3104,7,2,DRY,CLASE B-C,9,12
3105,7,2,DRY,CLASE B-C,9,12
3106,7,2,DRY,CLASE B-C,3,12
3107,7,2,DRY,CLASE B-C,9,12
3108,7,2,DRY,CLASE B-C,9,12
3109,7,2,DRY,CLASE B-C,9,12
3110,7,2,DRY,CLASE B-C,9,12
3111,7,2,DRY,CLASE B-C,9,12
3112,7,2,DRY,CLASE B-C,9,12
3113,7,2,DRY,CLASE B-C,6,12
3114,7,2,DRY,CLASE B-C,9,12
3115,7,2,DRY,CLASE B-C,4,12
3116,7,2,DRY,CLASE B-C,4,12
3117,7,2,DRY,CLASE B-C,9,12
3118,7,2,DRY,CLASE B-C,9,12
3119,7,2,DRY,CLASE B-C,8,12
3120,7,2,DRY,CLASE B-C,9,12
3121,7,2,DRY,CLASE B-C,1,12
3122,7,2,DRY,CLASE B-C,9,12
3123,7,2,DRY,CLASE B-C,9,12
3124,7,1,DRY,CLASE B-C,4,12
3125,7,2,DRY,CLASE B-C,9,12
3126,7,2,DRY,CLASE B-C,9,12
3127,7,2,DRY,CLASE B-C,9,12
3128,7,2,DRY,CLASE B-C,8,12
3129,7,2,DRY,CLASE B-C,8,12
3130,7,2,DRY,CLASE B-C,9,12
3131,7,2,DRY,CLASE B-C,4,12
3132,7,2,DRY,CLASE B-C,8,12
3133,7,2,DRY,CLASE B-C,8,12
3134,7,2,DRY,CLASE B-C,8,12
3135,7,2,DRY,CLASE B-C,8,12
3136,7,2,DRY,CLASE B-C,9,12
3137,7,2,DRY,CLASE B-C,9,12
3138,7,2,DRY,CLASE B-C,8,12
3139,7,2,DRY,CLASE B-C,7,12
3140,7,2,DRY,CLASE B-C,8,12
3141,7,2,DRY,CLASE B-C,9,12
3142,7,2,DRY,CLASE B-C,8,12
3143,7,2,DRY,CLASE B-C,9,12
3144,7,2,DRY,CLASE B-C,8,12
3145,7,2,DRY,CLASE B-C,8,12
3146,7,2,DRY,CLASE B-C,8,12
3147,7,2,DRY,CLASE B-C,2,12
3148,7,2,DRY,CLASE B-C,8,12
3149,7,2,DRY,CLASE B-C,8,12
3150,7,2,DRY,CLASE B-C,10,12
3151,2,2,RF,CLASE B-C,10,12
3152,6,2,RF,CLASE B-C,8,12
3153,2,2,DRY,CLASE B-C,7,12
3154,2,2,DRY,CLASE B-C,8,12
3155,7,2,DRY,CLASE B-C,9,12
3156,7,2,DRY,CLASE B-C,9,12
3157,6,2,RF,CLASE B-C,9,12
3158,6,2,RF,CLASE B-C,9,12
3159,6,2,RF,CLASE B-C,9,12
3160,6,2,RF,CLASE B-C,8,12
3161,7,2,DRY,CLASE B-C,5,12
3162,7,2,DRY,CLASE B-C,3,12
3163,7,2,DRY,CLASE B-C,3,12
3164,7,2,DRY,CLASE B-C,4,12
3165,7,2,DRY,CLASE B-C,4,12
3166,7,2,DRY,CLASE B-C,4,12
3167,7,2,DRY,CLASE A,1,12
3168,7,2,DRY,CLASE B-C,6,12
3169,7,2,DRY,CLASE B,5,12
3170,7,2,DRY,CLASE B-C,5,12
3171,7,2,DRY,CLASE B,4,12
3172,7,2,DRY,CLASE B-C,4,12
3173,7,2,DRY,CLASE B-C,4,12
3174,7,2,DRY,CLASE B-C,1,12
3175,7,2,DRY,CLASE B-C,1,12
3176,7,2,DRY,CLASE B-C,6,12
3177,7,2,DRY,CLASE B-C,1,12
3178,7,2,DRY,CLASE B-C,4,12
3179,7,2,DRY,CLASE B-C,1,12
3180,7,2,DRY,CLASE B-C,5,12
3181,7,2,DRY,CLASE B-C,1,12
3182,7,2,DRY,CLASE B-C,1,12
3183,7,2,DRY,CLASE B-C,6,12
3184,7,2,DRY,CLASE B-C,1,12
3185,7,2,DRY,CLASE B-C,4,12
3186,7,2,DRY,CLASE B-C,5,12
3187,7,2,DRY,CLASE B-C,1,12
3188,7,2,DRY,CLASE B-C,5,12
3189,7,2,DRY,CLASE B-C,5,12
3190,7,2,DRY,CLASE B-C,4,12
3191,7,2,DRY,CLASE B-C,5,12
3192,7,2,DRY,CLASE B-C,6,12
3193,7,2,DRY,CLASE B-C,3,12
3194,7,2,DRY,CLASE B-C,2,12
3195,7,2,DRY,CLASE B-C,4,12
3196,7,2,DRY,CLASE B-C,6,12
3197,7,2,DRY,CLASE B-C,3,12
3198,7,2,DRY,CLASE B-C,5,12
3199,7,2,DRY,CLASE B-C,5,12
3200,7,2,DRY,CLASE B-C,1,12
3201,7,2,DRY,CLASE B-C,6,12
3202,7,2,DRY,CLASE B-C,4,12
3203,7,2,DRY,CLASE B-C,1,12
3204,7,2,DRY,CLASE B-C,4,12
3205,7,2,DRY,CLASE B-C,4,12
3206,7,2,DRY,CLASE B-C,5,12
3207,7,2,DRY,CLASE B-C,4,12
3208,7,2,DRY,CLASE B-C,5,12
3209,7,2,DRY,CLASE B-C,6,12
3210,7,2,DRY,CLASE B-C,5,12
3211,7,2,DRY,CLASE B-C,5,12
3212,7,2,DRY,CLASE B-C,4,12
3213,7,2,DRY,CLASE B-C,1,12
3214,7,2,DRY,CLASE B-C,2,12
3215,7,2,DRY,CLASE B-C,3,12
3216,7,2,DRY,CLASE B-C,1,12
3217,7,2,DRY,CLASE B-C,1,12
3218,7,2,DRY,CLASE B-C,5,12
3219,7,2,DRY,CLASE B-C,1,12
3220,7,2,DRY,CLASE B-C,2,12
3221,7,2,DRY,CLASE B-C,5,12
3222,7,2,DRY,CLASE B-C,6,12
3223,7,2,DRY,CLASE B-C,6,12
3224,7,2,DRY,CLASE B-C,2,12
3225,7,2,DRY,CLASE B-C,3,12
3226,7,2,DRY,CLASE B-C,4,12
3227,7,2,DRY,CLASE B-C,4,12
3228,7,2,DRY,CLASE B-C,1,12
3229,7,2,DRY,CLASE B-C,1,12
3230,7,2,DRY,CLASE B-C,4,12
3231,7,2,DRY,CLASE B-C,1,12
3232,7,2,DRY,CLASE B-C,4,12
3233,7,2,DRY,CLASE B-C,1,12
3234,7,2,DRY,CLASE B-C,1,12
3235,7,2,DRY,CLASE B-C,4,12
3236,7,2,DRY,CLASE B-C,1,12
3237,7,2,DRY,CLASE B-C,1,12
3238,7,2,DRY,CLASE B-C,2,12
3239,7,2,DRY,CLASE B-C,5,12
3240,7,2,DRY,CLASE B-C,4,12
3241,7,2,DRY,CLASE B-C,1,12
3242,7,2,DRY,CLASE B-C,2,12
3243,7,2,DRY,CLASE B-C,6,12
3244,7,2,DRY,CLASE B-C,4,12
3245,7,2,DRY,CLASE B-C,5,12
3246,7,2,DRY,CLASE B-C,5,12
3247,7,2,DRY,CLASE B-C,6,12
3248,7,2,DRY,CLASE B-C,6,12
3249,7,2,DRY,CLASE B-C,2,12
3250,7,2,DRY,CLASE B-C,4,12
3251,7,2,DRY,CLASE B-C,1,12
3252,7,2,DRY,CLASE B-C,5,12
3253,7,2,DRY,CLASE B-C,6,12
3254,7,2,DRY,CLASE B-C,5,12
3255,7,2,DRY,CLASE B-C,6,12
3256,7,2,DRY,CLASE B-C,4,12
3257,7,2,DRY,CLASE B-C,4,12
3258,7,2,DRY,CLASE B-C,1,12
3259,7,2,DRY,CLASE B-C,3,12
3260,7,2,DRY,CLASE B-C,6,12
3261,7,2,DRY,CLASE B-C,5,12
3262,7,2,DRY,CLASE B-C,3,12
3263,7,2,DRY,CLASE B-C,1,12
3264,7,2,DRY,CLASE B-C,4,12
3265,7,2,DRY,CLASE B-C,6,12
3266,7,2,DRY,CLASE B-C,5,12
3267,7,2,DRY,CLASE B-C,5,12
3268,7,2,DRY,CLASE B-C,6,12
3269,7,2,DRY,CLASE B-C,4,12
3270,7,2,DRY,CLASE B-C,1,12
3271,7,2,DRY,CLASE B-C,1,12
3272,7,2,DRY,CLASE B-C,4,12
3273,7,2,DRY,CLASE B-C,4,12
3274,7,2,DRY,CLASE B-C,4,12
3275,7,2,DRY,CLASE B-C,3,12
3276,7,2,DRY,CLASE B-C,4,12
3277,7,2,DRY,CLASE B-C,4,12
3278,7,2,DRY,CLASE B-C,2,12
3279,7,2,DRY,CLASE B-C,1,12
3280,7,2,DRY,CLASE B-C,5,12
3281,7,2,DRY,CLASE B-C,2,12
3282,7,2,DRY,CLASE B-C,6,12
3283,7,2,DRY,CLASE B-C,4,12
3284,7,2,DRY,CLASE B-C,6,12
3285,7,2,DRY,CLASE B-C,2,12
3286,7,2,DRY,CLASE B-C,3,12
3287,7,2,DRY,CLASE B-C,4,12
3288,7,2,DRY,CLASE B-C,1,12
3289,7,2,DRY,CLASE B-C,2,12
3290,7,2,DRY,CLASE B-C,6,12
3291,7,2,DRY,CLASE B,1,12
3292,7,2,DRY,CLASE B-C,2,12
3293,7,2,DRY,CLASE B-C,4,12
3294,7,2,DRY,CLASE B-C,5,12
3295,7,2,DRY,CLASE B-C,5,12
3296,7,2,DRY,CLASE B-C,4,12
3297,7,2,DRY,CLASE B-C,4,12
3298,7,2,DRY,CLASE B-C,1,12
3299,7,2,DRY,CLASE A,1,12
3300,7,2,DRY,CLASE B,5,12
3301,7,2,DRY,CLASE B-C,5,12
3302,7,2,DRY,CLASE B-C,5,12
3303,7,2,DRY,CLASE B-C,4,12
3304,7,2,DRY,CLASE B,4,12
3305,7,2,DRY,CLASE B-C,6,12
3306,7,2,DRY,CLASE B-C,2,12
3307,7,2,DRY,CLASE B-C,1,12
3308,7,2,DRY,CLASE B-C,4,12
3309,7,2,DRY,CLASE B-C,1,12
3310,7,2,DRY,CLASE B-C,4,12
3311,7,2,DRY,CLASE B-C,1,12
3312,7,2,DRY,CLASE B-C,2,12
3313,7,2,DRY,CLASE B-C,4,12
3314,7,2,DRY,CLASE B-C,5,12
3315,7,2,DRY,CLASE B-C,1,12
3316,7,2,DRY,CLASE B-C,5,12
3317,7,2,DRY,CLASE B-C,1,12
3318,7,2,DRY,CLASE B-C,2,12
3319,7,2,DRY,CLASE B-C,3,12
3320,7,2,DRY,CLASE B-C,5,12
3321,7,2,DRY,CLASE B-C,1,12
3322,7,2,DRY,CLASE B-C,5,12
3323,7,2,DRY,CLASE B-C,4,12
3324,7,2,DRY,CLASE B-C,1,12
3325,7,2,DRY,INSPECTION,2,12
3326,7,2,DRY,CLASE B-C,5,12
3327,7,2,DRY,CLASE B-C,4,12
3328,7,2,DRY,CLASE B-C,2,12
3329,7,2,DRY,CLASE B-C,5,12
3330,7,2,DRY,CLASE B-C,1,12
3331,7,2,DRY,CLASE B-C,2,12
3332,7,2,DRY,CLASE B-C,5,12
3333,7,2,DRY,CLASE B-C,6,12
3334,7,2,DRY,CLASE B-C,6,12
3335,7,2,DRY,CLASE B-C,5,12
3336,7,2,DRY,CLASE B-C,5,12
3337,7,2,DRY,CLASE B-C,6,12
3338,7,2,DRY,CLASE B-C,4,12
3339,7,2,DRY,CLASE B-C,6,12
3340,7,2,DRY,CLASE B-C,4,12
3341,7,2,DRY,CLASE B-C,4,12
3342,7,2,DRY,CLASE B-C,6,12
3343,7,2,DRY,CLASE B-C,4,12
3344,7,2,DRY,CLASE B-C,5,12
3345,7,2,DRY,CLASE B-C,4,12
3346,7,2,DRY,CLASE B-C,1,12
3347,7,2,DRY,CLASE B-C,1,12
3348,7,2,DRY,CLASE B-C,1,12
3349,7,2,DRY,CLASE B-C,3,12
3350,7,2,DRY,CLASE B-C,5,12
3351,7,2,DRY,CLASE B-C,4,12
3352,7,2,DRY,CLASE B-C,4,12
3353,7,2,DRY,CLASE B-C,5,12
3354,7,2,DRY,CLASE B-C,6,12
3355,7,2,DRY,CLASE B-C,4,12
3356,7,2,DRY,CLASE B-C,4,12
3357,7,2,DRY,CLASE B-C,1,12
3358,7,2,DRY,CLASE B-C,5,12
3359,7,2,DRY,CLASE B-C,4,12
3360,7,2,DRY,CLASE B-C,1,12
3361,7,2,DRY,CLASE B-C,5,12
3362,7,2,DRY,CLASE B-C,4,12
3363,7,2,DRY,CLASE B-C,1,12
3364,7,2,DRY,CLASE B-C,5,12
3365,7,2,DRY,CLASE B-C,4,12
3366,7,2,DRY,CLASE B-C,2,12
3367,7,2,DRY,CLASE B-C,2,12
3368,7,2,DRY,CLASE B-C,6,12
3369,7,2,DRY,CLASE B-C,4,12
3370,7,2,DRY,CLASE B-C,5,12
3371,7,2,DRY,CLASE B-C,4,12
3372,7,2,DRY,CLASE B-C,3,12
3373,7,2,DRY,CLASE B-C,5,12
3374,7,2,DRY,CLASE B-C,5,12
3375,7,2,DRY,CLASE B-C,3,12
3376,7,2,DRY,CLASE B-C,2,12
3377,7,2,DRY,CLASE B-C,1,12
3378,7,2,DRY,CLASE B-C,6,12
3379,7,2,DRY,CLASE B-C,1,12
3380,7,2,DRY,CLASE B-C,2,12
3381,7,2,DRY,CLASE B-C,5,12
3382,7,2,DRY,CLASE B-C,3,12
3383,7,2,DRY,CLASE B-C,1,12
3384,7,2,DRY,CLASE B-C,6,12
3385,7,2,DRY,CLASE B-C,4,12
3386,7,2,DRY,CLASE B-C,1,12
3387,7,2,DRY,CLASE B-C,4,12
3388,7,2,DRY,CLASE B-C,3,12
3389,7,2,DRY,CLASE B-C,5,12
3390,7,2,DRY,CLASE B-C,5,12
3391,7,2,DRY,CLASE B-C,5,12
3392,7,2,DRY,CLASE B-C,1,12
3393,7,2,DRY,CLASE B-C,4,12
3394,7,2,DRY,CLASE B-C,4,12
3395,7,2,DRY,CLASE B-C,1,12
3396,7,2,DRY,CLASE B-C,2,12
3397,7,2,DRY,CLASE B-C,2,12
3398,7,2,DRY,CLASE B-C,6,12
3399,7,2,DRY,CLASE B-C,5,12
3400,7,2,DRY,CLASE B-C,3,12
3401,7,2,DRY,CLASE B-C,4,12
3402,7,2,DRY,CLASE B-C,5,12
3403,7,2,DRY,CLASE B-C,1,12
3404,7,2,DRY,CLASE B-C,4,12
3405,7,2,DRY,CLASE B-C,4,12
3406,7,2,DRY,CLASE B-C,5,12
3407,7,2,DRY,CLASE B-C,6,12
3408,7,2,DRY,CLASE B-C,4,12
3409,7,2,DRY,CLASE B-C,1,12
3410,7,2,DRY,CLASE B-C,5,12
3411,7,2,DRY,CLASE B-C,5,12
3412,7,2,DRY,CLASE B-C,4,12
3413,7,2,DRY,CLASE B-C,4,12
3414,7,2,DRY,CLASE B-C,5,12
3415,7,2,DRY,CLASE B-C,3,12
3416,7,2,DRY,CLASE B-C,5,12
3417,7,2,DRY,CLASE B-C,1,12
3418,7,2,DRY,CLASE B-C,5,12
3419,7,2,DRY,CLASE B-C,4,12
3420,7,2,DRY,CLASE B-C,6,12
3421,7,2,DRY,CLASE B-C,4,12
3422,7,2,DRY,CLASE B-C,5,12
3423,7,2,DRY,CLASE B-C,4,12
3424,7,2,DRY,CLASE B-C,1,12
3425,7,2,DRY,CLASE B-C,1,12
3426,7,2,DRY,CLASE B-C,5,12
3427,7,2,DRY,CLASE B-C,4,12
3428,7,2,DRY,CLASE B-C,6,12
3429,7,2,DRY,CLASE B-C,6,12
3430,7,2,DRY,CLASE B-C,2,12
3431,7,2,DRY,CLASE B-C,1,12
3432,7,2,DRY,CLASE B-C,5,12
3433,7,2,DRY,CLASE B-C,1,12
3434,7,2,DRY,CLASE B-C,2,12
3435,7,2,DRY,CLASE B-C,4,12
3436,7,2,DRY,CLASE B-C,2,12
3437,7,2,DRY,CLASE B-C,5,12
3438,7,2,DRY,CLASE B-C,5,12
3439,7,2,DRY,CLASE B-C,3,12
3440,7,2,DRY,CLASE B-C,5,12
3441,7,2,DRY,CLASE B-C,5,12
3442,7,2,DRY,CLASE B-C,5,12
3443,7,2,DRY,CLASE B-C,4,12
3444,7,2,DRY,CLASE B-C,4,12
3445,7,2,DRY,CLASE B-C,1,12
3446,7,2,DRY,CLASE B-C,1,12
3447,7,2,DRY,CLASE B-C,1,12
3448,7,2,DRY,CLASE B-C,1,12
3449,7,2,DRY,CLASE B-C,1,12
3450,7,2,DRY,CLASE B-C,1,12
3451,7,2,DRY,CLASE B-C,4,12
3452,7,2,DRY,CLASE B-C,1,12
3453,7,2,DRY,CLASE B-C,1,12
3454,7,2,DRY,CLASE B-C,4,12
3455,7,2,DRY,CLASE B-C,3,12
3456,7,2,DRY,CLASE B-C,4,12
3457,7,2,DRY,CLASE B-C,5,12
3458,7,2,DRY,CLASE B-C,5,12
3459,7,2,DRY,CLASE B-C,4,12
3460,7,2,DRY,CLASE B-C,4,12
3461,7,2,DRY,CLASE B-C,4,12
3462,7,2,DRY,CLASE B-C,4,12
3463,7,2,DRY,CLASE B-C,4,12
3464,7,2,DRY,CLASE B-C,5,12
3465,7,2,DRY,CLASE B-C,4,12
3466,7,2,DRY,CLASE B-C,3,12
3467,7,2,DRY,CLASE B-C,6,12
3468,7,2,DRY,CLASE B-C,5,12
3469,7,2,DRY,CLASE B-C,6,12
3470,7,2,DRY,CLASE B-C,2,12
3471,7,2,DRY,CLASE B-C,1,12
3472,7,2,DRY,CLASE B-C,4,12
3473,7,2,DRY,CLASE B-C,5,12
3474,7,2,DRY,CLASE B-C,2,12
3475,7,2,DRY,CLASE B-C,2,12
3476,7,2,DRY,CLASE B-C,4,12
3477,7,2,DRY,CLASE B-C,1,12
3478,7,2,DRY,CLASE B-C,5,12
3479,7,2,DRY,CLASE B-C,4,12
3480,7,2,DRY,CLASE B-C,1,12
3481,7,2,DRY,CLASE B-C,4,12
3482,7,2,DRY,CLASE B-C,3,12
3483,7,2,DRY,CLASE B-C,6,12
3484,7,2,DRY,CLASE B-C,5,12
3485,7,2,DRY,CLASE B-C,1,12
3486,7,2,DRY,CLASE B-C,5,12
3487,7,2,DRY,CLASE B-C,4,12
3488,7,2,DRY,CLASE B-C,6,12
3489,7,2,DRY,CLASE B-C,1,12
3490,7,2,DRY,CLASE B-C,3,12
3491,7,2,DRY,CLASE B-C,1,12
3492,7,2,DRY,CLASE B-C,6,12
3493,7,2,DRY,CLASE B-C,3,12
3494,7,2,DRY,CLASE B-C,4,12
3495,7,2,DRY,CLASE B-C,6,12
3496,7,2,DRY,CLASE B-C,4,12
3497,7,2,DRY,CLASE B-C,3,12
3498,7,2,DRY,CLASE B-C,5,12
3499,7,2,DRY,CLASE B-C,4,12
3500,7,2,DRY,CLASE B-C,5,12
3501,7,2,DRY,CLASE B-C,3,12
3502,7,2,DRY,CLASE B-C,1,12
3503,7,2,DRY,CLASE B-C,3,12
3504,7,2,DRY,CLASE B-C,6,12
3505,7,2,DRY,CLASE B-C,4,12
3506,7,2,DRY,CLASE B-C,1,12
3507,7,2,DRY,CLASE B-C,6,12
3508,7,2,DRY,CLASE B-C,5,12
3509,7,2,DRY,CLASE B-C,4,12
3510,7,2,DRY,CLASE B-C,5,12
3511,7,2,DRY,CLASE B-C,5,12
3512,7,2,DRY,CLASE B-C,1,12
3513,7,2,DRY,CLASE B-C,1,12
3514,7,2,DRY,CLASE B-C,4,12
3515,7,2,DRY,CLASE B-C,5,12
3516,7,2,DRY,CLASE B-C,1,12
3517,7,2,DRY,CLASE B-C,1,12
3518,7,2,DRY,CLASE B-C,1,12
3519,7,2,DRY,CLASE B-C,4,12
3520,7,2,DRY,CLASE B-C,2,12
3521,7,2,DRY,CLASE B-C,1,12
3522,7,2,DRY,CLASE B-C,1,12
3523,7,2,DRY,CLASE B-C,2,12
3524,7,2,DRY,CLASE B-C,5,12
3525,7,2,DRY,CLASE B-C,1,12
3526,7,2,DRY,CLASE B-C,1,12
3527,7,2,DRY,CLASE B-C,6,12
3528,7,2,DRY,CLASE B-C,5,12
3529,7,2,DRY,CLASE B-C,5,12
3530,7,2,DRY,CLASE B-C,3,12
3531,7,2,DRY,CLASE B-C,4,12
3532,7,2,DRY,CLASE B-C,6,12
3533,7,2,DRY,CLASE B-C,1,12
3534,7,2,DRY,CLASE B-C,6,12
3535,7,2,DRY,CLASE B-C,6,12
3536,7,2,DRY,CLASE B-C,4,12
3537,7,2,DRY,CLASE B-C,5,12
3538,7,2,DRY,CLASE B-C,6,12
3539,7,2,DRY,CLASE B-C,5,12
3540,7,2,DRY,CLASE B-C,1,12
3541,7,2,DRY,CLASE B-C,3,12
3542,7,2,DRY,CLASE B-C,3,12
3543,7,2,DRY,CLASE B-C,5,12
3544,7,2,DRY,CLASE B-C,1,12
3545,7,2,DRY,CLASE B-C,4,12
3546,7,2,DRY,CLASE B-C,6,12
3547,7,2,DRY,CLASE D,1,12
3548,7,2,DRY,CLASE B-C,5,12
3549,7,2,DRY,CLASE B-C,2,12
3550,7,2,DRY,CLASE B-C,5,12
3551,7,2,DRY,CLASE B-C,6,12
3552,7,2,DRY,CLASE B-C,2,12
3553,7,2,DRY,CLASE B-C,4,12
3554,7,2,DRY,CLASE B-C,2,12
3555,7,2,DRY,CLASE B-C,6,12
3556,7,2,DRY,CLASE B-C,1,12
3557,7,2,DRY,CLASE B-C,4,12
3558,7,2,DRY,CLASE B-C,5,12
3559,7,2,DRY,CLASE B-C,1,12
3560,7,2,DRY,CLASE B-C,5,12
3561,7,2,DRY,CLASE B-C,5,12
3562,7,2,DRY,CLASE B-C,6,12
3563,7,2,DRY,CLASE B-C,5,12
3564,7,2,DRY,CLASE B-C,6,12
3565,7,2,DRY,CLASE B-C,1,12
3566,7,2,DRY,CLASE A,4,12
3567,7,2,DRY,CLASE B-C,1,12
3568,7,2,DRY,CLASE B-C,4,12
3569,7,2,DRY,CLASE B-C,5,12
3570,7,2,DRY,CLASE B-C,5,12
3571,7,2,DRY,CLASE B,4,12
3572,7,2,DRY,CLASE B-C,6,12
3573,7,2,DRY,CLASE B-C,5,12
3574,7,2,DRY,CLASE B-C,5,12
3575,7,2,DRY,CLASE B-C,1,12
3576,7,2,DRY,CLASE B-C,4,12
3577,7,2,DRY,CLASE B-C,5,12
3578,7,2,DRY,CLASE B-C,3,12
3579,7,2,DRY,CLASE B-C,4,12
3580,7,2,DRY,CLASE B-C,6,12
3581,7,2,DRY,CLASE B-C,3,12
3582,7,2,DRY,CLASE B-C,4,12
3583,7,2,DRY,CLASE B-C,2,12
3584,7,2,DRY,CLASE B-C,1,12
3585,7,2,DRY,CLASE B-C,6,12
3586,7,2,DRY,CLASE B-C,3,12
3587,7,2,DRY,CLASE B-C,1,12
3588,7,2,DRY,CLASE B-C,6,12
3589,7,2,DRY,CLASE B-C,6,12
3590,7,2,DRY,CLASE B-C,5,12
3591,7,2,DRY,CLASE B-C,5,12
3592,7,2,DRY,CLASE B-C,5,12
3593,7,2,DRY,CLASE B-C,5,12
3594,7,2,DRY,CLASE B-C,5,12
3595,7,2,DRY,CLASE B-C,3,12
3596,7,2,DRY,CLASE B-C,3,12
3597,7,2,DRY,CLASE B-C,3,12
3598,7,2,DRY,CLASE B-C,5,12
3599,7,2,DRY,CLASE B-C,1,12
3600,7,2,DRY,CLASE B-C,4,12
3601,3,2,DRY,CLASE B-C,4,12
3602,3,2,DRY,CLASE B-C,4,12
3603,3,2,DRY,CLASE B-C,4,12
3604,3,2,DRY,CLASE B-C,6,12
3605,3,2,DRY,CLASE B-C,4,12
3606,2,2,DRY,CLASE B-C,3,12
3607,3,2,DRY,CLASE B-C,2,12
3608,3,2,DRY,CLASE B-C,2,12
3609,2,2,DRY,CLASE B-C,3,12
3610,2,2,DRY,CLASE B-C,3,12
3611,2,2,DRY,CLASE B-C,3,12
3612,3,2,DRY,CLASE B-C,1,12
3613,2,2,DRY,CLASE B,3,12
3614,2,2,DRY,CLASE B-C,2,12
3615,2,2,DRY,CLASE B-C,3,12
3616,2,2,DRY,CLASE B-C,3,12
3617,3,2,DRY,CLASE B-C,1,12
3618,2,2,DRY,CLASE B-C,2,12
3619,2,2,DRY,CLASE B-C,4,12
3620,3,2,DRY,CLASE B-C,1,12
3621,3,2,DRY,CLASE B-C,1,12
3622,2,2,DRY,CLASE B-C,3,12
3623,2,2,DRY,CLASE B-C,3,12
3624,3,2,DRY,CLASE B-C,2,12
3625,2,2,DRY,CLASE B-C,2,12
3626,2,2,DRY,CLASE B-C,2,12
3627,3,2,DRY,CLASE B-C,3,12
3628,3,2,DRY,CLASE B-C,2,12
3629,6,2,DRY,CLASE B-C,1,12
3630,7,2,DRY,CLASE B-C,1,12
3631,2,2,DRY,CLASE B-C,1,12
3632,2,2,DRY,CLASE B-C,2,12
3633,2,2,DRY,CLASE B-C,1,12
3634,2,2,DRY,CLASE B,2,12
3635,2,2,DRY,CLASE B-C,1,12
3636,6,2,DRY,CLASE B-C,122,12
3637,7,2,DRY,CLASE B-C,101,12
3638,7,2,DRY,CLASE B-C,99,12
3639,7,2,DRY,CLASE B-C,75,12
3640,7,2,DRY,CLASE B-C,86,12
3641,6,2,DRY,CLASE B-C,83,12
3642,7,2,DRY,CLASE B-C,58,12
3643,7,2,DRY,CLASE B-C,58,12
3644,6,2,DRY,CLASE B-C,57,12
3645,6,2,DRY,CLASE B-C,57,12
3646,2,2,RF,CLASE B-C,38,12
3647,7,2,DRY,CLASE B-C,19,12
3648,7,2,DRY,CLASE B-C,41,12
3649,7,2,DRY,CLASE B-C,44,12
3650,7,2,DRY,CLASE B-C,44,12
3651,7,2,DRY,CLASE B-C,44,12
3652,7,2,DRY,CLASE B-C,44,12
3653,7,2,DRY,CLASE B-C,44,12
3654,6,2,DRY,CLASE B-C,47,12
3655,6,2,DRY,CLASE B-C,45,12
3656,6,2,DRY,CLASE B-C,45,12
3657,6,2,DRY,CLASE B-C,45,12
3658,7,2,RF,CLASE B-C,36,12
3659,7,2,DRY,CLASE B-C,34,12
3660,7,2,DRY,CLASE B-C,19,12
3661,7,2,DRY,CLASE B-C,18,12
3662,7,2,DRY,CLASE B-C,19,12
3663,7,2,DRY,CLASE B-C,19,12
3664,7,2,DRY,CLASE B-C,25,12
3665,7,2,DRY,CLASE B-C,19,12
3666,7,2,DRY,CLASE B-C,25,12
3667,7,2,DRY,CLASE B-C,19,12
3668,7,2,DRY,CLASE B-C,19,12
3669,7,2,DRY,CLASE B-C,31,12
3670,7,2,DRY,CLASE B-C,18,12
3671,7,2,DRY,CLASE B-C,19,12
3672,7,2,DRY,CLASE B-C,25,12
3673,7,2,RF,CLASE B-C,25,12
3674,7,2,DRY,CLASE B-C,25,12
3675,2,2,DRY,CLASE B-C,29,12
3676,2,2,DRY,CLASE B-C,29,12
3677,7,2,RF,CLASE B-C,15,12
3678,7,2,RF,CLASE B-C,11,12
3679,7,2,DRY,CLASE B-C,13,12
3680,7,2,DRY,CLASE B-C,14,12
3681,7,2,DRY,CLASE B-C,15,12
3682,7,2,RF,CLASE B-C,11,12
3683,7,2,RF,CLASE B-C,15,12
3684,7,2,RF,CLASE B-C,11,12
3685,7,2,RF,CLASE B-C,11,12
3686,7,2,RF,CLASE B-C,11,12
3687,7,2,DRY,CLASE B-C,12,12
3688,7,2,RF,CLASE B-C,11,12
3689,7,2,RF,CLASE B-C,15,12
3690,7,2,DRY,CLASE B-C,14,12
3691,7,2,RF,CLASE B-C,11,12
3692,7,2,DRY,CLASE B-C,15,12
3693,7,2,DRY,CLASE B-C,20,12
3694,7,2,DRY,CLASE B-C,17,12
3695,7,2,DRY,CLASE B-C,16,12
3696,7,2,DRY,CLASE A,16,12
3697,7,2,DRY,CLASE B-C,16,12
3698,7,2,DRY,CLASE B-C,16,12
3699,7,2,DRY,CLASE B-C,16,12
3700,7,2,DRY,CLASE B-C,17,12
3701,7,2,DRY,CLASE B-C,16,12
3702,7,2,DRY,CLASE B-C,17,12
3703,7,2,DRY,CLASE B-C,16,12
3704,7,2,DRY,CLASE B-C,16,12
3705,2,2,RF,CLASE B-C,12,12
3706,6,2,DRY,CLASE B-C,5,12
3707,6,2,DRY,CLASE B-C,5,12
3708,7,2,DRY,CLASE B-C,2,12
3709,7,2,DRY,CLASE B-C,7,12
3710,7,2,DRY,CLASE B-C,9,12
3711,7,2,DRY,CLASE B-C,9,12
3712,7,2,DRY,CLASE B-C,10,12
3713,7,2,DRY,CLASE B-C,9,12
3714,7,2,DRY,CLASE B-C,10,12
3715,7,2,DRY,CLASE B-C,9,12
3716,7,2,DRY,CLASE B-C,9,12
3717,7,2,DRY,CLASE B-C,9,12
3718,7,2,DRY,CLASE B-C,9,12
3719,7,2,DRY,CLASE B-C,10,12
3720,7,2,DRY,CLASE B-C,9,12
3721,7,2,DRY,CLASE B-C,9,12
3722,7,2,DRY,CLASE B-C,9,12
3723,7,2,DRY,CLASE B-C,9,12
3724,7,2,DRY,CLASE B-C,9,12
3725,7,2,DRY,CLASE B-C,9,12
3726,7,2,DRY,CLASE B-C,4,12
3727,7,2,DRY,CLASE B-C,9,12
3728,7,2,DRY,CLASE B-C,7,12
3729,7,2,DRY,CLASE B-C,11,12
3730,7,2,DRY,CLASE B-C,9,12
3731,7,2,DRY,CLASE B-C,7,12
3732,7,2,DRY,CLASE B-C,9,12
3733,7,2,DRY,CLASE B-C,9,12
3734,7,2,DRY,CLASE B-C,10,12
3735,7,2,DRY,CLASE B-C,9,12
3736,7,2,DRY,CLASE B-C,9,12
3737,7,2,DRY,CLASE B,9,12
3738,7,2,DRY,CLASE B-C,11,12
3739,7,2,DRY,CLASE B-C,9,12
3740,7,2,DRY,CLASE B-C,9,12
3741,7,2,DRY,CLASE B-C,7,12
3742,7,2,DRY,CLASE B-C,10,12
3743,7,2,DRY,CLASE B-C,9,12
3744,7,2,DRY,CLASE B-C,9,12
3745,7,2,DRY,CLASE B-C,11,12
3746,7,2,DRY,CLASE B-C,10,12
3747,7,2,DRY,CLASE B-C,11,12
3748,7,2,DRY,CLASE B-C,9,12
3749,7,2,DRY,CLASE B-C,11,12
3750,7,2,DRY,CLASE B-C,10,12
3751,7,2,DRY,CLASE B-C,10,12
3752,7,2,DRY,CLASE B-C,9,12
3753,7,2,DRY,CLASE B-C,7,12
3754,7,2,DRY,CLASE B-C,11,12
3755,7,2,DRY,CLASE B-C,9,12
3756,7,2,DRY,CLASE B-C,9,12
3757,7,2,DRY,CLASE B-C,9,12
3758,7,2,DRY,CLASE B-C,10,12
3759,7,2,DRY,CLASE B-C,9,12
3760,7,2,DRY,CLASE B-C,9,12
3761,7,2,DRY,CLASE B-C,11,12
3762,7,2,DRY,CLASE B-C,9,12
3763,7,2,DRY,CLASE B-C,11,12
3764,7,2,DRY,CLASE B-C,9,12
3765,7,2,DRY,CLASE B-C,11,12
3766,7,2,DRY,CLASE B-C,9,12
3767,7,2,DRY,CLASE B-C,9,12
3768,7,2,DRY,CLASE B-C,9,12
3769,7,2,DRY,CLASE B-C,9,12
3770,7,2,DRY,CLASE B-C,9,12
3771,7,2,DRY,CLASE B-C,10,12
3772,7,2,DRY,CLASE B-C,9,12
3773,7,2,DRY,CLASE B-C,10,12
3774,7,2,DRY,CLASE B-C,10,12
3775,7,2,DRY,CLASE B-C,11,12
3776,7,2,DRY,CLASE B-C,9,12
3777,7,2,DRY,CLASE B-C,9,12
3778,7,2,DRY,CLASE B-C,11,12
3779,7,2,DRY,CLASE B-C,11,12
3780,7,2,DRY,CLASE B-C,9,12
3781,7,2,DRY,CLASE B-C,11,12
3782,7,2,DRY,CLASE B-C,9,12
3783,7,2,DRY,CLASE B-C,11,12
3784,7,2,DRY,CLASE B-C,10,12
3785,7,2,DRY,CLASE B-C,6,12
3786,7,2,DRY,CLASE B-C,9,12
3787,7,2,DRY,CLASE B-C,9,12
3788,7,2,DRY,CLASE B-C,10,12
3789,7,2,DRY,CLASE B-C,11,12
3790,7,2,DRY,CLASE B-C,9,12
3791,7,2,DRY,CLASE B-C,4,12
3792,7,2,DRY,CLASE B-C,7,12
3793,7,2,DRY,CLASE B-C,10,12
3794,7,2,DRY,CLASE B-C,9,12
3795,7,2,DRY,CLASE B-C,9,12
3796,7,2,DRY,CLASE B-C,9,12
3797,7,2,DRY,CLASE B-C,9,12
3798,7,2,DRY,CLASE B-C,4,12
3799,7,2,DRY,CLASE B-C,11,12
3800,7,2,DRY,CLASE B-C,10,12
3801,7,2,DRY,CLASE B-C,11,12
3802,7,2,DRY,CLASE B-C,9,12
3803,7,2,DRY,CLASE B-C,10,12
3804,7,2,DRY,CLASE B-C,9,12
3805,7,2,DRY,CLASE B-C,7,12
3806,7,2,DRY,CLASE B-C,11,12
3807,7,2,DRY,CLASE B-C,9,12
3808,7,2,DRY,CLASE B-C,11,12
3809,6,2,RF,CLASE B-C,9,12
3810,7,2,DRY,CLASE B-C,6,12
3811,7,2,DRY,CLASE B-C,5,12
3812,7,2,DRY,CLASE B-C,5,12
3813,7,2,DRY,CLASE B-C,7,12
3814,7,2,DRY,CLASE B-C,5,12
3815,7,2,DRY,CLASE B-C,7,12
3816,7,2,DRY,CLASE B-C,5,12
3817,7,2,DRY,CLASE B-C,5,12
3818,7,2,DRY,CLASE B-C,6,12
3819,7,2,DRY,CLASE B-C,7,12
3820,7,2,DRY,CLASE B-C,7,12
3821,7,2,DRY,CLASE B,4,12
3822,7,2,DRY,CLASE B-C,5,12
3823,7,2,DRY,CLASE B-C,4,12
3824,7,2,DRY,CLASE B-C,7,12
3825,7,2,DRY,CLASE B-C,4,12
3826,7,2,DRY,CLASE B-C,7,12
3827,7,2,DRY,CLASE B-C,4,12
3828,7,2,DRY,CLASE B-C,6,12
3829,7,2,DRY,CLASE B-C,5,12
3830,7,2,DRY,CLASE B-C,4,12
3831,7,2,DRY,CLASE B-C,5,12
3832,7,2,DRY,CLASE B-C,5,12
3833,7,2,DRY,CLASE B-C,4,12
3834,7,2,DRY,CLASE B-C,6,12
3835,7,2,DRY,CLASE B-C,7,12
3836,7,2,DRY,CLASE B-C,7,12
3837,7,2,DRY,CLASE B-C,7,12
3838,7,2,DRY,CLASE B-C,6,12
3839,7,2,DRY,CLASE B-C,4,12
3840,7,2,DRY,CLASE B-C,4,12
3841,7,2,DRY,CLASE B-C,6,12
3842,7,2,DRY,CLASE B-C,5,12
3843,7,2,DRY,CLASE B-C,7,12
3844,7,2,DRY,CLASE B-C,7,12
3845,7,2,DRY,CLASE B,7,12
3846,7,2,DRY,CLASE B-C,7,12
3847,7,2,DRY,CLASE B-C,5,12
3848,7,2,DRY,CLASE B-C,5,12
3849,7,2,DRY,CLASE B-C,5,12
3850,7,2,DRY,CLASE B-C,4,12
3851,7,2,DRY,CLASE B-C,5,12
3852,7,2,DRY,CLASE B-C,7,12
3853,7,2,DRY,CLASE B-C,5,12
3854,7,2,DRY,CLASE B-C,7,12
3855,7,2,DRY,CLASE B-C,5,12
3856,7,2,DRY,CLASE B-C,4,12
3857,7,2,DRY,CLASE B-C,6,12
3858,7,2,DRY,CLASE B-C,5,12
3859,7,2,DRY,CLASE B-C,5,12
3860,7,2,DRY,CLASE B-C,7,12
3861,7,2,DRY,CLASE B-C,5,12
3862,7,2,DRY,CLASE B-C,7,12
3863,7,2,DRY,CLASE B-C,7,12
3864,7,2,DRY,CLASE B-C,7,12
3865,7,2,DRY,CLASE B-C,7,12
3866,7,2,DRY,CLASE B-C,7,12
3867,7,2,DRY,CLASE B-C,5,12
3868,7,2,DRY,CLASE B-C,6,12
3869,7,2,DRY,CLASE B-C,7,12
3870,7,2,DRY,CLASE B-C,5,12
3871,7,2,DRY,CLASE B-C,4,12
3872,7,2,DRY,CLASE B-C,5,12
3873,7,2,DRY,CLASE B-C,5,12
3874,7,2,DRY,CLASE B-C,4,12
3875,7,2,DRY,CLASE B-C,5,12
3876,7,2,DRY,CLASE B-C,5,12
3877,7,2,DRY,CLASE B-C,7,12
3878,7,2,DRY,CLASE B-C,7,12
3879,7,2,DRY,CLASE B-C,7,12
3880,7,2,DRY,CLASE B-C,7,12
3881,7,2,DRY,CLASE B-C,5,12
3882,7,2,DRY,CLASE B-C,6,12
3883,7,2,DRY,CLASE B-C,5,12
3884,7,2,DRY,CLASE B-C,5,12
3885,7,2,DRY,CLASE B-C,5,12
3886,7,2,DRY,CLASE B-C,4,12
3887,7,2,DRY,CLASE B-C,5,12
3888,7,2,DRY,CLASE B-C,7,12
3889,7,2,DRY,CLASE B-C,5,12
3890,7,2,DRY,CLASE B-C,6,12
3891,7,2,DRY,CLASE B-C,5,12
3892,7,2,DRY,CLASE B-C,4,12
3893,7,2,DRY,CLASE B-C,4,12
3894,7,2,DRY,CLASE B-C,5,12
3895,7,2,DRY,CLASE B-C,4,12
3896,7,2,DRY,CLASE B-C,5,12
3897,7,2,DRY,CLASE B-C,4,12
3898,7,2,DRY,CLASE B-C,7,12
3899,7,2,DRY,CLASE B-C,5,12
3900,7,2,DRY,CLASE B-C,6,12
3901,7,2,DRY,CLASE B-C,4,12
3902,7,2,DRY,CLASE B-C,7,12
3903,7,2,DRY,CLASE B-C,7,12
3904,7,2,DRY,CLASE B-C,6,12
3905,7,2,DRY,CLASE B-C,5,12
3906,7,2,DRY,CLASE B-C,7,12
3907,7,2,DRY,CLASE B-C,7,12
3908,7,2,DRY,CLASE B-C,5,12
3909,7,2,DRY,CLASE B-C,7,12
3910,7,2,DRY,CLASE B-C,5,12
3911,7,2,DRY,CLASE B-C,5,12
3912,7,2,DRY,CLASE B,7,12
3913,7,2,DRY,CLASE B-C,4,12
3914,7,2,DRY,CLASE B-C,6,12
3915,7,2,DRY,CLASE B-C,7,12
3916,7,2,DRY,CLASE B-C,4,12
3917,7,2,DRY,CLASE B-C,7,12
3918,7,2,DRY,CLASE B-C,7,12
3919,7,2,DRY,CLASE B-C,5,12
3920,7,2,DRY,CLASE B-C,6,12
3921,7,2,DRY,CLASE B-C,5,12
3922,7,2,DRY,CLASE B-C,5,12
3923,7,2,DRY,CLASE B-C,7,12
3924,7,2,DRY,CLASE B-C,5,12
3925,7,2,DRY,CLASE B-C,7,12
3926,7,2,DRY,CLASE B-C,4,12
3927,7,2,DRY,CLASE B-C,7,12
3928,7,2,DRY,CLASE B-C,7,12
3929,7,2,DRY,CLASE B-C,7,12
3930,7,2,DRY,CLASE B-C,4,12
3931,7,2,DRY,CLASE B-C,5,12
3932,2,2,DRY,CLASE B-C,5,12
3933,2,2,DRY,CLASE B-C,4,12
3934,2,2,DRY,CLASE B-C,4,12
3935,2,2,DRY,CLASE B-C,4,12
3936,2,2,DRY,CLASE B-C,4,12
3937,2,2,DRY,CLASE B-C,4,12
3938,2,2,DRY,CLASE B-C,4,12
3939,2,2,DRY,CLASE B-C,1,12
3940,2,2,DRY,CLASE B-C,1,12
3941,6,2,DRY,INSPECTION,21,13
3942,6,2,DRY,INSPECTION,50,13
3943,6,2,DRY,INSPECTION,50,13
3944,6,2,DRY,INSPECTION,21,13
3945,6,2,DRY,INSPECTION,21,13
3946,7,2,DRY,CLASE B-C,12,13
3947,2,2,DRY,CLASE B-C,87,13
3948,4,2,DRY,CLASE B-C,76,13
3949,6,2,DRY,INSPECTION,50,13
3950,6,2,DRY,INSPECTION,29,13
3951,6,2,DRY,INSPECTION,29,13
3952,4,2,DRY,CLASE B-C,25,13
3953,7,2,DRY,CLASE B-C,18,13
3954,7,2,DRY,CLASE B-C,7,13
3955,6,2,DRY,INSPECTION,50,13
3956,6,2,DRY,INSPECTION,50,13
3957,7,2,DRY,CLASE B-C,18,13
3958,7,2,DRY,CLASE B-C,18,13
3959,7,2,DRY,CLASE B-C,18,13
3960,7,2,DRY,CLASE B-C,18,13
3961,7,2,DRY,CLASE B-C,18,13
3962,7,2,DRY,CLASE B-C,18,13
3963,7,2,DRY,CLASE B-C,18,13
3964,7,2,DRY,CLASE B-C,7,13
3965,7,2,DRY,CLASE B-C,7,13
3966,7,2,DRY,CLASE B-C,7,13
3967,7,2,DRY,CLASE B-C,7,13
3968,7,2,DRY,CLASE B-C,7,13
3969,7,2,DRY,CLASE B-C,7,13
3970,7,2,DRY,CLASE B-C,7,13
3971,2,2,DRY,CLASE B-C,87,13
3972,2,2,DRY,CLASE B-C,87,13
3973,2,2,DRY,CLASE B-C,87,13
3974,2,2,DRY,CLASE B-C,87,13
3975,2,2,DRY,CLASE B-C,87,13
3976,2,2,DRY,CLASE B-C,87,13
3977,6,2,DRY,CLASE B-C,71,13
3978,6,2,DRY,INSPECTION,50,13
3979,6,2,DRY,INSPECTION,50,13
3980,7,2,RF,CLASE B-C,13,13
3981,7,2,DRY,CLASE B-C,18,13
3982,7,2,DRY,CLASE B-C,18,13
3983,7,2,DRY,CLASE B,18,13
3984,7,2,DRY,CLASE B-C,18,13
3985,6,2,RF,CLASE B-C,15,13
3986,2,2,RF,CLASE B-C,14,13
3987,7,2,DRY,CLASE B-C,12,13
3988,7,2,DRY,CLASE B-C,4,13
3989,7,2,DRY,CLASE B-C,12,13
3990,7,2,DRY,CLASE B-C,6,13
3991,7,2,DRY,CLASE B-C,6,13
3992,7,2,DRY,CLASE B-C,6,13
3993,7,2,DRY,CLASE B-C,6,13
3994,7,2,DRY,CLASE B-C,6,13
3995,7,2,DRY,CLASE B-C,6,13
3996,7,2,DRY,CLASE B-C,6,13
3997,7,2,DRY,CLASE B-C,6,13
3998,7,2,DRY,CLASE B-C,6,13
3999,7,2,DRY,CLASE B-C,6,13
4000,7,2,DRY,CLASE B-C,6,13
4001,7,2,DRY,CLASE B-C,6,13
4002,2,2,DRY,CLASE B-C,5,13
4003,6,2,DRY,CLASE B-C,133,13
4004,2,2,DRY,CLASE B-C,87,13
4005,6,2,DRY,CLASE B-C,71,13
4006,6,2,DRY,INSPECTION,71,13
4007,6,2,DRY,INSPECTION,75,13
4008,6,2,DRY,CLASE B-C,71,13
4009,6,2,DRY,CLASE B-C,71,13
4010,3,1,DRY,CLASE B-C,64,13
4011,6,2,DRY,INSPECTION,59,13
4012,6,2,DRY,INSPECTION,56,13
4013,6,2,DRY,CLASE B-C,48,13
4014,6,2,DRY,INSPECTION,43,13
4015,6,2,DRY,INSPECTION,43,13
4016,6,2,DRY,CLASE B-C,48,13
4017,6,2,DRY,INSPECTION,43,13
4018,6,2,DRY,INSPECTION,55,13
4019,6,2,DRY,INSPECTION,55,13
4020,6,2,DRY,INSPECTION,55,13
4021,6,2,DRY,INSPECTION,54,13
4022,6,2,DRY,INSPECTION,52,13
4023,6,2,DRY,INSPECTION,46,13
4024,6,2,DRY,CLASE B-C,46,13
4025,6,2,DRY,CLASE B-C,46,13
4026,6,2,DRY,INSPECTION,43,13
4027,6,2,DRY,INSPECTION,43,13
4028,3,2,DRY,CLASE A,43,13
4029,2,2,DRY,CLASE B-C,31,13
4030,3,2,DRY,CLASE A,17,13
4031,7,2,RF,CLASE B-C,17,13
4032,7,2,RF,CLASE B-C,15,13
4033,7,2,DRY,CLASE B-C,12,13
4034,7,2,DRY,CLASE B-C,12,13
4035,7,2,DRY,CLASE B-C,12,13
4036,7,2,DRY,CLASE B-C,12,13
4037,7,2,DRY,CLASE B-C,12,13
4038,7,2,DRY,CLASE B-C,12,13
4039,7,2,DRY,CLASE B-C,12,13
4040,7,2,DRY,CLASE B-C,12,13
4041,7,2,DRY,CLASE B-C,12,13
4042,7,2,DRY,CLASE B-C,12,13
4043,7,2,DRY,CLASE B-C,12,13
4044,7,2,DRY,CLASE B-C,12,13
4045,6,2,RF,CLASE B-C,13,13
4046,6,2,RF,CLASE B-C,11,13
4047,7,2,DRY,CLASE B-C,6,13
4048,7,2,DRY,CLASE B-C,6,13
4049,7,2,DRY,CLASE B-C,6,13
4050,7,2,DRY,CLASE B-C,8,13
4051,7,2,DRY,CLASE B-C,8,13
4052,7,2,DRY,CLASE B-C,8,13
4053,7,2,DRY,CLASE B-C,8,13
4054,7,2,DRY,CLASE B-C,8,13
4055,7,2,DRY,CLASE B-C,8,13
4056,7,2,DRY,CLASE B-C,8,13
4057,7,2,DRY,CLASE B-C,6,13
4058,7,2,DRY,CLASE B-C,6,13
4059,7,2,DRY,CLASE B-C,6,13
4060,7,2,DRY,CLASE B-C,6,13
4061,7,2,DRY,CLASE B-C,6,13
4062,7,2,DRY,CLASE B-C,6,13
4063,7,2,DRY,CLASE B-C,6,13
4064,7,2,DRY,CLASE B-C,6,13
4065,7,2,DRY,CLASE B-C,7,13
4066,7,2,DRY,CLASE B-C,6,13
4067,3,2,DRY,CLASE B-C,113,13
4068,1,2,RF,CLASE B-C,105,13
4069,6,2,DRY,CLASE B-C,77,13
4070,6,2,DRY,INSPECTION,82,13
4071,6,2,DRY,CLASE B-C,48,13
4072,7,2,DRY,CLASE B-C,50,13
4073,8,2,RF,CLASE B-C,36,13
4074,6,2,DRY,INSPECTION,42,13
4075,6,2,DRY,INSPECTION,42,13
4076,7,2,DRY,CLASE B-C,42,13
4077,6,2,DRY,INSPECTION,48,13
4078,6,2,DRY,INSPECTION,47,13
4079,6,2,DRY,INSPECTION,47,13
4080,6,2,DRY,INSPECTION,47,13
4081,6,2,DRY,CLASE B-C,46,13
4082,6,2,DRY,CLASE B-C,46,13
4083,6,2,DRY,CLASE B-C,46,13
4084,6,2,DRY,CLASE B-C,46,13
4085,6,2,DRY,CLASE B-C,46,13
4086,6,2,DRY,CLASE B-C,46,13
4087,6,2,DRY,CLASE B-C,46,13
4088,6,2,DRY,CLASE B-C,46,13
4089,6,2,DRY,CLASE B-C,46,13
4090,6,2,DRY,CLASE B-C,46,13
4091,6,2,DRY,CLASE B-C,46,13
4092,6,2,DRY,CLASE B-C,46,13
4093,6,2,DRY,CLASE B-C,46,13
4094,6,2,DRY,INSPECTION,45,13
4095,3,2,DRY,CLASE B-C,42,13
4096,7,2,DRY,CLASE B-C,37,13
4097,7,2,DRY,CLASE B-C,37,13
4098,6,2,DRY,INSPECTION,28,13
4099,6,2,DRY,INSPECTION,32,13
4100,6,2,DRY,INSPECTION,29,13
4101,6,2,DRY,INSPECTION,32,13
4102,7,2,DRY,CLASE B-C,31,13
4103,7,2,RF,CLASE B-C,31,13
4104,7,2,RF,CLASE B-C,17,13
4105,7,2,RF,CLASE B-C,31,13
4106,2,2,DRY,CLASE B-C,27,13
4107,3,2,DRY,CLASE B-C,12,13
4108,3,2,DRY,CLASE A,17,13
4109,7,2,DRY,CLASE B-C,13,13
4110,7,2,DRY,CLASE B-C,13,13
4111,7,2,RF,CLASE B-C,13,13
4112,7,2,RF,CLASE B-C,14,13
4113,7,2,DRY,CLASE B-C,25,13
4114,7,2,DRY,CLASE B-C,13,13
4115,7,2,DRY,CLASE B-C,13,13
4116,7,2,DRY,CLASE B-C,25,13
4117,7,2,RF,CLASE B-C,13,13
4118,7,2,RF,CLASE B-C,13,13
4119,7,2,DRY,CLASE B-C,13,13
4120,7,2,DRY,CLASE B-C,21,13
4121,7,2,DRY,CLASE B-C,13,13
4122,7,2,DRY,CLASE B-C,13,13
4123,7,2,DRY,CLASE B-C,13,13
4124,7,2,RF,CLASE B-C,13,13
4125,7,2,DRY,CLASE B-C,19,13
4126,3,2,DRY,CLASE B-C,12,13
4127,3,2,DRY,CLASE B-C,12,13
4128,3,2,DRY,CLASE B-C,12,13
4129,3,2,DRY,CLASE B-C,12,13
4130,6,2,RF,CLASE B-C,6,13
4131,7,2,DRY,CLASE B-C,12,13
4132,7,2,DRY,CLASE B-C,12,13
4133,7,2,DRY,CLASE B-C,3,13
4134,7,2,DRY,CLASE B-C,12,13
4135,7,2,DRY,CLASE B-C,12,13
4136,2,2,DRY,CLASE B-C,11,13
4137,2,2,DRY,CLASE B-C,10,13
4138,2,2,DRY,CLASE B-C,11,13
4139,2,2,DRY,CLASE B-C,11,13
4140,7,2,DRY,CLASE B-C,8,13
4141,7,2,DRY,CLASE B-C,6,13
4142,7,2,DRY,CLASE B-C,7,13
4143,7,2,DRY,CLASE B-C,6,13
4144,7,2,DRY,CLASE B-C,8,13
4145,7,2,DRY,CLASE B-C,7,13
4146,7,2,DRY,CLASE B-C,6,13
4147,7,2,DRY,CLASE B-C,6,13
4148,7,2,DRY,CLASE B-C,8,13
4149,7,2,DRY,CLASE B-C,7,13
4150,7,2,DRY,CLASE B-C,6,13
4151,7,2,DRY,CLASE B-C,6,13
4152,7,2,DRY,CLASE B-C,7,13
4153,7,2,DRY,CLASE B-C,6,13
4154,7,2,DRY,CLASE B-C,6,13
4155,7,2,DRY,CLASE B-C,7,13
4156,7,2,DRY,CLASE B-C,7,13
4157,7,2,DRY,CLASE B-C,8,13
4158,7,2,DRY,CLASE B-C,8,13
4159,7,2,DRY,CLASE B-C,8,13
4160,7,2,DRY,CLASE B-C,6,13
4161,7,2,DRY,CLASE B-C,6,13
4162,7,2,DRY,CLASE B-C,6,13
4163,7,2,DRY,CLASE B-C,6,13
4164,7,2,DRY,CLASE B-C,6,13
4165,7,2,DRY,CLASE B-C,6,13
4166,7,2,DRY,CLASE B-C,6,13
4167,7,2,DRY,CLASE B-C,6,13
4168,7,2,DRY,CLASE B-C,7,13
4169,7,2,DRY,CLASE B-C,7,13
4170,7,2,DRY,CLASE B-C,7,13
4171,7,2,DRY,CLASE B-C,8,13
4172,7,2,DRY,CLASE B-C,6,13
4173,7,2,DRY,CLASE B-C,6,13
4174,7,2,DRY,CLASE B-C,6,13
4175,7,2,DRY,CLASE B-C,8,13
4176,7,2,DRY,CLASE B-C,6,13
4177,7,2,DRY,CLASE B-C,7,13
4178,7,2,DRY,CLASE B-C,6,13
4179,7,2,DRY,CLASE B-C,6,13
4180,7,2,DRY,CLASE B-C,7,13
4181,7,2,DRY,CLASE B-C,6,13
4182,7,2,DRY,CLASE B-C,6,13
4183,7,2,DRY,CLASE B-C,8,13
4184,7,2,DRY,CLASE B-C,8,13
4185,7,2,DRY,CLASE B-C,4,13
4186,7,2,DRY,CLASE B-C,7,13
4187,3,2,DRY,CLASE B-C,8,13
4188,2,2,DRY,CLASE B-C,7,13
4189,2,2,DRY,CLASE B-C,7,13
4190,2,2,DRY,CLASE B-C,7,13
4191,2,2,DRY,CLASE B-C,7,13
4192,2,2,DRY,CLASE B-C,7,13
4193,2,2,DRY,CLASE B-C,7,13
4194,2,2,DRY,CLASE B-C,5,13
4195,2,2,DRY,CLASE B-C,87,13
4196,2,2,DRY,CLASE B-C,88,13
4197,2,2,DRY,CLASE B-C,88,13
4198,2,2,DRY,CLASE B-C,88,13
4199,2,2,DRY,CLASE B-C,87,13
4200,2,2,DRY,CLASE B-C,88,13
4201,2,2,DRY,CLASE B-C,87,13
4202,2,2,DRY,CLASE B-C,88,13
4203,2,2,DRY,CLASE B-C,87,13
4204,2,2,DRY,CLASE B-C,87,13
4205,2,2,DRY,CLASE B-C,88,13
4206,2,2,DRY,CLASE B-C,88,13
4207,2,2,DRY,CLASE B-C,88,13
4208,2,2,DRY,CLASE B-C,88,13
4209,6,2,DRY,CLASE B-C,78,13
4210,1,2,DRY,CLASE B-C,87,13
4211,6,2,DRY,INSPECTION,75,13
4212,4,2,DRY,CLASE B-C,64,13
4213,1,2,DRY,CLASE B-C,67,13
4214,7,2,DRY,CLASE B-C,57,13
4215,6,2,DRY,INSPECTION,48,13
4216,6,2,DRY,INSPECTION,48,13
4217,7,2,RF,CLASE B-C,44,13
4218,6,2,DRY,INSPECTION,48,13
4219,3,2,DRY,CLASE B-C,44,13
4220,3,2,DRY,CLASE B-C,43,13
4221,3,2,DRY,CLASE B-C,43,13
4222,3,2,DRY,CLASE B-C,43,13
4223,6,2,DRY,CLASE B-C,20,13
4224,6,2,DRY,CLASE B-C,19,13
4225,7,2,RF,CLASE B-C,29,13
4226,7,2,DRY,CLASE B-C,15,13
4227,7,2,RF,CLASE B-C,13,13
4228,7,2,DRY,CLASE B-C,15,13
4229,7,2,DRY,CLASE B-C,15,13
4230,7,2,DRY,CLASE B-C,15,13
4231,7,2,DRY,CLASE B-C,13,13
4232,7,2,DRY,CLASE B-C,13,13
4233,7,2,DRY,CLASE B-C,15,13
4234,7,2,DRY,CLASE B-C,15,13
4235,7,2,RF,CLASE B-C,13,13
4236,7,2,DRY,CLASE B-C,13,13
4237,7,2,DRY,CLASE B-C,15,13
4238,1,2,DRY,CLASE B-C,26,13
4239,3,2,DRY,CLASE B-C,21,13
4240,7,2,DRY,CLASE B-C,20,13
4241,6,2,RF,CLASE B-C,16,13
4242,7,2,DRY,CLASE B-C,13,13
4243,7,2,DRY,CLASE B-C,12,13
4244,7,2,DRY,CLASE B-C,13,13
4245,7,2,DRY,CLASE B-C,12,13
4246,7,2,DRY,CLASE B-C,13,13
4247,7,2,DRY,CLASE B-C,13,13
4248,7,2,DRY,CLASE B-C,13,13
4249,7,2,DRY,CLASE B-C,13,13
4250,7,2,DRY,CLASE B-C,12,13
4251,7,2,DRY,CLASE B-C,12,13
4252,7,2,DRY,CLASE B-C,12,13
4253,7,2,DRY,CLASE B-C,12,13
4254,7,2,DRY,CLASE B-C,12,13
4255,7,2,DRY,CLASE B-C,12,13
4256,7,2,DRY,CLASE B-C,13,13
4257,7,2,DRY,CLASE B-C,12,13
4258,7,2,DRY,CLASE B-C,13,13
4259,7,2,DRY,CLASE B-C,13,13
4260,7,2,DRY,CLASE B-C,12,13
4261,7,2,DRY,CLASE B-C,12,13
4262,7,2,DRY,CLASE B-C,12,13
4263,7,2,DRY,CLASE B-C,12,13
4264,7,2,DRY,CLASE B-C,12,13
4265,7,2,DRY,CLASE B-C,13,13
4266,2,2,DRY,CLASE B-C,10,13
4267,2,2,DRY,CLASE B-C,11,13
4268,2,2,DRY,CLASE B-C,10,13
4269,2,2,DRY,CLASE B-C,10,13
4270,2,2,DRY,CLASE B-C,10,13
4271,2,2,DRY,CLASE B-C,11,13
4272,2,2,DRY,CLASE B-C,10,13
4273,2,2,DRY,CLASE B-C,11,13
4274,2,2,DRY,CLASE B-C,11,13
4275,2,2,DRY,CLASE B-C,11,13
4276,2,2,DRY,CLASE B-C,10,13
4277,2,2,DRY,CLASE B-C,11,13
4278,2,2,DRY,CLASE B-C,10,13
4279,2,2,DRY,CLASE B-C,11,13
4280,2,2,DRY,CLASE B-C,11,13
4281,2,2,DRY,CLASE B-C,11,13
4282,2,2,DRY,CLASE B-C,11,13
4283,2,2,DRY,CLASE B-C,11,13
4284,2,2,DRY,CLASE B-C,11,13
4285,2,2,DRY,CLASE B-C,10,13
4286,2,2,DRY,CLASE B-C,11,13
4287,2,2,DRY,CLASE B-C,10,13
4288,2,2,DRY,CLASE B-C,11,13
4289,2,2,DRY,CLASE B-C,10,13
4290,2,2,DRY,INSPECTION,8,13
4291,2,2,DRY,CLASE B-C,10,13
4292,2,2,DRY,CLASE B-C,10,13
4293,2,2,DRY,CLASE B-C,10,13
4294,2,2,DRY,CLASE B-C,10,13
4295,2,2,DRY,CLASE B-C,10,13
4296,2,2,DRY,CLASE B-C,11,13
4297,2,2,DRY,CLASE B-C,10,13
4298,2,2,DRY,CLASE B-C,11,13
4299,2,2,DRY,CLASE B-C,11,13
4300,2,2,DRY,CLASE B-C,10,13
4301,2,2,DRY,CLASE B-C,11,13
4302,2,2,DRY,CLASE B-C,11,13
4303,2,2,DRY,CLASE B-C,11,13
4304,2,2,DRY,CLASE B-C,11,13
4305,2,2,DRY,CLASE B-C,10,13
4306,2,2,DRY,CLASE B-C,7,13
4307,2,2,DRY,CLASE B-C,10,13
4308,2,2,DRY,CLASE B-C,10,13
4309,2,2,DRY,CLASE B-C,11,13
4310,2,2,DRY,CLASE B-C,11,13
4311,2,2,DRY,CLASE B-C,10,13
4312,2,2,DRY,CLASE B-C,11,13
4313,2,2,DRY,CLASE B-C,11,13
4314,2,2,DRY,CLASE B-C,11,13
4315,2,2,DRY,CLASE B-C,10,13
4316,2,2,DRY,CLASE B-C,11,13
4317,2,2,DRY,CLASE B-C,11,13
4318,2,2,DRY,CLASE B-C,10,13
4319,2,2,DRY,CLASE B-C,11,13
4320,2,2,DRY,CLASE B-C,10,13
4321,2,2,DRY,CLASE B-C,11,13
4322,2,2,DRY,CLASE B-C,11,13
4323,2,2,DRY,CLASE B-C,10,13
4324,2,2,DRY,CLASE B-C,11,13
4325,2,2,DRY,CLASE B-C,10,13
4326,2,2,DRY,CLASE B-C,10,13
4327,2,2,DRY,CLASE B-C,10,13
4328,2,2,DRY,CLASE B-C,10,13
4329,2,2,DRY,CLASE B-C,11,13
4330,2,2,DRY,CLASE B-C,10,13
4331,2,2,DRY,CLASE B-C,11,13
4332,2,2,DRY,CLASE B-C,10,13
4333,2,2,DRY,CLASE B-C,11,13
4334,2,2,DRY,CLASE B-C,10,13
4335,2,2,DRY,CLASE B-C,11,13
4336,2,2,DRY,CLASE B-C,11,13
4337,2,2,DRY,CLASE B-C,11,13
4338,2,2,DRY,CLASE B-C,10,13
4339,2,2,DRY,CLASE B-C,11,13
4340,2,2,DRY,CLASE B-C,11,13
4341,2,2,DRY,CLASE B-C,11,13
4342,2,2,DRY,CLASE B-C,11,13
4343,2,2,DRY,CLASE B-C,1,13
4344,2,2,DRY,CLASE B-C,10,13
4345,2,2,DRY,CLASE B-C,11,13
4346,2,2,DRY,CLASE B-C,11,13
4347,2,2,DRY,CLASE B-C,1,13
4348,7,2,DRY,CLASE B-C,6,13
4349,7,2,DRY,CLASE B-C,7,13
4350,7,2,DRY,CLASE B-C,7,13
4351,7,2,DRY,CLASE B-C,9,13
4352,7,2,DRY,CLASE B-C,8,13
4353,7,2,DRY,CLASE B-C,9,13
4354,7,2,DRY,CLASE B-C,8,13
4355,7,2,DRY,CLASE B-C,7,13
4356,7,2,DRY,CLASE B-C,7,13
4357,2,2,DRY,CLASE B-C,7,13
4358,2,2,DRY,CLASE B-C,7,13
4359,2,2,DRY,CLASE B-C,7,13
4360,2,2,DRY,CLASE B-C,7,13
4361,2,2,DRY,CLASE B-C,8,13
4362,2,2,DRY,CLASE B-C,7,13
4363,2,2,DRY,CLASE B-C,8,13
4364,2,2,DRY,CLASE B-C,8,13
4365,2,2,DRY,CLASE B-C,7,13
4366,2,2,DRY,CLASE B-C,7,13
4367,2,2,DRY,CLASE B-C,7,13
4368,2,2,DRY,CLASE B-C,7,13
4369,2,2,DRY,CLASE B-C,8,13
4370,2,2,DRY,CLASE B-C,8,13
4371,2,2,DRY,CLASE B-C,8,13
4372,2,2,DRY,CLASE B-C,8,13
4373,2,2,DRY,CLASE B-C,8,13
4374,2,2,DRY,CLASE B-C,7,13
4375,2,2,DRY,CLASE B-C,8,13
4376,2,2,DRY,CLASE B-C,7,13
4377,2,2,DRY,CLASE B-C,8,13
4378,2,2,DRY,CLASE B-C,8,13
4379,2,2,DRY,CLASE B-C,7,13
4380,2,2,DRY,CLASE B-C,7,13
4381,2,2,DRY,CLASE B-C,7,13
4382,2,2,DRY,CLASE B-C,7,13
4383,2,2,DRY,CLASE B-C,7,13
4384,2,2,DRY,CLASE B-C,8,13
4385,2,2,DRY,CLASE B-C,7,13
4386,2,2,DRY,CLASE B-C,7,13
4387,2,2,DRY,CLASE B-C,8,13
4388,2,2,DRY,CLASE B-C,7,13
4389,2,2,DRY,CLASE B-C,7,13
4390,2,2,DRY,CLASE B-C,7,13
4391,2,2,DRY,CLASE B-C,8,13
4392,2,2,DRY,CLASE B-C,7,13
4393,2,2,DRY,CLASE B-C,8,13
4394,2,2,DRY,CLASE B-C,8,13
4395,2,2,DRY,CLASE B-C,7,13
4396,2,2,DRY,CLASE B-C,8,13
4397,2,2,DRY,INSPECTION,8,13
4398,2,2,DRY,CLASE B-C,7,13
4399,2,2,DRY,CLASE B-C,7,13
4400,2,2,DRY,CLASE B-C,7,13
4401,2,2,DRY,CLASE B-C,6,13
4402,3,2,DRY,CLASE B-C,5,13
4403,2,2,DRY,CLASE B-C,1,13
4404,7,2,DRY,CLASE B-C,1,13
4405,7,2,DRY,CLASE B-C,1,13
4406,7,2,DRY,CLASE B-C,1,13
4407,7,2,DRY,CLASE B-C,1,13
4408,7,2,DRY,CLASE B-C,1,13
4409,7,2,DRY,CLASE B-C,1,13
4410,7,2,DRY,CLASE B-C,2,13
4411,7,2,DRY,CLASE B-C,1,13
4412,7,2,DRY,CLASE B-C,2,13
4413,7,2,DRY,CLASE B-C,1,13
4414,7,2,DRY,CLASE B-C,1,13
4415,7,2,DRY,CLASE B-C,1,13
4416,7,2,DRY,CLASE B-C,1,13
4417,7,2,DRY,CLASE B-C,2,13
4418,7,2,DRY,CLASE B-C,1,13
4419,7,2,DRY,CLASE B-C,1,13
4420,7,2,DRY,CLASE B-C,2,13
4421,7,2,DRY,CLASE B-C,1,13
4422,7,2,DRY,CLASE B-C,1,13
4423,7,2,DRY,CLASE B-C,2,13
4424,7,2,DRY,CLASE B-C,2,13
4425,7,2,DRY,CLASE B-C,2,13
4426,7,2,DRY,CLASE B-C,2,13
4427,7,2,DRY,CLASE B-C,1,13
4428,7,2,DRY,CLASE B-C,2,13
4429,7,2,DRY,CLASE B-C,1,13
4430,7,2,DRY,CLASE B-C,1,13
4431,7,2,DRY,CLASE B-C,1,13
4432,7,2,DRY,CLASE B-C,2,13
4433,7,2,DRY,CLASE B-C,1,13
4434,7,2,DRY,CLASE B-C,1,13
4435,7,2,DRY,CLASE B-C,1,13
4436,7,2,DRY,CLASE B-C,2,13
4437,7,2,DRY,CLASE B-C,1,13
4438,7,2,DRY,CLASE B-C,1,13
4439,7,2,DRY,CLASE B-C,1,13
4440,7,2,DRY,CLASE B-C,1,13
4441,7,2,DRY,CLASE B-C,1,13
4442,7,2,DRY,CLASE B-C,2,13
4443,7,2,DRY,CLASE B-C,2,13
4444,7,2,DRY,CLASE B-C,1,13
4445,7,2,DRY,CLASE B-C,2,13
4446,7,2,DRY,CLASE B-C,1,13
4447,7,2,DRY,CLASE B-C,2,13
4448,7,2,DRY,CLASE B-C,2,13
4449,7,2,DRY,CLASE B-C,1,13
4450,7,2,DRY,CLASE B-C,2,13
4451,1,1,DRY,CLASE B-C,282,13
4452,7,2,DRY,CLASE B-C,240,13
4453,1,1,DRY,CLASE B-C,174,13
4454,6,2,DRY,INSPECTION,79,13
4455,6,2,DRY,INSPECTION,1,13
4456,4,2,DRY,CLASE B-C,77,13
4457,4,2,DRY,CLASE B-C,65,13
4458,6,2,DRY,INSPECTION,76,13
4459,6,2,DRY,CLASE B-C,75,13
4460,1,2,DRY,CLASE B-C,38,13
4461,6,2,DRY,CLASE B-C,58,13
4462,6,2,DRY,CLASE B-C,58,13
4463,7,2,DRY,CLASE B-C,62,13
4464,7,2,DRY,CLASE B-C,16,13
4465,7,2,DRY,CLASE B-C,16,13
4466,7,2,DRY,CLASE B-C,15,13
4467,7,2,DRY,CLASE B-C,15,13
4468,7,2,DRY,CLASE B-C,15,13
4469,7,2,DRY,CLASE B-C,15,13
4470,7,2,DRY,CLASE B-C,16,13
4471,7,2,DRY,CLASE B-C,16,13
4472,7,2,DRY,CLASE B-C,16,13
4473,7,2,DRY,CLASE B-C,16,13
4474,7,2,DRY,CLASE B-C,16,13
4475,7,2,DRY,CLASE B-C,16,13
4476,7,2,DRY,CLASE B-C,50,13
4477,7,2,DRY,CLASE B-C,51,13
4478,7,2,DRY,CLASE B-C,16,13
4479,7,2,DRY,CLASE B-C,15,13
4480,7,2,DRY,CLASE B-C,15,13
4481,7,2,DRY,CLASE B-C,15,13
4482,7,2,DRY,CLASE B-C,15,13
4483,6,2,DRY,CLASE B-C,55,13
4484,6,2,DRY,CLASE B-C,54,13
4485,6,2,DRY,CLASE B-C,54,13
4486,6,2,DRY,CLASE B-C,55,13
4487,6,2,DRY,CLASE B-C,55,13
4488,6,2,DRY,CLASE B-C,54,13
4489,6,2,DRY,CLASE B-C,54,13
4490,6,2,DRY,CLASE B-C,54,13
4491,6,2,DRY,CLASE B-C,54,13
4492,6,2,DRY,CLASE B-C,54,13
4493,6,2,DRY,INSPECTION,54,13
4494,6,2,DRY,CLASE B-C,53,13
4495,6,2,DRY,CLASE B-C,53,13
4496,6,2,DRY,CLASE B-C,51,13
4497,6,2,RF,CLASE B-C,47,13
4498,7,2,RF,CLASE B-C,49,13
4499,7,2,DRY,CLASE B-C,47,13
4500,6,2,DRY,CLASE B-C,50,13
4501,6,2,DRY,CLASE B-C,48,13
4502,6,2,DRY,CLASE B-C,49,13
4503,6,2,DRY,CLASE B-C,48,13
4504,6,2,DRY,CLASE B-C,48,13
4505,6,2,DRY,CLASE B-C,48,13
4506,6,2,DRY,CLASE B-C,48,13
4507,6,2,DRY,CLASE B-C,48,13
4508,6,2,DRY,CLASE B-C,48,13
4509,6,2,DRY,CLASE B-C,48,13
4510,6,2,DRY,CLASE B-C,48,13
4511,2,2,RF,CLASE B-C,14,13
4512,6,2,DRY,CLASE B-C,47,13
4513,6,2,DRY,CLASE B-C,47,13
4514,6,2,DRY,CLASE B-C,47,13
4515,6,2,DRY,CLASE B-C,47,13
4516,6,2,DRY,CLASE B-C,47,13
4517,6,2,DRY,CLASE B-C,47,13
4518,6,2,DRY,CLASE B-C,48,13
4519,6,2,DRY,CLASE B-C,48,13
4520,6,2,DRY,CLASE B-C,48,13
4521,6,2,DRY,CLASE B-C,48,13
4522,6,2,DRY,CLASE B-C,47,13
4523,6,2,DRY,CLASE B-C,48,13
4524,6,2,DRY,CLASE B-C,47,13
4525,6,2,DRY,CLASE B-C,47,13
4526,6,2,DRY,INSPECTION,47,13
4527,3,2,DRY,CLASE B-C,48,13
4528,3,2,DRY,CLASE B-C,48,13
4529,6,2,DRY,INSPECTION,43,13
4530,2,2,DRY,CLASE B-C,36,13
4531,2,2,DRY,CLASE B-C,36,13
4532,2,2,DRY,CLASE B-C,36,13
4533,2,2,DRY,CLASE B-C,36,13
4534,2,2,DRY,INSPECTION,36,13
4535,1,1,DRY,CLASE B-C,12,13
4536,1,2,DRY,CLASE B-C,37,13
4537,1,1,DRY,CLASE B-C,14,13
4538,1,2,DRY,CLASE B-C,37,13
4539,1,2,DRY,CLASE B-C,37,13
4540,1,2,DRY,CLASE B-C,37,13
4541,1,2,DRY,CLASE B-C,36,13
4542,1,2,DRY,CLASE B-C,37,13
4543,1,2,DRY,CLASE B-C,37,13
4544,1,1,DRY,CLASE B-C,14,13
4545,1,1,DRY,CLASE B-C,20,13
4546,1,1,DRY,CLASE B-C,14,13
4547,1,1,DRY,CLASE B-C,10,13
4548,1,2,DRY,CLASE B-C,37,13
4549,8,2,DRY,CLASE B-C,33,13
4550,8,2,DRY,CLASE B-C,34,13
4551,6,2,RF,CLASE B-C,23,13
4552,6,2,DRY,CLASE B-C,20,13
4553,6,2,DRY,CLASE B-C,20,13
4554,6,2,DRY,CLASE B-C,21,13
4555,7,2,DRY,CLASE B-C,31,13
4556,7,2,DRY,CLASE B-C,31,13
4557,7,2,DRY,CLASE B-C,23,13
4558,7,2,DRY,CLASE B-C,31,13
4559,7,2,DRY,CLASE B-C,34,13
4560,7,2,DRY,CLASE B-C,31,13
4561,7,2,RF,CLASE B-C,18,13
4562,7,2,DRY,CLASE B-C,34,13
4563,7,2,DRY,CLASE B-C,34,13
4564,7,2,DRY,CLASE B-C,34,13
4565,7,2,DRY,CLASE B-C,34,13
4566,7,2,RF,CLASE B-C,18,13
4567,7,2,RF,CLASE B-C,28,13
4568,7,2,RF,CLASE B-C,33,13
4569,7,2,DRY,CLASE B-C,34,13
4570,7,2,DRY,CLASE B-C,34,13
4571,7,2,RF,CLASE B-C,28,13
4572,7,2,RF,CLASE B-C,25,13
4573,7,2,RF,CLASE B-C,19,13
4574,7,2,DRY,CLASE B-C,34,13
4575,7,2,DRY,CLASE B-C,23,13
4576,7,2,RF,CLASE B-C,27,13
4577,7,2,DRY,CLASE B-C,34,13
4578,7,2,DRY,CLASE B-C,33,13
4579,7,2,DRY,CLASE B-C,25,13
4580,6,2,DRY,CLASE B-C,21,13
4581,6,2,DRY,CLASE B-C,20,13
4582,6,2,DRY,CLASE B-C,20,13
4583,6,2,DRY,CLASE B-C,21,13
4584,6,2,DRY,CLASE B-C,20,13
4585,2,2,DRY,CLASE B-C,26,13
4586,2,2,DRY,CLASE B-C,33,13
4587,3,2,DRY,CLASE A,19,13
4588,3,2,DRY,CLASE A,19,13
4589,3,2,DRY,CLASE A,18,13
4590,7,2,RF,CLASE B-C,19,13
4591,7,2,RF,CLASE B-C,15,13
4592,7,2,RF,CLASE B-C,18,13
4593,7,2,DRY,CLASE B-C,15,13
4594,7,2,RF,CLASE B-C,14,13
4595,7,2,RF,CLASE B-C,14,13
4596,7,2,RF,CLASE B-C,19,13
4597,7,2,RF,CLASE B-C,18,13
4598,7,2,DRY,CLASE B-C,15,13
4599,7,2,DRY,CLASE B-C,15,13
4600,7,2,DRY,CLASE B-C,15,13
4601,7,2,DRY,CLASE B-C,19,13
4602,7,2,DRY,CLASE B-C,15,13
4603,7,2,DRY,CLASE B-C,18,13
4604,7,2,DRY,CLASE B-C,15,13
4605,7,2,DRY,CLASE B-C,16,13
4606,7,2,DRY,CLASE B-C,15,13
4607,7,2,RF,CLASE B-C,14,13
4608,7,2,RF,CLASE B-C,14,13
4609,7,2,RF,CLASE B-C,14,13
4610,7,2,RF,CLASE B-C,14,13
4611,7,2,DRY,CLASE B-C,15,13
4612,7,2,RF,CLASE B-C,15,13
4613,7,2,RF,CLASE B-C,15,13
4614,7,2,RF,CLASE B-C,15,13
4615,7,2,RF,CLASE B-C,14,13
4616,7,2,DRY,CLASE B-C,15,13
4617,7,2,RF,CLASE B-C,14,13
4618,7,2,DRY,CLASE B-C,15,13
4619,7,2,DRY,CLASE B-C,15,13
4620,7,2,DRY,CLASE B-C,15,13
4621,7,2,DRY,CLASE B-C,15,13
4622,7,2,DRY,CLASE B-C,15,13
4623,7,2,DRY,CLASE B-C,15,13
4624,7,2,DRY,CLASE B-C,19,13
4625,7,2,DRY,CLASE B-C,15,13
4626,7,2,DRY,CLASE B-C,15,13
4627,7,2,DRY,CLASE B-C,15,13
4628,7,2,DRY,CLASE B-C,25,13
4629,7,2,DRY,CLASE B-C,19,13
4630,7,2,DRY,CLASE B-C,15,13
4631,7,2,DRY,CLASE B-C,16,13
4632,7,2,DRY,CLASE B-C,15,13
4633,7,2,RF,CLASE B-C,14,13
4634,7,2,RF,CLASE B-C,14,13
4635,7,2,DRY,CLASE B-C,18,13
4636,7,2,DRY,CLASE B-C,15,13
4637,7,2,DRY,CLASE B-C,7,13
4638,7,2,DRY,CLASE B-C,15,13
4639,7,2,DRY,CLASE B-C,15,13
4640,7,2,DRY,CLASE B-C,15,13
4641,7,2,DRY,CLASE B-C,15,13
4642,7,2,DRY,CLASE B-C,15,13
4643,7,2,DRY,CLASE B-C,15,13
4644,7,2,RF,CLASE B-C,15,13
4645,7,2,RF,CLASE B-C,14,13
4646,7,2,RF,CLASE B-C,14,13
4647,7,2,RF,CLASE B-C,15,13
4648,7,2,DRY,CLASE B-C,15,13
4649,7,2,DRY,CLASE D,15,13
4650,7,2,DRY,CLASE B-C,19,13
4651,7,2,DRY,CLASE B-C,19,13
4652,7,2,DRY,CLASE B-C,15,13
4653,7,2,DRY,CLASE B-C,15,13
4654,7,2,DRY,CLASE B-C,15,13
4655,7,2,DRY,CLASE B-C,15,13
4656,7,2,DRY,CLASE B-C,15,13
4657,7,2,DRY,CLASE B-C,22,13
4658,7,2,DRY,CLASE B-C,19,13
4659,7,2,DRY,CLASE B-C,15,13
4660,7,2,DRY,CLASE B-C,15,13
4661,7,2,DRY,CLASE B-C,15,13
4662,7,2,RF,CLASE B-C,14,13
4663,7,2,DRY,CLASE B-C,22,13
4664,7,2,DRY,CLASE B-C,15,13
4665,7,2,DRY,CLASE B-C,15,13
4666,2,2,DRY,CLASE B-C,16,13
4667,2,2,DRY,CLASE B-C,15,13
4668,7,2,DRY,CLASE B-C,23,13
4669,6,2,RF,CLASE B-C,22,13
4670,7,2,DRY,CLASE B-C,19,13
4671,7,2,DRY,CLASE B-C,19,13
4672,7,2,DRY,CLASE B-C,19,13
4673,7,2,DRY,CLASE B-C,19,13
4674,7,2,RF,CLASE B-C,14,13
4675,7,2,DRY,CLASE B-C,19,13
4676,7,2,DRY,CLASE B-C,19,13
4677,7,2,DRY,CLASE B-C,18,13
4678,7,2,DRY,CLASE B-C,19,13
4679,7,2,DRY,CLASE B-C,19,13
4680,7,2,DRY,CLASE B-C,5,13
4681,7,2,DRY,CLASE B-C,19,13
4682,7,2,DRY,CLASE B-C,19,13
4683,7,2,DRY,CLASE B-C,19,13
4684,7,2,DRY,CLASE B-C,19,13
4685,7,2,DRY,CLASE B-C,19,13
4686,7,2,DRY,CLASE B-C,19,13
4687,7,2,DRY,CLASE B-C,19,13
4688,7,2,DRY,CLASE B-C,19,13
4689,7,2,DRY,CLASE B-C,19,13
4690,7,2,DRY,CLASE B-C,19,13
4691,7,2,DRY,CLASE B-C,19,13
4692,7,2,DRY,CLASE B-C,19,13
4693,7,2,DRY,CLASE B-C,19,13
4694,7,2,DRY,CLASE B-C,19,13
4695,7,2,DRY,CLASE B-C,19,13
4696,7,2,DRY,CLASE B-C,19,13
4697,7,2,DRY,CLASE B-C,19,13
4698,7,2,DRY,CLASE B-C,19,13
4699,7,2,DRY,CLASE B-C,19,13
4700,7,2,DRY,CLASE B-C,19,13
4701,7,2,DRY,CLASE B-C,19,13
4702,1,1,DRY,CLASE B-C,21,13
4703,1,1,DRY,CLASE B-C,21,13
4704,1,1,DRY,CLASE B-C,21,13
4705,1,1,DRY,CLASE B-C,21,13
4706,1,1,DRY,CLASE B-C,21,13
4707,1,1,DRY,CLASE B-C,21,13
4708,1,1,DRY,CLASE B-C,20,13
4709,1,1,DRY,CLASE B-C,20,13
4710,3,2,DRY,CLASE B-C,19,13
4711,6,2,RF,CLASE B-C,18,13
4712,2,2,DRY,CLASE B-C,16,13
4713,2,2,DRY,CLASE B-C,16,13
4714,2,2,DRY,CLASE B-C,16,13
4715,2,2,DRY,CLASE B-C,16,13
4716,2,2,DRY,CLASE B-C,16,13
4717,2,2,DRY,CLASE B-C,16,13
4718,2,2,DRY,CLASE B-C,16,13
4719,6,2,RF,CLASE B-C,16,13
4720,3,2,DRY,CLASE B-C,17,13
4721,6,2,RF,CLASE B-C,16,13
4722,6,2,RF,CLASE B-C,16,13
4723,2,2,DRY,CLASE B-C,16,13
4724,3,2,DRY,CLASE B-C,15,13
4725,3,2,DRY,CLASE B-C,15,13
4726,7,2,DRY,CLASE B-C,13,13
4727,7,2,DRY,CLASE B-C,12,13
4728,7,2,DRY,CLASE B-C,14,13
4729,7,2,DRY,CLASE D,14,13
4730,7,2,DRY,CLASE B-C,14,13
4731,7,2,DRY,CLASE B-C,13,13
4732,7,2,DRY,CLASE B-C,9,13
4733,7,2,DRY,CLASE B-C,10,13
4734,7,2,DRY,CLASE B-C,9,13
4735,7,2,DRY,CLASE B-C,9,13
4736,7,2,DRY,CLASE B-C,9,13
4737,7,2,DRY,CLASE B-C,13,13
4738,7,2,DRY,CLASE B-C,13,13
4739,7,2,DRY,CLASE B-C,13,13
4740,7,2,DRY,CLASE B-C,13,13
4741,7,2,DRY,CLASE B-C,13,13
4742,7,2,DRY,CLASE B-C,13,13
4743,7,2,DRY,CLASE B-C,13,13
4744,7,2,DRY,CLASE B-C,14,13
4745,7,2,DRY,CLASE B-C,12,13
4746,7,2,DRY,CLASE B-C,13,13
4747,7,2,DRY,CLASE B-C,13,13
4748,7,2,DRY,CLASE B-C,9,13
4749,7,2,DRY,CLASE B-C,9,13
4750,7,2,DRY,CLASE B-C,13,13
4751,7,2,DRY,CLASE B-C,13,13
4752,7,2,DRY,CLASE B-C,13,13
4753,7,2,DRY,CLASE B-C,10,13
4754,7,2,DRY,CLASE B-C,13,13
4755,7,2,DRY,CLASE B-C,9,13
4756,7,2,DRY,CLASE B-C,13,13
4757,7,2,DRY,CLASE B-C,13,13
4758,2,2,DRY,CLASE B-C,15,13
4759,6,2,RF,CLASE B-C,14,13
4760,2,2,DRY,CLASE B-C,15,13
4761,2,2,DRY,CLASE B-C,14,13
4762,2,2,DRY,CLASE B-C,8,13
4763,2,2,DRY,CLASE B-C,12,13
4764,2,2,DRY,CLASE B-C,11,13
4765,2,2,DRY,CLASE B-C,12,13
4766,2,2,DRY,CLASE B-C,13,13
4767,2,2,DRY,CLASE B-C,11,13
4768,2,2,DRY,CLASE B-C,13,13
4769,2,2,DRY,CLASE B-C,11,13
4770,2,2,DRY,CLASE B-C,11,13
4771,2,2,DRY,CLASE B-C,13,13
4772,2,2,DRY,CLASE B-C,11,13
4773,2,2,DRY,CLASE B-C,12,13
4774,2,2,DRY,CLASE B-C,11,13
4775,2,2,DRY,CLASE B-C,11,13
4776,2,2,DRY,INSPECTION,12,13
4777,2,2,DRY,CLASE B-C,12,13
4778,2,2,DRY,CLASE B-C,11,13
4779,2,2,DRY,INSPECTION,12,13
4780,2,2,DRY,CLASE B-C,12,13
4781,2,2,DRY,CLASE B-C,11,13
4782,2,2,DRY,CLASE B-C,11,13
4783,2,2,DRY,CLASE B-C,12,13
4784,2,2,DRY,CLASE B-C,12,13
4785,2,2,DRY,CLASE B-C,12,13
4786,2,2,DRY,CLASE B-C,13,13
4787,2,2,DRY,CLASE B-C,12,13
4788,2,2,DRY,INSPECTION,12,13
4789,2,2,DRY,CLASE B-C,12,13
4790,2,2,DRY,CLASE B-C,11,13
4791,2,2,DRY,CLASE B-C,13,13
4792,2,2,DRY,CLASE B-C,11,13
4793,2,2,DRY,CLASE B-C,12,13
4794,2,2,DRY,CLASE B-C,11,13
4795,2,2,DRY,CLASE B-C,12,13
4796,2,2,DRY,CLASE B-C,12,13
4797,2,2,DRY,CLASE B-C,11,13
4798,2,2,DRY,CLASE B-C,11,13
4799,2,2,DRY,CLASE B-C,12,13
4800,2,2,DRY,CLASE B-C,13,13
4801,2,2,DRY,CLASE B-C,12,13
4802,2,2,DRY,CLASE B-C,8,13
4803,2,2,DRY,CLASE B-C,11,13
4804,2,2,DRY,CLASE B-C,12,13
4805,2,2,DRY,CLASE B-C,13,13
4806,2,2,DRY,CLASE B-C,13,13
4807,2,2,DRY,CLASE B-C,8,13
4808,2,2,DRY,CLASE B-C,12,13
4809,2,2,DRY,CLASE B-C,13,13
4810,2,2,DRY,CLASE B-C,12,13
4811,1,1,DRY,CLASE B-C,12,13
4812,7,2,DRY,CLASE B-C,8,13
4813,7,2,DRY,CLASE B-C,9,13
4814,7,2,DRY,CLASE B-C,7,13
4815,7,2,DRY,CLASE B-C,8,13
4816,7,2,DRY,CLASE B-C,7,13
4817,7,2,DRY,CLASE B-C,9,13
4818,7,2,DRY,CLASE B-C,10,13
4819,7,2,DRY,CLASE B-C,9,13
4820,7,2,DRY,CLASE B-C,9,13
4821,7,2,DRY,CLASE B-C,9,13
4822,7,2,DRY,CLASE B-C,8,13
4823,7,2,DRY,CLASE B-C,10,13
4824,7,2,DRY,CLASE B-C,7,13
4825,7,2,DRY,CLASE B-C,9,13
4826,7,2,DRY,CLASE B-C,9,13
4827,7,2,DRY,CLASE B-C,9,13
4828,7,2,DRY,CLASE B-C,9,13
4829,7,2,DRY,CLASE B-C,9,13
4830,7,2,DRY,CLASE B-C,9,13
4831,7,2,DRY,CLASE B-C,9,13
4832,7,2,DRY,CLASE B-C,9,13
4833,7,2,DRY,CLASE B-C,8,13
4834,7,2,DRY,CLASE B-C,10,13
4835,7,2,DRY,CLASE B-C,10,13
4836,7,2,DRY,CLASE B-C,9,13
4837,7,2,DRY,CLASE B,10,13
4838,7,2,DRY,CLASE B-C,9,13
4839,7,2,DRY,CLASE B-C,9,13
4840,7,2,DRY,CLASE B-C,7,13
4841,7,2,DRY,CLASE B-C,9,13
4842,7,2,DRY,CLASE B-C,8,13
4843,7,2,DRY,CLASE B-C,7,13
4844,7,2,DRY,CLASE B-C,10,13
4845,7,2,DRY,CLASE B-C,8,13
4846,7,2,DRY,CLASE B-C,9,13
4847,7,2,DRY,CLASE B-C,9,13
4848,7,2,DRY,CLASE B-C,9,13
4849,7,2,DRY,CLASE B-C,8,13
4850,7,2,DRY,CLASE B-C,8,13
4851,7,2,DRY,CLASE B-C,9,13
4852,7,2,DRY,CLASE B-C,9,13
4853,7,2,DRY,CLASE B-C,8,13
4854,7,2,DRY,CLASE B-C,9,13
4855,7,2,DRY,CLASE B-C,7,13
4856,7,2,DRY,CLASE B-C,9,13
4857,7,2,DRY,CLASE B-C,10,13
4858,7,2,DRY,CLASE B-C,9,13
4859,7,2,DRY,CLASE B-C,9,13
4860,7,2,DRY,CLASE B-C,8,13
4861,7,2,DRY,CLASE B-C,9,13
4862,7,2,DRY,CLASE B-C,10,13
4863,7,2,DRY,CLASE B-C,8,13
4864,7,2,DRY,CLASE B-C,9,13
4865,7,2,DRY,CLASE B-C,10,13
4866,7,2,DRY,CLASE B-C,8,13
4867,7,2,DRY,CLASE B-C,9,13
4868,7,2,DRY,CLASE B-C,8,13
4869,7,2,DRY,CLASE B-C,10,13
4870,7,2,DRY,CLASE B-C,9,13
4871,7,2,DRY,CLASE B-C,9,13
4872,7,2,DRY,CLASE B-C,8,13
4873,7,2,DRY,CLASE B-C,8,13
4874,7,2,DRY,CLASE B-C,9,13
4875,7,2,DRY,CLASE B-C,8,13
4876,7,2,DRY,CLASE B-C,7,13
4877,7,2,DRY,CLASE B-C,7,13
4878,7,2,DRY,CLASE B-C,10,13
4879,7,2,DRY,CLASE B-C,9,13
4880,7,2,DRY,CLASE B-C,7,13
4881,7,2,DRY,CLASE A,9,13
4882,7,2,DRY,CLASE B-C,8,13
4883,7,2,DRY,CLASE B-C,8,13
4884,7,2,DRY,CLASE B-C,9,13
4885,7,2,DRY,CLASE B-C,9,13
4886,7,2,DRY,CLASE B-C,10,13
4887,7,2,DRY,CLASE D,9,13
4888,7,2,DRY,CLASE B-C,8,13
4889,7,2,DRY,CLASE B-C,8,13
4890,7,2,DRY,CLASE B-C,9,13
4891,7,2,DRY,CLASE B-C,8,13
4892,7,2,DRY,CLASE B-C,9,13
4893,7,2,DRY,CLASE B-C,8,13
4894,7,2,DRY,CLASE B-C,8,13
4895,7,2,DRY,CLASE B-C,9,13
4896,7,2,DRY,CLASE B-C,9,13
4897,7,2,DRY,CLASE B-C,7,13
4898,7,2,DRY,CLASE B-C,9,13
4899,7,2,DRY,CLASE B-C,9,13
4900,7,2,DRY,CLASE B-C,10,13
4901,7,2,DRY,CLASE B-C,8,13
4902,7,2,DRY,CLASE B-C,9,13
4903,7,2,DRY,CLASE B-C,7,13
4904,7,2,DRY,CLASE B-C,9,13
4905,7,2,DRY,CLASE B-C,9,13
4906,7,2,DRY,CLASE B,10,13
4907,7,2,DRY,CLASE B-C,10,13
4908,7,2,DRY,CLASE B-C,8,13
4909,7,2,DRY,CLASE B-C,9,13
4910,7,2,DRY,CLASE B-C,9,13
4911,7,2,DRY,CLASE B-C,9,13
4912,7,2,DRY,CLASE B-C,9,13
4913,7,2,DRY,CLASE B-C,8,13
4914,7,2,DRY,CLASE B-C,8,13
4915,7,2,DRY,CLASE B-C,8,13
4916,6,2,RF,CLASE B-C,11,13
4917,6,2,RF,CLASE B-C,9,13
4918,3,2,DRY,CLASE B-C,9,13
4919,3,2,DRY,CLASE B-C,10,13
4920,2,2,DRY,CLASE B-C,8,13
4921,2,2,DRY,CLASE B-C,8,13
4922,2,2,DRY,CLASE B-C,8,13
4923,2,2,DRY,CLASE B-C,8,13
4924,3,2,DRY,CLASE B-C,9,13
4925,3,2,DRY,CLASE B-C,8,13
4926,3,2,DRY,CLASE B-C,8,13
4927,7,2,DRY,CLASE B-C,2,13
4928,7,2,DRY,CLASE B-C,2,13
4929,7,2,DRY,CLASE B-C,2,13
4930,7,2,DRY,INSPECTION,2,13
4931,7,2,DRY,CLASE B-C,2,13
4932,7,2,DRY,CLASE B-C,2,13
4933,7,2,DRY,CLASE B-C,2,13
4934,7,2,DRY,CLASE B-C,2,13
4935,7,2,DRY,CLASE B-C,2,13
4936,7,2,DRY,CLASE B-C,2,13
4937,7,2,DRY,CLASE B-C,1,13
4938,7,2,DRY,CLASE B-C,2,13
4939,7,2,DRY,CLASE B-C,2,13
4940,7,2,DRY,CLASE B-C,2,13
4941,7,2,DRY,CLASE B-C,1,13
4942,7,2,DRY,CLASE B-C,2,13
4943,7,2,DRY,CLASE B-C,2,13
4944,7,2,DRY,CLASE B-C,2,13
4945,7,2,DRY,CLASE B-C,2,13
4946,7,2,DRY,CLASE B-C,1,13
4947,7,2,DRY,CLASE B-C,2,13
4948,7,2,DRY,CLASE B-C,2,13
4949,7,2,DRY,CLASE B-C,2,13
4950,7,2,DRY,CLASE B-C,2,13
4951,7,2,DRY,CLASE B-C,2,13
4952,7,2,DRY,CLASE B-C,1,13
4953,7,2,DRY,CLASE B-C,2,13
4954,7,2,DRY,CLASE B-C,2,13
4955,7,2,DRY,CLASE B-C,2,13
4956,7,2,DRY,CLASE B-C,1,13
4957,7,2,DRY,CLASE B-C,2,13
4958,7,2,DRY,CLASE B-C,2,13
4959,2,2,DRY,CLASE B-C,2,13
4960,2,2,DRY,CLASE B-C,2,13
4961,2,2,DRY,CLASE B-C,2,13
4962,2,2,DRY,CLASE B-C,1,13
4963,3,2,DRY,CLASE B-C,132,13
4964,6,2,DRY,CLASE B-C,120,13
4965,9,2,RF,CLASE B-C,109,13
4966,7,2,RF,CLASE B-C,110,13
4967,6,2,DRY,CLASE B-C,101,13
4968,6,2,DRY,CLASE B-C,99,13
4969,2,2,DRY,CLASE B-C,97,13
4970,2,2,DRY,CLASE D,91,13
4971,6,2,DRY,CLASE B-C,90,13
4972,6,2,DRY,CLASE B-C,90,13
4973,6,2,DRY,CLASE B-C,90,13
4974,1,2,RF,CLASE B-C,91,13
4975,1,2,RF,CLASE B-C,90,13
4976,7,2,RF,CLASE B-C,85,13
4977,4,2,DRY,CLASE B-C,80,13
4978,4,2,DRY,CLASE B-C,80,13
4979,6,2,DRY,CLASE B-C,74,13
4980,6,2,DRY,CLASE B-C,74,13
4981,6,2,DRY,CLASE B-C,74,13
4982,6,2,DRY,CLASE B-C,74,13
4983,6,2,DRY,CLASE B-C,74,13
4984,6,2,DRY,CLASE B-C,74,13
4985,6,2,DRY,CLASE B-C,74,13
4986,6,2,DRY,CLASE B-C,74,13
4987,6,2,DRY,CLASE B-C,74,13
4988,6,2,DRY,CLASE B-C,74,13
4989,1,2,DRY,CLASE B-C,73,13
4990,1,2,DRY,CLASE B-C,74,13
4991,6,2,DRY,CLASE B-C,70,13
4992,6,2,DRY,CLASE B-C,70,13
4993,6,2,DRY,CLASE B-C,70,13
4994,6,2,DRY,CLASE B-C,70,13
4995,6,2,DRY,CLASE B-C,70,13
4996,7,2,DRY,CLASE B-C,70,13
4997,9,2,RF,CLASE B-C,65,13
4998,9,2,RF,CLASE B-C,64,13
4999,7,2,DRY,CLASE B-C,64,13
5000,7,2,DRY,CLASE B-C,64,13
5001,6,2,DRY,CLASE B-C,57,13
5002,6,2,DRY,CLASE B-C,53,13
5003,6,2,DRY,CLASE B-C,53,13
5004,6,2,DRY,CLASE B-C,53,13
5005,6,2,DRY,CLASE B-C,53,13
5006,6,2,DRY,CLASE B-C,53,13
5007,6,2,DRY,CLASE B-C,53,13
5008,6,2,DRY,CLASE B-C,53,13
5009,6,2,DRY,CLASE B-C,53,13
5010,6,2,DRY,CLASE B-C,53,13
5011,6,2,DRY,CLASE B-C,53,13
5012,6,2,DRY,CLASE B-C,53,13
5013,6,2,DRY,CLASE B-C,53,13
5014,6,2,DRY,CLASE B-C,52,13
5015,6,2,DRY,CLASE B-C,52,13
5016,6,2,DRY,INSPECTION,52,13
5017,6,2,DRY,CLASE B-C,53,13
5018,6,2,DRY,CLASE B-C,53,13
5019,6,2,DRY,CLASE B-C,52,13
5020,6,2,DRY,CLASE B-C,57,13
5021,6,2,DRY,CLASE B-C,53,13
5022,6,2,DRY,CLASE B-C,53,13
5023,6,2,DRY,CLASE B-C,53,13
5024,6,2,DRY,CLASE B-C,52,13
5025,6,2,DRY,CLASE B-C,53,13
5026,6,2,DRY,CLASE B-C,53,13
5027,6,2,DRY,CLASE B-C,53,13
5028,6,2,DRY,CLASE B-C,57,13
5029,6,2,DRY,CLASE B-C,57,13
5030,6,2,DRY,CLASE B-C,53,13
5031,6,2,DRY,CLASE B-C,53,13
5032,6,2,DRY,CLASE B-C,52,13
5033,6,2,DRY,CLASE B-C,53,13
5034,6,2,DRY,CLASE B-C,53,13
5035,6,2,DRY,CLASE B-C,57,13
5036,6,2,DRY,CLASE B-C,53,13
5037,6,2,DRY,CLASE B-C,52,13
5038,6,2,DRY,CLASE B-C,53,13
5039,6,2,DRY,CLASE B-C,53,13
5040,6,2,DRY,CLASE B-C,53,13
5041,6,2,DRY,CLASE B-C,53,13
5042,6,2,DRY,CLASE B-C,53,13
5043,6,2,DRY,CLASE B-C,53,13
5044,6,2,DRY,CLASE B-C,52,13
5045,6,2,DRY,CLASE B-C,53,13
5046,6,2,DRY,CLASE B-C,53,13
5047,6,2,DRY,CLASE B-C,53,13
5048,6,2,DRY,CLASE B-C,53,13
5049,6,2,DRY,CLASE B-C,53,13
5050,6,2,DRY,CLASE B-C,53,13
5051,6,2,DRY,CLASE B-C,53,13
5052,6,2,DRY,CLASE B-C,53,13
5053,6,2,DRY,CLASE B-C,53,13
5054,7,2,DRY,CLASE B-C,55,13
5055,7,2,DRY,CLASE B-C,52,13
5056,7,2,DRY,CLASE B-C,54,13
5057,7,2,DRY,CLASE B-C,55,13
5058,7,2,DRY,CLASE B-C,55,13
5059,7,2,DRY,CLASE B-C,53,13
5060,7,2,DRY,CLASE B-C,55,13
5061,7,2,DRY,CLASE B-C,54,13
5062,7,2,DRY,CLASE B-C,53,13
5063,7,2,DRY,CLASE B-C,53,13
5064,7,2,DRY,CLASE B-C,55,13
5065,7,2,DRY,CLASE B-C,53,13
5066,7,2,DRY,CLASE B-C,53,13
5067,7,2,DRY,CLASE B-C,54,13
5068,7,2,DRY,CLASE B-C,54,13
5069,7,2,DRY,CLASE B-C,55,13
5070,7,2,DRY,CLASE B-C,54,13
5071,7,2,DRY,CLASE B,55,13
5072,7,2,DRY,CLASE B-C,53,13
5073,7,2,DRY,CLASE B-C,54,13
5074,7,2,DRY,CLASE B-C,55,13
5075,7,2,DRY,CLASE B-C,55,13
5076,7,2,DRY,CLASE B-C,54,13
5077,7,2,DRY,CLASE B-C,53,13
5078,7,2,DRY,CLASE B-C,53,13
5079,7,2,DRY,CLASE B-C,53,13
5080,7,2,DRY,CLASE B,53,13
5081,7,2,DRY,CLASE B,55,13
5082,7,2,DRY,CLASE B-C,54,13
5083,7,2,DRY,CLASE B-C,53,13
5084,7,2,DRY,CLASE B-C,53,13
5085,7,2,DRY,CLASE B-C,55,13
5086,2,2,DRY,CLASE B-C,56,13
5087,2,2,DRY,CLASE B-C,54,13
5088,2,2,DRY,CLASE B-C,54,13
5089,2,2,DRY,CLASE B-C,50,13
5090,1,2,RF,CLASE B-C,49,13
5091,8,2,RF,CLASE B-C,38,13
5092,6,2,DRY,CLASE B-C,53,13
5093,6,2,DRY,CLASE B-C,52,13
5094,6,2,RF,CLASE B-C,47,13
5095,6,2,DRY,CLASE B-C,53,13
5096,6,2,RF,CLASE B-C,48,13
5097,6,2,DRY,CLASE B-C,52,13
5098,6,2,DRY,CLASE B-C,53,13
5099,6,2,DRY,CLASE B-C,52,13
5100,6,2,DRY,CLASE B-C,53,13
5101,6,2,DRY,CLASE B-C,45,13
5102,7,2,DRY,CLASE B-C,47,13
5103,7,2,DRY,CLASE B-C,48,13
5104,7,2,RF,CLASE B-C,51,13
5105,7,2,DRY,CLASE B-C,51,13
5106,7,2,DRY,CLASE B-C,51,13
5107,7,2,DRY,CLASE B-C,51,13
5108,7,2,RF,CLASE B-C,53,13
5109,6,2,DRY,CLASE B-C,53,13
5110,6,2,DRY,CLASE B-C,53,13
5111,6,2,DRY,CLASE B-C,53,13
5112,6,2,DRY,CLASE B-C,50,13
5113,6,2,DRY,CLASE B-C,50,13
5114,6,2,DRY,CLASE B-C,51,13
5115,6,2,DRY,CLASE B-C,50,13
5116,6,2,DRY,CLASE B-C,50,13
5117,6,2,DRY,CLASE B-C,51,13
5118,6,2,DRY,CLASE B-C,51,13
5119,6,2,DRY,CLASE B-C,51,13
5120,6,2,DRY,CLASE B-C,51,13
5121,6,2,DRY,CLASE B-C,51,13
5122,6,2,DRY,CLASE B-C,51,13
5123,6,2,DRY,CLASE B-C,51,13
5124,6,2,DRY,CLASE B-C,51,13
5125,6,2,DRY,CLASE B-C,51,13
5126,6,2,DRY,CLASE B-C,49,13
5127,6,2,DRY,CLASE B-C,50,13
5128,6,2,DRY,CLASE B-C,49,13
5129,1,2,RF,CLASE B-C,45,13
5130,1,2,RF,CLASE B-C,41,13
5131,1,2,DRY,CLASE B-C,38,13
5132,1,2,RF,CLASE B-C,40,13
5133,6,2,DRY,CLASE B-C,46,13
5134,3,2,DRY,CLASE B-C,45,13
5135,3,2,DRY,CLASE B-C,46,13
5136,7,2,DRY,CLASE B-C,26,13
5137,7,2,DRY,CLASE B-C,26,13
5138,7,2,DRY,CLASE B-C,45,13
5139,7,2,RF,CLASE B-C,41,13
5140,7,2,DRY,CLASE B-C,41,13
5141,7,2,DRY,CLASE B-C,26,13
5142,7,2,DRY,CLASE B-C,43,13
5143,7,2,DRY,CLASE B-C,26,13
5144,7,2,DRY,CLASE B-C,26,13
5145,7,2,DRY,CLASE B-C,26,13
5146,7,2,DRY,CLASE B-C,26,13
5147,7,2,DRY,CLASE B-C,26,13
5148,7,2,DRY,CLASE B-C,26,13
5149,7,2,DRY,CLASE B-C,26,13
5150,7,2,DRY,CLASE B-C,26,13
5151,7,2,DRY,CLASE B-C,26,13
5152,7,2,DRY,CLASE B-C,26,13
5153,7,2,RF,CLASE B-C,41,13
5154,7,2,DRY,CLASE B-C,26,13
5155,7,2,DRY,CLASE B-C,26,13
5156,3,2,DRY,CLASE B-C,43,13
5157,2,2,DRY,CLASE B-C,39,13
5158,2,2,DRY,CLASE B-C,37,13
5159,2,2,DRY,CLASE B-C,38,13
5160,2,2,DRY,CLASE B-C,38,13
5161,2,2,DRY,CLASE B-C,37,13
5162,2,2,DRY,CLASE B-C,39,13
5163,2,2,DRY,CLASE B-C,37,13
5164,1,2,RF,CLASE B-C,38,13
5165,1,2,RF,CLASE B-C,40,13
5166,1,2,RF,CLASE B-C,42,13
5167,1,2,RF,CLASE B-C,41,13
5168,1,2,RF,CLASE B-C,42,13
5169,1,2,RF,CLASE B-C,42,13
5170,1,2,RF,CLASE B-C,42,13
5171,1,2,DRY,CLASE B-C,38,13
5172,1,2,DRY,CLASE B-C,38,13
5173,1,2,DRY,CLASE B-C,38,13
5174,1,2,DRY,CLASE B-C,38,13
5175,1,2,RF,CLASE B-C,43,13
5176,1,2,DRY,CLASE B-C,37,13
5177,1,2,RF,CLASE B-C,42,13
5178,1,2,DRY,CLASE B-C,38,13
5179,1,2,RF,CLASE B-C,42,13
5180,1,2,RF,CLASE B-C,32,13
5181,1,2,RF,CLASE B-C,42,13
5182,1,2,RF,CLASE B-C,37,13
5183,1,2,RF,CLASE B-C,42,13
5184,1,2,RF,CLASE B-C,40,13
5185,1,2,RF,CLASE B-C,40,13
5186,1,2,DRY,CLASE B-C,38,13
5187,8,2,DRY,CLASE B-C,35,13
5188,8,2,DRY,CLASE B-C,35,13
5189,8,2,DRY,CLASE B-C,35,13
5190,6,2,DRY,CLASE B-C,24,13
5191,6,2,RF,CLASE B-C,31,13
5192,7,2,RF,CLASE B-C,36,13
5193,7,2,RF,CLASE B-C,36,13
5194,7,2,RF,CLASE B-C,19,13
5195,7,2,RF,CLASE B-C,21,13
5196,7,2,RF,CLASE B-C,21,13
5197,7,2,DRY,CLASE B-C,35,13
5198,7,2,RF,CLASE B-C,21,13
5199,7,2,RF,CLASE B-C,33,13
5200,7,2,RF,CLASE B-C,35,13
5201,7,2,RF,CLASE B-C,27,13
5202,7,2,DRY,CLASE B-C,30,13
5203,7,2,RF,CLASE B-C,26,13
5204,7,2,RF,CLASE B-C,38,13
5205,7,2,RF,CLASE B-C,20,13
5206,7,2,RF,CLASE B-C,27,13
5207,7,2,RF,CLASE B-C,27,13
5208,7,2,RF,CLASE B-C,29,13
5209,7,2,RF,CLASE B-C,39,13
5210,7,2,RF,CLASE B-C,34,13
5211,7,2,RF,CLASE B-C,22,13
5212,7,2,RF,CLASE B-C,28,13
5213,7,2,RF,CLASE B-C,32,13
5214,7,2,RF,CLASE B-C,21,13
5215,7,2,RF,CLASE B-C,31,13
5216,7,2,RF,CLASE B-C,32,13
5217,7,2,RF,CLASE B-C,21,13
5218,7,2,RF,CLASE B-C,22,13
5219,7,2,RF,CLASE B-C,34,13
5220,7,2,RF,CLASE B-C,19,13
5221,7,2,RF,CLASE B-C,32,13
5222,7,2,RF,CLASE B-C,34,13
5223,7,2,RF,CLASE B-C,29,13
5224,7,2,RF,CLASE B-C,35,13
5225,7,2,RF,CLASE B-C,26,13
5226,7,2,RF,CLASE B-C,34,13
5227,7,2,RF,CLASE B-C,30,13
5228,7,2,RF,CLASE B-C,30,13
5229,7,2,RF,CLASE B-C,25,13
5230,7,2,RF,CLASE B-C,30,13
5231,7,2,RF,CLASE B-C,38,13
5232,7,2,RF,CLASE B-C,29,13
5233,6,2,DRY,CLASE B-C,24,13
5234,7,2,DRY,CLASE B-C,37,13
5235,2,2,DRY,CLASE B-C,30,13
5236,3,2,DRY,CLASE B-C,17,13
5237,3,2,DRY,CLASE B-C,28,13
5238,3,2,DRY,CLASE A,31,13
5239,3,2,DRY,CLASE A,28,13
5240,3,2,DRY,CLASE A,29,13
5241,3,2,DRY,CLASE A,17,13
5242,3,2,DRY,CLASE A,28,13
5243,3,2,DRY,CLASE A,16,13
5244,3,2,DRY,CLASE A,28,13
5245,3,2,DRY,CLASE A,16,13
5246,3,2,DRY,CLASE A,17,13
5247,3,2,DRY,CLASE A,28,13
5248,3,2,DRY,CLASE A,27,13
5249,3,2,DRY,CLASE A,17,13
5250,3,2,DRY,CLASE B-C,28,13
5251,3,2,DRY,CLASE A,31,13
5252,3,2,DRY,CLASE A,17,13
5253,3,2,DRY,CLASE A,17,13
5254,3,2,DRY,CLASE B-C,28,13
5255,3,2,DRY,CLASE A,17,13
5256,7,2,DRY,CLASE B-C,16,13
5257,7,2,DRY,CLASE B-C,24,13
5258,7,2,RF,CLASE B-C,17,13
5259,7,2,RF,CLASE B-C,19,13
5260,7,2,RF,CLASE B-C,16,13
5261,7,2,DRY,CLASE B-C,24,13
5262,7,2,RF,CLASE B-C,19,13
5263,7,2,RF,CLASE B-C,28,13
5264,7,2,DRY,CLASE B-C,17,13
5265,7,2,DRY,CLASE B-C,24,13
5266,7,2,DRY,CLASE B-C,24,13
5267,7,2,RF,CLASE B-C,18,13
5268,7,2,DRY,CLASE B-C,24,13
5269,7,2,DRY,CLASE B-C,15,13
5270,7,2,RF,CLASE B-C,20,13
5271,7,2,RF,CLASE B-C,21,13
5272,7,2,DRY,CLASE B-C,20,13
5273,7,2,DRY,CLASE B-C,26,13
5274,7,2,DRY,CLASE B-C,19,13
5275,7,2,DRY,CLASE B-C,24,13
5276,7,2,DRY,CLASE B-C,16,13
5277,7,2,DRY,CLASE B-C,16,13
5278,7,2,DRY,CLASE B-C,17,13
5279,7,2,DRY,CLASE B-C,16,13
5280,7,2,RF,CLASE B-C,19,13
5281,7,2,DRY,CLASE B-C,15,13
5282,7,2,DRY,CLASE B-C,16,13
5283,7,2,DRY,CLASE B-C,24,13
5284,7,2,DRY,CLASE B-C,24,13
5285,7,2,RF,CLASE B-C,16,13
5286,7,2,RF,CLASE B-C,15,13
5287,7,2,RF,CLASE B-C,17,13
5288,7,2,DRY,CLASE B-C,25,13
5289,7,2,DRY,CLASE B-C,25,13
5290,7,2,DRY,CLASE B-C,17,13
5291,7,2,DRY,CLASE B-C,17,13
5292,7,2,DRY,CLASE B-C,17,13
5293,7,2,DRY,CLASE B-C,16,13
5294,7,2,DRY,CLASE D,15,13
5295,7,2,DRY,CLASE B-C,15,13
5296,7,2,DRY,CLASE B-C,26,13
5297,7,2,DRY,CLASE B-C,25,13
5298,7,2,DRY,CLASE B-C,16,13
5299,7,2,DRY,CLASE B-C,17,13
5300,7,2,DRY,CLASE B-C,17,13
5301,7,2,DRY,CLASE B-C,25,13
5302,7,2,DRY,CLASE B-C,26,13
5303,7,2,DRY,CLASE B-C,24,13
5304,7,2,DRY,CLASE B-C,24,13
5305,7,2,DRY,CLASE B-C,24,13
5306,7,2,DRY,CLASE B-C,24,13
5307,7,2,DRY,CLASE B-C,24,13
5308,7,2,DRY,CLASE B-C,24,13
5309,7,2,DRY,CLASE B-C,26,13
5310,7,2,DRY,CLASE B-C,24,13
5311,7,2,DRY,CLASE B-C,26,13
5312,7,2,DRY,CLASE B-C,24,13
5313,7,2,DRY,CLASE B-C,24,13
5314,7,2,DRY,CLASE B-C,26,13
5315,7,2,RF,CLASE B-C,28,13
5316,7,2,DRY,CLASE B-C,24,13
5317,7,2,DRY,CLASE B-C,24,13
5318,7,2,DRY,CLASE B-C,26,13
5319,7,2,RF,CLASE B-C,18,13
5320,7,2,RF,CLASE B-C,18,13
5321,7,2,RF,CLASE B-C,15,13
5322,7,2,DRY,CLASE B-C,15,13
5323,7,2,DRY,CLASE B-C,26,13
5324,7,2,DRY,CLASE B-C,24,13
5325,7,2,DRY,CLASE B-C,17,13
5326,7,2,DRY,CLASE B-C,24,13
5327,7,2,DRY,CLASE B-C,17,13
5328,7,2,RF,CLASE B-C,16,13
5329,7,2,RF,CLASE B-C,27,13
5330,7,2,DRY,CLASE B-C,16,13
5331,7,2,DRY,CLASE B-C,15,13
5332,7,2,DRY,CLASE B-C,15,13
5333,7,2,DRY,CLASE B-C,24,13
5334,7,2,DRY,CLASE B-C,24,13
5335,7,2,DRY,CLASE B-C,24,13
5336,7,2,DRY,CLASE B-C,24,13
5337,7,2,DRY,CLASE B-C,26,13
5338,7,2,DRY,CLASE B-C,16,13
5339,7,2,DRY,CLASE B-C,15,13
5340,7,2,DRY,CLASE B-C,15,13
5341,7,2,DRY,CLASE B-C,15,13
5342,7,2,DRY,CLASE B-C,15,13
5343,7,2,DRY,CLASE B-C,15,13
5344,7,2,DRY,CLASE B-C,25,13
5345,7,2,DRY,CLASE B-C,27,13
5346,7,2,DRY,CLASE B-C,15,13
5347,7,2,DRY,CLASE B-C,16,13
5348,7,2,DRY,CLASE B-C,17,13
5349,7,2,DRY,CLASE B-C,15,13
5350,7,2,DRY,CLASE B-C,17,13
5351,7,2,DRY,CLASE B-C,16,13
5352,7,2,RF,CLASE B-C,27,13
5353,7,2,RF,CLASE B-C,16,13
5354,7,2,RF,CLASE B-C,18,13
5355,7,2,DRY,CLASE B-C,24,13
5356,7,2,DRY,CLASE B-C,24,13
5357,7,2,DRY,CLASE B-C,15,13
5358,7,2,DRY,CLASE B-C,15,13
5359,2,2,DRY,CLASE B-C,23,13
5360,2,2,DRY,CLASE B-C,22,13
5361,2,2,DRY,CLASE B-C,27,13
5362,2,2,DRY,CLASE B-C,19,13
5363,2,2,DRY,CLASE B-C,22,13
5364,2,2,DRY,CLASE B-C,19,13
5365,2,2,DRY,CLASE B-C,23,13
5366,2,2,DRY,CLASE B-C,18,13
5367,2,2,DRY,CLASE B-C,19,13
5368,6,2,RF,CLASE B-C,24,13
5369,2,2,DRY,CLASE B-C,24,13
5370,3,2,DRY,CLASE B-C,21,13
5371,3,2,DRY,CLASE B-C,22,13
5372,3,2,DRY,CLASE B-C,22,13
5373,3,2,DRY,CLASE B-C,22,13
5374,3,2,DRY,CLASE B-C,22,13
5375,3,2,DRY,CLASE B-C,22,13
5376,3,2,DRY,CLASE B-C,23,13
5377,3,2,DRY,CLASE B-C,22,13
5378,3,2,DRY,CLASE B-C,22,13
5379,3,2,DRY,CLASE B-C,22,13
5380,3,2,DRY,CLASE B-C,22,13
5381,3,2,DRY,CLASE B-C,22,13
5382,3,2,DRY,CLASE B-C,22,13
5383,7,2,DRY,CLASE B-C,19,13
5384,7,2,DRY,CLASE B-C,19,13
5385,3,2,DRY,CLASE B-C,21,13
5386,3,2,DRY,CLASE B-C,22,13
5387,3,2,DRY,CLASE B-C,22,13
5388,3,2,DRY,CLASE B-C,22,13
5389,3,2,DRY,CLASE B-C,22,13
5390,3,2,DRY,CLASE B-C,21,13
5391,1,2,DRY,CLASE B-C,21,13
5392,6,2,RF,CLASE B-C,19,13
5393,3,2,DRY,CLASE B-C,20,13
5394,2,2,DRY,CLASE B-C,19,13
5395,2,2,DRY,CLASE B-C,19,13
5396,2,2,DRY,CLASE B-C,19,13
5397,2,2,DRY,CLASE B-C,19,13
5398,2,2,DRY,CLASE B-C,16,13
5399,2,2,DRY,CLASE B-C,19,13
5400,2,2,DRY,CLASE B-C,19,13
5401,3,2,DRY,CLASE B-C,19,13
5402,6,2,RF,CLASE B-C,17,13
5403,6,2,RF,CLASE B-C,19,13
5404,3,2,DRY,CLASE B-C,14,13
5405,7,2,DRY,CLASE B-C,14,13
5406,7,2,DRY,CLASE B-C,15,13
5407,7,2,DRY,CLASE B-C,17,13
5408,7,2,DRY,CLASE B-C,14,13
5409,7,2,DRY,CLASE B-C,17,13
5410,7,2,DRY,CLASE B-C,14,13
5411,7,2,DRY,CLASE B-C,14,13
5412,7,2,DRY,CLASE B-C,14,13
5413,7,2,DRY,CLASE B-C,14,13
5414,7,2,DRY,CLASE B-C,3,13
5415,7,2,DRY,CLASE B-C,14,13
5416,7,2,DRY,CLASE B-C,14,13
5417,7,2,DRY,CLASE B-C,14,13
5418,7,2,DRY,CLASE B-C,14,13
5419,7,2,DRY,CLASE B-C,14,13
5420,7,2,DRY,CLASE B-C,12,13
5421,7,2,DRY,CLASE B-C,14,13
5422,7,2,DRY,CLASE B-C,14,13
5423,7,2,DRY,CLASE B-C,16,13
5424,7,2,DRY,CLASE B-C,15,13
5425,7,2,DRY,CLASE B-C,15,13
5426,7,2,DRY,CLASE B-C,14,13
5427,7,2,DRY,CLASE B-C,14,13
5428,7,2,DRY,CLASE B-C,16,13
5429,7,2,DRY,CLASE B-C,17,13
5430,7,2,DRY,CLASE B-C,15,13
5431,2,2,DRY,CLASE B-C,15,13
5432,2,2,DRY,CLASE B-C,18,13
5433,6,2,RF,CLASE B-C,17,13
5434,2,2,DRY,CLASE B-C,13,13
5435,2,2,DRY,CLASE B-C,13,13
5436,2,2,DRY,CLASE B-C,13,13
5437,2,2,DRY,CLASE B-C,13,13
5438,2,2,DRY,CLASE B-C,14,13
5439,2,2,DRY,CLASE B-C,13,13
5440,2,2,DRY,CLASE B-C,13,13
5441,2,2,DRY,CLASE B-C,13,13
5442,2,2,DRY,CLASE B-C,12,13
5443,2,2,DRY,CLASE B-C,13,13
5444,2,2,DRY,CLASE B-C,13,13
5445,2,2,DRY,CLASE B-C,13,13
5446,2,2,DRY,CLASE B-C,13,13
5447,2,2,DRY,CLASE B-C,12,13
5448,2,2,DRY,CLASE B-C,13,13
5449,2,2,DRY,CLASE B-C,13,13
5450,2,2,DRY,CLASE B-C,13,13
5451,2,2,DRY,CLASE B-C,14,13
5452,2,2,DRY,CLASE B-C,12,13
5453,2,2,DRY,CLASE B-C,13,13
5454,2,2,DRY,CLASE B-C,13,13
5455,2,2,DRY,CLASE B-C,13,13
5456,2,2,DRY,CLASE B-C,13,13
5457,2,2,DRY,CLASE B-C,13,13
5458,2,2,DRY,CLASE B-C,13,13
5459,2,2,DRY,CLASE B-C,13,13
5460,2,2,DRY,CLASE B-C,13,13
5461,2,2,DRY,CLASE B-C,13,13
5462,2,2,DRY,CLASE B-C,14,13
5463,2,2,DRY,CLASE B-C,13,13
5464,2,2,DRY,CLASE B-C,14,13
5465,2,2,DRY,CLASE B-C,13,13
5466,2,2,DRY,CLASE B-C,13,13
5467,2,2,DRY,CLASE B-C,14,13
5468,2,2,DRY,CLASE B-C,13,13
5469,2,2,DRY,CLASE B-C,13,13
5470,2,2,DRY,CLASE B-C,13,13
5471,2,2,DRY,CLASE B-C,13,13
5472,2,2,DRY,CLASE B-C,13,13
5473,2,2,DRY,CLASE B-C,13,13
5474,2,2,DRY,CLASE B-C,13,13
5475,2,2,DRY,CLASE B-C,13,13
5476,2,2,DRY,CLASE B-C,13,13
5477,2,2,DRY,CLASE B-C,13,13
5478,2,2,DRY,CLASE B-C,13,13
5479,2,2,DRY,CLASE B-C,13,13
5480,2,2,DRY,CLASE B,13,13
5481,2,2,DRY,CLASE B-C,13,13
5482,2,2,DRY,CLASE B-C,13,13
5483,2,2,DRY,CLASE B-C,13,13
5484,2,2,DRY,CLASE B-C,13,13
5485,2,2,DRY,CLASE B-C,13,13
5486,2,2,DRY,CLASE B-C,13,13
5487,2,2,DRY,CLASE B-C,13,13
5488,2,2,DRY,CLASE B-C,13,13
5489,2,2,DRY,CLASE B-C,13,13
5490,2,2,DRY,CLASE B-C,13,13
5491,2,2,DRY,CLASE B-C,13,13
5492,2,2,DRY,CLASE B-C,13,13
5493,2,2,DRY,CLASE B-C,13,13
5494,2,2,DRY,CLASE B-C,13,13
5495,2,2,DRY,CLASE B-C,13,13
5496,2,2,DRY,CLASE B-C,12,13
5497,2,2,DRY,CLASE B-C,10,13
5498,7,2,DRY,CLASE B-C,11,13
5499,7,2,DRY,CLASE B-C,12,13
5500,7,2,DRY,CLASE B-C,10,13
5501,7,2,DRY,CLASE B-C,9,13
5502,7,2,DRY,CLASE B-C,12,13
5503,7,2,DRY,CLASE B-C,12,13
5504,7,2,DRY,CLASE B-C,11,13
5505,7,2,DRY,CLASE B-C,12,13
5506,7,2,DRY,CLASE B-C,12,13
5507,7,2,DRY,CLASE B-C,11,13
5508,7,2,DRY,CLASE B-C,11,13
5509,7,2,DRY,CLASE B-C,12,13
5510,7,2,DRY,CLASE B-C,12,13
5511,7,2,DRY,CLASE B-C,11,13
5512,7,2,DRY,CLASE B-C,12,13
5513,7,2,DRY,CLASE B-C,10,13
5514,7,2,DRY,CLASE B-C,10,13
5515,7,2,DRY,CLASE B-C,13,13
5516,7,2,DRY,CLASE B-C,11,13
5517,7,2,DRY,CLASE B-C,13,13
5518,7,2,DRY,CLASE B-C,11,13
5519,7,2,DRY,CLASE B-C,11,13
5520,7,2,DRY,CLASE B-C,12,13
5521,7,2,DRY,CLASE B-C,9,13
5522,7,2,DRY,CLASE B-C,10,13
5523,7,2,DRY,CLASE B-C,11,13
5524,7,2,DRY,CLASE B-C,11,13
5525,7,2,DRY,CLASE B-C,10,13
5526,7,2,DRY,CLASE B-C,11,13
5527,7,2,DRY,CLASE B-C,12,13
5528,7,2,DRY,CLASE B-C,12,13
5529,7,2,DRY,CLASE B-C,12,13
5530,7,2,DRY,CLASE B-C,11,13
5531,7,2,DRY,CLASE B-C,10,13
5532,7,2,DRY,CLASE B-C,10,13
5533,7,2,DRY,CLASE B-C,10,13
5534,7,2,DRY,CLASE B-C,11,13
5535,7,2,DRY,CLASE B-C,12,13
5536,7,2,DRY,CLASE B-C,7,13
5537,7,2,DRY,CLASE B-C,10,13
5538,7,2,DRY,CLASE B-C,8,13
5539,7,2,DRY,CLASE B-C,11,13
5540,7,2,DRY,CLASE B-C,11,13
5541,7,2,DRY,CLASE D,11,13
5542,7,2,DRY,CLASE B-C,11,13
5543,7,2,DRY,CLASE B-C,10,13
5544,7,2,DRY,CLASE B-C,10,13
5545,7,2,DRY,CLASE B-C,11,13
5546,7,2,DRY,CLASE B-C,12,13
5547,7,2,DRY,CLASE B-C,9,13
5548,3,2,DRY,CLASE B-C,13,13
5549,2,2,DRY,CLASE B-C,12,13
5550,3,2,DRY,CLASE D,11,13
5551,3,2,DRY,CLASE B-C,10,13
5552,3,2,DRY,CLASE B-C,10,13
5553,3,2,DRY,CLASE B-C,10,13
5554,3,2,DRY,CLASE B-C,10,13
5555,2,2,DRY,CLASE B-C,10,13
5556,2,2,RF,CLASE B-C,10,13
5557,3,2,DRY,CLASE B-C,11,13
5558,3,2,DRY,CLASE B-C,11,13
5559,3,2,DRY,CLASE B-C,9,13
5560,3,2,DRY,CLASE B-C,9,13
5561,3,2,DRY,CLASE B-C,9,13
5562,1,2,DRY,CLASE B-C,8,13
5563,3,2,DRY,CLASE B-C,2,13
5564,3,2,DRY,CLASE A,4,13
5565,3,2,DRY,CLASE B-C,4,13
5566,6,2,RF,CLASE B-C,2,13
5567,6,2,RF,CLASE B-C,2,13
5568,6,2,DRY,CLASE B-C,4,13
5569,6,2,DRY,CLASE B-C,4,13
5570,6,2,DRY,CLASE B-C,4,13
5571,6,2,DRY,CLASE B-C,4,13
5572,6,2,RF,CLASE B-C,3,13
5573,6,2,DRY,CLASE B-C,3,13
5574,6,2,DRY,CLASE B-C,3,13
5575,6,2,RF,CLASE B-C,4,13
5576,6,2,RF,CLASE B-C,3,13
5577,6,2,RF,CLASE B-C,3,13
5578,6,2,RF,CLASE B-C,3,13
5579,6,2,RF,CLASE B-C,3,13
5580,6,2,DRY,CLASE B-C,3,13
5581,6,2,DRY,CLASE B-C,3,13
5582,6,2,DRY,CLASE B-C,3,13
5583,6,2,DRY,CLASE B-C,4,13
5584,6,2,DRY,CLASE B-C,4,13
5585,6,2,DRY,CLASE B-C,4,13
5586,7,2,DRY,CLASE B-C,2,13
5587,7,2,DRY,CLASE B-C,3,13
5588,7,2,DRY,CLASE B-C,2,13
5589,7,2,DRY,CLASE B-C,4,13
5590,7,2,DRY,CLASE B-C,2,13
5591,7,2,DRY,CLASE B-C,2,13
5592,7,2,DRY,CLASE B-C,4,13
5593,7,2,DRY,CLASE B-C,4,13
5594,7,2,DRY,CLASE B-C,4,13
5595,7,2,DRY,CLASE B-C,2,13
5596,7,2,DRY,CLASE B-C,4,13
5597,7,2,DRY,CLASE B-C,2,13
5598,7,2,DRY,CLASE B-C,2,13
5599,7,2,DRY,CLASE B-C,3,13
5600,7,2,DRY,CLASE B-C,2,13
5601,7,2,DRY,CLASE B-C,4,13
5602,7,2,DRY,CLASE B-C,4,13
5603,7,2,DRY,CLASE B-C,4,13
5604,7,2,DRY,CLASE B-C,1,13
5605,7,2,DRY,CLASE B-C,2,13
5606,7,2,DRY,CLASE B-C,2,13
5607,7,2,DRY,CLASE B-C,2,13
5608,7,2,DRY,CLASE B-C,2,13
5609,7,2,DRY,CLASE B-C,3,13
5610,7,2,DRY,CLASE B-C,2,13
5611,7,2,DRY,CLASE B-C,3,13
5612,7,2,DRY,CLASE B-C,4,13
5613,7,2,DRY,CLASE B-C,2,13
5614,7,2,DRY,CLASE B-C,2,13
5615,7,2,DRY,CLASE B-C,2,13
5616,7,2,DRY,CLASE B-C,3,13
5617,7,2,DRY,CLASE B-C,2,13
5618,7,2,DRY,CLASE B-C,5,13
5619,7,2,DRY,CLASE B-C,2,13
5620,7,2,DRY,CLASE B-C,3,13
5621,7,2,DRY,CLASE B-C,4,13
5622,7,2,DRY,CLASE B-C,1,13
5623,7,2,DRY,CLASE B-C,3,13
5624,7,2,DRY,CLASE B-C,2,13
5625,7,2,DRY,CLASE B-C,2,13
5626,7,2,DRY,CLASE B-C,2,13
5627,7,2,DRY,CLASE B-C,2,13
5628,7,2,DRY,CLASE B-C,3,13
5629,7,2,DRY,CLASE B-C,2,13
5630,7,2,DRY,CLASE B-C,2,13
5631,7,2,DRY,CLASE B-C,4,13
5632,7,2,DRY,CLASE B-C,4,13
5633,7,2,DRY,CLASE B-C,3,13
5634,7,2,DRY,CLASE B-C,3,13
5635,7,2,DRY,CLASE B-C,2,13
5636,7,2,DRY,CLASE B-C,4,13
5637,7,2,DRY,CLASE B-C,1,13
5638,7,2,DRY,CLASE B-C,4,13
5639,7,2,DRY,CLASE B-C,2,13
5640,7,2,DRY,CLASE B-C,2,13
5641,7,2,DRY,CLASE B-C,2,13
5642,7,2,DRY,CLASE B-C,4,13
5643,7,2,DRY,CLASE B-C,4,13
5644,7,2,DRY,CLASE B-C,2,13
5645,7,2,DRY,CLASE B-C,4,13
5646,7,2,DRY,CLASE B-C,2,13
5647,7,2,DRY,CLASE B-C,2,13
5648,7,2,DRY,CLASE B-C,2,13
5649,7,2,DRY,CLASE B-C,2,13
5650,7,2,DRY,CLASE B-C,2,13
5651,7,2,DRY,CLASE B-C,5,13
5652,7,2,DRY,CLASE B-C,3,13
5653,7,2,DRY,CLASE B-C,4,13
5654,7,2,DRY,CLASE B-C,4,13
5655,7,2,DRY,CLASE B-C,2,13
5656,7,2,DRY,CLASE B-C,1,13
5657,7,2,DRY,CLASE B-C,3,13
5658,7,2,DRY,CLASE B-C,2,13
5659,2,2,DRY,CLASE B-C,1,13
5660,2,2,DRY,CLASE B-C,1,13
5661,2,2,DRY,CLASE B-C,1,13
5662,2,2,DRY,CLASE B-C,1,13
5663,2,2,DRY,CLASE B-C,1,13
5664,2,2,DRY,CLASE B-C,2,13
5665,2,2,DRY,CLASE B-C,2,13
5666,2,2,DRY,CLASE B-C,2,13
5667,2,2,DRY,CLASE B-C,2,13
5668,2,2,DRY,CLASE B-C,3,13
5669,2,2,DRY,CLASE B-C,2,13
5670,2,2,DRY,CLASE B-C,2,13
5671,2,2,DRY,CLASE B-C,2,13
5672,2,2,DRY,CLASE B-C,2,13
5673,2,2,DRY,CLASE B-C,1,13
5674,2,2,DRY,CLASE B,3,13
5675,2,2,DRY,CLASE B-C,2,13
5676,2,2,DRY,CLASE B-C,2,13
5677,2,2,DRY,CLASE B-C,2,13
5678,2,2,DRY,CLASE B-C,2,13
5679,2,2,DRY,CLASE B-C,2,13
5680,2,2,DRY,CLASE B-C,2,13
5681,2,2,DRY,CLASE B-C,2,13
5682,2,2,DRY,CLASE B-C,2,13
5683,2,2,DRY,CLASE B-C,2,13
5684,2,2,DRY,CLASE B-C,1,13
5685,2,2,DRY,CLASE B-C,2,13
5686,2,2,DRY,CLASE B-C,2,13
5687,2,2,DRY,CLASE B-C,3,13
5688,2,2,DRY,CLASE B-C,2,13
5689,2,2,DRY,CLASE B-C,2,13
5690,2,2,DRY,CLASE B-C,2,13
5691,2,2,DRY,CLASE B-C,2,13
5692,2,2,DRY,CLASE B-C,2,13
5693,2,2,DRY,CLASE B-C,1,13
5694,2,2,DRY,CLASE B-C,1,13
5695,2,2,DRY,CLASE B-C,2,13
5696,2,2,DRY,CLASE B-C,2,13
5697,2,2,DRY,CLASE B-C,2,13
5698,2,2,DRY,CLASE B-C,1,13
5699,2,2,DRY,CLASE B-C,1,13
5700,2,2,DRY,CLASE B-C,2,13
5701,2,2,DRY,CLASE B-C,2,13
5702,2,2,DRY,CLASE B-C,2,13
5703,2,2,DRY,CLASE B-C,2,13
5704,2,2,DRY,CLASE B,3,13
5705,2,2,DRY,CLASE A,3,13
5706,2,2,DRY,CLASE B-C,2,13
5707,2,2,DRY,CLASE B-C,1,13
5708,2,2,DRY,CLASE B-C,2,13
5709,2,2,DRY,CLASE B-C,2,13
5710,2,2,DRY,CLASE B-C,2,13
5711,2,2,DRY,CLASE B-C,2,13
5712,2,2,DRY,CLASE B-C,2,13
5713,2,2,DRY,CLASE B-C,2,13
5714,2,2,DRY,CLASE B-C,2,13
5715,2,2,DRY,CLASE B-C,2,13
5716,2,2,DRY,CLASE B-C,2,13
5717,2,2,DRY,CLASE B-C,2,13
5718,2,2,DRY,CLASE B-C,2,13
5719,2,2,DRY,CLASE B-C,2,13
5720,2,2,DRY,CLASE B-C,1,13
5721,2,2,DRY,CLASE B-C,2,13
5722,2,2,DRY,CLASE B-C,2,13
5723,2,2,DRY,CLASE B-C,2,13
5724,2,2,DRY,CLASE B-C,2,13
5725,2,2,DRY,CLASE B-C,2,13
5726,2,2,DRY,CLASE B-C,2,13
5727,2,2,DRY,CLASE B-C,2,13
5728,2,2,DRY,CLASE B-C,2,13
5729,2,2,DRY,CLASE B-C,2,13
5730,2,2,DRY,CLASE B-C,2,13
5731,2,2,DRY,CLASE B-C,2,13
5732,2,2,DRY,CLASE B-C,2,13
5733,2,2,DRY,CLASE B-C,2,13
5734,2,2,DRY,CLASE B-C,2,13
5735,2,2,DRY,CLASE B-C,2,13
5736,2,2,DRY,CLASE B-C,2,13
5737,2,2,DRY,CLASE B-C,2,13
5738,2,2,DRY,CLASE B-C,1,13
5739,2,2,DRY,CLASE B-C,2,13
5740,2,2,DRY,CLASE B-C,2,13
5741,2,2,DRY,CLASE A,3,13
5742,2,2,DRY,CLASE A,3,13
5743,2,2,DRY,CLASE B-C,2,13
5744,2,2,DRY,CLASE B,3,13
5745,2,2,DRY,CLASE A,3,13
5746,2,2,DRY,CLASE A,2,13
5747,2,2,DRY,CLASE A,1,13
5748,2,2,DRY,CLASE B-C,1,13
5749,2,2,DRY,INSPECTION,1,13
5750,2,2,DRY,CLASE B-C,2,13
5751,2,2,DRY,CLASE B-C,2,13
5752,2,2,DRY,CLASE B-C,2,13
5753,2,2,DRY,CLASE B-C,2,13
5754,2,2,DRY,CLASE A,3,13
5755,2,2,DRY,CLASE B-C,2,13
5756,2,2,DRY,CLASE B-C,2,13
5757,2,2,DRY,CLASE B-C,2,13
5758,2,2,DRY,CLASE B-C,2,13
5759,2,2,DRY,CLASE B-C,2,13
5760,2,2,DRY,CLASE B-C,1,13
5761,2,2,DRY,CLASE B-C,1,13
5762,2,2,DRY,CLASE B-C,2,13
5763,2,2,DRY,CLASE B-C,2,13
5764,2,2,DRY,CLASE B-C,2,13
5765,2,2,DRY,CLASE B-C,2,13
5766,2,2,DRY,CLASE B-C,2,13
5767,2,2,DRY,CLASE B-C,2,13
5768,2,2,DRY,CLASE B-C,1,13
5769,2,2,DRY,CLASE B-C,2,13
5770,2,2,DRY,CLASE B-C,2,13
5771,2,2,DRY,CLASE B-C,1,13
5772,2,2,DRY,CLASE B-C,1,13
5773,2,2,DRY,CLASE B-C,1,13
5774,2,2,DRY,CLASE B-C,1,13
5775,2,2,DRY,CLASE B-C,1,13
5776,2,2,DRY,CLASE B-C,1,13
5777,2,2,DRY,CLASE B-C,1,13
5778,2,2,DRY,CLASE B-C,1,13
5779,2,2,DRY,CLASE B-C,1,13
5780,2,2,DRY,CLASE B-C,1,13
5781,2,2,DRY,CLASE B-C,1,13
5782,2,2,DRY,CLASE B-C,1,13
5783,2,2,DRY,CLASE B-C,1,13
5784,2,2,DRY,CLASE B-C,1,13
5785,2,2,DRY,CLASE B-C,1,13
5786,2,2,DRY,CLASE B-C,2,13
5787,2,2,DRY,CLASE B-C,2,13
5788,7,2,DRY,CLASE B-C,1,13
5789,7,2,DRY,CLASE B-C,1,13
5790,7,2,DRY,CLASE B-C,1,13
5791,2,2,DRY,CLASE B-C,2,13
5792,3,2,DRY,CLASE B-C,2,13
5793,3,2,DRY,CLASE B-C,1,13
5794,2,2,DRY,CLASE B-C,2,13
5795,7,2,DRY,CLASE B-C,1,13
5796,3,2,DRY,CLASE B-C,2,13
5797,3,2,DRY,CLASE B-C,1,13
5798,7,2,DRY,CLASE B-C,2,13
5799,7,2,DRY,CLASE B-C,2,13
5800,6,2,DRY,CLASE B-C,2,13
5801,7,2,DRY,CLASE B-C,2,13
5802,7,2,DRY,CLASE B-C,2,13
5803,2,2,DRY,CLASE B-C,1,13
5804,6,2,DRY,CLASE B-C,1,13
5805,6,2,DRY,CLASE B-C,1,13
5806,3,2,DRY,CLASE B-C,1,13
5807,6,2,DRY,CLASE B-C,1,13
5808,7,2,DRY,CLASE B-C,1,13
5809,3,2,DRY,CLASE A,19,14
5810,2,2,RF,CLASE B-C,13,14
5811,7,2,DRY,CLASE B-C,1,14
5812,7,2,DRY,CLASE B-C,1,14
5813,7,2,DRY,CLASE B-C,1,14
5814,7,2,DRY,CLASE B-C,1,14
5815,6,2,DRY,INSPECTION,82,14
5816,6,2,DRY,INSPECTION,82,14
5817,6,2,DRY,INSPECTION,57,14
5818,6,2,DRY,INSPECTION,55,14
5819,6,2,DRY,INSPECTION,39,14
5820,7,2,DRY,CLASE B-C,1,14
5821,7,2,DRY,CLASE B-C,1,14
5822,7,2,DRY,CLASE B-C,1,14
5823,6,2,DRY,INSPECTION,83,14
5824,6,2,DRY,INSPECTION,82,14
5825,6,2,DRY,INSPECTION,79,14
5826,6,2,DRY,INSPECTION,82,14
5827,6,2,DRY,INSPECTION,60,14
5828,6,2,DRY,INSPECTION,60,14
5829,6,2,DRY,INSPECTION,60,14
5830,6,2,DRY,INSPECTION,60,14
5831,6,2,DRY,INSPECTION,55,14
5832,6,2,DRY,INSPECTION,55,14
5833,6,2,DRY,INSPECTION,55,14
5834,6,2,DRY,INSPECTION,55,14
5835,1,2,RF,CLASE B-C,49,14
5836,6,2,DRY,INSPECTION,39,14
5837,1,2,RF,CLASE B-C,34,14
5838,1,2,RF,CLASE B-C,28,14
5839,6,2,DRY,INSPECTION,83,14
5840,6,2,DRY,INSPECTION,67,14
5841,1,2,RF,CLASE B-C,48,14
5842,6,2,DRY,INSPECTION,39,14
5843,7,2,RF,CLASE B-C,20,14
5844,2,2,DRY,CLASE B-C,26,14
5845,2,2,DRY,CLASE B-C,26,14
5846,2,2,DRY,CLASE B-C,22,14
5847,3,2,DRY,CLASE B-C,24,14
5848,2,2,DRY,CLASE B-C,4,14
5849,2,2,DRY,CLASE B-C,4,14
5850,2,2,DRY,CLASE B-C,3,14
5851,2,2,DRY,CLASE B-C,4,14
5852,2,2,DRY,CLASE B-C,4,14
5853,2,2,RF,CLASE B-C,2,14
5854,7,2,DRY,CLASE B-C,1,14
5855,7,2,DRY,CLASE B-C,1,14
5856,7,2,DRY,CLASE B-C,1,14
5857,7,2,DRY,CLASE B-C,1,14
5858,7,2,DRY,CLASE B-C,1,14
5859,7,2,DRY,CLASE B-C,1,14
5860,7,2,DRY,CLASE B-C,1,14
5861,7,2,DRY,CLASE B-C,1,14
5862,7,2,DRY,CLASE B-C,1,14
5863,7,2,DRY,CLASE B-C,1,14
5864,7,2,DRY,CLASE B-C,1,14
5865,7,2,DRY,CLASE B-C,1,14
5866,3,2,DRY,CLASE B-C,1,14
5867,3,2,DRY,CLASE B-C,1,14
5868,3,2,DRY,CLASE B-C,1,14
5869,3,2,DRY,CLASE B-C,1,14
5870,3,2,DRY,CLASE A,1,14
5871,6,2,DRY,INSPECTION,92,14
5872,4,2,DRY,CLASE B-C,83,14
5873,4,2,DRY,CLASE B-C,83,14
5874,4,2,DRY,CLASE B-C,83,14
5875,6,2,DRY,INSPECTION,82,14
5876,6,2,DRY,INSPECTION,82,14
5877,6,2,DRY,INSPECTION,82,14
5878,6,2,DRY,INSPECTION,82,14
5879,6,2,DRY,INSPECTION,60,14
5880,6,2,DRY,INSPECTION,60,14
5881,6,2,DRY,INSPECTION,60,14
5882,6,2,DRY,INSPECTION,60,14
5883,6,2,DRY,INSPECTION,35,14
5884,6,2,DRY,INSPECTION,60,14
5885,6,2,DRY,INSPECTION,55,14
5886,6,2,DRY,INSPECTION,35,14
5887,6,2,DRY,INSPECTION,57,14
5888,7,2,RF,CLASE B-C,56,14
5889,6,2,DRY,INSPECTION,54,14
5890,1,2,RF,CLASE B-C,49,14
5891,1,2,RF,CLASE B-C,49,14
5892,1,2,RF,CLASE B-C,48,14
5893,7,2,DRY,CLASE B-C,46,14
5894,1,2,RF,CLASE B-C,45,14
5895,1,2,RF,CLASE B-C,45,14
5896,1,2,RF,CLASE B-C,45,14
5897,7,2,RF,CLASE B-C,32,14
5898,7,2,RF,CLASE B-C,41,14
5899,7,2,RF,CLASE B-C,33,14
5900,7,2,RF,CLASE B-C,21,14
5901,7,2,RF,CLASE B-C,20,14
5902,7,2,RF,CLASE B-C,20,14
5903,1,2,RF,CLASE B-C,34,14
5904,2,2,DRY,CLASE B-C,26,14
5905,2,2,DRY,CLASE B-C,26,14
5906,2,2,DRY,CLASE B-C,22,14
5907,2,2,DRY,CLASE B-C,22,14
5908,2,2,DRY,CLASE B-C,26,14
5909,2,2,DRY,CLASE B-C,26,14
5910,2,2,DRY,CLASE B-C,26,14
5911,2,2,DRY,CLASE B-C,27,14
5912,2,2,DRY,CLASE B-C,17,14
5913,2,2,DRY,CLASE B-C,17,14
5914,1,2,RF,CLASE B-C,17,14
5915,7,2,DRY,CLASE B-C,15,14
5916,7,2,DRY,CLASE B-C,15,14
5917,3,2,DRY,CLASE B-C,14,14
5918,3,2,DRY,CLASE B-C,14,14
5919,7,2,DRY,CLASE B-C,3,14
5920,7,2,DRY,CLASE B,1,14
5921,7,2,DRY,CLASE B-C,1,14
5922,7,2,DRY,CLASE B-C,1,14
5923,7,2,DRY,CLASE B-C,1,14
5924,7,2,DRY,CLASE B-C,1,14
5925,7,2,DRY,CLASE B-C,1,14
5926,7,2,DRY,CLASE B-C,1,14
5927,7,2,DRY,CLASE B-C,1,14
5928,7,2,DRY,CLASE B-C,1,14
5929,7,2,DRY,CLASE B-C,1,14
5930,7,2,DRY,CLASE B-C,1,14
5931,7,2,DRY,CLASE B-C,1,14
5932,7,2,DRY,CLASE B-C,1,14
5933,7,2,DRY,CLASE B,1,14
5934,7,2,DRY,CLASE A,1,14
5935,7,1,DRY,CLASE B-C,142,14
5936,7,1,DRY,CLASE B-C,103,14
5937,7,1,DRY,CLASE B-C,67,14
5938,7,1,DRY,CLASE B-C,76,14
5939,7,1,DRY,CLASE B-C,82,14
5940,7,1,DRY,CLASE B-C,82,14
5941,7,1,DRY,CLASE B-C,85,14
5942,6,2,DRY,INSPECTION,93,14
5943,4,2,DRY,CLASE B-C,84,14
5944,4,2,DRY,CLASE B-C,84,14
5945,6,2,DRY,CLASE B-C,83,14
5946,6,2,DRY,INSPECTION,78,14
5947,7,1,DRY,CLASE B-C,79,14
5948,6,2,DRY,INSPECTION,73,14
5949,7,1,DRY,CLASE B-C,69,14
5950,6,2,DRY,INSPECTION,35,14
5951,6,2,DRY,INSPECTION,35,14
5952,6,2,DRY,INSPECTION,36,14
5953,6,2,DRY,INSPECTION,61,14
5954,6,2,DRY,INSPECTION,36,14
5955,6,2,DRY,INSPECTION,35,14
5956,6,2,DRY,INSPECTION,61,14
5957,6,2,DRY,INSPECTION,61,14
5958,6,2,DRY,INSPECTION,61,14
5959,6,2,DRY,INSPECTION,37,14
5960,6,2,DRY,INSPECTION,36,14
5961,1,2,RF,CLASE B-C,55,14
5962,7,1,DRY,CLASE B-C,50,14
5963,1,2,RF,CLASE B-C,48,14
5964,1,2,RF,CLASE B-C,49,14
5965,1,2,RF,CLASE B-C,49,14
5966,7,2,DRY,CLASE B-C,44,14
5967,1,2,RF,CLASE B-C,44,14
5968,1,2,RF,CLASE B-C,45,14
5969,1,2,RF,CLASE B-C,46,14
5970,6,2,DRY,CLASE B-C,36,14
5971,6,2,DRY,CLASE B-C,36,14
5972,6,2,DRY,CLASE B-C,36,14
5973,7,1,DRY,CLASE B-C,37,14
5974,7,2,RF,CLASE B-C,36,14
5975,7,2,RF,CLASE B-C,24,14
5976,3,2,DRY,CLASE A,20,14
5977,7,2,RF,CLASE B-C,32,14
5978,7,2,DRY,CLASE B-C,24,14
5979,7,2,DRY,CLASE B-C,22,14
5980,7,2,DRY,CLASE B-C,22,14
5981,7,2,DRY,CLASE B-C,22,14
5982,7,2,DRY,CLASE B-C,22,14
5983,7,2,RF,CLASE B-C,32,14
5984,7,2,RF,CLASE B-C,21,14
5985,7,1,DRY,CLASE B-C,16,14
5986,7,1,DRY,CLASE B-C,15,14
5987,7,2,DRY,CLASE B-C,19,14
5988,7,1,DRY,CLASE B-C,16,14
5989,7,1,DRY,CLASE B-C,16,14
5990,7,2,DRY,CLASE B-C,18,14
5991,7,1,DRY,CLASE B-C,16,14
5992,7,1,DRY,CLASE B-C,16,14
5993,7,1,DRY,CLASE B-C,16,14
5994,7,2,DRY,CLASE B-C,18,14
5995,7,2,DRY,CLASE B-C,16,14
5996,7,2,DRY,CLASE B-C,16,14
5997,7,2,DRY,CLASE B-C,16,14
5998,7,2,DRY,CLASE B-C,14,14
5999,7,2,DRY,INSPECTION,14,14
6000,7,2,DRY,CLASE B-C,16,14
6001,7,2,DRY,CLASE B-C,17,14
6002,7,2,DRY,CLASE B-C,15,14
6003,7,2,DRY,CLASE B-C,16,14
6004,7,2,DRY,CLASE B-C,16,14
6005,7,2,DRY,CLASE B-C,15,14
6006,7,2,DRY,CLASE B-C,16,14
6007,7,2,DRY,CLASE B,16,14
6008,7,2,DRY,CLASE B-C,14,14
6009,7,2,DRY,CLASE B-C,16,14
6010,7,2,DRY,CLASE B-C,16,14
6011,7,2,DRY,CLASE B-C,16,14
6012,7,2,DRY,CLASE B-C,16,14
6013,7,2,DRY,CLASE B-C,14,14
6014,7,2,DRY,CLASE B-C,16,14
6015,7,2,DRY,CLASE B-C,16,14
6016,3,2,DRY,CLASE B-C,15,14
6017,3,2,DRY,CLASE B-C,15,14
6018,6,2,RF,CLASE B-C,8,14
6019,6,2,RF,CLASE B-C,5,14
6020,6,2,RF,INSPECTION,6,14
6021,6,2,RF,CLASE B-C,6,14
6022,6,2,RF,CLASE B-C,6,14
6023,6,2,RF,INSPECTION,6,14
6024,6,2,RF,CLASE B-C,5,14
6025,2,2,DRY,CLASE B-C,5,14
6026,2,2,DRY,CLASE B-C,5,14
6027,2,2,DRY,CLASE B-C,5,14
6028,2,2,DRY,CLASE B-C,5,14
6029,2,2,DRY,CLASE B-C,5,14
6030,2,2,DRY,CLASE B-C,5,14
6031,2,2,RF,CLASE B-C,3,14
6032,7,1,DRY,CLASE B-C,5,14
6033,7,2,DRY,CLASE B-C,4,14
6034,7,2,DRY,CLASE B-C,5,14
6035,3,2,DRY,CLASE B-C,2,14
6036,3,2,DRY,CLASE B-C,2,14
6037,3,2,DRY,CLASE B-C,2,14
6038,7,2,DRY,CLASE B-C,1,14
6039,7,2,DRY,CLASE B-C,1,14
6040,7,2,DRY,CLASE B-C,1,14
6041,7,2,DRY,CLASE B-C,1,14
6042,7,2,DRY,CLASE B-C,1,14
6043,7,2,RF,CLASE B-C,3,14
6044,7,2,RF,CLASE B-C,3,14
6045,7,2,RF,CLASE B-C,3,14
6046,7,2,DRY,CLASE B,1,14
6047,7,2,DRY,CLASE B-C,2,14
6048,7,2,RF,CLASE B-C,3,14
6049,7,2,RF,CLASE B-C,3,14
6050,7,2,RF,CLASE B-C,3,14
6051,7,2,DRY,CLASE B-C,1,14
6052,7,2,DRY,CLASE B-C,1,14
6053,7,2,DRY,CLASE B,1,14
6054,7,2,DRY,CLASE B-C,4,14
6055,7,2,DRY,CLASE B-C,2,14
6056,7,2,DRY,CLASE B-C,2,14
6057,3,2,DRY,CLASE B-C,1,14
6058,3,2,DRY,CLASE B-C,1,14
6059,3,2,DRY,CLASE B-C,1,14
6060,3,2,DRY,CLASE B-C,1,14
6061,2,2,DRY,CLASE B-C,1,14
6062,3,2,DRY,CLASE B-C,1,14
6063,6,2,DRY,CLASE B-C,144,14
6064,6,2,DRY,INSPECTION,27,14
6065,2,2,DRY,CLASE B-C,81,14
6066,6,2,DRY,INSPECTION,59,14
6067,6,2,DRY,CLASE B-C,37,14
6068,6,2,DRY,CLASE B-C,37,14
6069,6,2,DRY,CLASE B-C,37,14
6070,7,2,DRY,CLASE B-C,63,14
6071,7,2,DRY,CLASE B-C,62,14
6072,6,2,DRY,INSPECTION,57,14
6073,6,2,DRY,CLASE B-C,37,14
6074,6,2,DRY,CLASE B-C,37,14
6075,6,2,DRY,CLASE B-C,37,14
6076,6,2,DRY,CLASE B-C,37,14
6077,6,2,DRY,CLASE B-C,56,14
6078,6,2,DRY,CLASE B-C,37,14
6079,6,2,DRY,CLASE B,37,14
6080,6,2,DRY,CLASE B-C,37,14
6081,6,2,DRY,CLASE B-C,37,14
6082,6,2,DRY,CLASE B-C,37,14
6083,6,2,DRY,CLASE B-C,37,14
6084,6,2,DRY,CLASE B-C,37,14
6085,6,2,DRY,CLASE B-C,37,14
6086,6,2,DRY,INSPECTION,57,14
6087,6,2,DRY,INSPECTION,57,14
6088,6,2,DRY,CLASE B-C,56,14
6089,1,2,RF,CLASE B-C,49,14
6090,7,2,DRY,CLASE B-C,47,14
6091,7,2,DRY,CLASE B-C,44,14
6092,1,2,RF,CLASE B-C,46,14
6093,6,2,DRY,CLASE B-C,36,14
6094,6,2,DRY,CLASE B-C,36,14
6095,6,2,DRY,INSPECTION,26,14
6096,6,2,DRY,CLASE B-C,37,14
6097,6,2,DRY,CLASE B-C,37,14
6098,6,2,DRY,CLASE B-C,37,14
6099,6,2,DRY,INSPECTION,26,14
6100,6,2,DRY,CLASE B-C,37,14
6101,6,2,DRY,INSPECTION,26,14
6102,6,2,DRY,CLASE B-C,37,14
6103,6,2,DRY,INSPECTION,26,14
6104,6,2,DRY,INSPECTION,41,14
6105,6,2,DRY,CLASE B-C,37,14
6106,6,2,DRY,INSPECTION,26,14
6107,6,2,DRY,CLASE B-C,37,14
6108,6,2,DRY,INSPECTION,41,14
6109,6,2,DRY,INSPECTION,26,14
6110,6,2,DRY,CLASE B-C,36,14
6111,6,2,DRY,CLASE B-C,36,14
6112,6,2,DRY,CLASE B-C,36,14
6113,6,2,DRY,CLASE B-C,37,14
6114,6,2,DRY,CLASE B-C,37,14
6115,6,2,DRY,INSPECTION,26,14
6116,6,2,DRY,CLASE B-C,37,14
6117,6,2,DRY,CLASE B-C,37,14
6118,6,2,DRY,CLASE B-C,36,14
6119,6,2,DRY,INSPECTION,26,14
6120,7,2,DRY,CLASE B-C,32,14
6121,7,2,DRY,CLASE B-C,38,14
6122,7,2,DRY,CLASE B-C,40,14
6123,7,2,DRY,CLASE B-C,22,14
6124,7,2,DRY,CLASE B-C,22,14
6125,7,2,DRY,CLASE B-C,22,14
6126,7,2,DRY,CLASE B-C,24,14
6127,7,2,DRY,CLASE B-C,22,14
6128,4,2,DRY,CLASE B-C,30,14
6129,8,2,DRY,CLASE B-C,15,14
6130,8,2,DRY,CLASE B-C,16,14
6131,7,2,DRY,CLASE B-C,20,14
6132,2,2,DRY,CLASE B-C,21,14
6133,2,2,DRY,CLASE B-C,21,14
6134,2,2,DRY,CLASE B-C,21,14
6135,2,2,DRY,CLASE B-C,21,14
6136,2,2,DRY,CLASE B-C,21,14
6137,2,2,DRY,CLASE B-C,21,14
6138,2,2,DRY,CLASE B-C,18,14
6139,2,2,DRY,CLASE B-C,19,14
6140,2,2,DRY,CLASE B-C,19,14
6141,2,2,DRY,CLASE B-C,19,14
6142,2,2,DRY,CLASE B-C,19,14
6143,2,2,DRY,CLASE B-C,18,14
6144,2,2,DRY,CLASE B-C,19,14
6145,7,2,DRY,CLASE B-C,14,14
6146,7,2,DRY,CLASE B-C,15,14
6147,7,2,DRY,CLASE B-C,15,14
6148,7,2,DRY,CLASE B-C,15,14
6149,7,2,DRY,CLASE B-C,14,14
6150,6,2,RF,CLASE B-C,16,14
6151,6,2,RF,CLASE B-C,6,14
6152,6,2,RF,CLASE B-C,6,14
6153,6,2,RF,CLASE B-C,6,14
6154,6,2,RF,CLASE B-C,6,14
6155,2,2,DRY,CLASE B-C,5,14
6156,2,2,DRY,CLASE B-C,5,14
6157,2,2,DRY,CLASE B-C,5,14
6158,7,2,DRY,CLASE B-C,6,14
6159,7,2,DRY,CLASE B,2,14
6160,7,2,DRY,CLASE B,1,14
6161,7,2,DRY,CLASE B-C,1,14
6162,7,2,DRY,CLASE B,1,14
6163,7,2,DRY,CLASE B-C,1,14
6164,7,2,DRY,CLASE B-C,1,14
6165,7,2,DRY,CLASE B-C,1,14
6166,7,2,DRY,CLASE B-C,1,14
6167,7,2,DRY,CLASE B-C,2,14
6168,7,2,DRY,CLASE B-C,1,14
6169,7,2,DRY,CLASE B-C,1,14
6170,7,2,DRY,CLASE B-C,1,14
6171,7,2,DRY,CLASE B-C,2,14
6172,7,2,DRY,CLASE B-C,1,14
6173,7,2,DRY,CLASE B-C,1,14
6174,7,2,DRY,CLASE B-C,2,14
6175,7,2,DRY,CLASE B-C,1,14
6176,7,2,DRY,CLASE B-C,1,14
6177,7,2,DRY,CLASE B-C,2,14
6178,7,2,DRY,CLASE B-C,1,14
6179,7,2,DRY,CLASE B-C,1,14
6180,7,2,DRY,CLASE B-C,1,14
6181,7,2,DRY,CLASE B-C,1,14
6182,7,2,DRY,CLASE B-C,1,14
6183,7,2,DRY,CLASE B-C,2,14
6184,7,2,DRY,CLASE B-C,2,14
6185,7,2,DRY,CLASE B-C,2,14
6186,7,2,DRY,CLASE B-C,1,14
6187,7,2,DRY,CLASE B-C,1,14
6188,7,2,DRY,CLASE B-C,1,14
6189,7,2,DRY,CLASE B-C,1,14
6190,7,2,DRY,CLASE D,2,14
6191,7,2,DRY,CLASE B-C,2,14
6192,7,2,DRY,CLASE B-C,2,14
6193,7,2,RF,CLASE B-C,3,14
6194,7,2,RF,CLASE B-C,3,14
6195,7,2,RF,CLASE B-C,3,14
6196,7,2,RF,CLASE B-C,3,14
6197,7,2,DRY,CLASE B-C,1,14
6198,7,2,DRY,CLASE B-C,2,14
6199,7,2,DRY,CLASE B-C,1,14
6200,7,2,DRY,CLASE B-C,1,14
6201,7,2,DRY,CLASE B-C,1,14
6202,7,2,DRY,CLASE B-C,1,14
6203,7,2,DRY,CLASE A,1,14
6204,7,2,DRY,CLASE B-C,1,14
6205,7,2,DRY,CLASE B-C,1,14
6206,7,2,DRY,CLASE B-C,1,14
6207,7,2,DRY,CLASE A,1,14
6208,7,2,DRY,CLASE B-C,1,14
6209,7,2,DRY,CLASE B-C,1,14
6210,7,2,DRY,CLASE B-C,1,14
6211,7,2,DRY,CLASE B-C,1,14
6212,7,2,DRY,CLASE B-C,1,14
6213,7,2,DRY,CLASE B-C,2,14
6214,7,2,DRY,CLASE B-C,2,14
6215,7,2,DRY,CLASE B-C,1,14
6216,7,2,DRY,CLASE B-C,1,14
6217,7,2,DRY,CLASE B-C,1,14
6218,7,2,DRY,CLASE B-C,1,14
6219,7,2,DRY,CLASE B-C,1,14
6220,7,2,DRY,CLASE B-C,1,14
6221,7,2,DRY,CLASE B-C,1,14
6222,7,2,DRY,CLASE B-C,1,14
6223,7,2,DRY,CLASE B-C,1,14
6224,7,2,DRY,CLASE B-C,1,14
6225,7,2,DRY,CLASE B-C,1,14
6226,7,2,DRY,CLASE B-C,1,14
6227,7,2,DRY,CLASE B-C,2,14
6228,7,2,DRY,CLASE B-C,2,14
6229,7,2,DRY,CLASE B-C,1,14
6230,7,2,DRY,CLASE B-C,1,14
6231,7,2,DRY,CLASE B-C,1,14
6232,7,2,DRY,CLASE B-C,2,14
6233,7,2,DRY,CLASE B-C,1,14
6234,7,2,RF,CLASE B-C,3,14
6235,7,2,DRY,CLASE B-C,1,14
6236,7,2,DRY,CLASE B-C,1,14
6237,7,2,DRY,CLASE B-C,1,14
6238,7,2,DRY,CLASE B-C,1,14
6239,7,2,DRY,CLASE B-C,2,14
6240,7,2,DRY,CLASE B-C,1,14
6241,7,2,DRY,CLASE B-C,1,14
6242,7,2,DRY,CLASE B-C,1,14
6243,7,2,DRY,CLASE B-C,1,14
6244,7,2,DRY,CLASE B-C,1,14
6245,7,2,DRY,CLASE B-C,1,14
6246,7,2,DRY,CLASE B-C,2,14
6247,7,2,DRY,CLASE B,2,14
6248,7,2,DRY,CLASE B-C,1,14
6249,7,2,DRY,CLASE B,2,14
6250,7,2,DRY,CLASE B-C,2,14
6251,7,2,DRY,CLASE B-C,1,14
6252,7,2,DRY,CLASE B-C,2,14
6253,7,2,DRY,CLASE B-C,1,14
6254,7,2,DRY,CLASE B-C,1,14
6255,7,2,DRY,CLASE B-C,2,14
6256,7,2,DRY,CLASE B-C,2,14
6257,7,2,DRY,CLASE B-C,1,14
6258,7,2,DRY,CLASE B-C,1,14
6259,7,2,DRY,CLASE B-C,2,14
6260,7,2,DRY,CLASE B-C,1,14
6261,7,2,DRY,CLASE B-C,2,14
6262,7,2,DRY,CLASE B-C,1,14
6263,7,2,DRY,CLASE B-C,1,14
6264,7,2,DRY,CLASE B,1,14
6265,7,2,DRY,CLASE B,2,14
6266,7,2,DRY,CLASE B,2,14
6267,7,2,DRY,CLASE B-C,1,14
6268,7,2,DRY,CLASE B-C,1,14
6269,7,2,DRY,CLASE B,1,14
6270,7,2,DRY,CLASE B-C,1,14
6271,7,2,DRY,CLASE B-C,1,14
6272,7,2,DRY,CLASE B-C,1,14
6273,7,2,DRY,CLASE B-C,1,14
6274,7,2,DRY,CLASE B-C,1,14
6275,7,2,DRY,CLASE B-C,1,14
6276,7,2,DRY,CLASE B-C,1,14
6277,7,2,DRY,CLASE B-C,1,14
6278,7,2,DRY,CLASE B-C,1,14
6279,7,2,DRY,CLASE B-C,1,14
6280,7,2,DRY,CLASE B-C,1,14
6281,7,2,DRY,CLASE B-C,2,14
6282,7,2,DRY,CLASE B-C,1,14
6283,7,2,DRY,CLASE B-C,2,14
6284,7,2,RF,CLASE B-C,3,14
6285,7,2,DRY,CLASE B-C,2,14
6286,7,2,DRY,CLASE B-C,2,14
6287,7,2,DRY,CLASE B-C,2,14
6288,7,2,DRY,CLASE B-C,1,14
6289,7,2,DRY,CLASE B-C,2,14
6290,7,2,DRY,CLASE B-C,1,14
6291,7,2,DRY,CLASE B-C,1,14
6292,7,2,DRY,CLASE B-C,1,14
6293,7,2,DRY,CLASE B-C,2,14
6294,7,2,DRY,CLASE B-C,1,14
6295,7,2,DRY,CLASE B-C,1,14
6296,7,2,DRY,CLASE B-C,1,14
6297,7,2,DRY,CLASE B-C,1,14
6298,7,2,DRY,CLASE B-C,1,14
6299,7,2,DRY,CLASE B-C,2,14
6300,7,2,DRY,CLASE A,2,14
6301,7,2,DRY,CLASE B-C,1,14
6302,7,2,DRY,CLASE B-C,1,14
6303,7,2,DRY,CLASE B-C,1,14
6304,7,2,DRY,CLASE B,2,14
6305,7,2,DRY,CLASE B-C,1,14
6306,7,2,DRY,CLASE B-C,1,14
6307,7,2,DRY,CLASE B-C,1,14
6308,7,2,DRY,CLASE B-C,1,14
6309,8,2,RF,CLASE B-C,4,14
6310,6,2,DRY,CLASE B-C,2,14
6311,2,2,DRY,CLASE B-C,1,14
6312,2,2,DRY,CLASE B-C,1,14
6313,2,2,DRY,CLASE B-C,1,14
6314,6,2,DRY,CLASE B-C,1,14
6315,2,2,DRY,CLASE B-C,1,14
6316,2,2,DRY,CLASE B-C,1,14
6317,6,2,DRY,INSPECTION,1,14
6318,6,2,DRY,INSPECTION,1,14
6319,7,2,RF,INSPECTION,555,14
6320,1,2,RF,CLASE B-C,141,14
6321,6,2,DRY,INSPECTION,121,14
6322,6,2,DRY,INSPECTION,124,14
6323,6,2,DRY,INSPECTION,87,14
6324,6,2,DRY,INSPECTION,86,14
6325,6,2,DRY,INSPECTION,27,14
6326,6,2,DRY,INSPECTION,27,14
6327,6,2,DRY,INSPECTION,27,14
6328,6,2,DRY,INSPECTION,87,14
6329,6,2,DRY,INSPECTION,87,14
6330,6,2,DRY,INSPECTION,122,14
6331,6,2,DRY,INSPECTION,85,14
6332,6,2,DRY,INSPECTION,84,14
6333,6,2,DRY,INSPECTION,80,14
6334,6,2,DRY,INSPECTION,84,14
6335,6,2,DRY,INSPECTION,77,14
6336,6,2,DRY,INSPECTION,68,14
6337,6,2,DRY,INSPECTION,68,14
6338,6,2,DRY,INSPECTION,66,14
6339,6,2,RF,CLASE B-C,64,14
6340,6,2,DRY,INSPECTION,37,14
6341,6,2,DRY,INSPECTION,38,14
6342,6,2,DRY,INSPECTION,57,14
6343,6,2,DRY,INSPECTION,60,14
6344,6,2,DRY,INSPECTION,57,14
6345,6,2,DRY,INSPECTION,52,14
6346,6,2,DRY,INSPECTION,57,14
6347,6,2,DRY,INSPECTION,63,14
6348,6,2,DRY,INSPECTION,62,14
6349,6,2,DRY,INSPECTION,51,14
6350,6,2,DRY,INSPECTION,54,14
6351,6,2,DRY,INSPECTION,52,14
6352,6,2,DRY,INSPECTION,38,14
6353,6,2,DRY,INSPECTION,51,14
6354,6,2,DRY,INSPECTION,52,14
6355,6,2,DRY,INSPECTION,38,14
6356,6,2,DRY,INSPECTION,51,14
6357,6,2,DRY,INSPECTION,51,14
6358,6,2,DRY,INSPECTION,38,14
6359,6,2,DRY,INSPECTION,52,14
6360,6,2,DRY,INSPECTION,51,14
6361,6,2,DRY,INSPECTION,51,14
6362,7,2,DRY,CLASE B-C,58,14
6363,7,2,DRY,CLASE B-C,58,14
6364,6,2,DRY,INSPECTION,59,14
6365,6,2,DRY,INSPECTION,58,14
6366,6,2,DRY,CLASE B-C,58,14
6367,6,2,DRY,INSPECTION,57,14
6368,6,2,DRY,INSPECTION,57,14
6369,6,2,DRY,INSPECTION,57,14
6370,6,2,DRY,INSPECTION,57,14
6371,6,2,DRY,INSPECTION,57,14
6372,1,2,RF,CLASE B-C,50,14
6373,1,2,RF,CLASE B-C,50,14
6374,1,2,RF,CLASE B-C,50,14
6375,1,2,RF,CLASE B-C,51,14
6376,6,2,DRY,INSPECTION,55,14
6377,6,2,DRY,INSPECTION,55,14
6378,6,2,DRY,INSPECTION,55,14
6379,6,2,DRY,INSPECTION,55,14
6380,6,2,DRY,INSPECTION,55,14
6381,6,2,DRY,INSPECTION,55,14
6382,6,2,DRY,INSPECTION,55,14
6383,6,2,DRY,INSPECTION,55,14
6384,6,2,DRY,INSPECTION,54,14
6385,6,2,DRY,INSPECTION,54,14
6386,6,2,DRY,INSPECTION,52,14
6387,6,2,DRY,INSPECTION,52,14
6388,7,2,DRY,CLASE B-C,31,14
6389,7,2,DRY,CLASE B-C,31,14
6390,7,2,DRY,CLASE B-C,31,14
6391,7,2,DRY,CLASE B-C,31,14
6392,7,2,DRY,CLASE B-C,31,14
6393,7,2,DRY,CLASE B-C,31,14
6394,7,2,DRY,CLASE B-C,30,14
6395,7,2,DRY,CLASE B-C,30,14
6396,7,2,DRY,CLASE B-C,31,14
6397,7,2,DRY,CLASE B-C,31,14
6398,7,2,DRY,CLASE B-C,30,14
6399,7,2,DRY,CLASE B-C,31,14
6400,7,2,DRY,CLASE B-C,30,14
6401,7,2,DRY,CLASE B-C,31,14
6402,7,2,DRY,CLASE B-C,31,14
6403,7,2,DRY,CLASE B-C,31,14
6404,7,2,DRY,CLASE B-C,31,14
6405,7,2,DRY,CLASE B-C,31,14
6406,7,2,DRY,CLASE B-C,31,14
6407,7,2,DRY,CLASE B-C,31,14
6408,7,2,DRY,CLASE B-C,31,14
6409,7,2,DRY,CLASE B-C,31,14
6410,7,2,DRY,CLASE B-C,31,14
6411,7,2,DRY,CLASE B-C,31,14
6412,7,2,DRY,CLASE B-C,31,14
6413,7,2,DRY,CLASE B-C,31,14
6414,7,2,DRY,CLASE B-C,31,14
6415,7,2,DRY,CLASE B-C,31,14
6416,7,2,DRY,CLASE B-C,31,14
6417,7,2,DRY,CLASE B-C,31,14
6418,7,2,DRY,CLASE B-C,44,14
6419,7,2,DRY,CLASE B-C,31,14
6420,7,2,DRY,CLASE B-C,31,14
6421,6,2,DRY,CLASE B-C,38,14
6422,6,2,DRY,INSPECTION,41,14
6423,6,2,DRY,INSPECTION,27,14
6424,6,2,DRY,CLASE B-C,27,14
6425,6,2,DRY,INSPECTION,30,14
6426,6,2,DRY,INSPECTION,39,14
6427,6,2,DRY,CLASE B-C,39,14
6428,6,2,DRY,INSPECTION,28,14
6429,6,2,DRY,INSPECTION,27,14
6430,6,2,DRY,INSPECTION,39,14
6431,6,2,DRY,INSPECTION,31,14
6432,6,2,DRY,INSPECTION,27,14
6433,6,2,DRY,INSPECTION,39,14
6434,6,2,DRY,INSPECTION,34,14
6435,6,2,DRY,INSPECTION,41,14
6436,6,2,DRY,INSPECTION,41,14
6437,6,2,DRY,INSPECTION,38,14
6438,6,2,DRY,INSPECTION,37,14
6439,6,2,DRY,INSPECTION,41,14
6440,6,2,DRY,INSPECTION,34,14
6441,6,2,DRY,INSPECTION,27,14
6442,6,2,DRY,CLASE A,38,14
6443,6,2,DRY,INSPECTION,27,14
6444,6,2,DRY,INSPECTION,36,14
6445,6,2,DRY,INSPECTION,41,14
6446,6,2,DRY,CLASE B-C,39,14
6447,6,2,DRY,INSPECTION,39,14
6448,6,2,DRY,INSPECTION,27,14
6449,6,2,DRY,INSPECTION,39,14
6450,6,2,DRY,INSPECTION,41,14
6451,6,2,DRY,INSPECTION,41,14
6452,6,2,DRY,INSPECTION,41,14
6453,6,2,DRY,INSPECTION,37,14
6454,6,2,DRY,INSPECTION,39,14
6455,6,2,DRY,INSPECTION,39,14
6456,6,2,DRY,INSPECTION,39,14
6457,6,2,DRY,CLASE B-C,39,14
6458,7,2,DRY,CLASE B-C,39,14
6459,7,2,DRY,CLASE B-C,32,14
6460,3,2,DRY,CLASE B-C,36,14
6461,7,2,DRY,CLASE B-C,31,14
6462,7,2,RF,CLASE B-C,26,14
6463,7,2,DRY,CLASE B-C,25,14
6464,7,2,DRY,CLASE B-C,31,14
6465,7,2,DRY,CLASE B-C,25,14
6466,7,2,DRY,CLASE B-C,34,14
6467,7,2,DRY,CLASE B-C,34,14
6468,7,2,DRY,CLASE B-C,25,14
6469,7,2,DRY,CLASE B-C,34,14
6470,7,2,DRY,CLASE B-C,25,14
6471,7,2,DRY,CLASE B-C,25,14
6472,7,2,DRY,CLASE B-C,29,14
6473,3,2,DRY,CLASE B-C,28,14
6474,3,2,DRY,CLASE B-C,29,14
6475,3,2,DRY,CLASE B-C,28,14
6476,3,2,DRY,CLASE B-C,28,14
6477,3,2,DRY,CLASE B-C,28,14
6478,3,2,DRY,CLASE B-C,29,14
6479,3,2,DRY,CLASE B-C,28,14
6480,3,2,DRY,CLASE B-C,28,14
6481,8,2,DRY,CLASE B-C,24,14
6482,6,2,RF,CLASE B-C,23,14
6483,3,2,DRY,CLASE B-C,24,14
6484,7,2,DRY,CLASE B-C,23,14
6485,7,2,DRY,CLASE B-C,20,14
6486,7,2,DRY,CLASE B-C,21,14
6487,7,2,DRY,CLASE B-C,21,14
6488,6,2,DRY,INSPECTION,23,14
6489,6,2,RF,CLASE B-C,22,14
6490,6,2,RF,CLASE B-C,19,14
6491,6,2,RF,CLASE B-C,19,14
6492,7,2,DRY,CLASE B-C,15,14
6493,7,2,DRY,CLASE D,15,14
6494,7,2,DRY,CLASE B-C,16,14
6495,7,2,DRY,CLASE B-C,16,14
6496,7,2,DRY,CLASE B-C,16,14
6497,7,2,DRY,CLASE B-C,16,14
6498,7,2,DRY,CLASE B-C,15,14
6499,7,2,DRY,CLASE B-C,15,14
6500,7,2,DRY,CLASE B-C,15,14
6501,7,2,DRY,CLASE B-C,18,14
6502,7,2,DRY,CLASE B-C,18,14
6503,7,2,DRY,CLASE B-C,16,14
6504,6,2,RF,CLASE B-C,17,14
6505,3,2,DRY,CLASE B-C,17,14
6506,3,2,DRY,CLASE B-C,17,14
6507,3,2,DRY,CLASE B-C,16,14
6508,3,2,DRY,CLASE D,16,14
6509,3,2,DRY,CLASE D,16,14
6510,3,2,DRY,CLASE B-C,16,14
6511,3,2,DRY,CLASE B-C,17,14
6512,3,2,DRY,CLASE D,16,14
6513,3,2,DRY,CLASE B-C,17,14
6514,3,2,DRY,CLASE B-C,15,14
6515,3,2,DRY,CLASE B-C,9,14
6516,3,2,DRY,CLASE B-C,9,14
6517,3,2,DRY,CLASE B-C,10,14
6518,3,2,DRY,CLASE B-C,10,14
6519,3,2,DRY,CLASE B-C,9,14
6520,3,2,DRY,CLASE B-C,9,14
6521,6,2,RF,CLASE B-C,7,14
6522,6,2,RF,CLASE B-C,7,14
6523,6,2,RF,CLASE B-C,8,14
6524,6,2,RF,CLASE B-C,9,14
6525,6,2,RF,CLASE B-C,8,14
6526,6,2,RF,CLASE B-C,7,14
6527,6,2,RF,CLASE B-C,8,14
6528,6,2,RF,CLASE B-C,7,14
6529,6,2,RF,CLASE B-C,8,14
6530,6,2,RF,CLASE B-C,8,14
6531,6,2,RF,INSPECTION,7,14
6532,6,2,RF,CLASE B-C,7,14
6533,6,2,RF,INSPECTION,7,14
6534,7,2,DRY,CLASE B-C,9,14
6535,7,2,DRY,CLASE B-C,8,14
6536,7,2,DRY,CLASE B-C,9,14
6537,7,2,DRY,CLASE B-C,10,14
6538,7,2,DRY,CLASE B-C,10,14
6539,7,2,DRY,CLASE B-C,8,14
6540,7,2,DRY,CLASE B-C,9,14
6541,7,2,DRY,CLASE B-C,9,14
6542,7,2,DRY,CLASE B-C,8,14
6543,7,2,DRY,CLASE B-C,8,14
6544,7,2,DRY,CLASE B-C,10,14
6545,7,2,DRY,CLASE B-C,9,14
6546,2,2,DRY,CLASE B-C,6,14
6547,2,2,DRY,CLASE B-C,6,14
6548,6,2,DRY,CLASE B-C,7,14
6549,6,2,DRY,INSPECTION,7,14
6550,6,2,DRY,INSPECTION,6,14
6551,6,2,DRY,INSPECTION,7,14
6552,3,2,DRY,CLASE B-C,1,14
6553,3,2,DRY,CLASE B-C,1,14
6554,3,2,DRY,CLASE B-C,1,14
6555,3,2,DRY,CLASE B-C,3,14
6556,3,2,DRY,CLASE B-C,1,14
6557,3,2,DRY,CLASE B-C,1,14
6558,3,2,DRY,CLASE B-C,1,14
6559,3,2,DRY,CLASE B-C,1,14
6560,3,2,DRY,CLASE D,1,14
6561,3,2,DRY,CLASE B-C,1,14
6562,3,2,DRY,CLASE B-C,1,14
6563,3,2,DRY,CLASE B-C,1,14
6564,3,2,DRY,CLASE B-C,1,14
6565,3,2,DRY,CLASE B-C,1,14
6566,3,2,DRY,CLASE B-C,1,14
6567,3,2,DRY,CLASE B-C,1,14
6568,3,2,DRY,CLASE B-C,1,14
6569,3,2,DRY,CLASE B-C,1,14
6570,3,2,DRY,CLASE B-C,1,14
6571,3,2,DRY,CLASE B-C,1,14
6572,3,2,DRY,CLASE B-C,1,14
6573,3,2,DRY,CLASE B-C,1,14
6574,3,2,DRY,CLASE B-C,1,14
6575,3,2,DRY,CLASE B-C,1,14
6576,3,2,DRY,CLASE B-C,3,14
6577,3,2,DRY,CLASE B-C,1,14
6578,3,2,DRY,CLASE B-C,3,14
6579,3,2,DRY,CLASE B-C,1,14
6580,3,2,DRY,CLASE B-C,1,14
6581,7,2,DRY,CLASE B-C,1,14
6582,7,2,DRY,CLASE B-C,1,14
6583,7,2,DRY,CLASE B-C,1,14
6584,7,2,DRY,CLASE B-C,1,14
6585,7,2,DRY,CLASE B-C,2,14
6586,7,2,DRY,CLASE B,4,14
6587,7,2,DRY,CLASE A,1,14
6588,7,2,DRY,CLASE B,2,14
6589,7,2,DRY,CLASE B-C,1,14
6590,7,2,DRY,CLASE B-C,4,14
6591,7,2,DRY,CLASE B-C,4,14
6592,7,2,DRY,CLASE B-C,1,14
6593,7,2,RF,CLASE B-C,3,14
6594,7,2,DRY,CLASE B-C,2,14
6595,7,2,DRY,CLASE B-C,1,14
6596,7,2,DRY,CLASE B-C,2,14
6597,7,2,DRY,CLASE B-C,1,14
6598,7,2,DRY,INSPECTION,1,14
6599,7,2,DRY,CLASE B-C,1,14
6600,7,2,DRY,CLASE B-C,1,14
6601,7,2,DRY,CLASE B-C,2,14
6602,7,2,DRY,CLASE B-C,4,14
6603,7,2,DRY,CLASE B,1,14
6604,7,2,DRY,CLASE B-C,1,14
6605,7,2,DRY,CLASE B-C,3,14
6606,7,2,DRY,CLASE B-C,1,14
6607,7,2,DRY,CLASE B-C,1,14
6608,7,2,DRY,CLASE B-C,4,14
6609,7,2,DRY,CLASE B-C,3,14
6610,7,2,DRY,CLASE B-C,1,14
6611,7,2,DRY,CLASE B-C,1,14
6612,7,2,DRY,CLASE B-C,3,14
6613,7,2,DRY,CLASE B-C,1,14
6614,7,2,DRY,CLASE B-C,4,14
6615,7,2,DRY,CLASE B-C,1,14
6616,7,2,DRY,CLASE B-C,1,14
6617,7,2,DRY,CLASE B-C,2,14
6618,7,2,DRY,CLASE B-C,1,14
6619,7,2,DRY,CLASE B-C,1,14
6620,7,2,DRY,CLASE D,1,14
6621,7,2,DRY,CLASE B-C,2,14
6622,7,2,DRY,CLASE B-C,3,14
6623,7,2,DRY,CLASE B-C,1,14
6624,7,2,DRY,CLASE B-C,1,14
6625,7,2,DRY,CLASE B-C,1,14
6626,7,2,DRY,CLASE B-C,1,14
6627,7,2,DRY,CLASE B-C,4,14
6628,7,2,DRY,CLASE B-C,1,14
6629,7,2,DRY,CLASE B-C,1,14
6630,7,2,DRY,CLASE B-C,1,14
6631,7,2,DRY,CLASE B-C,3,14
6632,7,2,DRY,CLASE B-C,4,14
6633,7,2,RF,CLASE B-C,4,14
6634,7,2,RF,CLASE B-C,4,14
6635,7,2,DRY,CLASE B-C,4,14
6636,7,2,DRY,CLASE B-C,1,14
6637,7,2,RF,CLASE B-C,4,14
6638,7,2,RF,CLASE B-C,4,14
6639,7,2,DRY,CLASE B,4,14
6640,7,2,DRY,CLASE B-C,1,14
6641,7,2,DRY,CLASE B-C,1,14
6642,7,2,DRY,CLASE B-C,4,14
6643,7,2,DRY,CLASE B-C,1,14
6644,7,2,DRY,CLASE B-C,1,14
6645,7,2,DRY,CLASE B-C,3,14
6646,7,2,DRY,CLASE B-C,1,14
6647,7,2,DRY,CLASE B-C,4,14
6648,7,2,DRY,CLASE B-C,1,14
6649,7,2,DRY,CLASE B-C,3,14
6650,7,2,DRY,CLASE B-C,3,14
6651,7,2,DRY,CLASE B,4,14
6652,7,2,DRY,CLASE A,1,14
6653,7,2,DRY,CLASE B,3,14
6654,7,2,DRY,CLASE B-C,1,14
6655,7,2,DRY,CLASE B-C,1,14
6656,7,2,DRY,CLASE B-C,1,14
6657,7,2,DRY,CLASE B-C,4,14
6658,7,2,DRY,CLASE B-C,4,14
6659,7,2,DRY,CLASE B-C,1,14
6660,7,2,DRY,CLASE B-C,3,14
6661,7,2,DRY,CLASE B-C,1,14
6662,7,2,DRY,CLASE B-C,1,14
6663,7,2,DRY,CLASE B-C,2,14
6664,7,2,DRY,CLASE B-C,1,14
6665,7,2,DRY,CLASE B-C,1,14
6666,7,2,DRY,CLASE B-C,4,14
6667,7,2,DRY,CLASE B-C,2,14
6668,7,2,DRY,CLASE B-C,3,14
6669,7,2,DRY,CLASE B-C,3,14
6670,7,2,DRY,CLASE B-C,4,14
6671,7,2,DRY,CLASE B-C,1,14
6672,7,2,DRY,CLASE B-C,4,14
6673,7,2,DRY,CLASE B-C,4,14
6674,7,2,DRY,CLASE B-C,4,14
6675,7,2,DRY,CLASE B-C,1,14
6676,7,2,DRY,CLASE B-C,1,14
6677,7,2,DRY,CLASE B-C,1,14
6678,7,2,DRY,CLASE B-C,2,14
6679,7,2,DRY,CLASE B-C,1,14
6680,7,2,DRY,CLASE B-C,1,14
6681,7,2,DRY,CLASE B-C,4,14
6682,7,2,DRY,CLASE B-C,1,14
6683,7,2,DRY,CLASE B-C,4,14
6684,7,2,DRY,CLASE B-C,2,14
6685,7,2,DRY,CLASE B-C,1,14
6686,7,2,DRY,CLASE B-C,1,14
6687,7,2,DRY,CLASE B-C,4,14
6688,7,2,DRY,CLASE B-C,1,14
6689,7,2,DRY,CLASE B-C,1,14
6690,7,2,DRY,CLASE B-C,3,14
6691,7,2,DRY,CLASE B-C,2,14
6692,7,2,DRY,CLASE B-C,4,14
6693,7,2,RF,CLASE B-C,4,14
6694,7,2,DRY,CLASE B-C,4,14
6695,7,2,RF,CLASE B-C,3,14
6696,7,2,RF,CLASE B-C,2,14
6697,7,2,RF,CLASE B-C,4,14
6698,7,2,RF,CLASE B-C,2,14
6699,7,2,DRY,CLASE B-C,1,14
6700,7,2,DRY,CLASE B-C,1,14
6701,7,2,DRY,CLASE B-C,4,14
6702,7,2,DRY,CLASE B-C,4,14
6703,7,2,DRY,CLASE B-C,2,14
6704,7,2,DRY,CLASE B-C,1,14
6705,7,2,DRY,CLASE B-C,1,14
6706,7,2,DRY,CLASE B-C,4,14
6707,7,2,DRY,CLASE B-C,1,14
6708,7,2,DRY,CLASE B-C,3,14
6709,7,2,DRY,CLASE B-C,4,14
6710,7,2,DRY,CLASE B-C,4,14
6711,7,2,DRY,CLASE B-C,4,14
6712,7,2,DRY,CLASE B-C,1,14
6713,7,2,DRY,CLASE B-C,1,14
6714,7,2,DRY,CLASE B-C,4,14
6715,7,2,DRY,CLASE B-C,1,14
6716,7,2,DRY,CLASE B-C,4,14
6717,7,2,DRY,CLASE B-C,3,14
6718,7,2,DRY,CLASE A,1,14
6719,7,2,DRY,CLASE B-C,1,14
6720,7,2,DRY,CLASE B-C,4,14
6721,7,2,DRY,CLASE B-C,2,14
6722,7,2,DRY,CLASE B-C,2,14
6723,7,2,DRY,CLASE B-C,2,14
6724,7,2,DRY,CLASE B,1,14
6725,7,2,RF,CLASE B-C,4,14
6726,7,2,RF,CLASE B-C,2,14
6727,7,2,RF,CLASE B-C,3,14
6728,7,2,RF,CLASE B-C,3,14
6729,7,2,RF,CLASE B-C,3,14
6730,7,2,RF,CLASE B-C,3,14
6731,7,2,RF,CLASE B-C,3,14
6732,7,2,RF,CLASE B-C,3,14
6733,7,2,DRY,CLASE B-C,4,14
6734,7,2,DRY,CLASE B-C,1,14
6735,7,2,DRY,CLASE B-C,1,14
6736,7,2,DRY,CLASE B-C,4,14
6737,7,2,DRY,CLASE B-C,1,14
6738,7,2,DRY,CLASE B-C,4,14
6739,7,2,DRY,CLASE B-C,1,14
6740,7,2,DRY,CLASE B-C,4,14
6741,7,2,DRY,CLASE B-C,1,14
6742,7,2,DRY,CLASE B-C,1,14
6743,7,2,DRY,CLASE B-C,1,14
6744,7,2,RF,CLASE B-C,4,14
6745,7,2,DRY,CLASE B-C,1,14
6746,7,2,DRY,CLASE B,4,14
6747,7,2,DRY,CLASE B-C,4,14
6748,7,2,DRY,CLASE B-C,4,14
6749,7,2,DRY,CLASE B-C,4,14
6750,7,2,DRY,CLASE B-C,1,14
6751,7,2,DRY,CLASE B-C,4,14
6752,7,2,DRY,CLASE B-C,1,14
6753,7,2,DRY,CLASE B-C,1,14
6754,7,2,DRY,CLASE B-C,2,14
6755,7,2,DRY,CLASE B-C,2,14
6756,7,2,DRY,CLASE B-C,2,14
6757,7,2,DRY,CLASE B-C,1,14
6758,7,2,DRY,CLASE B-C,2,14
6759,7,2,DRY,CLASE B-C,2,14
6760,7,2,DRY,CLASE B-C,4,14
6761,7,2,DRY,CLASE B-C,1,14
6762,7,2,DRY,CLASE B-C,1,14
6763,7,2,DRY,CLASE B-C,1,14
6764,7,2,DRY,CLASE B-C,1,14
6765,7,2,DRY,CLASE B-C,1,14
6766,7,2,DRY,CLASE B-C,1,14
6767,7,2,DRY,CLASE B-C,4,14
6768,7,2,DRY,CLASE B-C,1,14
6769,7,2,DRY,CLASE D,4,14
6770,7,2,DRY,CLASE B-C,1,14
6771,7,2,DRY,CLASE B-C,2,14
6772,7,2,DRY,CLASE B-C,1,14
6773,7,2,DRY,CLASE D,4,14
6774,7,2,DRY,CLASE B-C,2,14
6775,7,2,DRY,CLASE B-C,2,14
6776,7,2,DRY,CLASE B-C,1,14
6777,7,2,DRY,CLASE B-C,4,14
6778,7,2,DRY,CLASE B-C,3,14
6779,7,2,DRY,CLASE B-C,4,14
6780,7,2,DRY,CLASE B-C,2,14
6781,7,2,DRY,CLASE B-C,4,14
6782,7,2,DRY,CLASE B,1,14
6783,7,2,DRY,CLASE B-C,4,14
6784,7,2,DRY,CLASE B-C,4,14
6785,7,2,DRY,CLASE B-C,1,14
6786,7,2,DRY,CLASE B-C,1,14
6787,7,2,DRY,CLASE B-C,1,14
6788,7,2,DRY,CLASE B-C,1,14
6789,7,2,DRY,CLASE B-C,1,14
6790,7,2,DRY,CLASE B-C,4,14
6791,7,2,DRY,CLASE B-C,1,14
6792,7,2,DRY,CLASE B-C,1,14
6793,7,2,DRY,CLASE B-C,1,14
6794,7,2,DRY,CLASE B-C,1,14
6795,7,2,DRY,CLASE B-C,1,14
6796,7,2,DRY,CLASE B-C,1,14
6797,7,2,DRY,CLASE B-C,1,14
6798,7,2,DRY,CLASE B-C,1,14
6799,7,2,DRY,CLASE B-C,1,14
6800,7,2,DRY,CLASE B-C,1,14
6801,3,2,DRY,CLASE B-C,6,14
6802,6,2,DRY,INSPECTION,5,14
6803,6,2,DRY,INSPECTION,5,14
6804,6,2,DRY,CLASE B-C,5,14
6805,6,2,DRY,CLASE B-C,5,14
6806,6,2,DRY,CLASE B-C,5,14
6807,7,2,DRY,CLASE B-C,4,14
6808,3,2,DRY,CLASE B-C,3,14
6809,3,2,DRY,CLASE A,3,14
6810,6,2,DRY,CLASE B-C,3,14
6811,3,2,DRY,CLASE B-C,2,14
6812,3,2,DRY,CLASE B-C,2,14
6813,3,2,DRY,CLASE B-C,2,14
6814,3,2,DRY,CLASE B-C,2,14
6815,3,2,DRY,CLASE B-C,2,14
6816,3,2,DRY,CLASE B-C,2,14
6817,7,2,DRY,CLASE B-C,1,14
6818,6,2,DRY,INSPECTION,1,14
6819,2,2,DRY,CLASE B-C,1,14
6820,3,2,DRY,CLASE B-C,1,14
6821,6,2,DRY,CLASE B-C,2,14
6822,7,2,DRY,CLASE B-C,1,14
6823,6,2,DRY,CLASE B-C,1,14
6824,2,2,DRY,CLASE B-C,1,14
6825,2,2,DRY,CLASE B-C,1,14
6826,2,2,DRY,CLASE B-C,1,14
6827,6,2,DRY,CLASE B-C,1,14
6828,6,2,DRY,CLASE B-C,1,14
6829,6,2,DRY,CLASE B-C,1,14
6830,6,2,DRY,INSPECTION,1,14
6831,3,2,DRY,CLASE B-C,16,14
6832,6,2,DRY,CLASE B-C,87,14
6833,6,2,DRY,CLASE B-C,95,14
6834,1,2,DRY,CLASE B-C,97,14
6835,2,2,DRY,CLASE B-C,86,14
6836,2,2,DRY,CLASE B-C,85,14
6837,6,2,DRY,INSPECTION,81,14
6838,1,2,RF,CLASE B-C,77,14
6839,7,2,DRY,CLASE B-C,71,14
6840,7,2,DRY,CLASE B-C,73,14
6841,6,2,DRY,CLASE B-C,54,14
6842,6,2,DRY,CLASE B-C,53,14
6843,6,2,DRY,CLASE B-C,54,14
6844,6,2,DRY,CLASE B-C,54,14
6845,6,2,DRY,CLASE B-C,54,14
6846,6,2,DRY,CLASE B-C,54,14
6847,6,2,DRY,CLASE B-C,54,14
6848,6,2,DRY,CLASE B-C,54,14
6849,6,2,DRY,CLASE B-C,53,14
6850,6,2,DRY,CLASE B-C,54,14
6851,6,2,DRY,CLASE B-C,54,14
6852,6,2,DRY,CLASE B-C,54,14
6853,6,2,DRY,CLASE B-C,54,14
6854,6,2,DRY,CLASE B-C,54,14
6855,6,2,DRY,CLASE B-C,53,14
6856,6,2,DRY,CLASE B-C,53,14
6857,6,2,DRY,CLASE B-C,54,14
6858,6,2,DRY,CLASE B-C,53,14
6859,6,2,DRY,CLASE B-C,57,14
6860,6,2,DRY,CLASE B-C,54,14
6861,6,2,DRY,CLASE B-C,54,14
6862,6,2,DRY,CLASE B-C,54,14
6863,6,2,DRY,CLASE B-C,54,14
6864,6,2,DRY,CLASE B-C,54,14
6865,6,2,DRY,CLASE B-C,53,14
6866,6,2,DRY,CLASE B-C,54,14
6867,6,2,DRY,CLASE B-C,54,14
6868,6,2,DRY,CLASE B-C,53,14
6869,7,2,DRY,CLASE B-C,57,14
6870,7,2,DRY,CLASE B-C,66,14
6871,7,2,DRY,CLASE B-C,60,14
6872,7,2,DRY,CLASE B-C,62,14
6873,7,2,DRY,CLASE B-C,59,14
6874,7,2,DRY,CLASE B-C,60,14
6875,7,2,DRY,CLASE B-C,60,14
6876,7,2,DRY,CLASE B-C,59,14
6877,6,2,DRY,CLASE B-C,66,14
6878,2,2,DRY,CLASE B-C,63,14
6879,2,2,DRY,CLASE B-C,63,14
6880,2,2,DRY,CLASE B-C,63,14
6881,2,2,DRY,CLASE B-C,64,14
6882,2,2,DRY,CLASE B-C,64,14
6883,2,2,DRY,CLASE B-C,63,14
6884,2,2,DRY,CLASE B-C,64,14
6885,2,2,DRY,CLASE B-C,63,14
6886,2,2,DRY,CLASE B-C,63,14
6887,2,2,DRY,CLASE B-C,63,14
6888,6,2,DRY,CLASE B-C,54,14
6889,6,2,DRY,CLASE B-C,54,14
6890,6,2,DRY,CLASE B-C,53,14
6891,6,2,DRY,CLASE B-C,54,14
6892,6,2,DRY,CLASE B-C,54,14
6893,6,2,DRY,CLASE B-C,54,14
6894,7,2,DRY,CLASE B-C,28,14
6895,7,2,DRY,CLASE B-C,59,14
6896,7,2,DRY,CLASE B-C,27,14
6897,7,2,DRY,CLASE B-C,40,14
6898,7,2,DRY,CLASE B-C,28,14
6899,7,2,DRY,CLASE B-C,54,14
6900,7,2,DRY,CLASE B-C,27,14
6901,7,2,DRY,CLASE B-C,54,14
6902,7,2,DRY,CLASE B-C,28,14
6903,7,2,DRY,CLASE B-C,59,14
6904,7,2,DRY,CLASE B-C,53,14
6905,7,2,DRY,CLASE B-C,28,14
6906,7,2,DRY,CLASE B-C,58,14
6907,6,2,DRY,CLASE B-C,59,14
6908,6,2,DRY,CLASE B-C,58,14
6909,6,2,DRY,INSPECTION,57,14
6910,6,2,DRY,INSPECTION,57,14
6911,2,2,DRY,CLASE B-C,54,14
6912,2,2,DRY,CLASE B-C,54,14
6913,2,2,DRY,CLASE B-C,54,14
6914,1,1,DRY,CLASE B-C,9,14
6915,1,2,RF,CLASE B-C,51,14
6916,6,2,DRY,CLASE B-C,54,14
6917,6,2,DRY,CLASE B-C,54,14
6918,6,2,DRY,CLASE B-C,54,14
6919,6,2,DRY,CLASE B-C,54,14
6920,6,2,DRY,CLASE B-C,54,14
6921,6,2,DRY,CLASE B-C,54,14
6922,6,2,DRY,CLASE B-C,54,14
6923,6,2,DRY,CLASE B-C,54,14
6924,6,2,DRY,CLASE B-C,54,14
6925,6,2,DRY,CLASE B-C,53,14
6926,6,2,DRY,CLASE B,53,14
6927,3,2,DRY,CLASE B-C,52,14
6928,7,2,DRY,CLASE B-C,32,14
6929,7,2,DRY,CLASE B-C,31,14
6930,7,2,DRY,CLASE B-C,31,14
6931,7,2,DRY,CLASE B-C,32,14
6932,7,2,DRY,CLASE B-C,32,14
6933,7,2,DRY,CLASE B-C,31,14
6934,7,2,DRY,CLASE B-C,49,14
6935,7,2,DRY,CLASE B-C,38,14
6936,7,2,DRY,CLASE B-C,52,14
6937,7,2,DRY,CLASE B-C,52,14
6938,7,2,DRY,CLASE B-C,51,14
6939,7,2,DRY,CLASE B-C,50,14
6940,7,2,DRY,CLASE B-C,46,14
6941,7,2,DRY,CLASE B-C,32,14
6942,7,2,DRY,CLASE B-C,32,14
6943,7,2,DRY,CLASE B-C,31,14
6944,7,2,DRY,CLASE B-C,52,14
6945,7,2,DRY,CLASE B-C,31,14
6946,7,2,DRY,CLASE B-C,31,14
6947,7,2,DRY,CLASE B-C,46,14
6948,7,2,DRY,CLASE B-C,52,14
6949,7,2,DRY,CLASE B-C,32,14
6950,7,2,DRY,CLASE B-C,50,14
6951,7,2,DRY,CLASE B-C,31,14
6952,2,2,DRY,CLASE B-C,50,14
6953,2,2,DRY,CLASE B-C,47,14
6954,2,2,DRY,CLASE B-C,47,14
6955,2,2,DRY,CLASE B-C,50,14
6956,2,2,DRY,CLASE B-C,48,14
6957,2,2,DRY,CLASE B-C,47,14
6958,2,2,DRY,CLASE B-C,47,14
6959,1,1,DRY,CLASE B-C,23,14
6960,1,2,RF,CLASE B-C,50,14
6961,1,2,RF,CLASE B-C,50,14
6962,1,2,RF,CLASE B-C,50,14
6963,6,2,DRY,CLASE B-C,23,14
6964,6,2,DRY,CLASE B-C,23,14
6965,6,2,DRY,CLASE A,39,14
6966,6,2,DRY,CLASE B-C,23,14
6967,6,2,DRY,CLASE B,23,14
6968,6,2,DRY,CLASE B,39,14
6969,6,2,DRY,CLASE B-C,43,14
6970,6,2,DRY,CLASE B-C,23,14
6971,6,2,DRY,CLASE B-C,23,14
6972,6,2,DRY,CLASE B-C,23,14
6973,6,2,DRY,CLASE B-C,23,14
6974,6,2,DRY,CLASE B-C,24,14
6975,6,2,DRY,CLASE B-C,39,14
6976,6,2,DRY,CLASE B-C,39,14
6977,6,2,DRY,CLASE B-C,23,14
6978,6,2,DRY,CLASE B-C,23,14
6979,7,2,DRY,CLASE B-C,35,14
6980,7,2,DRY,CLASE D,33,14
6981,7,2,DRY,CLASE B-C,29,14
6982,7,2,DRY,CLASE B-C,33,14
6983,7,2,DRY,CLASE B-C,45,14
6984,7,2,RF,CLASE B-C,33,14
6985,7,2,DRY,CLASE B-C,42,14
6986,7,2,DRY,CLASE B-C,33,14
6987,7,2,DRY,CLASE B-C,33,14
6988,7,2,DRY,CLASE A,43,14
6989,7,2,DRY,CLASE B-C,33,14
6990,7,2,DRY,CLASE B-C,33,14
6991,7,2,DRY,CLASE B-C,44,14
6992,7,2,DRY,CLASE B-C,33,14
6993,7,2,DRY,CLASE B-C,34,14
6994,7,2,DRY,CLASE B-C,41,14
6995,7,2,RF,CLASE B-C,45,14
6996,7,2,RF,CLASE B-C,42,14
6997,7,2,DRY,CLASE B-C,43,14
6998,7,2,DRY,CLASE B-C,45,14
6999,7,2,DRY,CLASE B-C,33,14
7000,7,2,DRY,CLASE B-C,39,14
7001,7,2,RF,CLASE B-C,35,14
7002,7,2,DRY,CLASE B-C,42,14
7003,7,2,DRY,CLASE B-C,43,14
7004,7,2,DRY,CLASE B-C,44,14
7005,7,2,RF,CLASE B-C,39,14
7006,7,2,DRY,CLASE B-C,35,14
7007,7,2,DRY,CLASE B-C,43,14
7008,7,2,DRY,CLASE B-C,40,14
7009,7,2,DRY,CLASE B-C,44,14
7010,7,2,DRY,CLASE B-C,37,14
7011,7,2,DRY,CLASE B-C,29,14
7012,6,2,DRY,CLASE B-C,24,14
7013,2,2,DRY,CLASE B-C,44,14
7014,2,2,DRY,CLASE B-C,44,14
7015,2,2,DRY,CLASE B-C,44,14
7016,2,2,DRY,CLASE B-C,44,14
7017,2,2,DRY,CLASE B-C,44,14
7018,2,2,DRY,CLASE B-C,39,14
7019,2,2,DRY,CLASE B-C,44,14
7020,2,2,DRY,CLASE B-C,44,14
7021,2,2,DRY,CLASE B-C,44,14
7022,3,2,DRY,CLASE B-C,23,14
7023,3,2,DRY,CLASE B-C,23,14
7024,3,2,DRY,CLASE B-C,23,14
7025,3,2,DRY,CLASE B-C,23,14
7026,3,2,DRY,CLASE B-C,23,14
7027,7,2,DRY,CLASE B-C,32,14
7028,7,2,DRY,CLASE B-C,26,14
7029,7,2,DRY,CLASE B-C,25,14
7030,7,2,DRY,CLASE B-C,35,14
7031,7,2,DRY,CLASE B-C,26,14
7032,7,2,DRY,CLASE B-C,35,14
7033,7,2,DRY,CLASE B-C,25,14
7034,7,2,DRY,CLASE B-C,30,14
7035,7,2,DRY,CLASE B-C,35,14
7036,7,2,DRY,CLASE B-C,35,14
7037,7,2,DRY,CLASE B-C,27,14
7038,7,2,DRY,CLASE B-C,27,14
7039,7,2,DRY,CLASE B-C,35,14
7040,7,2,DRY,CLASE B-C,35,14
7041,7,2,DRY,CLASE B-C,30,14
7042,7,2,DRY,CLASE B-C,27,14
7043,7,2,DRY,CLASE B,24,14
7044,7,2,DRY,CLASE B-C,35,14
7045,7,2,DRY,CLASE B-C,25,14
7046,7,2,DRY,CLASE B-C,30,14
7047,7,2,DRY,CLASE B-C,25,14
7048,7,2,DRY,CLASE B-C,27,14
7049,7,2,DRY,CLASE B-C,25,14
7050,7,2,DRY,CLASE B-C,27,14
7051,7,2,DRY,CLASE B-C,26,14
7052,7,2,DRY,CLASE B-C,26,14
7053,7,2,DRY,CLASE B-C,31,14
7054,7,2,DRY,CLASE B-C,27,14
7055,7,2,DRY,CLASE B,24,14
7056,7,2,DRY,CLASE B-C,26,14
7057,7,2,RF,CLASE B-C,24,14
7058,7,2,DRY,CLASE B-C,26,14
7059,7,2,DRY,CLASE B-C,27,14
7060,7,2,DRY,CLASE B-C,30,14
7061,7,2,DRY,CLASE B-C,27,14
7062,7,2,DRY,CLASE B-C,26,14
7063,7,2,DRY,CLASE B-C,33,14
7064,7,2,DRY,CLASE B-C,35,14
7065,7,2,DRY,CLASE B-C,25,14
7066,7,2,DRY,CLASE B-C,24,14
7067,7,2,RF,CLASE B-C,24,14
7068,7,2,DRY,CLASE B-C,27,14
7069,7,2,DRY,CLASE B-C,25,14
7070,7,2,DRY,CLASE B-C,28,14
7071,7,2,DRY,CLASE B-C,30,14
7072,7,2,DRY,CLASE A,31,14
7073,7,2,DRY,CLASE B-C,32,14
7074,7,2,DRY,CLASE B-C,33,14
7075,7,2,DRY,CLASE B-C,32,14
7076,7,2,DRY,CLASE B-C,25,14
7077,2,2,DRY,CLASE B-C,33,14
7078,2,2,DRY,CLASE B-C,34,14
7079,2,2,DRY,CLASE B-C,33,14
7080,2,2,DRY,CLASE B-C,32,14
7081,2,2,DRY,CLASE B-C,33,14
7082,2,2,DRY,CLASE B-C,26,14
7083,2,2,DRY,CLASE B-C,31,14
7084,2,2,DRY,CLASE B-C,31,14
7085,1,2,DRY,CLASE B-C,32,14
7086,4,2,DRY,CLASE B-C,33,14
7087,7,2,DRY,CLASE B-C,33,14
7088,8,2,DRY,CLASE B-C,30,14
7089,3,2,DRY,CLASE B-C,29,14
7090,7,2,DRY,CLASE B-C,30,14
7091,7,2,DRY,CLASE B-C,31,14
7092,7,2,DRY,CLASE B-C,30,14
7093,7,2,DRY,CLASE B-C,32,14
7094,7,2,DRY,CLASE B-C,30,14
7095,7,2,DRY,CLASE B-C,31,14
7096,7,2,DRY,CLASE B-C,31,14
7097,7,2,DRY,CLASE B-C,30,14
7098,3,2,DRY,CLASE B-C,26,14
7099,3,2,DRY,CLASE B-C,24,14
7100,7,2,DRY,CLASE B-C,25,14
7101,8,2,DRY,CLASE B-C,17,14
7102,6,2,DRY,CLASE B-C,18,14
7103,6,2,DRY,INSPECTION,11,14
7104,7,2,DRY,CLASE B-C,24,14
7105,7,2,DRY,CLASE B-C,19,14
7106,7,2,DRY,CLASE B-C,23,14
7107,7,2,DRY,CLASE B-C,24,14
7108,7,2,DRY,CLASE B-C,24,14
7109,7,2,DRY,CLASE B-C,24,14
7110,7,2,DRY,CLASE B-C,24,14
7111,7,2,DRY,CLASE B-C,25,14
7112,7,2,DRY,CLASE B-C,24,14
7113,7,2,DRY,CLASE B-C,24,14
7114,7,2,DRY,CLASE B-C,23,14
7115,7,2,DRY,CLASE B-C,24,14
7116,7,2,DRY,CLASE B-C,16,14
7117,7,2,DRY,CLASE B-C,24,14
7118,7,2,DRY,CLASE B-C,23,14
7119,7,2,DRY,CLASE B-C,24,14
7120,7,2,DRY,CLASE B-C,23,14
7121,7,2,DRY,CLASE B-C,24,14
7122,7,2,DRY,CLASE B-C,23,14
7123,7,2,DRY,CLASE B-C,25,14
7124,7,2,DRY,CLASE B-C,24,14
7125,7,2,DRY,CLASE B-C,24,14
7126,7,2,DRY,CLASE B-C,24,14
7127,7,2,DRY,CLASE B-C,24,14
7128,7,2,DRY,CLASE B-C,24,14
7129,7,2,DRY,CLASE B-C,24,14
7130,7,2,DRY,CLASE B-C,24,14
7131,7,2,DRY,CLASE B-C,24,14
7132,7,2,DRY,CLASE B-C,24,14
7133,7,2,DRY,CLASE B-C,24,14
7134,7,2,DRY,CLASE B-C,24,14
7135,7,2,DRY,CLASE B-C,24,14
7136,7,2,DRY,CLASE B-C,23,14
7137,7,2,DRY,CLASE B-C,24,14
7138,7,2,DRY,CLASE B-C,24,14
7139,7,2,DRY,CLASE B-C,12,14
7140,7,2,DRY,CLASE A,24,14
7141,7,2,DRY,CLASE B-C,23,14
7142,6,2,DRY,INSPECTION,24,14
7143,2,2,DRY,CLASE B-C,22,14
7144,7,2,DRY,CLASE B-C,19,14
7145,7,2,DRY,CLASE B-C,18,14
7146,7,2,DRY,CLASE B-C,19,14
7147,7,2,DRY,CLASE B-C,18,14
7148,7,2,DRY,CLASE B-C,18,14
7149,7,2,DRY,CLASE B-C,19,14
7150,7,2,DRY,CLASE B-C,20,14
7151,7,2,DRY,CLASE B-C,19,14
7152,7,2,DRY,CLASE B-C,21,14
7153,7,2,DRY,CLASE B-C,19,14
7154,7,2,DRY,CLASE B-C,17,14
7155,7,2,DRY,CLASE B-C,19,14
7156,7,2,DRY,CLASE B-C,18,14
7157,7,2,DRY,CLASE B-C,16,14
7158,7,2,DRY,CLASE B-C,20,14
7159,7,2,DRY,CLASE A,20,14
7160,7,2,DRY,CLASE B-C,17,14
7161,7,2,DRY,CLASE B-C,20,14
7162,7,2,DRY,CLASE B-C,19,14
7163,7,2,DRY,CLASE B-C,20,14
7164,7,2,DRY,CLASE B-C,19,14
7165,7,2,DRY,CLASE B-C,20,14
7166,7,2,DRY,CLASE B-C,19,14
7167,7,2,DRY,CLASE B-C,17,14
7168,7,2,DRY,CLASE B-C,20,14
7169,7,2,DRY,CLASE B-C,20,14
7170,7,2,DRY,CLASE B-C,19,14
7171,7,2,DRY,CLASE B-C,18,14
7172,7,2,DRY,CLASE B-C,17,14
7173,7,2,DRY,CLASE B-C,19,14
7174,7,2,DRY,CLASE B-C,19,14
7175,7,2,DRY,CLASE B-C,21,14
7176,7,2,DRY,CLASE B-C,19,14
7177,7,2,DRY,CLASE B-C,20,14
7178,7,2,DRY,CLASE B-C,19,14
7179,7,2,DRY,CLASE B-C,19,14
7180,7,2,DRY,CLASE B-C,16,14
7181,7,2,DRY,CLASE B-C,17,14
7182,7,2,DRY,CLASE B-C,19,14
7183,7,2,DRY,CLASE B-C,17,14
7184,7,2,DRY,CLASE B-C,20,14
7185,7,2,DRY,CLASE B-C,19,14
7186,7,2,DRY,CLASE B-C,18,14
7187,7,2,DRY,CLASE B-C,19,14
7188,7,2,DRY,CLASE B-C,20,14
7189,7,2,DRY,CLASE B-C,19,14
7190,7,2,DRY,CLASE B-C,19,14
7191,7,2,DRY,CLASE B-C,19,14
7192,7,2,DRY,CLASE B-C,20,14
7193,7,2,DRY,CLASE B-C,19,14
7194,7,2,DRY,CLASE B-C,18,14
7195,7,2,DRY,CLASE B-C,19,14
7196,7,2,DRY,CLASE B-C,17,14
7197,7,2,DRY,CLASE B-C,19,14
7198,7,2,DRY,CLASE B-C,17,14
7199,7,2,DRY,CLASE B-C,19,14
7200,7,2,DRY,CLASE B-C,20,14
7201,7,2,DRY,CLASE B-C,19,14
7202,7,2,DRY,CLASE B,21,14
7203,7,2,DRY,CLASE B-C,19,14
7204,7,2,DRY,CLASE B-C,18,14
7205,7,2,DRY,CLASE B-C,20,14
7206,7,2,DRY,CLASE B-C,20,14
7207,7,2,DRY,CLASE B-C,19,14
7208,7,2,DRY,CLASE B-C,20,14
7209,7,2,DRY,CLASE B-C,16,14
7210,7,2,DRY,CLASE B-C,19,14
7211,7,2,DRY,CLASE B-C,19,14
7212,7,2,DRY,CLASE B-C,17,14
7213,7,2,DRY,CLASE B-C,19,14
7214,7,2,DRY,CLASE B-C,19,14
7215,7,2,DRY,CLASE B-C,19,14
7216,7,2,DRY,CLASE B-C,20,14
7217,2,2,DRY,CLASE B-C,19,14
7218,2,2,DRY,CLASE B-C,19,14
7219,2,2,DRY,CLASE B-C,18,14
7220,3,2,DRY,CLASE B-C,17,14
7221,2,2,DRY,CLASE B-C,18,14
7222,3,2,DRY,CLASE B-C,17,14
7223,3,2,DRY,CLASE B-C,16,14
7224,3,2,DRY,CLASE B-C,17,14
7225,3,2,DRY,CLASE B-C,17,14
7226,8,2,DRY,CLASE B-C,8,14
7227,8,2,DRY,CLASE B-C,10,14
7228,8,2,DRY,CLASE B-C,10,14
7229,6,2,RF,CLASE B-C,10,14
7230,6,2,RF,CLASE B-C,11,14
7231,6,2,RF,CLASE B-C,10,14
7232,6,2,RF,CLASE B-C,9,14
7233,6,2,RF,CLASE B-C,9,14
7234,6,2,RF,CLASE B-C,9,14
7235,6,2,RF,CLASE B-C,11,14
7236,6,2,RF,CLASE B-C,9,14
7237,6,2,RF,CLASE B-C,11,14
7238,6,2,RF,CLASE B-C,9,14
7239,6,2,RF,CLASE B-C,9,14
7240,6,2,RF,CLASE B-C,10,14
7241,6,2,RF,CLASE B-C,10,14
7242,6,2,RF,CLASE B-C,8,14
7243,6,2,RF,CLASE B-C,10,14
7244,6,2,RF,CLASE B-C,9,14
7245,6,2,RF,CLASE B-C,9,14
7246,7,2,DRY,CLASE B-C,10,14
7247,7,2,DRY,CLASE B-C,9,14
7248,7,2,DRY,CLASE B-C,9,14
7249,7,2,DRY,CLASE B-C,9,14
7250,7,2,DRY,CLASE B-C,9,14
7251,7,2,DRY,CLASE B-C,12,14
7252,7,2,DRY,CLASE B-C,10,14
7253,7,2,DRY,CLASE B-C,8,14
7254,7,2,DRY,CLASE B-C,13,14
7255,7,2,DRY,CLASE B-C,13,14
7256,7,2,DRY,CLASE B-C,12,14
7257,7,2,DRY,CLASE B-C,12,14
7258,7,2,DRY,CLASE B,14,14
7259,7,2,DRY,CLASE B-C,10,14
7260,7,2,DRY,CLASE B-C,9,14
7261,2,2,DRY,CLASE B-C,7,14
7262,2,2,RF,CLASE B-C,6,14
7263,2,2,DRY,CLASE B-C,7,14
7264,2,2,RF,CLASE B-C,7,14
7265,2,2,RF,CLASE B-C,6,14
7266,2,2,RF,CLASE B-C,8,14
7267,2,2,RF,CLASE B-C,8,14
7268,2,2,RF,CLASE B-C,8,14
7269,2,2,RF,CLASE B-C,7,14
7270,2,2,RF,CLASE B-C,6,14
7271,2,2,RF,CLASE B-C,6,14
7272,2,2,RF,CLASE B-C,7,14
7273,2,2,RF,CLASE B-C,6,14
7274,2,2,RF,CLASE B-C,7,14
7275,6,2,RF,CLASE B-C,9,14
7276,7,2,DRY,CLASE B-C,9,14
7277,7,2,DRY,CLASE B-C,9,14
7278,7,2,DRY,CLASE B-C,9,14
7279,6,2,DRY,CLASE B-C,8,14
7280,6,2,DRY,CLASE B-C,8,14
7281,6,2,DRY,CLASE B-C,8,14
7282,3,2,DRY,CLASE B-C,4,14
7283,3,2,DRY,CLASE B-C,5,14
7284,3,2,DRY,CLASE B-C,5,14
7285,3,2,DRY,CLASE B-C,4,14
7286,3,2,DRY,CLASE B-C,5,14
7287,3,2,DRY,CLASE B-C,4,14
7288,7,2,DRY,CLASE B-C,2,14
7289,7,2,DRY,CLASE B-C,5,14
7290,7,2,DRY,CLASE B,3,14
7291,7,2,DRY,CLASE B,3,14
7292,7,2,DRY,CLASE A,3,14
7293,7,2,DRY,CLASE B-C,4,14
7294,7,2,DRY,CLASE A,6,14
7295,7,2,DRY,CLASE A,6,14
7296,7,2,DRY,CLASE B-C,2,14
7297,7,2,DRY,CLASE B-C,3,14
7298,7,2,DRY,CLASE B-C,4,14
7299,7,2,DRY,CLASE B-C,2,14
7300,7,2,DRY,CLASE B-C,3,14
7301,7,2,DRY,CLASE B-C,4,14
7302,7,2,DRY,CLASE B-C,2,14
7303,7,2,DRY,CLASE B-C,4,14
7304,7,2,DRY,CLASE B-C,4,14
7305,7,2,DRY,CLASE D,4,14
7306,7,2,DRY,CLASE B-C,4,14
7307,7,2,DRY,CLASE B-C,3,14
7308,7,2,DRY,CLASE B-C,3,14
7309,7,2,DRY,CLASE D,3,14
7310,7,2,DRY,CLASE B-C,3,14
7311,7,2,DRY,CLASE B-C,4,14
7312,7,2,DRY,CLASE B-C,3,14
7313,7,2,DRY,CLASE B-C,4,14
7314,7,2,DRY,CLASE B-C,3,14
7315,7,2,DRY,CLASE B-C,6,14
7316,7,2,DRY,CLASE B-C,3,14
7317,7,2,DRY,CLASE B-C,3,14
7318,7,2,DRY,CLASE B-C,4,14
7319,7,2,DRY,CLASE B-C,1,14
7320,7,2,DRY,CLASE B-C,4,14
7321,7,2,DRY,CLASE B-C,5,14
7322,7,2,DRY,CLASE B-C,4,14
7323,7,2,DRY,CLASE B-C,2,14
7324,7,2,DRY,CLASE B-C,4,14
7325,7,2,DRY,CLASE B-C,3,14
7326,7,2,RF,CLASE B-C,4,14
7327,7,2,DRY,CLASE B-C,6,14
7328,7,2,DRY,CLASE B-C,5,14
7329,7,2,DRY,CLASE B-C,3,14
7330,7,2,DRY,CLASE B-C,4,14
7331,7,2,RF,CLASE B-C,3,14
7332,7,2,DRY,CLASE B-C,3,14
7333,7,2,DRY,CLASE A,6,14
7334,7,2,DRY,CLASE B-C,4,14
7335,7,2,DRY,CLASE B-C,3,14
7336,7,2,DRY,CLASE B-C,2,14
7337,7,2,DRY,CLASE B-C,4,14
7338,7,2,DRY,CLASE B-C,2,14
7339,7,2,DRY,CLASE B-C,6,14
7340,7,2,DRY,CLASE B-C,2,14
7341,7,2,DRY,CLASE B-C,3,14
7342,7,2,DRY,CLASE B-C,4,14
7343,7,2,DRY,CLASE B-C,6,14
7344,7,2,DRY,CLASE B-C,1,14
7345,7,2,DRY,CLASE B-C,6,14
7346,7,2,DRY,CLASE B-C,3,14
7347,7,2,DRY,CLASE B-C,4,14
7348,7,2,DRY,CLASE B-C,6,14
7349,7,2,DRY,CLASE B-C,3,14
7350,7,2,DRY,CLASE B-C,6,14
7351,7,2,DRY,CLASE B-C,2,14
7352,7,2,DRY,CLASE B-C,5,14
7353,7,2,DRY,CLASE B,4,14
7354,7,2,DRY,CLASE B-C,3,14
7355,7,2,DRY,CLASE B-C,4,14
7356,7,2,DRY,CLASE B-C,1,14
7357,7,2,DRY,CLASE B,1,14
7358,7,2,DRY,CLASE B-C,3,14
7359,7,2,DRY,CLASE B-C,6,14
7360,7,2,DRY,CLASE B-C,4,14
7361,7,2,DRY,CLASE B,4,14
7362,7,2,DRY,CLASE B,3,14
7363,7,2,DRY,CLASE B,3,14
7364,7,2,DRY,CLASE B-C,5,14
7365,7,2,DRY,CLASE B-C,3,14
7366,7,2,DRY,CLASE B-C,3,14
7367,7,2,DRY,CLASE B-C,6,14
7368,7,2,DRY,CLASE B-C,6,14
7369,7,2,DRY,CLASE B-C,1,14
7370,7,2,DRY,CLASE B-C,4,14
7371,7,2,DRY,CLASE B-C,3,14
7372,7,2,DRY,CLASE B-C,2,14
7373,7,2,DRY,CLASE D,3,14
7374,7,2,DRY,CLASE B-C,3,14
7375,7,2,DRY,CLASE D,4,14
7376,7,2,DRY,CLASE B-C,5,14
7377,7,2,DRY,CLASE B-C,4,14
7378,7,2,DRY,CLASE B-C,3,14
7379,7,2,DRY,CLASE B-C,4,14
7380,7,2,DRY,CLASE B-C,2,14
7381,7,2,DRY,CLASE B-C,4,14
7382,7,2,DRY,CLASE B-C,3,14
7383,7,2,DRY,CLASE B-C,3,14
7384,7,2,DRY,CLASE B-C,4,14
7385,7,2,DRY,CLASE B-C,2,14
7386,7,2,DRY,CLASE B-C,4,14
7387,7,2,DRY,CLASE B-C,6,14
7388,7,2,DRY,CLASE B-C,3,14
7389,7,2,DRY,CLASE B-C,5,14
7390,7,2,DRY,CLASE B-C,4,14
7391,7,2,DRY,CLASE B-C,5,14
7392,7,2,DRY,CLASE B-C,4,14
7393,7,2,DRY,CLASE B,4,14
7394,7,2,DRY,CLASE B-C,3,14
7395,7,2,DRY,CLASE B-C,2,14
7396,7,2,DRY,CLASE B-C,4,14
7397,7,2,DRY,CLASE B-C,4,14
7398,7,2,DRY,CLASE B-C,3,14
7399,7,2,DRY,CLASE B-C,5,14
7400,7,2,DRY,CLASE B-C,6,14
7401,7,2,DRY,CLASE B-C,3,14
7402,7,2,DRY,CLASE B-C,4,14
7403,7,2,RF,CLASE B-C,3,14
7404,7,2,RF,CLASE B-C,4,14
7405,7,2,RF,CLASE B-C,3,14
7406,7,2,RF,CLASE B-C,4,14
7407,7,2,RF,CLASE B-C,3,14
7408,7,2,RF,CLASE B-C,4,14
7409,7,2,RF,CLASE B-C,3,14
7410,7,2,RF,CLASE B-C,3,14
7411,7,2,RF,CLASE B-C,3,14
7412,7,2,RF,CLASE B-C,4,14
7413,7,2,RF,CLASE B-C,3,14
7414,7,2,RF,CLASE B-C,3,14
7415,7,2,RF,CLASE B-C,5,14
7416,7,2,DRY,CLASE B-C,2,14
7417,7,2,DRY,CLASE B-C,3,14
7418,7,2,DRY,CLASE B-C,3,14
7419,7,2,DRY,CLASE B-C,6,14
7420,7,2,DRY,CLASE B-C,3,14
7421,7,2,DRY,CLASE B-C,6,14
7422,7,2,DRY,CLASE B-C,1,14
7423,7,2,DRY,CLASE B-C,3,14
7424,7,2,DRY,CLASE B-C,1,14
7425,7,2,DRY,CLASE B-C,3,14
7426,7,2,DRY,CLASE B-C,3,14
7427,7,2,DRY,CLASE B-C,5,14
7428,7,2,DRY,CLASE B-C,3,14
7429,7,2,DRY,CLASE B-C,6,14
7430,7,2,DRY,CLASE B-C,1,14
7431,7,2,DRY,CLASE B-C,3,14
7432,7,2,DRY,CLASE B-C,2,14
7433,7,2,DRY,CLASE B-C,4,14
7434,7,2,DRY,CLASE B-C,3,14
7435,7,2,DRY,CLASE B-C,2,14
7436,7,2,DRY,CLASE B-C,3,14
7437,7,2,DRY,CLASE B-C,4,14
7438,7,2,DRY,CLASE B-C,6,14
7439,7,2,DRY,CLASE B-C,4,14
7440,7,2,DRY,CLASE B-C,4,14
7441,7,2,DRY,CLASE B-C,3,14
7442,7,2,DRY,CLASE B-C,4,14
7443,7,2,DRY,CLASE B-C,4,14
7444,7,2,DRY,CLASE B-C,2,14
7445,7,2,DRY,CLASE B-C,3,14
7446,7,2,DRY,CLASE B-C,2,14
7447,7,2,DRY,CLASE B-C,2,14
7448,7,2,DRY,CLASE B-C,4,14
7449,7,2,DRY,CLASE B-C,3,14
7450,7,2,DRY,CLASE B-C,4,14
7451,7,2,DRY,CLASE B-C,2,14
7452,7,2,DRY,CLASE B-C,5,14
7453,7,2,DRY,CLASE B-C,5,14
7454,7,2,DRY,CLASE B-C,3,14
7455,7,2,DRY,CLASE B-C,4,14
7456,7,2,DRY,CLASE B-C,2,14
7457,7,2,DRY,CLASE B-C,5,14
7458,7,2,DRY,CLASE B-C,2,14
7459,7,2,DRY,CLASE B-C,2,14
7460,7,2,DRY,CLASE B-C,2,14
7461,7,2,DRY,CLASE B-C,3,14
7462,7,2,DRY,CLASE B-C,4,14
7463,7,2,DRY,CLASE B-C,4,14
7464,7,2,DRY,CLASE A,3,14
7465,7,2,DRY,CLASE B-C,4,14
7466,7,2,DRY,CLASE B-C,1,14
7467,7,2,DRY,CLASE B-C,6,14
7468,7,2,DRY,CLASE B-C,5,14
7469,7,2,DRY,CLASE B-C,4,14
7470,7,2,DRY,CLASE B-C,4,14
7471,7,2,RF,CLASE B-C,5,14
7472,7,2,RF,CLASE B-C,3,14
7473,7,2,RF,CLASE B-C,4,14
7474,7,2,RF,CLASE B-C,5,14
7475,7,2,RF,CLASE B-C,3,14
7476,7,2,RF,CLASE B-C,3,14
7477,7,2,RF,CLASE B-C,4,14
7478,7,2,RF,CLASE B-C,5,14
7479,7,2,DRY,CLASE B-C,6,14
7480,7,2,DRY,CLASE B-C,3,14
7481,7,2,DRY,CLASE B-C,3,14
7482,7,2,DRY,CLASE B-C,4,14
7483,7,2,DRY,CLASE B-C,3,14
7484,7,2,DRY,CLASE D,3,14
7485,7,2,DRY,CLASE B-C,5,14
7486,7,2,DRY,CLASE B-C,3,14
7487,7,2,DRY,CLASE B-C,3,14
7488,7,2,DRY,CLASE B-C,2,14
7489,7,2,DRY,CLASE B-C,3,14
7490,7,2,DRY,CLASE B-C,3,14
7491,7,2,DRY,CLASE B-C,4,14
7492,7,2,DRY,CLASE B-C,3,14
7493,7,2,DRY,CLASE B-C,6,14
7494,7,2,DRY,CLASE B-C,5,14
7495,7,2,DRY,CLASE B-C,2,14
7496,7,2,DRY,CLASE B-C,3,14
7497,7,2,DRY,CLASE B-C,1,14
7498,7,2,DRY,CLASE B-C,5,14
7499,7,2,DRY,CLASE B-C,3,14
7500,7,2,DRY,CLASE B-C,4,14
7501,7,2,DRY,CLASE D,3,14
7502,7,2,DRY,CLASE D,4,14
7503,7,2,DRY,CLASE B-C,6,14
7504,7,2,DRY,CLASE B-C,4,14
7505,7,2,DRY,CLASE B-C,5,14
7506,7,2,DRY,CLASE B-C,5,14
7507,7,2,DRY,CLASE B-C,3,14
7508,7,2,DRY,CLASE B-C,4,14
7509,7,2,DRY,CLASE B-C,4,14
7510,7,2,DRY,CLASE B-C,4,14
7511,7,2,DRY,CLASE B-C,2,14
7512,7,2,DRY,CLASE B-C,6,14
7513,7,2,DRY,CLASE B-C,3,14
7514,7,2,DRY,CLASE B-C,4,14
7515,7,2,DRY,CLASE B-C,4,14
7516,7,2,DRY,CLASE B-C,4,14
7517,7,2,DRY,CLASE B-C,3,14
7518,7,2,DRY,CLASE B-C,4,14
7519,7,2,DRY,CLASE B-C,3,14
7520,7,2,DRY,CLASE B-C,2,14
7521,7,2,DRY,CLASE D,3,14
7522,7,2,DRY,CLASE B-C,4,14
7523,7,2,DRY,CLASE B-C,3,14
7524,7,2,DRY,CLASE B-C,6,14
7525,7,2,DRY,CLASE B-C,6,14
7526,7,2,RF,CLASE B-C,4,14
7527,7,2,RF,CLASE B-C,4,14
7528,7,2,DRY,CLASE B-C,3,14
7529,7,2,DRY,CLASE B-C,3,14
7530,7,2,DRY,CLASE B-C,5,14
7531,7,2,DRY,CLASE B-C,6,14
7532,7,2,DRY,CLASE B-C,6,14
7533,7,2,DRY,CLASE B-C,5,14
7534,7,2,RF,CLASE B-C,4,14
7535,7,2,DRY,CLASE B-C,4,14
7536,7,2,DRY,CLASE B-C,3,14
7537,7,2,DRY,CLASE B-C,5,14
7538,7,2,DRY,CLASE B-C,2,14
7539,7,2,DRY,CLASE B-C,3,14
7540,7,2,DRY,CLASE B-C,4,14
7541,7,2,DRY,CLASE B-C,4,14
7542,7,2,DRY,CLASE B-C,4,14
7543,7,2,DRY,CLASE B-C,2,14
7544,7,2,DRY,CLASE B-C,3,14
7545,7,2,DRY,CLASE B-C,4,14
7546,7,2,DRY,CLASE B-C,3,14
7547,7,2,DRY,CLASE B-C,2,14
7548,7,2,DRY,CLASE B-C,4,14
7549,7,2,DRY,CLASE B-C,2,14
7550,7,2,DRY,CLASE B-C,3,14
7551,3,2,DRY,CLASE B-C,7,14
7552,3,2,DRY,CLASE B-C,7,14
7553,3,2,DRY,CLASE B-C,7,14
7554,3,2,DRY,CLASE B-C,7,14
7555,3,2,DRY,CLASE B-C,5,14
7556,3,2,DRY,CLASE B-C,5,14
7557,3,2,DRY,CLASE B-C,5,14
7558,2,1,DRY,INSPECTION,4,14
7559,2,1,DRY,INSPECTION,4,14
7560,7,2,DRY,CLASE B-C,4,14
7561,2,1,DRY,INSPECTION,4,14
7562,2,1,DRY,INSPECTION,4,14
7563,2,2,RF,CLASE B-C,4,14
7564,2,1,DRY,INSPECTION,4,14
7565,2,1,DRY,INSPECTION,4,14
7566,2,1,DRY,INSPECTION,4,14
7567,8,2,RF,CLASE B-C,5,14
7568,2,1,DRY,INSPECTION,3,14
7569,2,1,DRY,INSPECTION,3,14
7570,2,1,DRY,INSPECTION,3,14
7571,7,2,DRY,CLASE B-C,4,14
7572,7,2,DRY,CLASE B-C,3,14
7573,8,2,RF,CLASE B-C,3,14
7574,7,2,DRY,CLASE B-C,3,14
7575,7,2,DRY,CLASE B-C,3,14
7576,7,2,DRY,CLASE B-C,3,14
7577,7,2,DRY,CLASE B-C,3,14
7578,6,2,RF,CLASE B-C,3,14
7579,7,2,DRY,CLASE B-C,3,14
7580,7,2,DRY,CLASE B-C,1,14
7581,2,2,DRY,CLASE B-C,1,14
7582,7,2,DRY,CLASE B-C,3,14
7583,7,2,DRY,CLASE B-C,1,14
7584,6,2,DRY,CLASE B-C,1,14
7585,7,2,DRY,CLASE B-C,1,14
7586,7,2,DRY,CLASE B-C,3,14
7587,7,2,DRY,CLASE B-C,3,14
7588,7,2,DRY,CLASE B-C,3,14
7589,7,2,DRY,CLASE B-C,3,14
7590,7,2,DRY,CLASE B-C,3,14
7591,7,2,DRY,CLASE B-C,3,14
7592,7,2,DRY,CLASE B-C,2,14
7593,7,2,DRY,CLASE B-C,1,14
7594,6,2,DRY,CLASE B-C,1,14
7595,7,2,DRY,CLASE B-C,1,14
7596,7,2,DRY,CLASE B-C,1,14
7597,7,2,DRY,CLASE B-C,1,14
7598,7,2,DRY,CLASE B-C,1,14
7599,7,2,DRY,CLASE B-C,1,14
7600,7,2,DRY,CLASE B-C,1,14
7601,7,2,DRY,CLASE B-C,1,14
7602,7,2,DRY,CLASE B-C,1,14
7603,8,2,DRY,CLASE B-C,1,14
7604,7,2,DRY,CLASE B-C,2,14
7605,7,2,DRY,CLASE B-C,2,14
7606,7,2,DRY,CLASE B-C,2,14
7607,2,2,DRY,CLASE B-C,2,14
7608,7,2,DRY,CLASE B-C,2,14
7609,2,2,DRY,CLASE B-C,2,14
7610,2,2,DRY,CLASE B-C,1,14
7611,2,2,DRY,CLASE B-C,1,14
7612,7,2,DRY,CLASE B-C,1,14
7613,7,2,DRY,CLASE B-C,1,14
7614,7,2,DRY,CLASE A,1,14
7615,7,2,DRY,CLASE B-C,1,14
7616,7,2,DRY,CLASE A,1,14
7617,7,2,DRY,CLASE B-C,1,14
7618,7,2,DRY,CLASE B-C,1,14
7619,7,2,DRY,CLASE B-C,1,14
7620,7,2,DRY,CLASE B-C,1,14
7621,7,2,DRY,CLASE B-C,1,14
7622,7,2,DRY,CLASE B-C,1,14
7623,7,2,DRY,CLASE B-C,1,14
7624,7,2,DRY,CLASE B-C,1,14
7625,7,2,DRY,CLASE B-C,1,14
7626,7,2,DRY,CLASE B-C,1,14
7627,7,2,DRY,CLASE B-C,1,14
7628,7,2,DRY,CLASE B-C,1,14
7629,7,2,DRY,CLASE B-C,1,14
7630,7,2,DRY,CLASE B-C,1,14
7631,7,2,DRY,CLASE B-C,1,14
7632,7,2,DRY,CLASE B-C,1,14
7633,7,2,DRY,CLASE B-C,1,14
7634,7,2,DRY,CLASE B-C,1,14
7635,7,2,DRY,CLASE B-C,1,14
7636,7,2,DRY,CLASE B-C,1,14
7637,7,2,DRY,CLASE B-C,1,14
7638,7,2,DRY,CLASE B-C,1,14
7639,7,2,DRY,CLASE B-C,1,14
7640,7,2,DRY,CLASE B-C,1,14
7641,7,2,DRY,CLASE B-C,1,14
7642,7,2,DRY,CLASE B-C,1,14
7643,7,2,DRY,CLASE B-C,1,14
7644,7,2,DRY,CLASE B-C,1,14
7645,7,2,DRY,CLASE B-C,1,14
7646,7,2,DRY,CLASE B-C,1,14
7647,7,2,DRY,CLASE B-C,1,14
7648,7,2,DRY,CLASE B-C,1,14
7649,7,2,DRY,CLASE B-C,1,14
7650,7,2,DRY,CLASE B-C,1,14
7651,7,2,DRY,CLASE B-C,1,14
7652,7,2,DRY,CLASE B-C,1,14
7653,7,2,DRY,CLASE B-C,1,14
7654,7,2,DRY,CLASE B-C,1,14
7655,7,2,DRY,CLASE B-C,1,14
7656,7,2,DRY,CLASE B-C,1,14
7657,7,2,DRY,CLASE B-C,1,14
7658,7,2,DRY,CLASE B-C,1,14
7659,7,2,DRY,CLASE B-C,1,14
7660,7,2,DRY,CLASE B-C,1,14
7661,7,2,DRY,CLASE B-C,1,14
7662,7,2,DRY,CLASE B-C,1,14
7663,7,2,DRY,CLASE A,1,14
7664,7,2,DRY,CLASE B-C,1,14
7665,7,2,DRY,INSPECTION,1,14
7666,7,2,DRY,CLASE B,1,14
7667,7,2,DRY,CLASE B-C,1,14
7668,7,2,DRY,CLASE B-C,1,14
7669,7,2,DRY,CLASE B-C,1,14
7670,7,2,DRY,CLASE B-C,1,14
7671,7,2,DRY,CLASE A,1,14
7672,7,2,DRY,CLASE B-C,1,14
7673,7,2,DRY,CLASE A,1,14
7674,7,2,DRY,CLASE B-C,1,14
7675,7,2,DRY,CLASE B,1,14
7676,7,2,DRY,CLASE B-C,1,14
7677,7,2,DRY,CLASE B-C,1,14
7678,7,2,DRY,CLASE B-C,1,14
7679,7,2,DRY,CLASE B,1,14
7680,7,2,DRY,CLASE B-C,1,14
7681,7,2,DRY,CLASE B-C,1,14
7682,7,2,DRY,CLASE B-C,1,14
7683,7,2,DRY,CLASE B-C,1,14
7684,7,2,DRY,CLASE B-C,1,14
7685,7,2,DRY,CLASE B-C,1,14
7686,7,2,DRY,CLASE B-C,1,14
7687,7,2,DRY,CLASE B-C,1,14
7688,7,2,DRY,CLASE B-C,1,14
7689,7,2,DRY,CLASE B-C,1,14
7690,7,2,DRY,CLASE B-C,1,14
7691,7,2,DRY,CLASE B-C,1,14
7692,7,2,DRY,CLASE B-C,1,14
7693,7,2,DRY,CLASE B-C,1,14
7694,7,2,DRY,CLASE B-C,1,14
7695,7,2,DRY,CLASE B-C,1,14
7696,7,2,DRY,CLASE B-C,1,14
7697,7,2,DRY,CLASE B-C,1,14
7698,7,2,DRY,CLASE B-C,1,14
7699,7,2,DRY,CLASE B-C,1,14
7700,7,2,DRY,INSPECTION,1,14
7701,7,2,DRY,CLASE B-C,1,14
7702,7,2,DRY,CLASE B-C,1,14
7703,7,2,DRY,CLASE B-C,1,14
7704,7,2,DRY,CLASE B-C,1,14
7705,7,2,DRY,CLASE B-C,1,14
7706,7,2,DRY,CLASE B-C,1,14
7707,7,2,DRY,CLASE B-C,1,14
7708,7,2,DRY,CLASE B-C,1,14
7709,7,2,DRY,CLASE B-C,1,14
7710,7,2,DRY,CLASE B-C,1,14
7711,7,2,DRY,CLASE B-C,1,14
7712,7,2,DRY,CLASE B-C,1,14
7713,7,2,DRY,CLASE B-C,1,14
7714,7,2,DRY,CLASE B-C,1,14
7715,7,2,DRY,CLASE B-C,1,14
7716,7,2,DRY,CLASE B-C,1,14
7717,7,2,DRY,CLASE B-C,1,14
7718,7,2,DRY,CLASE B-C,1,14
7719,7,2,DRY,INSPECTION,1,14
7720,7,2,DRY,CLASE B-C,1,14
7721,7,2,DRY,CLASE B-C,1,14
7722,7,2,DRY,CLASE B-C,1,14
7723,7,2,DRY,CLASE B-C,1,14
7724,7,2,DRY,CLASE B-C,1,14
7725,7,2,DRY,CLASE B-C,1,14
7726,7,2,DRY,CLASE B-C,1,14
7727,7,2,DRY,CLASE B-C,1,14
7728,7,2,DRY,CLASE B-C,1,14
7729,7,2,DRY,CLASE B-C,1,14
7730,7,2,DRY,CLASE B-C,1,14
7731,7,2,DRY,CLASE B-C,1,14
7732,7,2,DRY,CLASE B-C,1,14
7733,7,2,DRY,CLASE B-C,1,14
7734,7,2,DRY,CLASE B-C,1,14
7735,7,2,DRY,CLASE B-C,1,14
7736,7,2,DRY,CLASE B-C,1,14
7737,7,2,DRY,CLASE B-C,1,14
7738,7,2,DRY,CLASE B-C,1,14
7739,7,2,DRY,CLASE B-C,1,14
7740,7,2,DRY,CLASE B-C,1,14
7741,7,2,DRY,CLASE B-C,1,14
7742,7,2,DRY,CLASE D,1,14
7743,7,2,DRY,CLASE B,1,14
7744,7,2,DRY,CLASE B-C,1,14
7745,7,2,DRY,CLASE B-C,1,14
7746,7,2,DRY,CLASE B-C,1,14
7747,7,2,DRY,CLASE B-C,1,14
7748,7,2,DRY,CLASE B-C,1,14
7749,7,2,DRY,CLASE B-C,1,14
7750,7,2,DRY,CLASE B-C,1,14
7751,7,2,DRY,CLASE B-C,1,14
7752,7,2,DRY,CLASE B-C,1,14
7753,7,2,DRY,CLASE B-C,1,14
7754,7,2,DRY,CLASE B-C,1,14
7755,7,2,DRY,CLASE B-C,1,14
7756,7,2,DRY,CLASE B-C,1,14
7757,7,2,DRY,CLASE B-C,1,14
7758,7,2,DRY,CLASE B-C,1,14
7759,7,2,DRY,CLASE B-C,1,14
7760,7,2,DRY,CLASE B-C,1,14
7761,7,2,DRY,CLASE B-C,1,14
7762,7,2,DRY,CLASE B-C,1,14
7763,7,2,DRY,CLASE B-C,1,14
7764,7,2,DRY,CLASE B-C,1,14
7765,7,2,DRY,CLASE B-C,1,14
7766,7,2,DRY,CLASE B-C,1,14
7767,7,2,DRY,CLASE B-C,1,14
7768,7,2,DRY,CLASE B-C,1,14
7769,7,2,DRY,CLASE B-C,1,14
7770,7,2,DRY,CLASE B-C,1,14
7771,7,2,DRY,CLASE B-C,1,14
7772,7,2,DRY,INSPECTION,1,14
7773,7,2,DRY,CLASE B-C,1,14
7774,7,2,DRY,CLASE B-C,1,14
7775,7,2,DRY,CLASE B-C,1,14
7776,7,2,DRY,CLASE B-C,1,14
7777,7,2,DRY,CLASE B-C,1,14
7778,7,2,DRY,CLASE B-C,1,14
7779,7,2,DRY,CLASE B-C,1,14
7780,7,2,DRY,CLASE B-C,1,14
7781,7,2,DRY,CLASE B-C,1,14
7782,7,2,DRY,CLASE B-C,1,14
7783,7,2,DRY,CLASE B-C,1,14
7784,7,2,DRY,CLASE B,1,14
7785,7,2,DRY,CLASE B-C,1,14
7786,7,2,DRY,CLASE B-C,1,14
7787,7,2,DRY,CLASE B-C,1,14
7788,7,2,DRY,CLASE B-C,1,14
7789,7,2,DRY,CLASE B-C,1,14
7790,7,2,DRY,CLASE B-C,1,14
7791,7,2,DRY,CLASE B-C,1,14
7792,7,2,DRY,CLASE B-C,1,14
7793,7,2,DRY,CLASE B-C,2,15
7794,7,2,DRY,CLASE B-C,2,15
7795,7,2,DRY,CLASE B-C,2,15
7796,7,2,DRY,CLASE B-C,2,15
7797,7,2,DRY,CLASE B-C,2,15
7798,7,2,DRY,CLASE B-C,2,15
7799,7,2,DRY,CLASE B-C,2,15
7800,7,2,DRY,CLASE B-C,2,15
7801,7,2,DRY,CLASE B-C,2,15
7802,7,2,DRY,CLASE B-C,2,15
7803,7,2,DRY,CLASE B-C,2,15
7804,7,2,DRY,CLASE B-C,2,15
7805,7,2,DRY,CLASE B-C,2,15
7806,7,2,DRY,CLASE B-C,2,15
7807,2,2,DRY,CLASE B-C,48,15
7808,1,1,DRY,CLASE B-C,29,15
7809,2,2,DRY,CLASE B-C,15,15
7810,7,2,DRY,CLASE B-C,7,15
7811,7,2,DRY,CLASE B-C,2,15
7812,7,2,DRY,CLASE B-C,2,15
7813,7,2,DRY,CLASE B-C,2,15
7814,7,2,DRY,CLASE B-C,2,15
7815,7,2,DRY,CLASE B-C,2,15
7816,7,2,DRY,CLASE B-C,2,15
7817,7,2,DRY,CLASE B-C,2,15
7818,7,2,DRY,CLASE B-C,2,15
7819,7,2,DRY,CLASE B-C,2,15
7820,7,2,DRY,CLASE B-C,2,15
7821,7,2,DRY,CLASE B-C,2,15
7822,7,2,DRY,CLASE B-C,2,15
7823,3,2,DRY,CLASE B-C,56,15
7824,1,1,DRY,CLASE B-C,26,15
7825,1,1,DRY,CLASE B-C,26,15
7826,1,1,DRY,CLASE B-C,26,15
7827,3,2,DRY,CLASE B-C,29,15
7828,3,2,DRY,CLASE B-C,33,15
7829,3,2,DRY,CLASE B-C,32,15
7830,6,2,RF,CLASE B-C,31,15
7831,3,2,DRY,CLASE B-C,29,15
7832,3,2,DRY,CLASE B-C,26,15
7833,3,2,DRY,CLASE B-C,26,15
7834,7,2,DRY,CLASE B-C,25,15
7835,2,2,DRY,CLASE B-C,15,15
7836,6,2,RF,CLASE B-C,12,15
7837,2,2,DRY,CLASE B-C,15,15
7838,7,2,DRY,CLASE B-C,8,15
7839,7,2,DRY,CLASE B-C,2,15
7840,7,2,DRY,CLASE B-C,1,15
7841,7,2,DRY,CLASE B-C,2,15
7842,7,2,DRY,CLASE B-C,2,15
7843,7,2,DRY,CLASE B-C,2,15
7844,7,2,DRY,CLASE B-C,2,15
7845,7,2,DRY,CLASE B-C,2,15
7846,7,2,DRY,CLASE B-C,2,15
7847,7,2,DRY,CLASE B-C,1,15
7848,7,2,DRY,CLASE B-C,2,15
7849,7,2,DRY,CLASE B-C,2,15
7850,7,2,DRY,CLASE B-C,2,15
7851,7,2,DRY,CLASE B-C,2,15
7852,7,2,DRY,CLASE B-C,2,15
7853,7,2,DRY,CLASE B-C,2,15
7854,2,2,DRY,CLASE B-C,1,15
7855,7,2,DRY,CLASE B-C,58,15
7856,3,2,DRY,CLASE B-C,57,15
7857,7,2,DRY,CLASE B-C,36,15
7858,2,2,DRY,CLASE B-C,35,15
7859,3,2,DRY,CLASE B-C,29,15
7860,3,2,DRY,CLASE B-C,29,15
7861,3,2,DRY,CLASE B-C,29,15
7862,3,2,DRY,CLASE B-C,29,15
7863,3,2,DRY,CLASE B-C,29,15
7864,3,2,DRY,CLASE B-C,29,15
7865,3,2,DRY,CLASE B-C,29,15
7866,7,2,DRY,CLASE B-C,32,15
7867,7,2,DRY,CLASE B-C,26,15
7868,7,2,DRY,CLASE B-C,26,15
7869,7,2,DRY,CLASE B-C,26,15
7870,7,2,DRY,CLASE B-C,26,15
7871,2,2,DRY,CLASE B-C,20,15
7872,6,2,RF,CLASE B-C,12,15
7873,6,2,RF,CLASE B-C,12,15
7874,6,2,RF,CLASE B-C,13,15
7875,6,2,RF,CLASE B-C,12,15
7876,3,2,DRY,CLASE A,8,15
7877,3,2,DRY,CLASE A,8,15
7878,3,2,DRY,CLASE B-C,3,15
7879,7,2,DRY,CLASE B-C,1,15
7880,7,2,DRY,CLASE B-C,1,15
7881,7,2,DRY,CLASE B-C,2,15
7882,7,2,DRY,CLASE B-C,1,15
7883,7,2,DRY,CLASE B-C,2,15
7884,7,2,DRY,CLASE B-C,1,15
7885,7,2,DRY,CLASE B-C,1,15
7886,7,2,DRY,CLASE B-C,1,15
7887,7,2,DRY,CLASE B-C,2,15
7888,7,2,DRY,CLASE B-C,1,15
7889,7,2,DRY,CLASE B-C,1,15
7890,7,2,DRY,CLASE B-C,1,15
7891,7,2,DRY,CLASE B-C,1,15
7892,7,2,DRY,CLASE B-C,1,15
7893,7,2,DRY,CLASE B-C,1,15
7894,7,2,DRY,CLASE B-C,1,15
7895,7,2,DRY,CLASE B-C,1,15
7896,7,2,DRY,CLASE B-C,2,15
7897,7,2,DRY,CLASE B-C,1,15
7898,7,2,DRY,CLASE B-C,2,15
7899,7,2,DRY,CLASE B-C,1,15
7900,7,2,DRY,CLASE B-C,2,15
7901,7,2,DRY,CLASE B-C,1,15
7902,7,2,DRY,CLASE B-C,1,15
7903,7,2,DRY,CLASE B-C,2,15
7904,7,2,DRY,CLASE B-C,1,15
7905,7,2,DRY,CLASE B-C,2,15
7906,7,2,DRY,CLASE B-C,1,15
7907,7,2,DRY,CLASE B-C,1,15
7908,7,2,DRY,CLASE B-C,1,15
7909,7,2,DRY,CLASE B-C,1,15
7910,7,2,DRY,CLASE B-C,1,15
7911,7,2,DRY,CLASE B-C,2,15
7912,7,2,DRY,CLASE D,2,15
7913,7,2,DRY,CLASE B-C,2,15
7914,7,2,DRY,CLASE B-C,1,15
7915,7,2,DRY,CLASE B-C,1,15
7916,7,2,DRY,CLASE B-C,1,15
7917,7,2,DRY,CLASE B-C,1,15
7918,7,2,DRY,CLASE B-C,1,15
7919,1,2,RF,CLASE B-C,101,15
7920,4,2,DRY,CLASE B-C,90,15
7921,4,2,DRY,CLASE B-C,90,15
7922,4,2,DRY,CLASE B-C,90,15
7923,1,2,RF,CLASE B-C,55,15
7924,1,1,DRY,CLASE B-C,32,15
7925,1,1,DRY,CLASE B-C,32,15
7926,2,2,DRY,CLASE B-C,29,15
7927,2,2,DRY,CLASE B-C,45,15
7928,1,2,RF,CLASE B-C,40,15
7929,2,2,DRY,CLASE B-C,28,15
7930,3,2,DRY,CLASE B-C,29,15
7931,3,2,DRY,CLASE B-C,29,15
7932,3,2,DRY,CLASE B-C,33,15
7933,3,2,DRY,CLASE B-C,29,15
7934,3,2,DRY,CLASE B-C,29,15
7935,3,2,DRY,CLASE B-C,29,15
7936,3,2,DRY,CLASE B-C,29,15
7937,3,2,DRY,CLASE B-C,29,15
7938,3,2,DRY,CLASE B-C,29,15
7939,3,2,DRY,CLASE B-C,29,15
7940,3,2,DRY,CLASE B,32,15
7941,3,2,DRY,CLASE B-C,32,15
7942,1,1,DRY,INSPECTION,32,15
7943,1,1,DRY,CLASE B-C,32,15
7944,2,2,DRY,CLASE B-C,28,15
7945,6,2,RF,CLASE B-C,29,15
7946,2,2,DRY,CLASE B-C,24,15
7947,2,2,DRY,CLASE B-C,24,15
7948,2,2,DRY,CLASE B-C,21,15
7949,3,2,DRY,CLASE B-C,14,15
7950,3,2,DRY,CLASE B-C,14,15
7951,3,2,DRY,CLASE B-C,14,15
7952,3,2,DRY,CLASE B-C,14,15
7953,3,2,DRY,CLASE B-C,14,15
7954,3,2,DRY,CLASE B-C,14,15
7955,3,2,DRY,CLASE B-C,14,15
7956,3,2,DRY,CLASE B-C,14,15
7957,3,2,DRY,CLASE B-C,14,15
7958,3,2,DRY,CLASE B-C,14,15
7959,3,2,DRY,CLASE B-C,14,15
7960,3,2,DRY,CLASE B-C,14,15
7961,3,2,DRY,CLASE B-C,14,15
7962,3,2,DRY,CLASE B-C,14,15
7963,3,2,DRY,CLASE B-C,14,15
7964,3,2,DRY,CLASE B-C,14,15
7965,3,2,DRY,CLASE B-C,14,15
7966,3,2,DRY,CLASE B-C,14,15
7967,6,2,RF,CLASE B-C,13,15
7968,6,2,RF,CLASE B-C,12,15
7969,6,2,RF,CLASE B-C,12,15
7970,6,2,RF,CLASE B,13,15
7971,6,2,RF,CLASE B-C,13,15
7972,6,2,RF,CLASE B-C,12,15
7973,6,2,RF,CLASE B-C,14,15
7974,2,2,RF,CLASE B-C,10,15
7975,2,2,DRY,CLASE B-C,11,15
7976,2,2,RF,CLASE B-C,10,15
7977,2,2,RF,CLASE B-C,10,15
7978,2,2,RF,CLASE B-C,9,15
7979,2,2,DRY,CLASE B-C,11,15
7980,2,2,RF,CLASE B-C,9,15
7981,2,2,RF,CLASE B-C,10,15
7982,2,2,RF,CLASE B-C,10,15
7983,2,2,RF,CLASE B-C,10,15
7984,2,2,RF,CLASE B-C,10,15
7985,3,2,DRY,CLASE B-C,12,15
7986,3,2,DRY,CLASE B-C,6,15
7987,3,2,DRY,CLASE B-C,6,15
7988,3,2,DRY,CLASE B-C,6,15
7989,3,2,DRY,CLASE A,6,15
7990,7,2,RF,CLASE B-C,6,15
7991,7,2,RF,CLASE B-C,6,15
7992,7,2,RF,CLASE B-C,7,15
7993,7,2,RF,CLASE B-C,7,15
7994,7,2,RF,CLASE B-C,6,15
7995,7,2,RF,CLASE B-C,7,15
7996,7,2,RF,CLASE B-C,6,15
7997,7,2,RF,CLASE B-C,6,15
7998,3,2,DRY,CLASE A,8,15
7999,2,2,RF,CLASE B-C,7,15
8000,2,1,DRY,CLASE B-C,7,15
8001,2,1,DRY,CLASE B-C,7,15
8002,2,1,DRY,CLASE B-C,7,15
8003,2,1,DRY,CLASE B-C,7,15
8004,2,1,DRY,CLASE B-C,7,15
8005,2,1,DRY,CLASE B-C,7,15
8006,2,1,DRY,CLASE B-C,6,15
8007,6,2,DRY,CLASE B-C,3,15
8008,6,2,DRY,CLASE B-C,3,15
8009,7,2,DRY,CLASE A,1,15
8010,7,2,DRY,CLASE B-C,1,15
8011,7,2,DRY,CLASE B-C,1,15
8012,7,2,DRY,CLASE B-C,2,15
8013,7,2,DRY,CLASE A,1,15
8014,7,2,DRY,CLASE B-C,2,15
8015,7,2,DRY,CLASE B-C,1,15
8016,7,2,DRY,CLASE B-C,2,15
8017,7,2,DRY,CLASE B-C,1,15
8018,7,2,DRY,CLASE B-C,1,15
8019,7,2,DRY,CLASE B,1,15
8020,7,2,DRY,CLASE B,2,15
8021,7,2,DRY,CLASE B-C,1,15
8022,7,2,DRY,CLASE B-C,1,15
8023,7,2,DRY,CLASE B-C,1,15
8024,7,2,DRY,CLASE B-C,1,15
8025,7,2,DRY,CLASE B-C,1,15
8026,7,2,DRY,CLASE B-C,1,15
8027,7,2,DRY,CLASE B-C,1,15
8028,7,2,DRY,CLASE B-C,1,15
8029,7,2,DRY,CLASE B-C,1,15
8030,7,2,DRY,CLASE B-C,2,15
8031,7,2,DRY,CLASE B-C,1,15
8032,7,2,DRY,CLASE B-C,1,15
8033,7,2,DRY,CLASE B-C,1,15
8034,7,2,DRY,CLASE B-C,1,15
8035,7,2,DRY,CLASE B-C,2,15
8036,7,2,DRY,CLASE B-C,2,15
8037,7,2,DRY,CLASE B-C,1,15
8038,7,2,DRY,CLASE B-C,2,15
8039,7,2,DRY,CLASE B-C,1,15
8040,7,2,DRY,CLASE B-C,1,15
8041,7,2,DRY,CLASE B-C,2,15
8042,7,2,DRY,CLASE B-C,1,15
8043,7,2,DRY,CLASE B-C,1,15
8044,7,2,DRY,CLASE B-C,2,15
8045,7,2,DRY,CLASE B-C,1,15
8046,7,2,DRY,CLASE B-C,1,15
8047,1,2,DRY,CLASE D,112,15
8048,7,2,DRY,CLASE B-C,92,15
8049,2,2,DRY,CLASE B-C,89,15
8050,6,2,DRY,CLASE B-C,89,15
8051,6,2,DRY,CLASE B-C,43,15
8052,1,2,RF,CLASE B-C,60,15
8053,6,2,DRY,CLASE B-C,44,15
8054,7,2,DRY,CLASE D,31,15
8055,7,2,DRY,CLASE B-C,62,15
8056,6,2,DRY,CLASE B-C,63,15
8057,6,2,DRY,CLASE B-C,62,15
8058,1,2,RF,CLASE B-C,56,15
8059,1,2,DRY,CLASE B-C,28,15
8060,1,2,DRY,CLASE B-C,28,15
8061,7,2,DRY,CLASE B-C,51,15
8062,2,2,DRY,CLASE B-C,49,15
8063,2,2,DRY,CLASE B-C,53,15
8064,1,2,RF,CLASE B-C,52,15
8065,1,2,RF,CLASE B-C,53,15
8066,1,2,RF,CLASE B-C,53,15
8067,1,2,RF,CLASE B-C,53,15
8068,1,2,RF,CLASE B-C,53,15
8069,1,2,RF,CLASE B-C,52,15
8070,6,2,DRY,CLASE B-C,32,15
8071,6,2,DRY,CLASE B-C,44,15
8072,6,2,DRY,CLASE B-C,43,15
8073,6,2,DRY,CLASE B-C,44,15
8074,6,2,DRY,CLASE B-C,47,15
8075,6,2,DRY,CLASE B-C,32,15
8076,2,2,DRY,CLASE B-C,37,15
8077,2,2,DRY,CLASE B-C,37,15
8078,2,2,DRY,CLASE B-C,37,15
8079,1,2,DRY,CLASE D,36,15
8080,1,2,DRY,CLASE B-C,36,15
8081,7,2,DRY,CLASE B-C,33,15
8082,2,2,DRY,CLASE B-C,29,15
8083,2,2,DRY,CLASE B-C,29,15
8084,2,2,DRY,CLASE B-C,29,15
8085,2,2,DRY,CLASE B-C,32,15
8086,2,2,DRY,CLASE B-C,29,15
8087,2,2,DRY,CLASE B-C,29,15
8088,1,2,DRY,CLASE B-C,28,15
8089,2,2,DRY,CLASE B-C,25,15
8090,1,2,DRY,CLASE B-C,27,15
8091,1,2,DRY,CLASE B-C,27,15
8092,1,2,DRY,CLASE B-C,27,15
8093,7,2,DRY,CLASE B-C,22,15
8094,2,2,DRY,CLASE B-C,22,15
8095,1,2,DRY,CLASE B-C,21,15
8096,1,2,DRY,CLASE D,21,15
8097,3,2,DRY,CLASE B-C,20,15
8098,3,2,DRY,CLASE B-C,15,15
8099,3,2,DRY,CLASE B-C,15,15
8100,3,2,DRY,CLASE B-C,15,15
8101,3,2,DRY,CLASE B-C,15,15
8102,3,2,DRY,CLASE B-C,15,15
8103,3,2,DRY,CLASE B-C,15,15
8104,3,2,DRY,CLASE B-C,15,15
8105,3,2,DRY,CLASE B-C,15,15
8106,3,2,DRY,CLASE B-C,15,15
8107,3,2,DRY,CLASE B-C,15,15
8108,3,2,DRY,CLASE B-C,15,15
8109,3,2,DRY,CLASE B-C,15,15
8110,3,2,DRY,CLASE B-C,15,15
8111,3,2,DRY,CLASE B-C,15,15
8112,3,2,DRY,CLASE B-C,15,15
8113,3,2,DRY,CLASE B-C,15,15
8114,6,2,RF,CLASE B-C,13,15
8115,6,2,RF,CLASE B-C,14,15
8116,6,2,RF,CLASE B-C,13,15
8117,6,2,RF,CLASE B-C,14,15
8118,6,2,RF,CLASE B-C,14,15
8119,6,2,RF,CLASE B-C,14,15
8120,6,2,RF,CLASE B-C,14,15
8121,6,2,RF,CLASE B-C,14,15
8122,6,2,RF,CLASE B-C,14,15
8123,6,2,RF,CLASE B-C,13,15
8124,2,2,DRY,CLASE B-C,16,15
8125,2,2,DRY,CLASE B-C,11,15
8126,2,2,DRY,CLASE B-C,12,15
8127,2,2,RF,CLASE B-C,11,15
8128,2,2,DRY,CLASE B-C,12,15
8129,2,2,RF,CLASE B-C,10,15
8130,2,2,RF,CLASE B-C,10,15
8131,2,2,RF,CLASE B-C,10,15
8132,2,2,RF,CLASE B-C,9,15
8133,2,2,RF,CLASE B-C,11,15
8134,2,2,RF,CLASE B-C,10,15
8135,2,2,DRY,CLASE B-C,12,15
8136,2,2,DRY,CLASE B-C,12,15
8137,6,2,DRY,CLASE B-C,13,15
8138,6,2,DRY,CLASE B-C,13,15
8139,6,2,DRY,CLASE B-C,13,15
8140,7,2,RF,CLASE B-C,9,15
8141,7,2,RF,CLASE B-C,9,15
8142,7,2,RF,CLASE B-C,6,15
8143,7,2,RF,CLASE B-C,9,15
8144,7,2,RF,CLASE B-C,7,15
8145,7,2,RF,CLASE B-C,7,15
8146,7,2,RF,CLASE B-C,7,15
8147,7,2,RF,CLASE B-C,8,15
8148,7,2,RF,CLASE B-C,5,15
8149,7,2,RF,CLASE B-C,8,15
8150,7,2,RF,CLASE B-C,6,15
8151,7,2,RF,CLASE B-C,6,15
8152,7,2,RF,CLASE B-C,7,15
8153,7,2,RF,CLASE B-C,6,15
8154,7,2,RF,CLASE B-C,9,15
8155,2,2,RF,CLASE B-C,8,15
8156,2,2,RF,CLASE B-C,7,15
8157,2,1,DRY,CLASE B-C,7,15
8158,2,1,DRY,CLASE B-C,7,15
8159,2,1,DRY,CLASE B-C,6,15
8160,6,2,DRY,CLASE B-C,4,15
8161,6,2,DRY,CLASE B-C,4,15
8162,6,2,DRY,CLASE B-C,4,15
8163,6,2,DRY,CLASE B-C,4,15
8164,6,2,DRY,CLASE B-C,4,15
8165,6,2,DRY,CLASE B-C,4,15
8166,6,2,DRY,CLASE B-C,4,15
8167,6,2,DRY,CLASE B-C,4,15
8168,6,2,DRY,CLASE B-C,4,15
8169,6,2,DRY,CLASE B-C,4,15
8170,6,2,DRY,CLASE B-C,4,15
8171,6,2,DRY,CLASE B-C,4,15
8172,2,2,DRY,CLASE B-C,5,15
8173,2,2,DRY,CLASE B-C,5,15
8174,2,2,DRY,CLASE B-C,5,15
8175,2,2,DRY,CLASE B-C,5,15
8176,10,2,RF,INSPECTION,3,15
8177,2,2,DRY,CLASE B-C,1,15
8178,2,2,DRY,CLASE B-C,1,15
8179,2,2,DRY,CLASE B-C,1,15
8180,2,2,DRY,CLASE B-C,1,15
8181,2,2,DRY,CLASE B-C,1,15
8182,2,2,DRY,CLASE B-C,1,15
8183,2,2,DRY,CLASE B-C,1,15
8184,2,2,DRY,CLASE B-C,1,15
8185,2,2,DRY,CLASE B-C,1,15
8186,2,2,DRY,CLASE B-C,1,15
8187,2,2,DRY,CLASE B-C,1,15
8188,2,2,DRY,CLASE B-C,1,15
8189,2,2,DRY,CLASE B-C,1,15
8190,2,2,DRY,CLASE B-C,1,15
8191,2,2,DRY,CLASE B-C,1,15
8192,10,2,RF,INSPECTION,3,15
8193,10,2,RF,INSPECTION,3,15
8194,7,2,DRY,CLASE B-C,1,15
8195,7,2,DRY,CLASE B-C,1,15
8196,7,2,DRY,CLASE B-C,1,15
8197,7,2,DRY,CLASE B-C,2,15
8198,7,2,DRY,CLASE B-C,2,15
8199,7,2,DRY,CLASE B-C,1,15
8200,7,2,DRY,CLASE A,1,15
8201,7,2,DRY,CLASE B-C,1,15
8202,7,2,DRY,CLASE B-C,2,15
8203,7,2,DRY,CLASE B-C,1,15
8204,7,2,DRY,CLASE B-C,1,15
8205,7,2,DRY,CLASE B-C,2,15
8206,7,2,DRY,CLASE B-C,1,15
8207,7,2,DRY,CLASE B-C,2,15
8208,7,2,DRY,CLASE B-C,1,15
8209,7,2,DRY,CLASE B-C,1,15
8210,7,2,DRY,CLASE B,1,15
8211,7,2,DRY,CLASE B-C,2,15
8212,7,2,DRY,CLASE B-C,2,15
8213,7,2,DRY,CLASE B-C,1,15
8214,7,2,DRY,CLASE B-C,2,15
8215,7,2,DRY,CLASE B-C,2,15
8216,7,2,DRY,CLASE B-C,2,15
8217,7,2,DRY,CLASE A,2,15
8218,7,2,DRY,CLASE B-C,1,15
8219,7,2,DRY,CLASE B-C,2,15
8220,7,2,DRY,CLASE B-C,2,15
8221,7,2,DRY,CLASE B-C,1,15
8222,7,2,DRY,CLASE B-C,2,15
8223,7,2,DRY,CLASE B-C,2,15
8224,7,2,DRY,CLASE B-C,1,15
8225,7,2,DRY,CLASE B-C,2,15
8226,7,2,DRY,CLASE B-C,1,15
8227,7,2,DRY,CLASE B-C,2,15
8228,7,2,DRY,CLASE B-C,2,15
8229,7,2,DRY,CLASE B-C,1,15
8230,7,2,DRY,CLASE B-C,1,15
8231,7,2,DRY,CLASE B-C,1,15
8232,7,2,DRY,CLASE B-C,1,15
8233,7,2,DRY,CLASE B-C,1,15
8234,7,2,DRY,CLASE B-C,1,15
8235,7,2,DRY,CLASE B-C,2,15
8236,7,2,DRY,CLASE B-C,2,15
8237,7,2,DRY,CLASE B-C,2,15
8238,7,2,DRY,CLASE B-C,2,15
8239,7,2,DRY,CLASE B-C,1,15
8240,7,2,DRY,CLASE B-C,2,15
8241,7,2,DRY,CLASE B-C,2,15
8242,7,2,DRY,CLASE B-C,1,15
8243,7,2,DRY,CLASE B-C,1,15
8244,7,2,DRY,CLASE B-C,2,15
8245,7,2,DRY,CLASE B-C,2,15
8246,7,2,DRY,CLASE B-C,2,15
8247,7,2,DRY,CLASE B-C,1,15
8248,7,2,DRY,CLASE B-C,1,15
8249,7,2,DRY,CLASE B-C,1,15
8250,7,2,DRY,CLASE B-C,1,15
8251,7,2,DRY,CLASE B-C,2,15
8252,7,2,DRY,CLASE B-C,1,15
8253,7,2,DRY,CLASE A,2,15
8254,7,2,DRY,CLASE B-C,1,15
8255,7,2,DRY,CLASE B-C,1,15
8256,7,2,DRY,CLASE B-C,2,15
8257,7,2,DRY,CLASE B-C,1,15
8258,7,2,DRY,CLASE B-C,1,15
8259,7,2,DRY,CLASE B-C,1,15
8260,7,2,DRY,CLASE B-C,1,15
8261,7,2,DRY,CLASE B-C,2,15
8262,7,2,DRY,CLASE B-C,1,15
8263,7,2,DRY,CLASE B-C,2,15
8264,7,2,DRY,CLASE B-C,1,15
8265,7,2,DRY,CLASE B-C,1,15
8266,7,2,DRY,CLASE B-C,1,15
8267,7,2,DRY,CLASE B-C,1,15
8268,7,2,DRY,CLASE B-C,1,15
8269,7,2,DRY,CLASE B-C,2,15
8270,7,2,DRY,CLASE B-C,2,15
8271,7,2,DRY,CLASE B-C,2,15
8272,7,2,DRY,CLASE B-C,2,15
8273,7,2,DRY,CLASE B-C,2,15
8274,7,2,DRY,CLASE B-C,2,15
8275,7,2,DRY,CLASE B-C,1,15
8276,7,2,DRY,CLASE B-C,2,15
8277,7,2,DRY,CLASE B-C,2,15
8278,7,2,DRY,CLASE B-C,1,15
8279,7,2,DRY,CLASE B-C,2,15
8280,7,2,DRY,CLASE B-C,1,15
8281,7,2,DRY,CLASE B-C,1,15
8282,7,2,DRY,CLASE B-C,1,15
8283,7,2,DRY,CLASE B-C,1,15
8284,7,2,DRY,CLASE B-C,2,15
8285,7,2,DRY,CLASE B-C,1,15
8286,7,2,DRY,CLASE B-C,1,15
8287,7,2,DRY,CLASE B-C,1,15
8288,7,2,DRY,CLASE B-C,1,15
8289,7,2,DRY,CLASE B-C,2,15
8290,2,2,DRY,CLASE B-C,2,15
8291,2,2,DRY,CLASE B-C,2,15
8292,2,2,DRY,CLASE B-C,2,15
8293,7,2,DRY,CLASE B-C,1,15
8294,2,2,DRY,CLASE B-C,2,15
8295,7,2,DRY,CLASE B-C,1,15
8296,2,2,DRY,CLASE B-C,2,15
8297,3,2,DRY,CLASE B-C,1,15
8298,3,2,DRY,CLASE A,2,15
8299,3,2,DRY,CLASE B-C,2,15
8300,2,2,DRY,CLASE B-C,1,15
8301,2,2,DRY,CLASE B-C,1,15
8302,2,2,DRY,CLASE B-C,1,15
8303,1,2,DRY,CLASE B-C,142,15
8304,4,2,DRY,CLASE B-C,92,15
8305,4,2,DRY,CLASE B-C,92,15
8306,4,2,DRY,CLASE B-C,92,15
8307,2,2,DRY,CLASE B-C,89,15
8308,6,2,DRY,INSPECTION,87,15
8309,6,2,DRY,INSPECTION,72,15
8310,6,2,DRY,CLASE B-C,59,15
8311,6,2,DRY,CLASE B-C,66,15
8312,6,2,DRY,CLASE B-C,59,15
8313,6,2,DRY,CLASE B-C,59,15
8314,2,2,DRY,CLASE B-C,65,15
8315,6,2,DRY,CLASE B-C,66,15
8316,6,2,DRY,CLASE B-C,63,15
8317,6,2,DRY,CLASE B-C,63,15
8318,6,2,DRY,CLASE B-C,63,15
8319,6,2,DRY,CLASE B-C,59,15
8320,6,2,DRY,CLASE B-C,59,15
8321,7,2,DRY,CLASE B-C,33,15
8322,7,2,RF,CLASE B-C,64,15
8323,1,2,DRY,CLASE D,31,15
8324,1,2,DRY,CLASE D,29,15
8325,1,2,DRY,CLASE D,29,15
8326,1,2,DRY,CLASE B-C,30,15
8327,1,2,DRY,CLASE B-C,28,15
8328,1,2,DRY,CLASE B-C,30,15
8329,1,2,DRY,CLASE B-C,30,15
8330,1,2,DRY,CLASE B-C,30,15
8331,1,2,DRY,CLASE B-C,30,15
8332,1,2,RF,CLASE B-C,52,15
8333,6,2,DRY,CLASE B-C,59,15
8334,6,2,DRY,CLASE B-C,59,15
8335,6,2,DRY,CLASE B-C,59,15
8336,2,2,DRY,CLASE B-C,51,15
8337,2,2,DRY,CLASE B-C,51,15
8338,2,2,DRY,CLASE B-C,48,15
8339,2,2,DRY,CLASE B-C,49,15
8340,2,2,DRY,CLASE B-C,51,15
8341,2,2,DRY,CLASE B-C,53,15
8342,1,2,DRY,CLASE D,36,15
8343,1,2,RF,CLASE B-C,53,15
8344,1,2,RF,CLASE B-C,53,15
8345,1,2,RF,CLASE B-C,54,15
8346,6,2,RF,CLASE B-C,44,15
8347,6,2,DRY,INSPECTION,33,15
8348,6,2,DRY,INSPECTION,33,15
8349,6,2,DRY,INSPECTION,33,15
8350,6,2,DRY,CLASE B-C,33,15
8351,6,2,DRY,INSPECTION,33,15
8352,6,2,DRY,INSPECTION,33,15
8353,6,2,DRY,INSPECTION,33,15
8354,6,2,DRY,INSPECTION,33,15
8355,6,2,DRY,INSPECTION,33,15
8356,6,2,DRY,INSPECTION,33,15
8357,7,2,DRY,CLASE B-C,38,15
8358,7,2,DRY,CLASE B-C,38,15
8359,7,2,DRY,CLASE B-C,38,15
8360,7,2,DRY,CLASE B-C,38,15
8361,7,2,RF,CLASE B-C,50,15
8362,6,2,DRY,INSPECTION,35,15
8363,2,2,DRY,CLASE B-C,48,15
8364,2,2,DRY,CLASE B-C,35,15
8365,2,2,DRY,CLASE B-C,46,15
8366,2,2,DRY,CLASE B-C,35,15
8367,7,2,DRY,CLASE B-C,30,15
8368,7,2,RF,CLASE B-C,40,15
8369,7,2,DRY,CLASE B-C,34,15
8370,7,2,DRY,CLASE B-C,34,15
8371,7,2,DRY,CLASE B-C,34,15
8372,7,2,DRY,CLASE B-C,34,15
8373,7,2,DRY,CLASE B-C,34,15
8374,2,2,DRY,CLASE B-C,37,15
8375,2,2,DRY,CLASE B-C,37,15
8376,2,2,DRY,CLASE B-C,37,15
8377,2,2,DRY,CLASE B-C,36,15
8378,1,2,RF,CLASE B-C,37,15
8379,1,2,RF,CLASE B-C,37,15
8380,2,2,DRY,CLASE B-C,29,15
8381,2,2,DRY,CLASE B-C,29,15
8382,3,2,DRY,CLASE B-C,31,15
8383,1,2,DRY,CLASE B-C,28,15
8384,2,2,DRY,CLASE D,28,15
8385,2,2,DRY,CLASE B-C,25,15
8386,1,2,DRY,CLASE B-C,25,15
8387,1,2,DRY,CLASE B-C,25,15
8388,7,2,DRY,CLASE B-C,23,15
8389,7,2,DRY,CLASE B-C,23,15
8390,7,2,DRY,CLASE D,22,15
8391,7,2,DRY,CLASE B-C,23,15
8392,1,2,DRY,CLASE B-C,25,15
8393,1,2,DRY,CLASE B-C,23,15
8394,1,2,DRY,CLASE B-C,23,15
8395,1,2,DRY,CLASE B-C,23,15
8396,1,2,DRY,CLASE B-C,24,15
8397,1,2,DRY,CLASE D,23,15
8398,2,2,DRY,CLASE B-C,22,15
8399,3,2,DRY,CLASE B-C,23,15
8400,3,2,DRY,CLASE B-C,23,15
8401,3,2,DRY,CLASE B-C,15,15
8402,3,2,DRY,CLASE B-C,16,15
8403,3,2,DRY,CLASE B-C,16,15
8404,3,2,DRY,CLASE B-C,16,15
8405,3,2,DRY,CLASE B-C,15,15
8406,3,2,DRY,CLASE B-C,15,15
8407,3,2,DRY,CLASE B-C,16,15
8408,3,2,DRY,CLASE B-C,16,15
8409,3,2,DRY,CLASE B-C,16,15
8410,3,2,DRY,CLASE B-C,16,15
8411,3,2,DRY,CLASE B-C,16,15
8412,3,2,DRY,CLASE B-C,16,15
8413,6,2,RF,CLASE B-C,14,15
8414,6,2,RF,CLASE B-C,15,15
8415,6,2,RF,CLASE B-C,15,15
8416,6,2,RF,INSPECTION,16,15
8417,6,2,RF,CLASE B-C,15,15
8418,6,2,RF,CLASE B-C,15,15
8419,6,2,RF,CLASE B-C,15,15
8420,6,2,RF,CLASE B-C,15,15
8421,6,2,RF,CLASE B-C,15,15
8422,6,2,RF,CLASE B-C,15,15
8423,6,2,RF,INSPECTION,15,15
8424,6,2,RF,INSPECTION,15,15
8425,6,2,RF,INSPECTION,15,15
8426,6,2,RF,INSPECTION,15,15
8427,6,2,DRY,INSPECTION,14,15
8428,2,2,RF,CLASE B-C,11,15
8429,2,2,DRY,CLASE B-C,12,15
8430,2,2,DRY,CLASE B-C,12,15
8431,2,2,DRY,CLASE B-C,12,15
8432,2,2,DRY,CLASE B-C,12,15
8433,2,2,DRY,CLASE B-C,12,15
8434,2,2,DRY,CLASE B-C,12,15
8435,2,2,DRY,CLASE B-C,12,15
8436,2,2,DRY,CLASE B-C,12,15
8437,2,2,DRY,CLASE B-C,12,15
8438,2,2,DRY,CLASE B-C,12,15
8439,2,2,RF,CLASE B-C,12,15
8440,2,2,RF,CLASE B-C,12,15
8441,2,2,DRY,CLASE B-C,12,15
8442,2,2,DRY,CLASE B-C,12,15
8443,6,2,DRY,INSPECTION,14,15
8444,6,2,RF,INSPECTION,14,15
8445,6,2,RF,INSPECTION,13,15
8446,6,2,RF,CLASE B-C,13,15
8447,8,2,RF,CLASE B-C,12,15
8448,3,2,DRY,CLASE B-C,8,15
8449,7,2,RF,CLASE B-C,10,15
8450,7,2,RF,CLASE B-C,10,15
8451,7,2,RF,CLASE B-C,11,15
8452,7,2,RF,CLASE B-C,11,15
8453,7,2,RF,CLASE B-C,11,15
8454,7,2,RF,CLASE B-C,11,15
8455,7,2,RF,CLASE B-C,6,15
8456,7,2,RF,CLASE B-C,11,15
8457,7,2,RF,CLASE B-C,11,15
8458,7,2,DRY,CLASE B-C,8,15
8459,7,2,DRY,CLASE B-C,9,15
8460,7,2,RF,CLASE B-C,11,15
8461,7,2,RF,CLASE B-C,9,15
8462,7,2,RF,CLASE B-C,8,15
8463,7,2,DRY,CLASE B-C,8,15
8464,7,2,DRY,CLASE B-C,9,15
8465,7,2,RF,CLASE B-C,11,15
8466,7,2,RF,CLASE B-C,10,15
8467,7,2,RF,CLASE B-C,7,15
8468,7,2,RF,CLASE B-C,9,15
8469,7,2,RF,CLASE B-C,8,15
8470,7,2,RF,CLASE B-C,11,15
8471,6,2,DRY,INSPECTION,10,15
8472,8,2,RF,CLASE B-C,9,15
8473,2,2,DRY,CLASE B-C,7,15
8474,6,2,DRY,INSPECTION,7,15
8475,6,2,DRY,INSPECTION,7,15
8476,6,2,DRY,INSPECTION,7,15
8477,6,2,DRY,INSPECTION,6,15
8478,6,2,DRY,INSPECTION,1,15
8479,6,2,DRY,INSPECTION,7,15
8480,6,2,DRY,INSPECTION,7,15
8481,6,2,DRY,INSPECTION,7,15
8482,6,2,DRY,INSPECTION,7,15
8483,6,2,DRY,INSPECTION,7,15
8484,6,2,DRY,INSPECTION,7,15
8485,6,2,DRY,INSPECTION,6,15
8486,6,2,DRY,INSPECTION,7,15
8487,6,2,DRY,INSPECTION,7,15
8488,6,2,DRY,INSPECTION,6,15
8489,6,2,DRY,INSPECTION,7,15
8490,6,2,DRY,INSPECTION,7,15
8491,6,2,DRY,INSPECTION,7,15
8492,6,2,DRY,INSPECTION,6,15
8493,6,2,DRY,INSPECTION,7,15
8494,6,2,DRY,CLASE B-C,7,15
8495,6,2,DRY,INSPECTION,7,15
8496,6,2,DRY,INSPECTION,7,15
8497,6,2,DRY,INSPECTION,7,15
8498,6,2,DRY,INSPECTION,6,15
8499,6,2,DRY,CLASE B-C,6,15
8500,6,2,DRY,INSPECTION,5,15
8501,6,2,DRY,CLASE B-C,6,15
8502,6,2,DRY,INSPECTION,7,15
8503,6,2,DRY,INSPECTION,7,15
8504,6,2,DRY,INSPECTION,7,15
8505,6,2,DRY,INSPECTION,7,15
8506,6,2,DRY,INSPECTION,7,15
8507,6,2,DRY,INSPECTION,7,15
8508,6,2,DRY,INSPECTION,7,15
8509,2,2,DRY,CLASE B-C,6,15
8510,2,2,DRY,CLASE B-C,6,15
8511,2,2,DRY,CLASE B-C,6,15
8512,6,2,DRY,INSPECTION,6,15
8513,6,2,DRY,INSPECTION,6,15
8514,6,2,DRY,CLASE B-C,6,15
8515,6,2,DRY,CLASE B-C,6,15
8516,6,2,DRY,INSPECTION,6,15
8517,6,2,DRY,CLASE D,6,15
8518,6,2,DRY,CLASE B-C,6,15
8519,6,2,DRY,CLASE B-C,6,15
8520,6,2,DRY,CLASE B-C,6,15
8521,2,2,DRY,CLASE B-C,2,15
8522,2,2,DRY,CLASE B-C,1,15
8523,2,2,DRY,CLASE B-C,1,15
8524,2,2,DRY,CLASE B-C,2,15
8525,2,2,DRY,CLASE B-C,1,15
8526,2,2,DRY,CLASE B-C,2,15
8527,2,2,DRY,CLASE B-C,2,15
8528,2,2,DRY,CLASE B-C,2,15
8529,2,2,DRY,CLASE B-C,2,15
8530,2,2,DRY,CLASE B-C,2,15
8531,2,2,DRY,CLASE B-C,2,15
8532,2,2,DRY,CLASE B-C,1,15
8533,2,2,DRY,CLASE B-C,2,15
8534,2,2,DRY,CLASE B-C,2,15
8535,2,2,DRY,CLASE B-C,2,15
8536,2,2,DRY,CLASE B-C,2,15
8537,2,2,DRY,CLASE B-C,2,15
8538,2,2,DRY,CLASE B-C,2,15
8539,7,2,DRY,CLASE B,2,15
8540,7,2,DRY,CLASE B-C,4,15
8541,7,2,DRY,CLASE B-C,4,15
8542,7,2,DRY,CLASE B-C,2,15
8543,7,2,DRY,CLASE B-C,4,15
8544,7,2,DRY,CLASE B-C,1,15
8545,7,2,DRY,CLASE B-C,4,15
8546,7,2,DRY,CLASE B-C,4,15
8547,7,2,DRY,CLASE B,4,15
8548,7,2,DRY,CLASE B-C,2,15
8549,7,2,DRY,CLASE B-C,2,15
8550,7,2,DRY,CLASE B-C,4,15
8551,7,2,DRY,CLASE B-C,2,15
8552,7,2,DRY,CLASE B-C,1,15
8553,7,2,DRY,CLASE B-C,4,15
8554,7,2,DRY,CLASE B-C,2,15
8555,7,2,DRY,CLASE B-C,2,15
8556,7,2,DRY,CLASE B-C,4,15
8557,7,2,DRY,CLASE B-C,2,15
8558,7,2,DRY,CLASE B-C,2,15
8559,7,2,DRY,CLASE B-C,4,15
8560,7,2,DRY,CLASE B-C,2,15
8561,7,2,DRY,CLASE B-C,2,15
8562,7,2,DRY,CLASE B-C,2,15
8563,7,2,DRY,CLASE B-C,4,15
8564,7,2,DRY,CLASE B-C,2,15
8565,7,2,DRY,CLASE B-C,4,15
8566,7,2,DRY,CLASE B-C,4,15
8567,7,2,DRY,CLASE B-C,4,15
8568,7,2,DRY,CLASE B-C,4,15
8569,7,2,DRY,CLASE B-C,4,15
8570,7,2,DRY,CLASE B-C,2,15
8571,7,2,DRY,CLASE B-C,4,15
8572,7,2,DRY,CLASE B-C,4,15
8573,7,2,DRY,CLASE A,4,15
8574,7,2,DRY,CLASE B-C,4,15
8575,7,2,DRY,CLASE B,2,15
8576,7,2,DRY,CLASE B-C,4,15
8577,7,2,DRY,CLASE B-C,4,15
8578,7,2,DRY,CLASE B-C,4,15
8579,7,2,DRY,CLASE B-C,4,15
8580,7,2,DRY,CLASE B-C,2,15
8581,7,2,DRY,CLASE B-C,2,15
8582,7,2,DRY,CLASE B-C,2,15
8583,7,2,DRY,CLASE B-C,3,15
8584,7,2,DRY,CLASE B-C,1,15
8585,7,2,DRY,CLASE B-C,2,15
8586,7,2,DRY,CLASE B-C,4,15
8587,7,2,DRY,CLASE B-C,4,15
8588,7,2,DRY,CLASE B-C,4,15
8589,7,2,DRY,CLASE B-C,1,15
8590,7,2,DRY,CLASE B-C,4,15
8591,7,2,DRY,CLASE B-C,2,15
8592,7,2,DRY,CLASE B-C,4,15
8593,7,2,DRY,CLASE B-C,4,15
8594,7,2,DRY,CLASE B-C,2,15
8595,7,2,DRY,CLASE B-C,4,15
8596,7,2,DRY,CLASE B-C,4,15
8597,7,2,DRY,CLASE B-C,2,15
8598,7,2,DRY,CLASE B-C,4,15
8599,7,2,DRY,CLASE B-C,4,15
8600,7,2,DRY,CLASE B-C,4,15
8601,7,2,DRY,CLASE B-C,4,15
8602,7,2,DRY,CLASE B-C,2,15
8603,7,2,DRY,CLASE B-C,2,15
8604,7,2,DRY,CLASE B-C,3,15
8605,7,2,DRY,CLASE B-C,4,15
8606,7,2,DRY,CLASE B-C,1,15
8607,7,2,DRY,CLASE A,2,15
8608,7,2,DRY,CLASE B-C,2,15
8609,7,2,DRY,CLASE A,4,15
8610,7,2,DRY,CLASE B-C,2,15
8611,7,2,DRY,CLASE B-C,4,15
8612,7,2,DRY,CLASE B-C,2,15
8613,7,2,DRY,CLASE B-C,2,15
8614,7,2,DRY,CLASE B-C,2,15
8615,7,2,DRY,CLASE B-C,2,15
8616,7,2,DRY,CLASE B-C,2,15
8617,7,2,DRY,CLASE B-C,2,15
8618,7,2,DRY,CLASE B-C,2,15
8619,7,2,DRY,CLASE B-C,2,15
8620,7,2,DRY,CLASE B-C,4,15
8621,7,2,DRY,CLASE B-C,2,15
8622,7,2,DRY,CLASE B-C,4,15
8623,7,2,DRY,CLASE B-C,2,15
8624,7,2,DRY,CLASE B-C,4,15
8625,7,2,DRY,CLASE B-C,4,15
8626,7,2,DRY,CLASE B-C,4,15
8627,7,2,DRY,CLASE B-C,1,15
8628,7,2,DRY,CLASE B-C,4,15
8629,7,2,DRY,CLASE B-C,3,15
8630,7,2,DRY,CLASE B-C,2,15
8631,7,2,DRY,CLASE B-C,4,15
8632,7,2,DRY,CLASE B-C,4,15
8633,7,2,DRY,CLASE B-C,2,15
8634,7,2,DRY,CLASE B-C,2,15
8635,7,2,DRY,CLASE B-C,4,15
8636,7,2,DRY,CLASE B-C,4,15
8637,7,2,DRY,CLASE A,4,15
8638,7,2,DRY,CLASE B-C,4,15
8639,7,2,DRY,CLASE B-C,4,15
8640,7,2,DRY,CLASE A,2,15
8641,7,2,DRY,CLASE B-C,4,15
8642,7,2,DRY,CLASE B-C,2,15
8643,7,2,DRY,CLASE B-C,4,15
8644,2,2,DRY,CLASE B-C,3,15
8645,2,2,DRY,CLASE B-C,3,15
8646,6,2,DRY,CLASE B-C,3,15
8647,2,2,DRY,CLASE B-C,2,15
8648,3,1,DRY,CLASE B-C,3,15
8649,2,2,DRY,CLASE B-C,2,15
8650,3,2,DRY,CLASE A,2,15
8651,6,2,DRY,CLASE B-C,3,15
8652,2,2,DRY,CLASE B-C,1,15
8653,2,2,DRY,CLASE B-C,1,15
8654,7,2,DRY,CLASE B-C,1,15
8655,7,2,DRY,CLASE B-C,1,15
8656,7,2,DRY,CLASE B-C,1,15
8657,7,2,DRY,CLASE B-C,2,15
8658,7,2,DRY,CLASE B-C,1,15
8659,7,2,DRY,CLASE B-C,1,15
8660,7,2,DRY,CLASE B-C,2,15
8661,7,2,DRY,CLASE B-C,2,15
8662,7,2,DRY,CLASE B-C,1,15
8663,7,2,DRY,CLASE B-C,2,15
8664,7,2,DRY,CLASE B-C,1,15
8665,7,2,DRY,CLASE B-C,1,15
8666,7,2,DRY,CLASE B-C,1,15
8667,7,2,DRY,CLASE B-C,2,15
8668,7,2,DRY,CLASE B-C,1,15
8669,7,2,DRY,CLASE B-C,1,15
8670,7,2,DRY,CLASE B-C,1,15
8671,7,2,DRY,CLASE B-C,1,15
8672,7,2,DRY,CLASE B-C,1,15
8673,7,2,DRY,CLASE B-C,1,15
8674,7,2,DRY,CLASE B-C,1,15
8675,7,2,DRY,CLASE B-C,1,15
8676,7,2,DRY,CLASE B-C,1,15
8677,7,2,DRY,CLASE B-C,1,15
8678,7,2,DRY,CLASE B-C,1,15
8679,7,2,DRY,CLASE B-C,1,15
8680,7,2,DRY,CLASE B-C,1,15
8681,7,2,DRY,CLASE B-C,2,15
8682,7,2,DRY,CLASE B-C,2,15
8683,7,2,DRY,CLASE B-C,2,15
8684,7,2,DRY,CLASE B-C,2,15
8685,7,2,DRY,CLASE B-C,2,15
8686,7,2,DRY,CLASE B-C,1,15
8687,7,2,DRY,CLASE B-C,1,15
8688,7,2,DRY,CLASE B-C,1,15
8689,7,2,DRY,CLASE B-C,2,15
8690,7,2,DRY,CLASE B-C,2,15
8691,7,2,DRY,CLASE B-C,1,15
8692,7,2,DRY,CLASE B-C,2,15
8693,7,2,DRY,CLASE B-C,2,15
8694,7,2,DRY,CLASE B-C,1,15
8695,7,2,DRY,CLASE B-C,2,15
8696,7,2,DRY,CLASE A,1,15
8697,7,2,DRY,CLASE B-C,1,15
8698,7,2,DRY,CLASE B-C,1,15
8699,7,2,DRY,CLASE B-C,1,15
8700,7,2,DRY,CLASE B-C,1,15
8701,7,2,DRY,CLASE B-C,1,15
8702,7,2,DRY,CLASE B,2,15
8703,7,2,DRY,CLASE B-C,1,15
8704,7,2,DRY,CLASE B,2,15
8705,7,2,DRY,CLASE B,2,15
8706,7,2,DRY,CLASE B-C,1,15
8707,7,2,DRY,CLASE B-C,2,15
8708,7,2,DRY,CLASE B-C,1,15
8709,7,2,DRY,CLASE B-C,1,15
8710,7,2,DRY,CLASE B-C,2,15
8711,7,2,DRY,CLASE B-C,1,15
8712,7,2,DRY,CLASE B-C,2,15
8713,7,2,DRY,CLASE B-C,1,15
8714,7,2,DRY,CLASE B-C,1,15
8715,7,2,DRY,CLASE B-C,1,15
8716,7,2,DRY,CLASE B-C,2,15
8717,7,2,DRY,CLASE B-C,1,15
8718,7,2,DRY,CLASE B-C,1,15
8719,7,2,DRY,CLASE B-C,1,15
8720,7,2,DRY,CLASE B-C,1,15
8721,7,2,DRY,CLASE B-C,2,15
8722,7,2,DRY,CLASE B-C,1,15
8723,7,2,DRY,CLASE B-C,1,15
8724,7,2,DRY,CLASE B-C,1,15
8725,7,2,DRY,CLASE B-C,2,15
8726,7,2,DRY,CLASE B-C,1,15
8727,7,2,DRY,CLASE B-C,1,15
8728,7,2,DRY,CLASE B-C,1,15
8729,7,2,DRY,CLASE B-C,1,15
8730,7,2,DRY,CLASE B-C,1,15
8731,7,2,DRY,CLASE B-C,1,15
8732,7,2,DRY,CLASE B-C,1,15
8733,7,2,DRY,CLASE B-C,1,15
8734,7,2,DRY,CLASE B-C,2,15
8735,7,2,DRY,CLASE B-C,1,15
8736,7,2,DRY,CLASE B-C,1,15
8737,7,2,DRY,CLASE B-C,1,15
8738,7,2,DRY,CLASE B-C,1,15
8739,7,2,DRY,CLASE B-C,1,15
8740,7,2,DRY,CLASE B-C,1,15
8741,7,2,DRY,CLASE B-C,1,15
8742,7,2,DRY,CLASE B-C,1,15
8743,7,2,DRY,CLASE B-C,1,15
8744,7,2,DRY,CLASE B-C,1,15
8745,7,2,DRY,CLASE B-C,1,15
8746,7,2,DRY,CLASE B-C,2,15
8747,7,2,DRY,CLASE B-C,1,15
8748,7,2,DRY,CLASE B-C,1,15
8749,7,2,DRY,CLASE B-C,1,15
8750,7,2,DRY,CLASE B-C,1,15
8751,7,2,DRY,CLASE B-C,1,15
8752,7,2,DRY,CLASE B-C,1,15
8753,7,2,DRY,CLASE B-C,1,15
8754,7,2,DRY,CLASE B-C,1,15
8755,7,2,DRY,CLASE B-C,1,15
8756,7,2,DRY,CLASE B-C,1,15
8757,7,2,DRY,CLASE B-C,1,15
8758,7,2,DRY,CLASE B-C,1,15
8759,7,2,DRY,CLASE B-C,2,15
8760,7,2,DRY,CLASE B-C,1,15
8761,7,2,DRY,CLASE B-C,1,15
8762,7,2,DRY,CLASE B-C,1,15
8763,7,2,DRY,CLASE B-C,1,15
8764,7,2,DRY,CLASE B-C,1,15
8765,7,2,DRY,CLASE B-C,1,15
8766,7,2,DRY,CLASE B-C,1,15
8767,7,2,DRY,CLASE B-C,1,15
8768,7,2,DRY,CLASE B-C,1,15
8769,7,2,DRY,CLASE B-C,1,15
8770,7,2,DRY,CLASE B-C,1,15
8771,7,2,DRY,CLASE B-C,1,15
8772,7,2,DRY,CLASE B-C,1,15
8773,7,2,DRY,CLASE B-C,2,15
8774,7,2,DRY,CLASE B-C,1,15
8775,7,2,DRY,CLASE B-C,2,15
8776,7,2,DRY,CLASE B-C,1,15
8777,7,2,DRY,CLASE B-C,2,15
8778,7,2,DRY,CLASE B-C,1,15
8779,7,2,DRY,CLASE B-C,2,15
8780,7,2,DRY,CLASE B-C,1,15
8781,7,2,DRY,CLASE B-C,1,15
8782,7,2,DRY,CLASE B-C,2,15
8783,7,2,DRY,CLASE B-C,1,15
8784,7,2,DRY,CLASE B-C,1,15
8785,7,2,DRY,CLASE B-C,2,15
8786,7,2,DRY,CLASE B-C,2,15
8787,7,2,DRY,CLASE B-C,2,15
8788,7,2,DRY,CLASE B-C,1,15
8789,7,2,DRY,CLASE B-C,2,15
8790,7,2,DRY,CLASE B-C,2,15
8791,7,2,DRY,CLASE B-C,2,15
8792,7,2,DRY,CLASE B-C,2,15
8793,7,2,DRY,CLASE B-C,1,15
8794,7,2,DRY,CLASE B-C,1,15
8795,7,2,DRY,CLASE B-C,1,15
8796,7,2,DRY,CLASE B-C,1,15
8797,7,2,DRY,CLASE B-C,1,15
8798,7,2,DRY,CLASE B-C,1,15
8799,7,2,DRY,CLASE B-C,2,15
8800,7,2,DRY,CLASE B-C,1,15
8801,7,2,DRY,CLASE B-C,1,15
8802,7,2,DRY,CLASE B-C,1,15
8803,2,2,DRY,CLASE B-C,1,15
8804,6,2,DRY,CLASE B-C,1,15
8805,6,2,DRY,CLASE B-C,1,15
8806,6,2,DRY,CLASE B-C,1,15
8807,6,2,DRY,CLASE B-C,1,15
8808,3,2,DRY,CLASE B-C,1,15
8809,6,2,DRY,CLASE B-C,1,15
8810,6,2,DRY,CLASE B-C,1,15
8811,6,2,DRY,CLASE B-C,1,15
8812,6,2,DRY,CLASE B-C,1,15
8813,6,2,DRY,CLASE B-C,1,15
8814,6,2,DRY,CLASE B-C,1,15
8815,3,2,DRY,CLASE B-C,134,15
8816,6,2,DRY,CLASE B-C,115,15
8817,6,2,DRY,CLASE B-C,115,15
8818,6,2,DRY,CLASE B-C,104,15
8819,6,2,DRY,CLASE B-C,104,15
8820,1,2,RF,CLASE B-C,105,15
8821,2,2,DRY,CLASE B-C,96,15
8822,4,2,DRY,CLASE B-C,93,15
8823,4,2,DRY,CLASE B-C,93,15
8824,2,2,DRY,CLASE B-C,91,15
8825,6,2,DRY,CLASE B-C,71,15
8826,6,2,DRY,CLASE B-C,71,15
8827,1,2,RF,CLASE B-C,64,15
8828,1,2,RF,CLASE B-C,58,15
8829,1,2,RF,CLASE B-C,56,15
8830,6,2,DRY,CLASE B-C,63,15
8831,7,2,DRY,CLASE B-C,39,15
8832,7,2,DRY,CLASE B-C,40,15
8833,7,2,DRY,CLASE B-C,39,15
8834,3,2,DRY,CLASE B-C,60,15
8835,3,2,DRY,CLASE B-C,60,15
8836,1,2,RF,CLASE B-C,53,15
8837,1,2,RF,CLASE B-C,55,15
8838,1,2,RF,CLASE B-C,52,15
8839,6,2,DRY,CLASE B-C,34,15
8840,6,2,DRY,CLASE B-C,35,15
8841,6,2,DRY,CLASE B-C,34,15
8842,6,2,DRY,CLASE B-C,35,15
8843,6,2,DRY,CLASE B-C,34,15
8844,6,2,DRY,CLASE B-C,35,15
8845,6,2,DRY,INSPECTION,34,15
8846,6,2,DRY,CLASE B,34,15
8847,6,2,DRY,CLASE B-C,34,15
8848,6,2,DRY,CLASE B-C,35,15
8849,6,2,DRY,INSPECTION,34,15
8850,6,2,DRY,CLASE B-C,35,15
8851,6,2,DRY,CLASE B-C,34,15
8852,6,2,DRY,CLASE B-C,35,15
8853,6,2,DRY,CLASE B-C,35,15
8854,6,2,DRY,CLASE B-C,35,15
8855,6,2,DRY,CLASE B-C,35,15
8856,6,2,DRY,CLASE B-C,34,15
8857,6,2,DRY,CLASE B-C,35,15
8858,6,2,DRY,CLASE B-C,34,15
8859,6,2,DRY,CLASE B-C,35,15
8860,6,2,DRY,CLASE B-C,34,15
8861,6,2,DRY,INSPECTION,34,15
8862,2,2,DRY,CLASE D,49,15
8863,2,2,DRY,CLASE B-C,50,15
8864,2,2,DRY,CLASE B-C,36,15
8865,2,2,DRY,CLASE B-C,49,15
8866,2,2,DRY,CLASE B-C,36,15
8867,2,2,DRY,CLASE B-C,49,15
8868,3,2,DRY,CLASE B-C,38,15
8869,3,2,DRY,CLASE B-C,39,15
8870,3,2,DRY,CLASE B-C,35,15
8871,3,2,DRY,CLASE B-C,34,15
8872,3,2,DRY,CLASE B-C,34,15
8873,3,2,DRY,CLASE B-C,29,15
8874,3,2,DRY,CLASE B-C,34,15
8875,3,2,DRY,CLASE B-C,29,15
8876,3,2,DRY,CLASE B-C,29,15
8877,3,2,DRY,CLASE B-C,29,15
8878,7,2,DRY,CLASE B-C,39,15
8879,7,2,RF,CLASE B-C,31,15
8880,7,2,DRY,CLASE B-C,39,15
8881,1,2,RF,CLASE B-C,45,15
8882,1,2,RF,CLASE B-C,43,15
8883,1,2,RF,CLASE B-C,43,15
8884,1,2,RF,CLASE B-C,42,15
8885,2,2,DRY,CLASE B-C,36,15
8886,2,2,DRY,CLASE B-C,36,15
8887,2,2,DRY,CLASE B-C,39,15
8888,2,2,DRY,CLASE B-C,36,15
8889,2,2,DRY,CLASE B-C,36,15
8890,8,1,DRY,CLASE B-C,38,15
8891,3,2,DRY,CLASE B-C,35,15
8892,3,2,DRY,CLASE B-C,37,15
8893,7,2,DRY,CLASE B-C,36,15
8894,7,2,RF,CLASE B-C,31,15
8895,6,2,RF,INSPECTION,35,15
8896,6,2,DRY,INSPECTION,34,15
8897,6,2,RF,CLASE B-C,32,15
8898,6,2,DRY,CLASE B-C,32,15
8899,3,2,DRY,CLASE B-C,28,15
8900,3,2,DRY,CLASE B-C,30,15
8901,3,2,DRY,CLASE B-C,29,15
8902,3,2,DRY,CLASE B-C,28,15
8903,3,2,DRY,CLASE B-C,28,15
8904,3,2,DRY,CLASE B-C,28,15
8905,3,2,DRY,CLASE B-C,28,15
8906,3,2,DRY,CLASE B-C,28,15
8907,3,2,DRY,CLASE B-C,28,15
8908,3,2,DRY,CLASE B-C,28,15
8909,3,2,DRY,CLASE B-C,28,15
8910,3,2,DRY,CLASE B-C,29,15
8911,3,2,DRY,CLASE B-C,28,15
8912,3,2,DRY,CLASE B-C,28,15
8913,3,2,DRY,CLASE B-C,30,15
8914,3,2,DRY,CLASE B-C,28,15
8915,3,2,DRY,CLASE B-C,28,15
8916,3,2,DRY,CLASE B-C,28,15
8917,3,2,DRY,CLASE B-C,28,15
8918,3,2,DRY,CLASE B-C,29,15
8919,3,2,DRY,CLASE B-C,28,15
8920,3,2,DRY,CLASE B-C,29,15
8921,3,2,DRY,CLASE B-C,28,15
8922,3,2,DRY,CLASE B-C,28,15
8923,3,2,DRY,CLASE B-C,28,15
8924,3,2,DRY,CLASE B-C,28,15
8925,3,2,DRY,CLASE B-C,29,15
8926,3,2,DRY,CLASE B-C,28,15
8927,3,2,DRY,CLASE B-C,28,15
8928,3,2,DRY,CLASE B-C,29,15
8929,3,2,DRY,CLASE B-C,28,15
8930,3,2,DRY,CLASE B-C,28,15
8931,7,2,DRY,CLASE B-C,28,15
8932,7,2,DRY,CLASE B-C,29,15
8933,6,2,DRY,CLASE B-C,31,15
8934,6,2,DRY,CLASE B-C,31,15
8935,6,2,DRY,CLASE B-C,31,15
8936,6,2,DRY,CLASE B-C,31,15
8937,6,2,DRY,CLASE B-C,31,15
8938,6,2,RF,CLASE B-C,31,15
8939,6,2,RF,CLASE B-C,31,15
8940,6,2,RF,CLASE B-C,30,15
8941,6,2,RF,CLASE B-C,29,15
8942,6,2,RF,CLASE B-C,29,15
8943,7,2,DRY,CLASE B-C,16,15
8944,7,2,DRY,CLASE B-C,25,15
8945,7,2,DRY,CLASE D,24,15
8946,2,1,DRY,INSPECTION,24,15
8947,2,1,DRY,INSPECTION,24,15
8948,2,1,DRY,INSPECTION,24,15
8949,3,2,DRY,CLASE B-C,24,15
8950,2,1,DRY,INSPECTION,23,15
8951,2,1,DRY,INSPECTION,23,15
8952,3,2,DRY,CLASE B-C,24,15
8953,3,2,DRY,CLASE B-C,24,15
8954,2,2,RF,CLASE B-C,22,15
8955,3,2,DRY,CLASE B-C,17,15
8956,3,2,DRY,CLASE B-C,17,15
8957,3,2,DRY,CLASE B-C,17,15
8958,3,2,DRY,CLASE B-C,17,15
8959,3,2,DRY,CLASE B-C,17,15
8960,3,2,DRY,CLASE B-C,17,15
8961,3,2,DRY,CLASE B-C,17,15
8962,3,2,DRY,CLASE B-C,17,15
8963,3,2,DRY,CLASE B-C,17,15
8964,3,2,DRY,CLASE B-C,17,15
8965,3,2,DRY,CLASE B-C,17,15
8966,3,2,DRY,CLASE B-C,18,15
8967,3,2,DRY,CLASE B-C,17,15
8968,3,2,DRY,CLASE B-C,17,15
8969,3,2,DRY,CLASE B-C,17,15
8970,3,2,DRY,CLASE B-C,17,15
8971,3,2,DRY,CLASE B-C,17,15
8972,3,2,DRY,CLASE B-C,17,15
8973,3,2,DRY,CLASE B-C,17,15
8974,3,2,DRY,CLASE B-C,17,15
8975,3,2,DRY,CLASE B-C,17,15
8976,8,2,DRY,CLASE B-C,17,15
8977,8,2,DRY,CLASE B-C,17,15
8978,8,2,DRY,CLASE B-C,17,15
8979,6,2,RF,CLASE B-C,15,15
8980,6,2,RF,CLASE B-C,17,15
8981,6,2,RF,CLASE B-C,17,15
8982,6,2,RF,CLASE B-C,16,15
8983,6,2,RF,CLASE B-C,16,15
8984,6,2,RF,CLASE B-C,16,15
8985,6,2,RF,CLASE B-C,17,15
8986,6,2,RF,CLASE B-C,16,15
8987,6,2,RF,CLASE B-C,17,15
8988,6,2,RF,CLASE B-C,16,15
8989,6,2,RF,CLASE B-C,16,15
8990,6,2,RF,CLASE B-C,17,15
8991,6,2,RF,CLASE B-C,17,15
8992,6,2,RF,CLASE B-C,16,15
8993,6,2,RF,CLASE B-C,16,15
8994,6,2,RF,CLASE B-C,16,15
8995,6,2,RF,CLASE B-C,17,15
8996,6,2,RF,CLASE B-C,17,15
8997,2,2,RF,CLASE B-C,13,15
8998,2,2,RF,CLASE B-C,13,15
8999,2,2,RF,CLASE B-C,13,15
9000,2,2,RF,CLASE B-C,14,15
9001,6,2,DRY,CLASE B,16,15
9002,6,2,DRY,CLASE B-C,16,15
9003,6,2,DRY,CLASE B-C,16,15
9004,6,2,DRY,CLASE B-C,15,15
9005,6,2,DRY,CLASE B-C,15,15
9006,6,2,DRY,CLASE B-C,15,15
9007,3,2,DRY,CLASE B-C,14,15
9008,7,2,DRY,CLASE B-C,15,15
9009,6,2,DRY,CLASE B-C,15,15
9010,7,2,RF,CLASE B-C,12,15
9011,7,2,RF,CLASE B-C,11,15
9012,7,2,DRY,CLASE B-C,10,15
9013,7,2,RF,CLASE B-C,12,15
9014,7,2,RF,CLASE B-C,10,15
9015,7,2,DRY,CLASE B-C,10,15
9016,7,2,DRY,CLASE B-C,8,15
9017,7,2,RF,CLASE B-C,10,15
9018,7,2,RF,CLASE B-C,11,15
9019,7,2,RF,CLASE B-C,11,15
9020,7,2,DRY,CLASE B-C,11,15
9021,7,2,DRY,CLASE B-C,11,15
9022,7,2,DRY,CLASE B-C,11,15
9023,7,2,DRY,CLASE B-C,12,15
9024,7,2,RF,CLASE B-C,12,15
9025,7,2,RF,CLASE B-C,11,15
9026,7,2,RF,CLASE B-C,10,15
9027,7,2,RF,CLASE B-C,10,15
9028,7,2,RF,CLASE B-C,11,15
9029,7,2,RF,CLASE B-C,11,15
9030,7,2,RF,CLASE B-C,11,15
9031,7,2,RF,CLASE B-C,11,15
9032,7,2,RF,CLASE B-C,10,15
9033,7,2,RF,CLASE B-C,11,15
9034,7,2,RF,CLASE B-C,11,15
9035,7,2,RF,CLASE B-C,10,15
9036,7,2,RF,CLASE B-C,11,15
9037,7,2,RF,CLASE B-C,10,15
9038,7,2,RF,CLASE B-C,11,15
9039,7,2,RF,CLASE B-C,12,15
9040,7,2,DRY,CLASE B-C,11,15
9041,7,2,DRY,CLASE B-C,10,15
9042,7,2,DRY,CLASE B-C,10,15
9043,7,2,RF,CLASE B-C,13,15
9044,7,2,DRY,CLASE B-C,13,15
9045,2,1,DRY,INSPECTION,10,15
9046,2,1,DRY,INSPECTION,10,15
9047,2,1,DRY,INSPECTION,10,15
9048,2,1,DRY,INSPECTION,10,15
9049,2,1,DRY,INSPECTION,10,15
9050,2,1,DRY,INSPECTION,10,15
9051,2,1,DRY,INSPECTION,9,15
9052,2,1,DRY,INSPECTION,9,15
9053,2,1,DRY,INSPECTION,9,15
9054,6,2,DRY,CLASE B-C,6,15
9055,6,2,DRY,CLASE B-C,7,15
9056,6,2,DRY,CLASE B-C,7,15
9057,6,2,DRY,CLASE B-C,7,15
9058,6,2,DRY,CLASE B-C,7,15
9059,6,2,DRY,CLASE B-C,1,15
9060,6,2,DRY,CLASE B-C,7,15
9061,6,2,DRY,CLASE B-C,7,15
9062,6,2,DRY,CLASE B-C,7,15
9063,6,2,DRY,CLASE B-C,7,15
9064,6,2,DRY,CLASE B-C,7,15
9065,6,2,DRY,CLASE B-C,7,15
9066,6,2,DRY,CLASE B-C,7,15
9067,6,2,DRY,CLASE B-C,1,15
9068,6,2,DRY,CLASE B-C,7,15
9069,6,2,DRY,CLASE B-C,7,15
9070,6,2,DRY,CLASE B-C,7,15
9071,6,2,DRY,CLASE B-C,7,15
9072,6,2,DRY,CLASE B-C,7,15
9073,6,2,DRY,CLASE B-C,7,15
9074,6,2,DRY,CLASE B-C,7,15
9075,6,2,DRY,CLASE B-C,7,15
9076,6,2,DRY,CLASE B-C,7,15
9077,6,2,DRY,CLASE B-C,7,15
9078,6,2,DRY,CLASE B-C,7,15
9079,6,2,DRY,CLASE B-C,7,15
9080,6,2,DRY,CLASE B-C,7,15
9081,6,2,DRY,CLASE B-C,7,15
9082,6,2,DRY,CLASE B-C,7,15
9083,6,2,DRY,CLASE B-C,7,15
9084,6,2,DRY,CLASE B-C,7,15
9085,7,2,DRY,CLASE B-C,9,15
9086,6,2,DRY,CLASE B-C,9,15
9087,2,1,DRY,INSPECTION,8,15
9088,2,1,DRY,INSPECTION,8,15
9089,6,2,DRY,CLASE B-C,8,15
9090,6,2,DRY,CLASE B-C,8,15
9091,6,2,DRY,CLASE B-C,8,15
9092,6,2,DRY,CLASE B-C,8,15
9093,6,2,DRY,CLASE B-C,8,15
9094,6,2,DRY,CLASE B-C,8,15
9095,6,2,DRY,CLASE B-C,8,15
9096,6,2,DRY,CLASE B-C,8,15
9097,6,2,DRY,CLASE B-C,8,15
9098,6,2,DRY,CLASE B-C,8,15
9099,6,2,DRY,CLASE B-C,8,15
9100,6,2,DRY,CLASE B-C,8,15
9101,6,2,DRY,CLASE B-C,8,15
9102,2,2,DRY,CLASE B-C,3,15
9103,2,2,DRY,CLASE B-C,4,15
9104,2,2,DRY,CLASE B-C,3,15
9105,6,2,DRY,CLASE B-C,6,15
9106,7,2,DRY,CLASE B-C,4,15
9107,7,2,DRY,CLASE B-C,4,15
9108,7,2,DRY,CLASE B-C,5,15
9109,7,2,DRY,CLASE B-C,3,15
9110,7,2,DRY,CLASE B-C,5,15
9111,7,2,DRY,CLASE B-C,4,15
9112,7,2,DRY,CLASE B-C,2,15
9113,7,2,DRY,CLASE A,2,15
9114,7,2,DRY,CLASE B-C,4,15
9115,7,2,DRY,CLASE B-C,5,15
9116,7,2,DRY,CLASE B-C,4,15
9117,7,2,DRY,CLASE B-C,5,15
9118,7,2,DRY,CLASE D,6,15
9119,7,2,DRY,CLASE B-C,4,15
9120,7,2,DRY,CLASE B-C,5,15
9121,7,2,DRY,CLASE B-C,6,15
9122,7,2,DRY,CLASE B-C,1,15
9123,7,2,DRY,CLASE B-C,5,15
9124,7,2,DRY,CLASE B-C,3,15
9125,7,2,DRY,CLASE B-C,5,15
9126,7,2,DRY,CLASE B-C,3,15
9127,7,2,DRY,CLASE B-C,3,15
9128,7,2,DRY,CLASE B-C,6,15
9129,7,2,DRY,CLASE B-C,6,15
9130,7,2,DRY,CLASE B-C,6,15
9131,7,2,DRY,CLASE B-C,1,15
9132,7,2,DRY,CLASE B-C,4,15
9133,7,2,DRY,CLASE B-C,4,15
9134,7,2,DRY,CLASE B-C,4,15
9135,7,2,DRY,CLASE B-C,4,15
9136,7,2,DRY,CLASE B-C,2,15
9137,7,2,DRY,CLASE B-C,4,15
9138,7,2,DRY,CLASE B-C,6,15
9139,7,2,DRY,CLASE B-C,6,15
9140,7,2,DRY,CLASE B-C,2,15
9141,7,2,DRY,CLASE B-C,2,15
9142,7,2,DRY,CLASE B-C,5,15
9143,7,2,DRY,CLASE B-C,6,15
9144,7,2,DRY,CLASE B-C,4,15
9145,7,2,DRY,CLASE B-C,5,15
9146,7,2,DRY,CLASE B-C,1,15
9147,7,2,DRY,CLASE B-C,6,15
9148,7,2,DRY,CLASE B-C,5,15
9149,7,2,DRY,CLASE B-C,1,15
9150,7,2,DRY,CLASE B-C,2,15
9151,7,2,DRY,CLASE B-C,3,15
9152,7,2,DRY,CLASE B-C,5,15
9153,7,2,DRY,CLASE B-C,6,15
9154,7,2,DRY,CLASE B-C,5,15
9155,7,2,DRY,CLASE B-C,6,15
9156,7,2,DRY,CLASE B-C,4,15
9157,7,2,DRY,CLASE B-C,5,15
9158,7,2,DRY,CLASE B-C,6,15
9159,7,2,DRY,CLASE D,4,15
9160,7,2,DRY,CLASE B-C,4,15
9161,7,2,DRY,CLASE B-C,3,15
9162,7,2,DRY,CLASE B-C,4,15
9163,7,2,DRY,CLASE B-C,5,15
9164,7,2,DRY,CLASE B-C,5,15
9165,7,2,DRY,CLASE B-C,2,15
9166,7,2,DRY,CLASE B-C,1,15
9167,7,2,DRY,CLASE B-C,4,15
9168,7,2,DRY,CLASE B-C,5,15
9169,7,2,DRY,CLASE B-C,5,15
9170,7,2,DRY,CLASE B-C,2,15
9171,7,2,DRY,CLASE B-C,4,15
9172,7,2,DRY,CLASE B-C,3,15
9173,7,2,DRY,CLASE B-C,5,15
9174,7,2,DRY,CLASE B-C,2,15
9175,7,2,DRY,CLASE B-C,1,15
9176,7,2,DRY,CLASE B-C,5,15
9177,7,2,DRY,CLASE B-C,6,15
9178,7,2,DRY,CLASE B-C,6,15
9179,7,2,DRY,CLASE B-C,5,15
9180,7,2,DRY,CLASE B-C,5,15
9181,7,2,DRY,CLASE B-C,3,15
9182,7,2,DRY,CLASE B-C,3,15
9183,7,2,DRY,CLASE B-C,3,15
9184,7,2,DRY,CLASE B-C,1,15
9185,7,2,DRY,CLASE B-C,5,15
9186,7,2,DRY,CLASE B-C,2,15
9187,7,2,DRY,CLASE B-C,2,15
9188,7,2,DRY,CLASE B-C,4,15
9189,7,2,DRY,CLASE B-C,5,15
9190,7,2,DRY,CLASE B-C,5,15
9191,7,2,DRY,CLASE B-C,5,15
9192,7,2,DRY,CLASE B-C,2,15
9193,7,2,DRY,CLASE B-C,5,15
9194,7,2,DRY,CLASE B-C,5,15
9195,7,2,DRY,CLASE B-C,4,15
9196,7,2,DRY,CLASE B-C,1,15
9197,7,2,DRY,CLASE B-C,3,15
9198,7,2,DRY,CLASE B-C,4,15
9199,7,2,DRY,CLASE B-C,5,15
9200,7,2,DRY,CLASE B-C,3,15
9201,7,2,DRY,CLASE B-C,1,15
9202,7,2,DRY,CLASE B-C,5,15
9203,7,2,DRY,CLASE B-C,4,15
9204,7,2,DRY,CLASE B-C,5,15
9205,7,2,DRY,CLASE B-C,1,15
9206,7,2,DRY,CLASE B-C,6,15
9207,7,2,DRY,CLASE B-C,2,15
9208,7,2,DRY,CLASE B-C,2,15
9209,7,2,DRY,CLASE B-C,5,15
9210,7,2,DRY,CLASE B-C,1,15
9211,7,2,DRY,CLASE B-C,3,15
9212,7,2,DRY,CLASE B-C,5,15
9213,7,2,DRY,CLASE B-C,2,15
9214,7,2,DRY,CLASE B-C,3,15
9215,7,2,DRY,CLASE B-C,3,15
9216,7,2,DRY,CLASE B-C,3,15
9217,7,2,DRY,CLASE B-C,1,15
9218,7,2,DRY,CLASE B-C,1,15
9219,7,2,DRY,CLASE B-C,2,15
9220,7,2,DRY,CLASE B-C,6,15
9221,7,2,DRY,CLASE B-C,6,15
9222,7,2,DRY,CLASE B-C,4,15
9223,7,2,DRY,CLASE B-C,1,15
9224,7,2,DRY,CLASE B-C,3,15
9225,7,2,DRY,CLASE B-C,3,15
9226,7,2,DRY,CLASE B-C,1,15
9227,7,2,DRY,CLASE B-C,2,15
9228,7,2,DRY,CLASE B-C,5,15
9229,7,2,DRY,CLASE B-C,1,15
9230,7,2,DRY,CLASE B-C,3,15
9231,7,2,DRY,CLASE B-C,5,15
9232,7,2,DRY,CLASE B-C,3,15
9233,7,2,DRY,CLASE B-C,5,15
9234,7,2,DRY,CLASE B-C,5,15
9235,7,2,DRY,CLASE B-C,5,15
9236,7,2,DRY,CLASE B-C,6,15
9237,7,2,DRY,CLASE B-C,2,15
9238,7,2,DRY,CLASE B-C,1,15
9239,7,2,DRY,CLASE B-C,1,15
9240,7,2,DRY,CLASE B-C,1,15
9241,7,2,DRY,CLASE B-C,4,15
9242,7,2,DRY,CLASE B-C,5,15
9243,7,2,DRY,CLASE B-C,2,15
9244,7,2,DRY,CLASE B-C,1,15
9245,7,2,DRY,CLASE B-C,5,15
9246,7,2,DRY,CLASE B-C,3,15
9247,7,2,DRY,CLASE B-C,5,15
9248,7,2,DRY,CLASE B-C,5,15
9249,7,2,DRY,CLASE B-C,1,15
9250,7,2,DRY,CLASE B-C,6,15
9251,7,2,DRY,CLASE B-C,2,15
9252,7,2,DRY,CLASE B-C,1,15
9253,7,2,DRY,CLASE B-C,3,15
9254,7,2,DRY,CLASE B-C,4,15
9255,7,2,DRY,CLASE B-C,4,15
9256,7,2,DRY,CLASE B-C,4,15
9257,7,2,DRY,CLASE B-C,3,15
9258,7,2,DRY,CLASE B-C,1,15
9259,7,2,DRY,CLASE B-C,4,15
9260,7,2,DRY,CLASE B-C,2,15
9261,7,2,DRY,CLASE B-C,1,15
9262,7,2,DRY,CLASE B-C,3,15
9263,7,2,DRY,CLASE B-C,1,15
9264,7,2,DRY,CLASE B-C,5,15
9265,7,2,DRY,CLASE B-C,5,15
9266,7,2,DRY,CLASE A,5,15
9267,7,2,DRY,CLASE B,5,15
9268,7,2,DRY,CLASE B-C,5,15
9269,7,2,DRY,CLASE B-C,5,15
9270,7,2,DRY,CLASE B,4,15
9271,7,2,DRY,CLASE B-C,6,15
9272,7,2,DRY,CLASE B-C,5,15
9273,7,2,DRY,CLASE B-C,1,15
9274,7,2,DRY,CLASE B-C,1,15
9275,7,2,DRY,CLASE B-C,5,15
9276,7,2,DRY,CLASE B-C,2,15
9277,7,2,DRY,CLASE B-C,1,15
9278,7,2,DRY,CLASE B-C,4,15
9279,7,2,DRY,CLASE B-C,6,15
9280,7,2,DRY,CLASE B-C,3,15
9281,7,2,DRY,CLASE B-C,5,15
9282,7,2,DRY,CLASE B-C,2,15
9283,7,2,DRY,CLASE B-C,2,15
9284,7,2,DRY,CLASE B-C,6,15
9285,7,2,DRY,CLASE B-C,6,15
9286,7,2,DRY,CLASE B-C,2,15
9287,7,2,DRY,CLASE B-C,2,15
9288,7,2,DRY,CLASE B-C,1,15
9289,7,2,DRY,CLASE B-C,4,15
9290,7,2,DRY,CLASE B-C,2,15
9291,7,2,DRY,CLASE B-C,2,15
9292,7,2,DRY,CLASE B-C,4,15
9293,7,2,DRY,CLASE B-C,3,15
9294,7,2,DRY,CLASE B-C,1,15
9295,7,2,DRY,CLASE B-C,5,15
9296,7,2,DRY,CLASE B-C,1,15
9297,7,2,DRY,CLASE B-C,5,15
9298,7,2,DRY,CLASE B-C,5,15
9299,7,2,DRY,CLASE B-C,5,15
9300,7,2,DRY,CLASE B-C,4,15
9301,7,2,DRY,CLASE B-C,2,15
9302,7,2,DRY,CLASE B-C,2,15
9303,7,2,DRY,CLASE B-C,3,15
9304,7,2,DRY,CLASE A,2,15
9305,7,2,DRY,CLASE B-C,4,15
9306,7,2,DRY,CLASE B-C,6,15
9307,7,2,DRY,CLASE B-C,5,15
9308,7,2,DRY,CLASE B-C,2,15
9309,7,2,DRY,CLASE B-C,2,15
9310,7,2,DRY,CLASE B-C,1,15
9311,7,2,DRY,CLASE B-C,1,15
9312,7,2,DRY,CLASE B-C,2,15
9313,7,2,DRY,CLASE B-C,1,15
9314,7,2,DRY,CLASE B-C,3,15
9315,7,2,DRY,CLASE B-C,3,15
9316,7,2,DRY,CLASE B-C,1,15
9317,7,2,DRY,CLASE B-C,5,15
9318,7,2,DRY,CLASE B-C,5,15
9319,7,2,DRY,CLASE B-C,2,15
9320,7,2,DRY,CLASE B-C,5,15
9321,7,2,DRY,CLASE B-C,5,15
9322,7,2,DRY,CLASE B-C,2,15
9323,7,2,DRY,CLASE B-C,2,15
9324,7,2,DRY,CLASE B-C,4,15
9325,7,2,DRY,CLASE B-C,4,15
9326,7,2,DRY,CLASE B-C,5,15
9327,7,2,DRY,CLASE B-C,1,15
9328,7,2,DRY,CLASE B-C,5,15
9329,7,2,DRY,CLASE B-C,5,15
9330,7,2,DRY,CLASE B-C,2,15
9331,7,2,DRY,CLASE B-C,3,15
9332,7,2,DRY,CLASE B-C,5,15
9333,7,2,DRY,CLASE B-C,4,15
9334,7,2,DRY,CLASE B-C,2,15
9335,7,2,DRY,CLASE B-C,5,15
9336,7,2,DRY,CLASE B-C,3,15
9337,7,2,DRY,CLASE B-C,6,15
9338,7,2,DRY,CLASE B-C,4,15
9339,7,2,DRY,CLASE D,4,15
9340,7,2,DRY,CLASE B-C,1,15
9341,7,2,DRY,CLASE B-C,2,15
9342,7,2,DRY,CLASE B-C,6,15
9343,7,2,DRY,CLASE B-C,4,15
9344,7,2,DRY,CLASE B-C,1,15
9345,7,2,DRY,CLASE B-C,4,15
9346,7,2,DRY,CLASE A,2,15
9347,7,2,DRY,CLASE B-C,5,15
9348,7,2,DRY,CLASE B-C,2,15
9349,7,2,DRY,CLASE B-C,1,15
9350,7,2,DRY,CLASE B-C,3,15
9351,7,2,DRY,CLASE B-C,2,15
9352,7,2,DRY,CLASE B-C,4,15
9353,7,2,DRY,CLASE B-C,4,15
9354,7,2,DRY,CLASE B-C,3,15
9355,7,2,DRY,CLASE B-C,5,15
9356,7,2,DRY,CLASE B-C,3,15
9357,7,2,DRY,CLASE B-C,4,15
9358,7,2,DRY,CLASE B-C,4,15
9359,7,2,DRY,CLASE B-C,4,15
9360,7,2,DRY,CLASE B-C,4,15
9361,7,2,DRY,CLASE B-C,5,15
9362,7,2,DRY,CLASE B-C,6,15
9363,6,2,DRY,CLASE B-C,4,15
9364,6,2,DRY,CLASE B-C,4,15
9365,6,2,DRY,CLASE B-C,4,15
9366,6,2,DRY,CLASE B-C,4,15
9367,6,2,DRY,CLASE B-C,4,15
9368,2,2,DRY,CLASE B-C,4,15
9369,10,2,RF,INSPECTION,5,15
9370,10,2,RF,INSPECTION,5,15
9371,7,2,DRY,CLASE B-C,4,15
9372,6,2,DRY,INSPECTION,3,15
9373,6,2,DRY,INSPECTION,3,15
9374,6,2,DRY,INSPECTION,3,15
9375,6,2,DRY,INSPECTION,3,15
9376,6,2,DRY,INSPECTION,3,15
9377,6,2,DRY,INSPECTION,3,15
9378,7,2,DRY,CLASE B-C,4,15
9379,7,2,DRY,CLASE B-C,4,15
9380,7,2,DRY,CLASE B-C,4,15
9381,6,2,DRY,CLASE B-C,3,15
9382,6,2,RF,CLASE B-C,4,15
9383,7,2,DRY,CLASE B-C,4,15
9384,6,2,DRY,CLASE B-C,3,15
9385,7,2,DRY,CLASE B-C,4,15
9386,3,2,DRY,CLASE B-C,1,15
9387,3,2,DRY,CLASE B-C,2,15
9388,3,2,DRY,CLASE B-C,2,15
9389,3,2,DRY,CLASE B-C,2,15
9390,3,2,DRY,CLASE B-C,2,15
9391,3,2,DRY,CLASE B-C,2,15
9392,3,2,DRY,CLASE B-C,2,15
9393,3,2,DRY,CLASE B-C,2,15
9394,3,2,DRY,CLASE B-C,2,15
9395,3,2,DRY,CLASE B-C,2,15
9396,3,2,DRY,CLASE B-C,2,15
9397,3,2,DRY,CLASE B-C,2,15
9398,3,2,DRY,CLASE B-C,2,15
9399,3,2,DRY,CLASE B-C,2,15
9400,3,2,DRY,CLASE B-C,2,15
9401,3,2,DRY,CLASE B-C,2,15
9402,3,2,DRY,CLASE B-C,2,15
9403,3,2,DRY,CLASE B-C,1,15
9404,3,2,DRY,CLASE B-C,2,15
9405,3,2,DRY,CLASE B-C,1,15
9406,3,2,DRY,CLASE B-C,2,15
9407,3,2,DRY,CLASE B-C,2,15
9408,3,2,DRY,CLASE B-C,2,15
9409,3,2,DRY,CLASE B-C,2,15
9410,3,2,DRY,CLASE B-C,2,15
9411,3,2,DRY,CLASE B-C,2,15
9412,3,2,DRY,CLASE B-C,2,15
9413,3,2,DRY,CLASE B-C,2,15
9414,3,2,DRY,CLASE B-C,2,15
9415,3,2,DRY,CLASE B-C,2,15
9416,3,2,DRY,CLASE B-C,1,15
9417,3,2,DRY,CLASE B-C,2,15
9418,3,2,DRY,CLASE B-C,2,15
9419,3,2,DRY,CLASE B-C,2,15
9420,3,2,DRY,CLASE B-C,2,15
9421,7,2,DRY,CLASE B-C,1,15
9422,7,2,DRY,CLASE B-C,2,15
9423,7,2,DRY,CLASE A,1,15
9424,7,2,DRY,CLASE B-C,2,15
9425,7,2,DRY,CLASE B-C,2,15
9426,7,2,DRY,CLASE B-C,1,15
9427,7,2,DRY,CLASE B-C,1,15
9428,7,2,DRY,CLASE B-C,3,15
9429,7,2,DRY,CLASE B-C,2,15
9430,7,2,DRY,CLASE B-C,2,15
9431,7,2,DRY,CLASE B-C,1,15
9432,7,2,DRY,CLASE B-C,1,15
9433,7,2,DRY,CLASE B-C,1,15
9434,7,2,DRY,CLASE B-C,1,15
9435,7,2,DRY,CLASE B-C,2,15
9436,7,2,DRY,CLASE B-C,1,15
9437,7,2,DRY,CLASE B-C,1,15
9438,7,2,DRY,CLASE B-C,2,15
9439,7,2,DRY,CLASE B-C,1,15
9440,7,2,DRY,CLASE B-C,1,15
9441,7,2,DRY,CLASE B-C,1,15
9442,7,2,DRY,CLASE B-C,2,15
9443,7,2,DRY,CLASE B-C,2,15
9444,7,2,DRY,CLASE B-C,1,15
9445,7,2,DRY,CLASE B-C,2,15
9446,7,2,DRY,CLASE B-C,2,15
9447,7,2,DRY,CLASE B-C,2,15
9448,7,2,DRY,CLASE B-C,2,15
9449,7,2,DRY,CLASE B-C,2,15
9450,7,2,DRY,CLASE B-C,4,15
9451,7,2,DRY,CLASE B-C,1,15
9452,7,2,DRY,CLASE B-C,1,15
9453,7,2,DRY,CLASE B-C,2,15
9454,7,2,DRY,CLASE B-C,4,15
9455,7,2,DRY,CLASE D,2,15
9456,7,2,DRY,CLASE B-C,2,15
9457,7,2,DRY,CLASE B-C,3,15
9458,7,2,DRY,CLASE B-C,1,15
9459,7,2,DRY,CLASE B-C,2,15
9460,7,2,DRY,CLASE B-C,2,15
9461,7,2,DRY,CLASE B-C,4,15
9462,7,2,DRY,CLASE B-C,1,15
9463,7,2,DRY,CLASE B-C,1,15
9464,7,2,DRY,CLASE B-C,2,15
9465,7,2,DRY,CLASE B-C,1,15
9466,7,2,DRY,CLASE B-C,2,15
9467,7,2,DRY,CLASE B-C,1,15
9468,7,2,DRY,CLASE B-C,1,15
9469,7,2,DRY,CLASE B-C,1,15
9470,7,2,DRY,CLASE B-C,2,15
9471,7,2,DRY,CLASE B-C,1,15
9472,7,2,DRY,CLASE B-C,2,15
9473,7,2,DRY,CLASE B-C,1,15
9474,7,2,DRY,CLASE B-C,1,15
9475,7,2,DRY,CLASE B-C,2,15
9476,7,2,DRY,CLASE B-C,2,15
9477,7,2,DRY,CLASE B-C,1,15
9478,7,2,DRY,CLASE B-C,1,15
9479,7,2,DRY,CLASE B-C,1,15
9480,7,2,DRY,CLASE B-C,1,15
9481,7,2,DRY,CLASE B-C,1,15
9482,7,2,DRY,CLASE B-C,2,15
9483,7,2,DRY,CLASE B-C,1,15
9484,7,2,DRY,CLASE B-C,2,15
9485,7,2,DRY,CLASE B-C,2,15
9486,7,2,DRY,CLASE B-C,1,15
9487,7,2,DRY,CLASE B-C,1,15
9488,7,2,DRY,CLASE B-C,2,15
9489,7,2,DRY,CLASE B-C,2,15
9490,7,2,DRY,CLASE B-C,1,15
9491,7,2,DRY,CLASE B-C,1,15
9492,7,2,DRY,CLASE B,1,15
9493,7,2,DRY,CLASE B-C,1,15
9494,7,2,DRY,CLASE B-C,1,15
9495,7,2,DRY,CLASE B-C,2,15
9496,7,2,DRY,CLASE B-C,2,15
9497,7,2,DRY,CLASE D,1,15
9498,7,2,DRY,CLASE B-C,2,15
9499,7,2,DRY,CLASE B-C,2,15
9500,7,2,DRY,CLASE B-C,2,15
9501,7,2,DRY,CLASE B-C,1,15
9502,7,2,DRY,CLASE B-C,2,15
9503,7,2,DRY,CLASE B-C,4,15
9504,7,2,DRY,CLASE B-C,1,15
9505,7,2,DRY,CLASE B-C,1,15
9506,7,2,DRY,CLASE B-C,1,15
9507,7,2,DRY,CLASE B-C,1,15
9508,7,2,DRY,CLASE B-C,1,15
9509,7,2,DRY,CLASE B-C,1,15
9510,7,2,DRY,CLASE B-C,3,15
9511,7,2,DRY,CLASE B-C,2,15
9512,7,2,DRY,CLASE B-C,1,15
9513,7,2,DRY,CLASE B-C,1,15
9514,7,2,DRY,CLASE B-C,2,15
9515,7,2,DRY,CLASE B-C,2,15
9516,7,2,DRY,CLASE B-C,1,15
9517,7,2,DRY,CLASE B,4,15
9518,7,2,DRY,CLASE B-C,1,15
9519,7,2,DRY,CLASE B-C,2,15
9520,7,2,DRY,CLASE B-C,2,15
9521,7,2,DRY,CLASE B-C,1,15
9522,7,2,DRY,CLASE A,1,15
9523,7,2,DRY,CLASE B-C,2,15
9524,7,2,DRY,CLASE B-C,2,15
9525,7,2,DRY,CLASE B,1,15
9526,7,2,DRY,CLASE B,2,15
9527,7,2,DRY,CLASE B,1,15
9528,7,2,DRY,CLASE B-C,2,15
9529,7,2,DRY,CLASE B-C,2,15
9530,7,2,DRY,CLASE B-C,1,15
9531,7,2,DRY,CLASE B,1,15
9532,7,2,DRY,CLASE A,1,15
9533,7,2,DRY,CLASE B-C,1,15
9534,7,2,DRY,CLASE B-C,1,15
9535,7,2,DRY,CLASE B,2,15
9536,7,2,DRY,CLASE B-C,1,15
9537,7,2,DRY,CLASE B-C,1,15
9538,7,2,DRY,CLASE B-C,1,15
9539,7,2,DRY,CLASE B-C,1,15
9540,7,2,DRY,CLASE B-C,1,15
9541,7,2,DRY,CLASE B-C,1,15
9542,7,2,DRY,CLASE B-C,1,15
9543,7,2,DRY,CLASE B-C,1,15
9544,7,2,DRY,CLASE B-C,1,15
9545,7,2,DRY,CLASE B-C,1,15
9546,7,2,DRY,CLASE B-C,2,15
9547,7,2,DRY,CLASE B-C,2,15
9548,7,2,DRY,CLASE B-C,4,15
9549,7,2,DRY,CLASE B-C,1,15
9550,7,2,DRY,CLASE B-C,2,15
9551,7,2,DRY,CLASE B-C,2,15
9552,7,2,DRY,CLASE B-C,3,15
9553,7,2,DRY,CLASE B-C,1,15
9554,7,2,DRY,CLASE B-C,1,15
9555,7,2,DRY,CLASE B-C,2,15
9556,7,2,DRY,CLASE B-C,1,15
9557,7,2,DRY,CLASE B-C,1,15
9558,7,2,DRY,CLASE B-C,1,15
9559,7,2,DRY,CLASE B-C,1,15
9560,7,2,DRY,CLASE B-C,4,15
9561,7,2,DRY,CLASE B-C,1,15
9562,7,2,DRY,CLASE B-C,2,15
9563,7,2,DRY,CLASE B-C,1,15
9564,7,2,DRY,CLASE B-C,1,15
9565,7,2,DRY,CLASE B-C,1,15
9566,7,2,DRY,CLASE B-C,2,15
9567,7,2,DRY,CLASE B-C,1,15
9568,7,2,DRY,CLASE B-C,2,15
9569,7,2,DRY,CLASE B-C,4,15
9570,7,2,DRY,CLASE B-C,1,15
9571,7,2,DRY,CLASE B-C,2,15
9572,7,2,DRY,CLASE B-C,2,15
9573,7,2,DRY,CLASE B-C,1,15
9574,7,2,DRY,CLASE B-C,1,15
9575,7,2,DRY,CLASE B-C,1,15
9576,7,2,DRY,CLASE B-C,1,15
9577,7,2,DRY,INSPECTION,1,15
9578,7,2,DRY,CLASE B-C,2,15
9579,7,2,DRY,CLASE B-C,1,15
9580,7,2,DRY,CLASE B-C,1,15
9581,7,2,DRY,CLASE B-C,2,15
9582,7,2,DRY,CLASE B-C,2,15
9583,7,2,DRY,CLASE B-C,1,15
9584,7,2,DRY,CLASE B-C,2,15
9585,7,2,DRY,CLASE B-C,2,15
9586,7,2,DRY,CLASE B-C,1,15
9587,7,2,DRY,CLASE B-C,1,15
9588,7,2,DRY,CLASE B-C,1,15
9589,7,2,DRY,CLASE B-C,1,15
9590,7,2,DRY,CLASE B-C,1,15
9591,7,2,DRY,CLASE B-C,1,15
9592,7,2,DRY,CLASE B-C,1,15
9593,7,2,DRY,CLASE B-C,1,15
9594,7,2,DRY,CLASE B-C,1,15
9595,7,2,DRY,CLASE B-C,1,15
9596,7,2,DRY,CLASE B-C,1,15
9597,7,2,DRY,CLASE B-C,1,15
9598,7,2,DRY,CLASE B-C,2,15
9599,7,2,DRY,CLASE B-C,1,15
9600,7,2,DRY,CLASE B-C,2,15
9601,7,2,DRY,CLASE B-C,1,15
9602,7,2,DRY,CLASE B-C,1,15
9603,7,2,DRY,CLASE B-C,3,15
9604,7,2,DRY,CLASE B-C,2,15
9605,7,2,DRY,CLASE B-C,2,15
9606,7,2,DRY,CLASE B-C,2,15
9607,7,2,DRY,CLASE B-C,1,15
9608,7,2,DRY,CLASE B-C,1,15
9609,7,2,DRY,CLASE B-C,2,15
9610,7,2,DRY,CLASE B-C,2,15
9611,7,2,DRY,CLASE B-C,1,15
9612,7,2,DRY,INSPECTION,1,15
9613,7,2,DRY,CLASE B-C,1,15
9614,7,2,DRY,CLASE B-C,1,15
9615,7,2,DRY,CLASE B-C,2,15
9616,7,2,DRY,CLASE B-C,2,15
9617,7,2,DRY,CLASE B-C,2,15
9618,7,2,DRY,CLASE B-C,1,15
9619,7,2,DRY,CLASE B-C,1,15
9620,7,2,DRY,CLASE B-C,2,15
9621,7,2,DRY,CLASE B-C,1,15
9622,7,2,DRY,CLASE B-C,1,15
9623,7,2,DRY,CLASE B-C,2,15
9624,7,2,DRY,CLASE B-C,4,15
9625,7,2,DRY,CLASE B-C,4,15
9626,7,2,DRY,CLASE B-C,1,15
9627,7,2,DRY,CLASE B-C,2,15
9628,7,2,DRY,CLASE B-C,1,15
9629,7,2,DRY,CLASE A,1,15
9630,7,2,DRY,CLASE A,2,15
9631,7,2,DRY,CLASE B,2,15
9632,7,2,DRY,CLASE B-C,1,15
9633,7,2,DRY,CLASE B-C,2,15
9634,7,2,DRY,CLASE B-C,2,15
9635,7,2,DRY,CLASE B-C,1,15
9636,7,2,DRY,CLASE B-C,1,15
9637,7,2,DRY,CLASE B-C,2,15
9638,7,2,DRY,CLASE B-C,2,15
9639,7,2,DRY,CLASE B-C,2,15
9640,7,2,DRY,CLASE B-C,1,15
9641,7,2,DRY,CLASE B-C,4,15
9642,7,2,DRY,CLASE B-C,1,15
9643,7,2,DRY,CLASE B-C,1,15
9644,7,2,DRY,CLASE B-C,1,15
9645,7,2,DRY,CLASE B-C,2,15
9646,7,2,DRY,CLASE B-C,1,15
9647,7,2,DRY,CLASE B-C,2,15
9648,7,2,DRY,CLASE B-C,2,15
9649,7,2,DRY,CLASE B-C,1,15
9650,7,2,DRY,CLASE B-C,1,15
9651,7,2,DRY,CLASE B-C,2,15
9652,7,2,DRY,CLASE B-C,1,15
9653,7,2,DRY,CLASE B-C,1,15
9654,7,2,DRY,CLASE B-C,2,15
9655,7,2,DRY,CLASE B-C,1,15
9656,7,2,DRY,CLASE B-C,1,15
9657,7,2,DRY,CLASE B-C,1,15
9658,7,2,DRY,CLASE B-C,1,15
9659,7,2,DRY,CLASE B-C,2,15
9660,7,2,DRY,CLASE B-C,1,15
9661,7,2,DRY,CLASE B-C,2,15
9662,7,2,DRY,CLASE B-C,1,15
9663,7,2,DRY,CLASE B-C,2,15
9664,7,2,DRY,CLASE B-C,1,15
9665,7,2,DRY,CLASE B-C,3,15
9666,7,2,DRY,CLASE B-C,1,15
9667,7,2,DRY,CLASE B-C,1,15
9668,7,2,DRY,CLASE B-C,2,15
9669,7,2,DRY,CLASE B-C,1,15
9670,7,2,DRY,CLASE B-C,1,15
9671,7,2,DRY,CLASE B-C,1,15
9672,7,2,DRY,CLASE B-C,1,15
9673,7,2,DRY,CLASE B-C,2,15
9674,7,2,DRY,CLASE B,1,15
9675,7,2,DRY,CLASE B,2,15
9676,7,2,DRY,CLASE B-C,1,15
9677,7,2,DRY,CLASE B-C,2,15
9678,7,2,DRY,CLASE B-C,2,15
9679,7,2,DRY,CLASE B-C,4,15
9680,7,2,DRY,CLASE B-C,2,15
9681,7,2,DRY,CLASE B-C,2,15
9682,7,2,DRY,CLASE B-C,1,15
9683,7,2,DRY,CLASE B-C,1,15
9684,7,2,DRY,CLASE B-C,1,15
9685,7,2,DRY,CLASE B-C,1,15
9686,7,2,DRY,CLASE B-C,1,15
9687,7,2,DRY,CLASE B-C,1,15
9688,7,2,DRY,CLASE B-C,2,15
9689,7,2,DRY,CLASE B,1,15
9690,7,2,DRY,CLASE B-C,3,15
9691,7,2,DRY,CLASE B-C,2,15
9692,7,2,DRY,CLASE B-C,1,15
9693,7,2,DRY,CLASE B-C,4,15
9694,7,2,DRY,CLASE B-C,2,15
9695,7,2,DRY,CLASE B-C,1,15
9696,7,2,DRY,CLASE B-C,1,15
9697,7,2,DRY,CLASE B-C,2,15
9698,7,2,DRY,CLASE B-C,2,15
9699,7,2,DRY,CLASE B-C,2,15
9700,7,2,DRY,CLASE B-C,1,15
9701,7,2,DRY,CLASE D,2,15
9702,7,2,DRY,CLASE B-C,1,15
9703,7,2,DRY,CLASE B-C,4,15
9704,7,2,DRY,CLASE B-C,2,15
9705,7,2,DRY,CLASE B-C,4,15
9706,7,2,DRY,CLASE B-C,1,15
9707,7,2,DRY,CLASE B-C,1,15
9708,7,2,DRY,CLASE B-C,2,15
9709,7,2,DRY,CLASE B-C,1,15
9710,7,2,DRY,CLASE B-C,1,15
9711,7,2,DRY,CLASE B-C,1,15
9712,7,2,DRY,CLASE B-C,1,15
9713,7,2,DRY,CLASE B-C,1,15
9714,7,2,DRY,CLASE B-C,1,15
9715,7,2,DRY,CLASE B-C,2,15
9716,7,2,DRY,CLASE B-C,1,15
9717,7,2,DRY,CLASE B-C,1,15
9718,7,2,DRY,CLASE B-C,2,15
9719,7,2,DRY,CLASE B-C,4,15
9720,7,2,DRY,CLASE B-C,1,15
9721,7,2,DRY,CLASE B-C,4,15
9722,7,2,DRY,CLASE B-C,4,15
9723,7,2,DRY,CLASE B-C,2,15
9724,7,2,DRY,CLASE B-C,1,15
9725,7,2,DRY,CLASE D,1,15
9726,7,2,DRY,CLASE D,2,15
9727,7,2,DRY,CLASE B-C,2,15
9728,7,2,DRY,CLASE B-C,4,15
9729,7,2,DRY,CLASE B-C,1,15
9730,7,2,DRY,CLASE A,1,15
9731,7,2,DRY,CLASE B-C,1,15
9732,7,2,DRY,CLASE B-C,4,15
9733,7,2,DRY,CLASE B-C,1,15
9734,7,2,DRY,CLASE B-C,1,15
9735,7,2,DRY,CLASE B-C,1,15
9736,7,2,DRY,CLASE B-C,1,15
9737,7,2,DRY,CLASE B-C,2,15
9738,7,2,DRY,CLASE B-C,1,15
9739,7,2,DRY,CLASE B-C,2,15
9740,7,2,DRY,CLASE B-C,1,15
9741,7,2,DRY,CLASE B-C,2,15
9742,7,2,DRY,CLASE B-C,2,15
9743,7,2,DRY,CLASE B-C,1,15
9744,7,2,DRY,CLASE B-C,1,15
9745,7,2,DRY,CLASE B-C,1,15
9746,7,2,DRY,CLASE B-C,2,15
9747,7,2,DRY,CLASE B-C,1,15
9748,7,2,DRY,CLASE B-C,2,15
9749,7,2,DRY,CLASE B-C,1,15
9750,7,2,DRY,CLASE B-C,2,15
9751,7,2,DRY,CLASE B-C,1,15
9752,7,2,DRY,CLASE B-C,4,15
9753,7,2,DRY,CLASE B-C,2,15
9754,7,2,DRY,CLASE B-C,2,15
9755,7,2,DRY,CLASE B-C,1,15
9756,7,2,DRY,CLASE B-C,1,15
9757,7,2,DRY,CLASE B-C,2,15
9758,7,2,DRY,CLASE B-C,1,15
9759,7,2,DRY,CLASE B-C,1,15
9760,7,2,DRY,CLASE B-C,2,15
9761,7,2,DRY,CLASE D,1,15
9762,7,2,DRY,CLASE B-C,1,15
9763,7,2,DRY,CLASE B-C,1,15
9764,7,2,DRY,CLASE B-C,2,15
9765,7,2,DRY,CLASE B-C,4,15
9766,7,2,DRY,CLASE B-C,2,15
9767,7,2,DRY,CLASE B-C,1,15
9768,7,2,DRY,CLASE B-C,1,15
9769,7,2,DRY,CLASE B-C,2,15
9770,7,2,DRY,CLASE B-C,3,15
9771,7,2,DRY,CLASE B-C,1,15
9772,7,2,DRY,CLASE B-C,1,15
9773,7,2,DRY,CLASE B-C,1,15
9774,7,2,DRY,CLASE B-C,1,15
9775,7,2,DRY,CLASE B-C,2,15
9776,7,2,DRY,CLASE B-C,1,15
9777,7,2,DRY,CLASE B-C,2,15
9778,7,2,DRY,CLASE B-C,2,15
9779,7,2,DRY,CLASE B-C,2,15
9780,7,2,DRY,CLASE B-C,2,15
9781,7,2,DRY,CLASE B,2,15
9782,7,2,DRY,CLASE B-C,2,15
9783,7,2,DRY,CLASE B-C,2,15
9784,7,2,DRY,CLASE B-C,1,15
9785,7,2,DRY,CLASE B-C,2,15
9786,7,2,DRY,CLASE B-C,1,15
9787,7,2,DRY,CLASE B-C,1,15
9788,7,2,DRY,CLASE B-C,1,15
9789,7,2,DRY,CLASE B-C,1,15
9790,7,2,DRY,CLASE B-C,1,15
9791,7,2,DRY,CLASE B-C,2,15
9792,7,2,DRY,CLASE B-C,1,15
9793,7,2,DRY,CLASE B-C,2,15
9794,7,2,DRY,CLASE B-C,1,15
9795,7,2,DRY,CLASE B-C,2,15
9796,7,2,DRY,CLASE B-C,1,15
9797,7,2,DRY,CLASE B-C,1,15
9798,7,2,DRY,CLASE B-C,4,15
9799,7,2,DRY,CLASE B-C,2,15
9800,7,2,DRY,CLASE B-C,1,15
9801,7,2,DRY,CLASE B-C,2,15
9802,7,2,DRY,CLASE B-C,2,15
9803,7,2,DRY,CLASE B-C,1,15
9804,7,2,DRY,CLASE B-C,1,15
9805,6,2,DRY,CLASE B-C,3,15
9806,6,2,DRY,CLASE B-C,3,15
9807,7,2,DRY,CLASE B-C,2,15
9808,7,2,DRY,CLASE B,2,15
9809,6,2,DRY,CLASE B-C,2,15
9810,1,2,RF,CLASE B-C,3,15
9811,7,2,DRY,CLASE B-C,2,15
9812,2,2,DRY,CLASE B-C,2,15
9813,7,2,DRY,CLASE B-C,2,15
9814,6,2,DRY,CLASE B-C,2,15
9815,2,2,DRY,CLASE B-C,2,15
9816,2,2,RF,CLASE B-C,2,15
9817,6,2,DRY,CLASE B-C,1,15
9818,6,2,DRY,CLASE B-C,1,15
9819,6,2,DRY,CLASE B-C,3,15
9820,2,2,DRY,CLASE B-C,2,15
9821,6,2,DRY,CLASE B-C,1,15
9822,2,2,DRY,CLASE B-C,2,15
9823,6,2,DRY,CLASE B-C,1,15
9824,2,2,DRY,CLASE B-C,2,15
9825,7,2,DRY,CLASE B-C,1,15
9826,2,2,DRY,CLASE B-C,2,15
9827,2,2,DRY,CLASE B-C,2,15
9828,3,2,DRY,CLASE B-C,2,15
9829,6,2,DRY,CLASE B-C,3,15
9830,6,2,DRY,CLASE B-C,3,15
9831,7,2,DRY,CLASE B-C,1,15
9832,2,2,DRY,CLASE B-C,1,15
9833,2,2,DRY,CLASE B-C,1,15
9834,2,2,DRY,CLASE B-C,1,15
9835,2,2,DRY,CLASE B-C,1,15
9836,2,2,DRY,CLASE B-C,1,15
9837,7,2,DRY,CLASE B-C,2,15
9838,2,2,DRY,CLASE B-C,1,15
9839,6,2,DRY,CLASE B-C,94,15
9840,6,2,DRY,CLASE B-C,69,15
9841,6,2,DRY,CLASE B-C,62,15
9842,6,2,DRY,CLASE B-C,62,15
9843,6,2,DRY,CLASE B-C,66,15
9844,1,2,DRY,CLASE B-C,34,15
9845,1,2,DRY,CLASE B-C,34,15
9846,7,2,DRY,CLASE B-C,55,15
9847,7,2,DRY,CLASE B-C,55,15
9848,7,2,DRY,CLASE B-C,55,15
9849,7,2,RF,CLASE B-C,57,15
9850,7,2,DRY,CLASE B-C,55,15
9851,1,2,RF,CLASE B-C,52,15
9852,6,2,DRY,CLASE B-C,36,15
9853,6,2,DRY,CLASE B-C,48,15
9854,6,2,DRY,CLASE B-C,36,15
9855,6,2,DRY,CLASE B-C,36,15
9856,6,2,DRY,CLASE B-C,36,15
9857,6,2,DRY,CLASE B-C,36,15
9858,6,2,DRY,CLASE B-C,36,15
9859,6,2,DRY,CLASE B-C,36,15
9860,6,2,DRY,CLASE B-C,36,15
9861,7,2,DRY,CLASE B-C,42,15
9862,7,2,DRY,CLASE B-C,43,15
9863,7,2,DRY,CLASE B-C,42,15
9864,7,2,DRY,CLASE B-C,41,15
9865,7,2,DRY,CLASE B-C,40,15
9866,7,2,RF,CLASE B-C,44,15
9867,7,2,RF,CLASE B-C,32,15
9868,7,2,DRY,CLASE B-C,38,15
9869,7,2,DRY,CLASE B-C,36,15
9870,7,2,DRY,CLASE B-C,41,15
9871,7,2,DRY,CLASE B-C,41,15
9872,7,2,DRY,CLASE B-C,41,15
9873,1,2,DRY,CLASE B-C,46,15
9874,1,2,DRY,CLASE B-C,40,15
9875,7,2,DRY,CLASE B-C,38,15
9876,7,2,DRY,CLASE B-C,38,15
9877,7,2,DRY,CLASE B-C,38,15
9878,7,2,DRY,CLASE B-C,38,15
9879,7,2,DRY,CLASE B-C,37,15
9880,7,2,DRY,CLASE B-C,32,15
9881,7,2,DRY,CLASE B-C,31,15
9882,7,2,DRY,CLASE B-C,32,15
9883,6,2,DRY,CLASE B-C,32,15
9884,7,2,DRY,CLASE B-C,26,15
9885,7,2,DRY,CLASE B-C,26,15
9886,7,2,DRY,CLASE B-C,26,15
9887,3,2,DRY,CLASE B-C,26,15
9888,6,2,RF,CLASE B-C,18,15
9889,6,2,RF,INSPECTION,18,15
9890,6,2,RF,CLASE B-C,18,15
9891,6,2,RF,CLASE B-C,18,15
9892,6,2,RF,CLASE B-C,18,15
9893,2,2,RF,CLASE B-C,14,15
9894,2,2,RF,CLASE B-C,14,15
9895,2,2,RF,CLASE B-C,14,15
9896,2,2,RF,CLASE B-C,14,15
9897,2,2,RF,CLASE B-C,14,15
9898,2,2,RF,CLASE B-C,14,15
9899,2,2,RF,CLASE B-C,14,15
9900,6,2,DRY,CLASE B-C,16,15
9901,7,2,DRY,CLASE B-C,12,15
9902,7,2,RF,CLASE B-C,13,15
9903,7,2,RF,CLASE B-C,13,15
9904,7,2,RF,CLASE B-C,11,15
9905,7,2,DRY,CLASE B-C,14,15
9906,7,2,DRY,CLASE B-C,12,15
9907,7,2,DRY,CLASE B-C,12,15
9908,7,2,DRY,CLASE B-C,13,15
9909,7,2,DRY,CLASE B-C,13,15
9910,7,2,RF,CLASE B-C,13,15
9911,7,2,RF,CLASE B-C,13,15
9912,7,2,RF,CLASE B-C,13,15
9913,7,2,RF,CLASE B-C,13,15
9914,7,2,DRY,CLASE B-C,12,15
9915,7,2,DRY,CLASE B-C,12,15
9916,7,2,DRY,CLASE B-C,12,15
9917,7,2,RF,CLASE B-C,10,15
9918,7,2,RF,CLASE B-C,10,15
9919,7,2,RF,CLASE B-C,12,15
9920,7,2,RF,CLASE B-C,9,15
9921,7,2,RF,CLASE B-C,12,15
9922,7,2,RF,CLASE B-C,11,15
9923,7,2,DRY,CLASE B-C,12,15
9924,7,2,RF,CLASE B-C,10,15
9925,7,2,RF,CLASE B-C,13,15
9926,6,2,RF,CLASE B-C,5,15
9927,6,2,RF,CLASE B-C,5,15
9928,6,2,RF,CLASE B-C,5,15
9929,6,2,DRY,CLASE B-C,10,15
9930,6,2,RF,CLASE B-C,5,15
9931,6,2,RF,CLASE B-C,5,15
9932,6,2,RF,CLASE B-C,5,15
9933,6,2,RF,CLASE B-C,5,15
9934,6,2,RF,CLASE B-C,8,15
9935,6,2,RF,CLASE B-C,8,15
9936,6,2,RF,CLASE B-C,8,15
9937,2,2,DRY,CLASE B-C,4,15
9938,2,2,DRY,CLASE B-C,4,15
9939,2,2,DRY,CLASE B-C,4,15
9940,2,2,DRY,CLASE B-C,4,15
9941,2,2,DRY,CLASE B-C,5,15
9942,2,2,DRY,CLASE B-C,5,15
9943,2,2,DRY,CLASE B-C,4,15
9944,2,2,DRY,CLASE B-C,4,15
9945,2,2,RF,CLASE B-C,5,15
9946,7,2,DRY,CLASE B-C,5,15
9947,7,2,DRY,CLASE B-C,7,15
9948,7,2,DRY,CLASE B-C,4,15
9949,7,2,DRY,CLASE B-C,7,15
9950,7,2,DRY,CLASE B-C,7,15
9951,7,2,DRY,CLASE B-C,4,15
9952,7,2,DRY,CLASE B-C,4,15
9953,7,2,DRY,CLASE B-C,7,15
9954,7,2,DRY,CLASE B-C,4,15
9955,7,2,DRY,CLASE B-C,5,15
9956,7,2,DRY,CLASE B-C,7,15
9957,7,2,DRY,CLASE B-C,7,15
9958,7,2,DRY,CLASE B-C,4,15
9959,7,2,DRY,CLASE B-C,4,15
9960,7,2,DRY,CLASE B-C,4,15
9961,7,2,DRY,CLASE B-C,4,15
9962,7,2,DRY,CLASE B-C,5,15
9963,7,2,DRY,CLASE B-C,5,15
9964,7,2,RF,CLASE B-C,5,15
9965,7,2,DRY,CLASE B-C,7,15
9966,7,2,DRY,CLASE D,4,15
9967,7,2,DRY,CLASE D,6,15
9968,7,2,DRY,CLASE B-C,4,15
9969,7,2,DRY,CLASE B-C,7,15
9970,7,2,DRY,CLASE B-C,2,15
9971,7,2,DRY,CLASE B-C,5,15
9972,7,2,DRY,CLASE B-C,4,15
9973,7,2,DRY,CLASE B-C,4,15
9974,7,2,DRY,CLASE B-C,5,15
9975,7,2,DRY,CLASE B-C,4,15
9976,7,2,DRY,CLASE B-C,4,15
9977,7,2,DRY,CLASE B-C,4,15
9978,7,2,DRY,CLASE B-C,4,15
9979,7,2,DRY,CLASE B-C,4,15
9980,7,2,DRY,CLASE B-C,5,15
9981,7,2,DRY,CLASE B-C,4,15
9982,7,2,DRY,CLASE A,7,15
9983,7,2,DRY,CLASE B-C,4,15
9984,7,2,DRY,CLASE B-C,4,15
9985,7,2,DRY,CLASE B-C,4,15
9986,7,2,DRY,CLASE B-C,7,15
9987,7,2,DRY,CLASE B-C,7,15
9988,7,2,DRY,CLASE B-C,5,15
9989,7,2,DRY,CLASE B-C,4,15
9990,7,2,DRY,CLASE B-C,4,15
9991,7,2,DRY,CLASE B-C,7,15
9992,7,2,DRY,CLASE B-C,7,15
9993,7,2,DRY,CLASE B-C,4,15
9994,7,2,DRY,CLASE B-C,4,15
9995,7,2,DRY,CLASE B-C,7,15
9996,7,2,DRY,CLASE B-C,4,15
9997,7,2,DRY,CLASE B-C,7,15
9998,7,2,DRY,CLASE B-C,4,15
9999,7,2,DRY,CLASE B-C,5,15
10000,7,2,DRY,CLASE B-C,4,15
10001,7,2,DRY,CLASE B-C,2,15
10002,7,2,DRY,CLASE B-C,5,15
10003,7,2,DRY,CLASE B-C,4,15
10004,7,2,DRY,CLASE B-C,4,15
10005,7,2,DRY,CLASE B-C,5,15
10006,7,2,DRY,CLASE B-C,6,15
10007,7,2,DRY,CLASE B-C,4,15
10008,7,2,DRY,CLASE B-C,4,15
10009,7,2,DRY,CLASE B-C,7,15
10010,7,2,DRY,CLASE B-C,7,15
10011,7,2,DRY,CLASE B-C,4,15
10012,7,2,DRY,CLASE B-C,4,15
10013,7,2,DRY,CLASE A,6,15
10014,7,2,DRY,CLASE B-C,4,15
10015,7,2,DRY,CLASE B-C,4,15
10016,7,2,DRY,CLASE B-C,4,15
10017,7,2,DRY,CLASE B-C,5,15
10018,7,2,DRY,CLASE B-C,4,15
10019,7,2,DRY,CLASE B-C,4,15
10020,7,2,DRY,CLASE B-C,7,15
10021,7,2,DRY,CLASE B-C,7,15
10022,7,2,DRY,CLASE B-C,4,15
10023,7,2,DRY,CLASE B-C,5,15
10024,7,2,DRY,CLASE B-C,6,15
10025,7,2,DRY,CLASE D,4,15
10026,7,2,DRY,CLASE B-C,4,15
10027,7,2,DRY,CLASE B-C,5,15
10028,7,2,DRY,CLASE B-C,5,15
10029,7,2,DRY,CLASE B-C,7,15
10030,7,2,DRY,CLASE B-C,5,15
10031,7,2,DRY,CLASE B-C,4,15
10032,7,2,DRY,CLASE B-C,5,15
10033,7,2,DRY,CLASE B-C,4,15
10034,7,2,DRY,CLASE B-C,7,15
10035,7,2,DRY,CLASE B-C,4,15
10036,7,2,DRY,CLASE B-C,4,15
10037,7,2,DRY,CLASE B-C,4,15
10038,7,2,DRY,CLASE B-C,4,15
10039,7,2,DRY,CLASE B-C,4,15
10040,7,2,DRY,CLASE B-C,4,15
10041,7,2,DRY,CLASE B-C,7,15
10042,7,2,DRY,CLASE B-C,7,15
10043,7,2,DRY,CLASE B-C,6,15
10044,7,2,DRY,CLASE B-C,6,15
10045,7,2,DRY,CLASE B-C,4,15
10046,7,2,DRY,CLASE B-C,5,15
10047,7,2,DRY,CLASE B-C,4,15
10048,7,2,DRY,CLASE B-C,4,15
10049,7,2,DRY,CLASE B-C,4,15
10050,7,2,DRY,CLASE B-C,7,15
10051,7,2,DRY,CLASE B-C,2,15
10052,7,2,DRY,CLASE B-C,5,15
10053,6,2,RF,CLASE B-C,5,15
10054,7,2,DRY,CLASE B-C,1,15
10055,7,2,DRY,CLASE B-C,1,15
10056,7,2,DRY,CLASE A,3,15
10057,7,2,DRY,CLASE B-C,4,15
10058,7,2,DRY,CLASE B-C,4,15
10059,7,2,DRY,CLASE B-C,1,15
10060,7,2,DRY,CLASE B-C,1,15
10061,7,2,DRY,CLASE B-C,1,15
10062,7,2,DRY,CLASE B-C,2,15
10063,7,2,DRY,CLASE B-C,1,15
10064,7,2,DRY,CLASE B-C,1,15
10065,7,2,DRY,CLASE B-C,1,15
10066,7,2,DRY,CLASE B-C,2,15
10067,7,2,DRY,CLASE B-C,1,15
10068,7,2,DRY,CLASE B-C,1,15
10069,7,2,DRY,CLASE B-C,2,15
10070,7,2,DRY,CLASE B-C,1,15
10071,7,2,DRY,CLASE B-C,2,15
10072,7,2,DRY,CLASE B-C,1,15
10073,7,2,DRY,CLASE B-C,1,15
10074,7,2,DRY,CLASE B-C,3,15
10075,7,2,DRY,CLASE B-C,1,15
10076,7,2,DRY,CLASE B-C,2,15
10077,7,2,DRY,CLASE B-C,1,15
10078,7,2,DRY,CLASE B-C,4,15
10079,7,2,DRY,CLASE B-C,1,15
10080,7,2,DRY,CLASE B-C,1,15
10081,7,2,DRY,CLASE B-C,1,15
10082,7,2,DRY,CLASE B-C,2,15
10083,7,2,DRY,CLASE B-C,1,15
10084,7,2,DRY,CLASE B-C,1,15
10085,7,2,DRY,CLASE B-C,1,15
10086,7,2,DRY,CLASE B-C,2,15
10087,7,2,DRY,CLASE B-C,1,15
10088,7,2,DRY,CLASE B-C,1,15
10089,7,2,DRY,CLASE B-C,1,15
10090,7,2,DRY,CLASE B-C,2,15
10091,7,2,DRY,CLASE B-C,1,15
10092,7,2,DRY,CLASE B-C,2,15
10093,7,2,DRY,CLASE B-C,2,15
10094,7,2,DRY,CLASE B-C,2,15
10095,7,2,DRY,CLASE B-C,1,15
10096,7,2,DRY,CLASE B-C,1,15
10097,7,2,DRY,CLASE B-C,1,15
10098,7,2,DRY,CLASE B,1,15
10099,7,2,DRY,CLASE B-C,2,15
10100,7,2,DRY,CLASE B-C,1,15
10101,7,2,DRY,CLASE B-C,1,15
10102,7,2,DRY,CLASE B-C,2,15
10103,7,2,DRY,CLASE B-C,1,15
10104,7,2,DRY,CLASE A,1,15
10105,7,2,DRY,CLASE B,2,15
10106,7,2,DRY,CLASE B-C,1,15
10107,7,2,DRY,CLASE B-C,1,15
10108,7,2,DRY,CLASE B-C,2,15
10109,7,2,DRY,CLASE B-C,2,15
10110,7,2,DRY,CLASE B-C,1,15
10111,7,2,DRY,CLASE B-C,1,15
10112,7,2,DRY,CLASE B-C,2,15
10113,7,2,DRY,CLASE B-C,1,15
10114,7,2,DRY,CLASE B-C,4,15
10115,7,2,DRY,CLASE B-C,2,15
10116,7,2,DRY,CLASE B-C,4,15
10117,7,2,DRY,CLASE B-C,2,15
10118,7,2,DRY,CLASE B-C,1,15
10119,7,2,DRY,CLASE B-C,1,15
10120,7,2,DRY,CLASE B-C,1,15
10121,7,2,DRY,CLASE B-C,2,15
10122,7,2,DRY,CLASE B-C,1,15
10123,7,2,DRY,CLASE B-C,2,15
10124,7,2,DRY,CLASE B-C,2,15
10125,7,2,DRY,CLASE B-C,1,15
10126,7,2,DRY,CLASE B-C,1,15
10127,7,2,DRY,CLASE B-C,1,15
10128,7,2,DRY,CLASE B-C,1,15
10129,7,2,DRY,CLASE B-C,1,15
10130,7,2,DRY,CLASE B-C,1,15
10131,7,2,DRY,CLASE B-C,1,15
10132,7,2,DRY,CLASE B-C,2,15
10133,7,2,DRY,CLASE B-C,2,15
10134,7,2,DRY,CLASE B-C,1,15
10135,7,2,DRY,CLASE B-C,1,15
10136,7,2,DRY,CLASE B-C,2,15
10137,7,2,DRY,CLASE B-C,2,15
10138,7,2,DRY,CLASE B-C,1,15
10139,7,2,DRY,CLASE B-C,1,15
10140,7,2,DRY,CLASE B-C,1,15
10141,7,2,DRY,CLASE B-C,1,15
10142,7,2,DRY,CLASE B-C,1,15
10143,7,2,DRY,CLASE B-C,1,15
10144,7,2,DRY,CLASE B-C,1,15
10145,7,2,DRY,CLASE B-C,1,15
10146,7,2,DRY,CLASE B-C,1,15
10147,7,2,DRY,CLASE B-C,2,15
10148,7,2,DRY,CLASE B-C,1,15
10149,7,2,DRY,CLASE B-C,2,15
10150,7,2,DRY,CLASE B-C,2,15
10151,7,2,DRY,CLASE B-C,2,15
10152,7,2,DRY,CLASE B-C,2,15
10153,7,2,DRY,CLASE B-C,1,15
10154,7,2,DRY,CLASE B-C,1,15
10155,7,2,DRY,CLASE B-C,2,15
10156,7,2,DRY,CLASE B-C,1,15
10157,7,2,DRY,CLASE B-C,1,15
10158,7,2,DRY,CLASE B-C,2,15
10159,7,2,DRY,CLASE B-C,1,15
10160,7,2,DRY,CLASE B-C,2,15
10161,7,2,DRY,CLASE B-C,2,15
10162,7,2,DRY,CLASE B-C,2,15
10163,7,2,DRY,CLASE B-C,1,15
10164,7,2,DRY,CLASE B-C,1,15
10165,7,2,DRY,CLASE B-C,2,15
10166,7,2,DRY,CLASE B-C,2,15
10167,7,2,DRY,CLASE B-C,1,15
10168,7,2,DRY,CLASE B-C,1,15
10169,7,2,DRY,CLASE B-C,1,15
10170,7,2,DRY,CLASE B-C,2,15
10171,7,2,DRY,CLASE B-C,2,15
10172,7,2,DRY,CLASE B-C,1,15
10173,7,2,DRY,CLASE B-C,1,15
10174,7,2,DRY,CLASE B-C,1,15
10175,7,2,DRY,CLASE B,2,15
10176,7,2,DRY,CLASE B-C,1,15
10177,7,2,DRY,CLASE B-C,1,15
10178,7,2,DRY,CLASE B-C,1,15
10179,7,2,DRY,CLASE B-C,1,15
10180,7,2,DRY,CLASE B-C,1,15
10181,7,2,DRY,CLASE B-C,1,15
10182,7,2,DRY,CLASE B-C,2,15
10183,7,2,DRY,CLASE B-C,1,15
10184,7,2,DRY,CLASE B-C,4,15
10185,7,2,DRY,CLASE B-C,1,15
10186,7,2,DRY,CLASE B-C,1,15
10187,7,2,DRY,CLASE B-C,2,15
10188,7,2,DRY,CLASE B-C,1,15
10189,7,2,DRY,CLASE B-C,2,15
10190,7,2,DRY,CLASE B-C,1,15
10191,7,2,DRY,CLASE B-C,2,15
10192,7,2,DRY,CLASE B-C,1,15
10193,7,2,DRY,CLASE B-C,1,15
10194,7,2,DRY,CLASE B-C,1,15
10195,7,2,DRY,CLASE B-C,3,15
10196,7,2,DRY,CLASE B-C,2,15
10197,7,2,DRY,CLASE B-C,4,15
10198,7,2,DRY,CLASE B-C,1,15
10199,7,2,DRY,CLASE B-C,2,15
10200,7,2,DRY,CLASE B-C,2,15
10201,7,2,DRY,CLASE B-C,1,15
10202,7,2,DRY,CLASE B-C,2,15
10203,7,2,DRY,CLASE B-C,1,15
10204,7,2,DRY,CLASE B-C,1,15
10205,7,2,DRY,CLASE B-C,1,15
10206,7,2,DRY,CLASE B-C,1,15
10207,7,2,DRY,CLASE B-C,2,15
10208,7,2,DRY,CLASE B-C,1,15
10209,7,2,DRY,CLASE B-C,1,15
10210,7,2,DRY,CLASE B-C,1,15
10211,7,2,DRY,CLASE B-C,1,15
10212,7,2,DRY,CLASE B-C,4,15
10213,7,2,DRY,CLASE B-C,1,15
10214,7,2,DRY,CLASE B-C,2,15
10215,7,2,DRY,CLASE B-C,2,15
10216,7,2,DRY,CLASE B-C,1,15
10217,7,2,DRY,CLASE B-C,1,15
10218,7,2,DRY,CLASE B-C,2,15
10219,7,2,DRY,CLASE B-C,1,15
10220,7,2,DRY,CLASE B-C,2,15
10221,7,2,DRY,CLASE B-C,1,15
10222,7,2,DRY,CLASE B-C,1,15
10223,7,2,DRY,CLASE B-C,1,15
10224,7,2,DRY,CLASE D,2,15
10225,7,2,DRY,CLASE B-C,2,15
10226,7,2,DRY,CLASE B-C,1,15
10227,7,2,DRY,CLASE B-C,2,15
10228,7,2,DRY,CLASE B-C,1,15
10229,7,2,DRY,CLASE B-C,2,15
10230,7,2,DRY,CLASE B-C,2,15
10231,7,2,DRY,CLASE B-C,3,15
10232,7,2,DRY,CLASE B-C,2,15
10233,7,2,DRY,CLASE B-C,1,15
10234,6,2,DRY,CLASE B-C,5,15
10235,7,2,DRY,CLASE B-C,5,15
10236,6,2,DRY,CLASE B-C,3,15
10237,6,2,DRY,CLASE B-C,3,15
10238,2,2,DRY,CLASE B-C,3,15
10239,2,2,DRY,CLASE B-C,3,15
10240,2,2,DRY,CLASE B-C,3,15
10241,6,2,DRY,CLASE B-C,3,15
10242,6,2,DRY,CLASE B-C,3,15
10243,6,2,DRY,CLASE B-C,3,15
10244,6,2,DRY,CLASE B-C,3,15
10245,6,2,DRY,CLASE B-C,3,15
10246,6,2,DRY,CLASE B-C,2,15
10247,2,2,DRY,CLASE B-C,2,15
10248,2,2,DRY,CLASE B-C,2,15
10249,2,2,DRY,CLASE B-C,2,15
10250,2,2,DRY,CLASE B-C,2,15
10251,6,2,DRY,CLASE B-C,2,15
10252,6,2,DRY,CLASE B-C,2,15
10253,6,2,DRY,CLASE B-C,3,15
10254,6,2,DRY,CLASE B-C,1,15
